0
1
1
2
2
2
2
3
3
10

0
0
1
1
4
4
6
7
8
9

7
10
11
23
26
47
54
63
77
99

0
0
0
0
0
0
0
0
0
1
1
1
1
1
1
1
1
1
2
2
2
2
2
2
2
2
2
2
3
3
3
3
3
3
3
3
3
3
3
3
4
4
4
4
4
4
4
5
5
5
5
5
5
5
5
5
6
6
6
6
6
6
6
6
6
7
7
7
7
7
7
7
7
7
7
7
7
8
8
8
8
8
8
9
9
9
9
9
9
9
9
10
10
10
10
10
10
10
10
10

1
2
3
4
4
6
8
8
9
9
11
11
14
14
14
18
19
20
21
22
22
23
23
23
24
26
26
27
29
30
31
33
33
35
35
36
36
36
37
39
39
39
39
41
41
42
44
47
48
49
50
51
52
52
52
54
54
56
56
56
57
58
58
58
60
61
61
62
63
65
67
67
68
70
73
74
74
75
77
78
80
81
82
84
88
91
91
92
92
92
93
94
94
94
94
95
95
95
96
98

151
161
310
396
402
898
948
1019
1151
1165
1176
1179
1320
1451
1479
1526
1534
1715
1896
2032
2056
2105
2143
2168
2300
2417
2429
2555
2708
2713
2780
2807
2874
3011
3121
3136
3401
3489
3510
3556
3666
3743
4014
4300
4418
4604
4816
5007
5085
5120
5251
5361
5411
5835
5840
6237
6599
6602
6719
6802
6979
7015
7112
7187
7213
7300
7402
7452
7513
7554
7779
7791
7797
7882
7975
7982
8050
8193
8379
8385
8523
8636
8947
8951
9014
9055
9164
9196
9218
9250
9274
9292
9333
9373
9461
9652
9676
9713
9839
9876

0
0
0
0
0
0
0
0
0
0
0
0
0
0
0
0
0
0
0
0
0
0
0
0
0
0
0
0
0
0
0
0
0
0
0
0
0
0
0
0
0
0
0
0
0
0
0
0
0
0
0
0
0
0
0
0
0
0
0
0
0
0
0
0
0
0
0
0
0
0
0
0
0
0
1
1
1
1
1
1
1
1
1
1
1
1
1
1
1
1
1
1
1
1
1
1
1
1
1
1
1
1
1
1
1
1
1
1
1
1
1
1
1
1
1
1
1
1
1
1
1
1
1
1
1
1
1
1
1
1
1
1
1
1
1
1
1
1
1
1
1
1
1
1
1
1
1
1
1
1
1
1
1
1
1
1
1
1
1
1
1
1
1
1
1
1
1
1
1
1
1
1
1
1
1
1
1
1
1
1
1
1
1
2
2
2
2
2
2
2
2
2
2
2
2
2
2
2
2
2
2
2
2
2
2
2
2
2
2
2
2
2
2
2
2
2
2
2
2
2
2
2
2
2
2
2
2
2
2
2
2
2
2
2
2
2
2
2
2
2
2
2
2
2
2
2
2
2
2
2
2
2
2
2
2
2
2
2
2
2
2
2
2
2
2
2
2
2
2
2
2
2
2
2
2
2
3
3
3
3
3
3
3
3
3
3
3
3
3
3
3
3
3
3
3
3
3
3
3
3
3
3
3
3
3
3
3
3
3
3
3
3
3
3
3
3
3
3
3
3
3
3
3
3
3
3
3
3
3
3
3
3
3
3
3
3
3
3
3
3
3
3
3
3
3
3
3
3
3
3
3
3
3
3
3
3
3
3
3
3
3
3
3
3
3
3
3
3
3
3
4
4
4
4
4
4
4
4
4
4
4
4
4
4
4
4
4
4
4
4
4
4
4
4
4
4
4
4
4
4
4
4
4
4
4
4
4
4
4
4
4
4
4
4
4
4
4
4
4
4
4
4
4
4
4
4
4
4
4
4
4
4
4
4
4
4
4
4
4
4
4
4
4
4
4
4
4
4
4
4
4
4
4
4
4
4
4
5
5
5
5
5
5
5
5
5
5
5
5
5
5
5
5
5
5
5
5
5
5
5
5
5
5
5
5
5
5
5
5
5
5
5
5
5
5
5
5
5
5
5
5
5
5
5
5
5
5
5
5
5
5
5
5
5
5
5
5
5
5
5
5
5
5
5
5
5
5
5
5
5
5
5
5
5
5
5
5
5
5
5
5
5
5
5
5
5
5
5
5
5
5
5
5
5
5
5
5
5
5
5
6
6
6
6
6
6
6
6
6
6
6
6
6
6
6
6
6
6
6
6
6
6
6
6
6
6
6
6
6
6
6
6
6
6
6
6
6
6
6
6
6
6
6
6
6
6
6
6
6
6
6
6
6
6
6
6
6
6
6
6
6
6
6
6
6
6
6
6
6
6
6
6
6
6
6
6
6
6
7
7
7
7
7
7
7
7
7
7
7
7
7
7
7
7
7
7
7
7
7
7
7
7
7
7
7
7
7
7
7
7
7
7
7
7
7
7
7
7
7
7
7
7
7
7
7
7
7
7
7
7
7
7
7
7
7
7
7
7
7
7
7
7
7
7
7
7
7
7
7
7
7
7
7
7
7
7
7
7
7
8
8
8
8
8
8
8
8
8
8
8
8
8
8
8
8
8
8
8
8
8
8
8
8
8
8
8
8
8
8
8
8
8
8
8
8
8
8
8
8
8
8
8
8
8
8
8
8
8
8
8
8
8
8
8
8
8
8
8
8
8
8
8
8
8
8
8
8
8
8
8
8
8
8
8
9
9
9
9
9
9
9
9
9
9
9
9
9
9
9
9
9
9
9
9
9
9
9
9
9
9
9
9
9
9
9
9
9
9
9
9
9
9
9
9
9
9
9
9
9
9
9
9
9
9
9
9
9
9
9
9
9
9
9
9
9
9
9
9
9
9
9
9
9
9
9
9
9
9
9
9
9
9
9
9
9
9
9
9
9
9
9
9
9
9
9
9
9
9
9
9
9
9
9
9
10
10
10
10
10
10
10
10
10
10
10
10
10
10
10
10
10
10
10
10
10
10
10
10
10
10
10
10
10
10
10
10
10
10
10
10
10
10
10
10
10
10
10
10
10
10
10
10
10
10
10
10
10
10
10
10
10
10
10
10
10
10
10
10
10
10
10
10
10
10
10
10
10
10
10
10
10
10
10
10
10
10
10
10
10
10
10
10
10
10
10
10
10
10
10
10
10
10
10
10
10
10
10
10
10
10

0
2
2
3
3
3
4
6
6
6
7
8
10
11
12
13
14
14
15
15
17
19
21
22
26
27
28
28
29
30
33
34
35
36
38
38
38
40
41
41
41
41
42
43
43
44
45
46
46
47
51
51
54
54
55
55
57
58
58
58
58
59
59
60
63
63
63
64
67
68
70
71
72
72
73
75
75
75
76
77
82
82
84
84
84
85
85
86
87
93
93
94
96
96
96
97
98
98
100
101
102
102
103
104
104
105
106
106
107
107
107
109
109
110
110
110
112
113
116
116
117
117
118
118
126
126
127
127
127
127
128
130
130
131
132
132
132
133
134
136
137
138
139
139
142
143
144
144
145
147
148
148
149
150
151
153
153
153
154
156
156
156
158
160
160
160
161
163
164
165
166
166
166
167
167
167
168
169
169
169
170
171
171
172
172
174
177
181
183
184
185
185
187
187
187
188
188
188
189
189
189
191
193
194
195
195
196
199
199
202
202
202
205
205
207
208
208
208
209
209
211
211
211
211
212
212
214
214
216
218
218
218
218
220
222
222
224
227
228
229
230
231
233
234
234
235
235
236
236
238
238
240
242
242
243
246
247
248
249
250
251
251
252
252
252
254
255
256
258
259
260
260
260
264
264
265
265
266
266
266
267
267
267
269
269
270
270
270
271
271
272
273
274
276
277
280
282
283
285
286
287
287
288
288
289
292
292
293
293
294
296
296
297
299
302
303
304
304
304
305
310
311
317
319
320
320
320
321
321
322
322
323
323
324
324
325
326
327
327
327
331
332
332
335
336
337
338
338
338
341
342
343
343
344
344
344
345
346
347
348
348
354
354
356
357
359
361
362
363
363
364
365
366
367
368
368
368
369
370
370
372
372
373
375
375
376
377
377
378
380
381
382
382
383
384
385
385
386
387
387
388
388
391
392
393
394
395
396
396
398
398
400
400
401
401
402
405
405
406
406
406
407
407
407
409
411
412
415
416
416
419
420
421
422
422
422
423
423
424
424
426
427
427
432
435
435
435
436
438
439
439
441
441
442
443
445
446
447
447
453
455
455
455
456
457
458
458
460
460
461
462
462
462
463
464
464
466
466
467
467
468
468
469
469
470
470
471
471
472
472
472
472
472
473
475
476
481
482
483
486
486
492
493
493
493
494
495
497
498
499
499
501
503
504
504
504
504
510
511
511
512
513
513
514
514
515
516
516
519
520
520
522
522
523
523
524
526
529
529
529
532
533
534
535
535
537
538
538
538
540
544
547
548
553
555
557
558
559
559
561
562
564
564
565
566
566
568
570
571
572
574
574
575
575
575
575
577
577
577
582
583
584
585
585
586
587
588
588
588
589
589
590
590
590
591
592
592
592
594
594
597
597
598
598
598
599
599
600
600
601
605
607
607
608
609
610
612
614
617
617
620
620
622
623
624
624
625
625
625
627
628
628
629
629
629
630
632
633
634
634
634
635
637
637
638
639
639
639
640
640
640
641
641
642
643
644
644
646
647
651
652
652
653
654
654
655
656
657
657
658
658
660
662
662
663
663
663
664
668
669
670
670
670
670
671
671
671
673
673
674
680
681
684
684
685
686
688
690
694
694
694
695
696
698
699
699
703
703
704
705
706
707
711
711
713
715
715
715
715
716
717
719
719
720
722
722
723
723
723
724
727
727
728
730
730
730
731
732
732
733
733
736
738
739
740
741
744
745
748
749
751
752
752
753
754
754
757
757
758
758
758
759
759
761
761
762
765
766
766
767
767
769
769
770
773
773
773
774
775
775
778
778
779
779
780
781
782
783
784
784
785
785
786
788
792
793
793
796
797
798
799
802
802
803
803
804
806
806
809
810
810
814
814
814
815
815
816
816
819
820
820
821
822
824
825
825
827
829
829
831
832
832
833
834
836
838
838
840
840
841
842
844
845
847
847
848
848
849
850
852
854
854
855
856
857
859
859
860
860
860
861
862
863
864
864
867
867
869
869
870
871
872
873
874
875
875
877
879
880
881
882
882
884
885
888
889
889
891
891
892
895
895
895
896
897
897
897
898
898
901
902
904
907
908
910
911
911
911
913
915
915
915
916
916
917
920
921
923
923
924
925
925
926
926
926
927
928
928
929
929
931
932
933
933
934
935
936
937
938
939
940
941
944
946
948
950
950
953
955
956
956
958
959
959
961
962
962
963
965
966
967
968
968
969
970
970
972
972
974
974
975
977
977
977
978
979
979
980
980
982
983
984
985
986
986
986
990
990
992
994
995
995
996
996
997
997
999
999
1000
1000

3
1735
2805
3119
3206
3592
3724
5468
7562
11014
11022
12084
13050
13489
13711
14248
14250
16538
16955
17385
19140
19504
20544
21428
22453
23945
24804
25964
27314
27818
28283
28826
28841
29020
30179
31749
32329
33883
33904
34485
34584
34981
36862
37105
39315
40185
43254
44358
44983
45007
47530
50969
54119
55457
55895
58388
58560
60002
60502
60858
61319
61926
62338
63649
63961
64033
64873
66157
66496
69245
70143
71115
73645
74032
74839
75020
75485
76937
77589
78140
79166
80791
84597
87439
87678
89283
89367
91933
91981
92041
92161
92686
94125
97519
99329
100004
100510
101467
103046
103542
104146
104666
105549
108475
108915
109350
109369
111364
112020
112276
112958
114156
115295
116782
117181
118780
119209
119658
122047
122341
123754
126813
127170
127228
127591
128287
131586
133360
133917
134154
134184
134371
135497
136001
136428
139075
140957
141166
143410
144680
145117
145428
145470
145728
146135
147413
149180
149185
149505
152096
152595
154453
155598
155609
161136
162514
163510
163959
164467
166454
166624
168742
170057
171089
171386
171718
173198
173569
174181
176164
176574
177121
179058
181407
181696
184283
184506
184639
186621
186786
187243
190128
190748
191730
194624
196908
198635
199218
201769
203536
206802
207302
207335
208122
209877
211557
212696
217099
219038
220279
220290
224287
225252
225718
226148
226599
229294
229622
229767
233504
233523
233680
233775
237857
238342
238780
239858
241437
241439
241891
242106
242884
245403
246053
246352
247113
247199
247272
248738
248752
248852
248855
249376
253554
254143
255173
255542
256453
256911
258141
258669
260290
260337
262848
265404
266466
266676
266813
268478
270000
270312
270330
271357
272066
272177
274852
275651
275761
275804
277142
277692
277757
278313
278964
279109
279443
281109
282086
282752
282816
283081
285087
285102
285198
286330
286503
286882
288329
288688
289618
292641
293123
293693
294061
294405
295021
295521
297273
299241
299280
299426
300523
300757
301826
302321
302465
306575
309928
310823
311194
311201
311209
312715
313385
314324
315440
316763
317290
319705
323643
323678
326174
326408
327256
327309
327316
328930
329036
330210
330324
331686
332292
333092
334871
335382
336144
336195
336921
337264
337611
337907
339587
340479
340914
342311
342561
343219
343899
344299
344324
346002
347255
353671
354481
354801
356028
356671
357733
358092
359159
361883
363328
363397
363860
365012
367190
368112
370627
370996
371005
372037
373525
375194
376323
377317
377874
378078
379103
381765
382950
383177
383510
385632
386374
386561
387680
391009
392343
392911
395135
395913
396939
399335
399463
399732
400437
400877
401250
401303
402778
403816
405740
408612
408927
413557
419007
420019
421327
421786
422473
423451
429393
430280
430523
431118
431665
432350
433698
435670
440421
440533
441005
441079
443289
443791
444298
444401
445059
445524
446354
446695
446739
449494
450942
451420
451715
452633
452704
453027
453173
454275
456220
456252
456690
458837
460077
461333
461689
463761
463862
464749
465250
465790
466721
467206
467450
468473
469490
471615
473216
474466
474696
475150
475271
475318
475590
475984
479956
480668
482723
483716
483767
486190
487914
488569
492865
493076
495840
495940
496591
496771
496906
497126
497305
498152
498917
499398
500974
501179
503028
503051
504678
505019
506377
508383
509819
509995
510602
510724
511730
512692
513015
513190
513402
513937
515476
515576
515794
516253
517927
519228
519710
522608
522850
523521
523935
524137
525030
526546
526762
526806
526880
527939
528757
530613
530661
532352
534609
534826
536352
536779
537523
538535
538643
538856
538939
538995
539628
540846
543566
543865
548522
549955
550350
551148
552497
553909
554360
554587
555853
557215
557308
557416
557897
559862
560014
561493
562068
564200
564689
565440
566412
568228
569889
570792
572696
574359
574369
575008
575592
575595
578217
578617
578809
580786
583220
584218
584328
585467
589045
589593
590221
590963
591643
592177
592691
593189
593512
595405
596604
596815
598511
598928
599027
599727
601728
603898
604610
605398
605735
608035
609394
609991
610647
612144
612871
613409
615387
616058
616771
618208
619753
620430
622374
622752
625864
627075
627309
627760
628648
628770
629624
630263
630677
630709
631009
631046
632160
632385
632590
633171
635527
636686
637589
639949
640847
641597
643351
644636
645540
647381
647434
648176
648555
648775
649829
649861
651367
651675
651716
653812
654589
655500
656291
657710
662405
662778
662789
663052
663483
665386
666415
666784
668234
668645
668978
669327
669786
670002
671563
673345
673830
673843
673940
676141
676161
678497
679089
679537
679716
680512
681385
681494
681876
683670
684034
684519
684919
685387
686529
686631
686812
689246
690841
690844
692196
693300
693548
694819
695536
695551
695964
697109
701868
701964
702794
703789
704668
707690
708029
710750
711182
712542
713935
716528
717141
718093
721857
721883
721984
722696
727304
727494
727995
728287
732258
733903
735261
735692
735774
736309
736538
737355
738816
739582
739976
740870
741557
742627
745608
745703
745807
747684
752253
752403
752551
752820
752852
754474
754863
759131
759406
759477
760070
760435
761442
762308
763151
766111
766119
768426
768436
768720
769086
769502
772073
773634
773816
774239
774432
776354
778178
780091
784465
785450
785709
786777
787076
787548
787612
787923
788202
788525
788837
790105
790587
791713
792148
793435
794238
795779
797583
798326
798364
801294
801776
802386
802985
804238
806287
806499
809286
809775
810788
811782
811906
812850
813922
815531
816878
817048
817155
817229
817476
818982
819336
819833
820433
820944
821979
822224
822852
824747
824893
826270
826755
828703
829541
831936
832021
832253
832701
834112
834203
835323
835343
835457
836983
837218
838117
840042
843012
844067
844389
845036
847840
848508
851374
851454
852068
853575
854217
855022
855964
856024
856754
857257
859554
860182
862762
864703
865513
866055
867144
867730
867852
868236
868303
868636
868767
869671
870217
870949
871066
871866
872557
872741
873069
873885
876844
877811
878268
878790
879126
880241
880515
883313
884237
884338
885630
887468
888479
890172
892134
892634
893689
894880
896845
897217
897371
898635
899978
900782
901043
901593
904098
904669
904926
906974
907180
907971
909141
909344
909644
909897
913475
914504
915980
918092
920553
920565
921814
922201
924268
925722
926591
928670
929153
929784
930049
933039
933303
936065
936215
938104
938869
938893
938969
940114
940199
940237
940465
940765
943557
944943
946085
946113
946265
946795
947025
947092
947313
950205
951654
952533
952916
955170
956389
959212
961445
961801
963211
965760
966461
966548
966666
967820
968029
968474
969844
970294
970373
970419
971575
971752
971862
972037
972095
972389
973551
973927
974290
975680
976105
977198
977389
978365
978987
980867
980894
981787
982500
985477
985940
986168
986754
987663
987796
987813
987949
992404
993308
993760
994664
995666
997107
997727
999007
999291
999861

0
0
0
0
0
0
0
0
0
0
0
0
0
0
0
0
0
0
0
0
0
0
0
0
0
0
0
0
0
0
0
0
0
0
0
0
0
0
0
0
0
0
0
0
0
0
0
0
0
0
0
0
0
0
0
0
0
0
0
0
0
0
0
0
0
0
0
0
0
0
0
0
0
0
0
0
0
0
0
0
0
0
0
0
0
0
0
0
0
0
0
0
0
0
0
0
0
0
0
0
0
0
0
0
0
0
0
0
0
0
0
0
0
0
0
0
0
0
0
0
0
0
0
0
0
0
0
0
0
0
0
0
0
0
0
0
0
0
0
0
0
0
0
0
0
0
0
0
0
0
0
0
0
0
0
0
0
0
0
0
0
0
0
0
0
0
0
0
0
0
0
0
0
0
0
0
0
0
0
0
0
0
0
0
0
1
1
1
1
1
1
1
1
1
1
1
1
1
1
1
1
1
1
1
1
1
1
1
1
1
1
1
1
1
1
1
1
1
1
1
1
1
1
1
1
1
1
1
1
1
1
1
1
1
1
1
1
1
1
1
1
1
1
1
1
1
1
1
1
1
1
1
1
1
1
1
1
1
1
1
1
1
1
1
1
1
1
1
1
1
1
1
1
1
1
1
1
1
1
1
1
1
1
1
1
1
1
1
1
1
1
1
1
1
1
1
1
1
1
1
1
1
1
1
1
1
1
1
1
1
1
1
1
1
1
1
1
1
1
1
1
1
1
1
1
1
1
1
1
1
1
1
1
1
1
1
1
1
1
1
1
1
1
1
1
1
1
1
1
1
1
1
1
1
1
1
1
1
1
1
1
1
1
1
1
1
1
1
1
1
1
1
2
2
2
2
2
2
2
2
2
2
2
2
2
2
2
2
2
2
2
2
2
2
2
2
2
2
2
2
2
2
2
2
2
2
2
2
2
2
2
2
2
2
2
2
2
2
2
2
2
2
2
2
2
2
2
2
2
2
2
2
2
2
2
2
2
2
2
2
2
2
2
2
2
2
2
2
2
2
2
2
2
2
2
2
2
2
2
2
2
2
2
2
2
2
2
2
2
2
2
2
2
2
2
2
2
2
2
2
2
2
2
2
2
2
2
2
2
2
2
2
2
2
2
2
2
2
2
2
2
2
2
2
2
2
2
2
2
2
2
2
2
2
2
2
2
2
2
2
2
2
2
2
2
2
2
2
2
2
2
2
2
2
2
2
2
2
2
2
2
2
2
2
2
2
2
2
2
2
2
2
2
2
2
2
2
2
2
2
2
2
3
3
3
3
3
3
3
3
3
3
3
3
3
3
3
3
3
3
3
3
3
3
3
3
3
3
3
3
3
3
3
3
3
3
3
3
3
3
3
3
3
3
3
3
3
3
3
3
3
3
3
3
3
3
3
3
3
3
3
3
3
3
3
3
3
3
3
3
3
3
3
3
3
3
3
3
3
3
3
3
3
3
3
3
3
3
3
3
3
3
3
3
3
3
3
3
3
3
3
3
3
3
3
3
3
3
3
3
3
3
3
3
3
3
3
3
3
3
3
3
3
3
3
3
3
3
3
3
3
3
3
3
3
3
3
3
3
3
3
3
3
3
3
3
3
3
3
3
3
3
3
3
3
3
3
3
3
3
3
3
3
3
3
3
3
3
3
3
3
3
3
3
3
3
3
3
3
3
3
3
3
3
3
3
3
3
3
3
3
4
4
4
4
4
4
4
4
4
4
4
4
4
4
4
4
4
4
4
4
4
4
4
4
4
4
4
4
4
4
4
4
4
4
4
4
4
4
4
4
4
4
4
4
4
4
4
4
4
4
4
4
4
4
4
4
4
4
4
4
4
4
4
4
4
4
4
4
4
4
4
4
4
4
4
4
4
4
4
4
4
4
4
4
4
4
4
4
4
4
4
4
4
4
4
4
4
4
4
4
4
4
4
4
4
4
4
4
4
4
4
4
4
4
4
4
4
4
4
4
4
4
4
4
4
4
4
4
4
4
4
4
4
4
4
4
4
4
4
4
4
4
4
4
4
4
4
4
4
4
4
4
4
4
4
4
4
4
4
5
5
5
5
5
5
5
5
5
5
5
5
5
5
5
5
5
5
5
5
5
5
5
5
5
5
5
5
5
5
5
5
5
5
5
5
5
5
5
5
5
5
5
5
5
5
5
5
5
5
5
5
5
5
5
5
5
5
5
5
5
5
5
5
5
5
5
5
5
5
5
5
5
5
5
5
5
5
5
5
5
5
5
5
5
5
5
5
5
5
5
5
5
5
5
5
5
5
5
5
5
5
5
5
5
5
5
5
5
5
5
5
5
5
5
5
5
5
5
5
5
5
5
5
5
5
5
5
5
5
5
5
5
5
5
5
5
5
5
5
5
5
5
5
5
5
5
5
5
5
5
5
5
5
5
5
5
5
5
5
5
5
5
5
5
5
5
5
5
5
5
5
5
5
5
6
6
6
6
6
6
6
6
6
6
6
6
6
6
6
6
6
6
6
6
6
6
6
6
6
6
6
6
6
6
6
6
6
6
6
6
6
6
6
6
6
6
6
6
6
6
6
6
6
6
6
6
6
6
6
6
6
6
6
6
6
6
6
6
6
6
6
6
6
6
6
6
6
6
6
6
6
6
6
6
6
6
6
6
6
6
6
6
6
6
6
6
6
6
6
6
6
6
6
6
6
6
6
6
6
6
6
6
6
6
6
6
6
6
6
6
6
6
6
6
6
6
6
6
6
6
6
6
6
6
6
6
6
6
6
6
6
6
6
6
6
6
6
6
6
6
6
6
6
6
6
6
6
6
6
6
6
6
6
6
6
6
6
6
6
6
6
6
6
6
6
6
6
6
6
6
6
6
6
6
6
6
6
6
6
6
6
6
6
6
6
6
7
7
7
7
7
7
7
7
7
7
7
7
7
7
7
7
7
7
7
7
7
7
7
7
7
7
7
7
7
7
7
7
7
7
7
7
7
7
7
7
7
7
7
7
7
7
7
7
7
7
7
7
7
7
7
7
7
7
7
7
7
7
7
7
7
7
7
7
7
7
7
7
7
7
7
7
7
7
7
7
7
7
7
7
7
7
7
7
7
7
7
7
7
7
7
7
7
7
7
7
7
7
7
7
7
7
7
7
7
7
7
7
7
7
7
7
7
7
7
7
7
7
7
7
7
7
7
7
7
7
7
7
7
7
7
7
7
7
7
7
7
7
7
7
7
7
7
7
7
7
7
7
7
7
7
7
7
7
7
7
7
7
7
7
7
7
7
7
7
7
7
7
7
8
8
8
8
8
8
8
8
8
8
8
8
8
8
8
8
8
8
8
8
8
8
8
8
8
8
8
8
8
8
8
8
8
8
8
8
8
8
8
8
8
8
8
8
8
8
8
8
8
8
8
8
8
8
8
8
8
8
8
8
8
8
8
8
8
8
8
8
8
8
8
8
8
8
8
8
8
8
8
8
8
8
8
8
8
8
8
8
8
8
8
8
8
8
8
8
8
8
8
8
8
8
8
8
8
8
8
8
8
8
8
8
8
8
8
8
8
8
8
8
8
8
8
8
8
8
8
8
8
8
8
8
8
8
8
8
8
8
8
8
8
8
8
8
8
8
8
8
8
8
8
8
8
8
8
8
8
8
8
8
8
8
8
8
8
8
8
8
8
8
8
8
8
8
8
8
8
8
9
9
9
9
9
9
9
9
9
9
9
9
9
9
9
9
9
9
9
9
9
9
9
9
9
9
9
9
9
9
9
9
9
9
9
9
9
9
9
9
9
9
9
9
9
9
9
9
9
9
9
9
9
9
9
9
9
9
9
9
9
9
9
9
9
9
9
9
9
9
9
9
9
9
9
9
9
9
9
9
9
9
9
9
9
9
9
9
9
9
9
9
9
9
9
9
9
9
9
9
9
9
9
9
9
9
9
9
9
9
9
9
9
9
9
9
9
9
9
9
9
9
9
9
9
9
9
9
9
9
9
9
9
9
9
9
9
9
9
9
9
9
9
9
9
9
9
9
9
9
9
9
9
9
9
9
9
9
9
9
9
9
9
9
9
9
9
9
9
9
9
9
9
9
9
9
9
9
9
9
9
9
9
9
9
9
9
9
9
9
9
9
10
10
10
10
10
10
10
10
10
10
10
10
10
10
10
10
10
10
10
10
10
10
10
10
10
10
10
10
10
10
10
10
10
10
10
10
10
10
10
10
10
10
10
10
10
10
10
10
10
10
10
10
10
10
10
10
10
10
10
10
10
10
10
10
10
10
10
10
10
10
10
10
10
10
10
10
10
10
10
10
10
10
10
10
10
10
10
10
10
10
10
10
10
10
10
10
10
10
10
10
10
10
10
10
10
10
10
10
10
10
10
10
10
10
10
10
10
10
10
10
10
10
10
10
10
10
10
10
10
10
10
10
10
10
10
10
10
10
10
10
10
10
10
10
10
10
10
10
10
10
10
10
10
10
10
10
10
10
10
10
10
10
10
10
10
10
10
10
10
10
10
10
10
10
10
10
10
10
10
10

0
0
1
2
2
3
4
5
7
7
8
8
8
8
9
10
11
14
16
17
18
18
18
19
20
20
21
21
22
24
25
26
26
26
27
27
28
30
31
31
32
32
33
35
37
39
40
42
42
42
44
45
47
49
49
50
50
53
53
53
55
56
57
57
58
58
59
61
61
64
65
65
68
69
70
70
71
71
73
73
74
75
75
76
77
77
80
80
81
81
82
82
83
83
83
86
87
89
89
92
93
94
97
97
97
99
99
100
103
103
104
105
105
105
106
107
107
107
108
108
108
108
110
110
111
111
113
113
114
115
117
118
118
119
120
120
121
121
122
125
126
126
126
127
127
129
132
133
134
135
135
136
137
137
137
138
139
139
140
141
141
142
144
144
146
147
148
155
155
157
157
157
157
157
158
159
161
162
163
164
164
164
164
165
165
166
167
171
172
172
173
173
174
175
176
177
177
177
178
180
181
182
183
183
183
184
186
187
187
189
190
191
192
192
194
195
195
200
201
201
203
204
205
205
205
206
207
208
209
210
210
211
212
213
213
216
219
220
220
220
221
221
222
223
225
225
227
229
229
230
230
230
232
232
232
234
234
238
238
240
241
242
244
244
245
245
246
246
248
248
249
250
250
254
255
256
256
257
258
258
261
261
262
263
264
265
266
267
269
270
271
271
272
272
272
272
273
274
275
276
277
280
280
281
282
283
285
286
286
288
290
290
292
292
292
295
297
297
297
299
300
300
300
301
303
304
304
304
305
306
306
307
307
308
310
311
312
313
313
314
314
315
316
317
317
319
320
321
321
322
325
328
329
329
331
331
331
333
334
334
336
336
339
339
339
340
340
341
344
346
347
348
348
349
350
350
353
353
355
356
357
358
360
361
362
362
363
363
364
366
367
367
368
368
370
371
371
372
373
374
375
377
378
378
378
379
381
381
382
383
384
387
390
390
390
393
394
395
395
397
397
399
401
402
402
403
403
405
407
408
411
413
414
414
414
414
417
417
418
419
420
421
422
422
422
423
427
428
429
429
429
430
432
434
434
434
438
438
438
438
440
440
441
442
442
443
444
445
445
446
447
447
448
451
451
452
454
455
456
457
460
461
461
462
463
464
464
464
464
465
466
466
467
468
468
468
471
472
473
475
476
477
479
483
486
486
487
489
491
492
493
496
496
496
497
498
499
500
502
502
504
505
507
507
507
508
508
509
509
510
512
512
513
513
514
515
515
517
518
518
519
520
522
522
525
527
530
531
533
533
536
537
538
539
540
540
540
540
541
541
541
542
542
542
545
549
551
551
553
554
554
557
558
558
560
560
560
560
561
561
562
562
564
565
569
570
571
573
573
573
574
574
574
576
576
577
578
580
581
582
583
586
588
588
589
589
589
590
593
593
594
595
595
595
597
598
600
600
600
602
602
602
602
603
603
604
604
608
609
611
611
614
617
617
621
621
621
623
623
625
625
626
627
627
627
631
631
633
635
635
636
636
637
638
640
640
645
645
645
648
649
650
651
651
655
656
657
657
659
660
661
663
664
667
668
671
671
674
674
674
675
675
675
676
677
678
679
680
681
682
683
685
685
686
687
687
689
692
692
692
696
697
697
698
699
701
701
702
703
703
705
705
706
708
709
709
709
714
714
716
716
719
720
720
722
724
726
726
727
727
727
728
729
730
735
736
737
739
739
739
739
740
740
740
740
740
742
743
743
743
744
745
745
749
750
751
751
751
751
752
752
754
754
754
755
756
756
757
757
757
759
759
761
761
762
763
764
764
765
765
767
768
769
772
773
773
773
776
777
777
778
779
779
780
784
785
785
787
787
788
789
789
789
789
790
790
792
792
793
794
794
795
796
797
799
799
800
801
801
801
802
802
803
804
805
806
806
808
808
809
809
810
811
812
816
817
818
823
823
823
826
827
827
828
828
829
830
831
832
833
835
838
838
838
839
839
840
843
843
844
844
844
844
845
845
846
848
849
851
853
854
854
855
856
856
859
859
859
860
860
861
863
863
863
864
865
865
866
866
866
868
869
869
870
870
872
872
872
872
874
877
878
878
878
880
881
883
888
889
890
891
893
895
895
895
897
899
899
900
900
900
902
904
904
907
907
907
908
909
909
909
909
910
910
911
912
912
914
914
914
915
916
916
917
917
918
919
920
920
921
921
921
922
923
923
926
927
929
930
930
930
930
931
931
931
931
932
934
936
937
937
938
938
938
938
939
939
941
941
945
946
946
947
949
949
951
952
952
956
956
958
959
960
961
967
967
968
968
968
969
971
972
972
973
973
974
974
974
975
977
978
980
985
985
986
988
989
990
990
990
991
993
997
997
1000
1000
1000
1003
1004
1006
1007
1007
1008
1008
1009
1010
1011
1011
1015
1015
1020
1020
1022
1022
1024
1025
1025
1027
1028
1028
1029
1030
1030
1031
1033
1033
1035
1036
1037
1038
1039
1040
1041
1041
1041
1042
1042
1043
1043
1044
1044
1045
1045
1046
1050
1052
1053
1054
1057
1059
1060
1060
1061
1061
1063
1064
1064
1065
1066
1066
1068
1069
1069
1070
1070
1070
1071
1072
1075
1077
1077
1077
1078
1078
1079
1080
1082
1083
1084
1085
1085
1088
1088
1089
1089
1095
1098
1100
1101
1101
1103
1104
1104
1104
1104
1104
1105
1106
1106
1106
1106
1107
1108
1109
1109
1110
1112
1113
1114
1114
1114
1114
1115
1116
1117
1120
1120
1120
1120
1122
1123
1124
1128
1128
1129
1129
1129
1129
1132
1133
1134
1135
1135
1136
1137
1140
1140
1142
1144
1146
1148
1148
1149
1150
1150
1150
1151
1152
1152
1154
1154
1154
1156
1157
1158
1160
1162
1164
1166
1166
1167
1168
1171
1172
1173
1174
1174
1174
1175
1177
1178
1180
1180
1181
1182
1182
1183
1183
1185
1187
1187
1187
1189
1191
1192
1192
1193
1193
1196
1196
1197
1198
1198
1199
1199
1202
1205
1208
1210
1210
1211
1211
1212
1213
1214
1214
1215
1216
1218
1219
1222
1222
1222
1223
1224
1225
1225
1227
1229
1229
1230
1230
1233
1234
1234
1234
1234
1235
1235
1236
1236
1238
1239
1239
1240
1241
1241
1247
1248
1249
1249
1251
1251
1252
1252
1252
1253
1255
1256
1257
1258
1258
1259
1259
1259
1260
1260
1263
1264
1264
1265
1265
1266
1268
1268
1268
1268
1270
1270
1271
1273
1273
1274
1274
1274
1276
1276
1277
1280
1280
1280
1280
1281
1282
1282
1284
1284
1285
1286
1286
1287
1287
1288
1289
1297
1299
1301
1302
1305
1305
1305
1305
1306
1306
1306
1308
1308
1309
1310
1310
1311
1311
1312
1313
1316
1317
1319
1320
1321
1323
1323
1325
1326
1326
1326
1327
1327
1328
1329
1329
1330
1330
1331
1331
1331
1332
1334
1336
1337
1338
1338
1339
1341
1344
1346
1347
1348
1350
1351
1351
1353
1353
1353
1353
1357
1359
1360
1361
1362
1362
1363
1363
1364
1365
1366
1368
1368
1369
1369
1369
1371
1373
1373
1373
1373
1376
1376
1378
1382
1382
1382
1383
1384
1387
1388
1390
1391
1391
1392
1394
1394
1396
1396
1398
1398
1399
1400
1401
1405
1406
1406
1409
1410
1410
1410
1411
1411
1413
1414
1417
1417
1419
1420
1420
1421
1423
1423
1423
1423
1423
1423
1424
1424
1425
1425
1426
1428
1429
1429
1430
1431
1432
1432
1433
1438
1439
1440
1440
1440
1440
1440
1441
1441
1443
1444
1444
1445
1446
1447
1448
1451
1453
1453
1454
1455
1455
1457
1459
1460
1461
1462
1462
1462
1462
1463
1467
1467
1468
1469
1469
1473
1474
1475
1476
1476
1477
1478
1479
1479
1479
1479
1480
1484
1484
1486
1487
1488
1489
1490
1492
1492
1492
1493
1493
1494
1494
1494
1494
1494
1496
1497
1497
1500
1501
1502
1503
1503
1505
1506
1507
1509
1510
1511
1511
1511
1513
1515
1516
1516
1516
1517
1517
1517
1518
1519
1519
1521
1522
1524
1526
1527
1528
1530
1531
1531
1533
1533
1536
1536
1536
1537
1538
1539
1539
1540
1540
1541
1542
1542
1543
1543
1545
1546
1546
1547
1548
1549
1550
1551
1551
1551
1551
1552
1553
1555
1555
1557
1559
1560
1560
1560
1563
1564
1564
1564
1565
1567
1567
1569
1569
1570
1570
1570
1572
1573
1575
1578
1582
1583
1584
1584
1586
1587
1587
1588
1590
1590
1590
1590
1591
1591
1591
1593
1593
1593
1593
1594
1594
1595
1596
1596
1596
1597
1597
1599
1600
1601
1602
1602
1605
1605
1606
1607
1609
1609
1609
1610
1611
1614
1615
1615
1616
1617
1617
1619
1619
1619
1620
1622
1623
1624
1625
1626
1628
1628
1630
1630
1634
1637
1638
1641
1641
1641
1642
1644
1644
1645
1648
1649
1649
1650
1652
1657
1658
1659
1660
1660
1661
1663
1667
1668
1670
1671
1673
1674
1675
1676
1676
1677
1677
1677
1678
1678
1679
1683
1685
1692
1693
1693
1695
1697
1698
1698
1698
1699
1699
1700
1701
1701
1704
1705
1707
1707
1708
1709
1710
1713
1714
1714
1714
1715
1715
1715
1716
1717
1717
1717
1717
1718
1720
1722
1726
1731
1732
1733
1734
1736
1737
1738
1739
1740
1740
1741
1742
1743
1745
1750
1750
1751
1754
1754
1755
1757
1757
1759
1763
1763
1765
1768
1768
1769
1770
1771
1772
1774
1774
1775
1776
1776
1778
1779
1781
1781
1782
1782
1782
1783
1784
1786
1786
1788
1788
1789
1790
1790
1793
1794
1795
1795
1797
1797
1798
1799
1799
1800
1801
1801
1804
1807
1807
1808
1811
1812
1812
1812
1813
1814
1817
1818
1823
1824
1825
1831
1831
1833
1833
1834
1835
1835
1837
1838
1839
1840
1841
1841
1842
1843
1843
1845
1847
1847
1848
1850
1851
1852
1852
1856
1856
1857
1860
1861
1862
1864
1865
1865
1866
1868
1869
1869
1870
1870
1871
1872
1872
1873
1873
1875
1875
1876
1878
1880
1881
1882
1882
1883
1884
1885
1886
1887
1888
1888
1889
1892
1892
1892
1893
1893
1894
1895
1895
1898
1899
1899
1900
1900
1901
1901
1903
1904
1904
1905
1905
1906
1907
1907
1910
1911
1911
1912
1912
1913
1913
1913
1914
1914
1916
1916
1919
1919
1923
1923
1924
1924
1926
1928
1928
1930
1930
1930
1931
1931
1931
1932
1932
1933
1935
1938
1939
1939
1941
1942
1945
1945
1946
1948
1948
1948
1950
1950
1951
1953
1953
1953
1954
1954
1954
1954
1956
1958
1959
1961
1966
1967
1967
1968
1968
1969
1970
1971
1972
1973
1973
1973
1975
1975
1977
1978
1978
1981
1982
1989
1989
1990
1990
1992
1994
1996
1996
1998
1998

1671
6616
7104
7741
7985
8218
9435
12056
13214
14824
16232
19039
20293
21614
27651
27708
28095
28866
33671
34713
35277
35754
38168
41494
41987
44116
44485
45943
47480
50023
56805
59469
66165
66289
66757
67608
67634
67744
67960
71972
72197
74553
78157
84217
84738
88918
93346
94390
97263
100680
101265
101702
101870
106618
106677
106869
112032
112207
112220
120107
120382
123024
123354
124699
126828
126833
127681
129304
129899
130839
131810
132433
138375
140782
144026
147789
148926
150351
155788
157851
168765
169070
169205
170447
171181
175700
176185
176702
181339
181617
182182
182231
182271
182814
183456
183502
183613
187136
187168
187924
188269
189700
190143
190660
192203
193504
195514
196274
196823
198347
201468
201614
205275
207979
208032
208692
211900
216315
218948
223152
228478
231629
231658
232832
233710
237319
238243
244176
247808
248257
250403
250615
253639
260127
263446
265372
267742
268332
268668
269911
272081
275654
276001
280688
281532
282167
282925
283610
287291
288151
292241
294909
301441
301664
302160
307878
309520
309977
311564
316884
317334
318239
318243
320262
321609
324397
328700
328984
330320
335618
339287
341150
343994
344899
347576
348347
351314
351431
351731
354638
354846
356477
359499
361757
369811
370343
371026
371975
373116
373274
374620
374803
375527
376940
377526
379863
381836
383293
385537
389949
396062
396172
403515
404319
404573
405386
405397
406751
407332
409475
415258
418760
420258
420386
427257
427674
430622
432977
434267
435640
437078
444091
445493
446247
446991
452195
452547
453621
456689
456996
459324
461797
462372
462491
467435
471905
472054
472813
473387
477694
480063
480802
483525
484157
484247
484597
485682
485915
488243
489837
490177
499191
499660
500756
500817
501386
504973
505880
506038
506933
512767
517176
519752
521980
523767
524272
527441
528423
528858
530039
530716
531831
532541
533627
534069
534271
534760
534879
535116
536666
540563
540740
544362
547299
547402
548159
548606
549639
550412
551269
553661
554262
554858
556372
558551
561527
569974
573201
573312
573974
574042
576036
576775
579309
580822
581892
583195
583658
586137
586382
590145
590331
594444
594564
594731
600433
600952
606934
609365
613565
614418
614641
619519
620002
620670
621687
622569
623896
626140
628415
628887
630789
633052
634645
645879
647355
649793
649915
657990
660907
662360
662593
664418
664465
664506
666239
669720
671015
679065
681014
681040
681870
683117
684564
686905
689564
690153
691714
692827
693258
693804
695468
696578
697621
702328
702794
707092
708129
709310
710611
711544
714185
715005
716780
721600
723611
724658
724835
727641
730764
733705
735709
738878
739790
742369
742834
743431
744950
746910
747505
749239
752788
753105
753292
753416
754816
759135
759629
762128
763099
763728
766042
766753
770315
770508
774241
774631
775375
776190
778864
779408
781131
784857
784982
794327
795229
798236
799318
802567
802664
803236
806895
809426
810385
811799
815805
818817
822442
827999
828967
829476
830352
831859
837441
840025
849195
849724
851126
851554
856404
860858
861346
863336
864594
864682
867211
868285
871674
873997
874732
874841
876111
876577
877904
879162
882197
883049
884275
885272
885566
888806
889722
890656
892461
892690
893120
893513
893591
894110
894126
894774
894836
895379
897095
897274
899184
902148
903116
905051
905071
906033
907118
907947
908608
910587
910971
912907
916552
917566
917902
918590
920086
920441
920704
923860
924572
924713
924859
925544
926392
926728
928951
930263
932402
935632
945130
949044
950747
951892
954504
955592
958199
959283
961165
961718
966510
967798
970932
971538
973884
973902
975057
975441
976749
977940
979153
981836
984245
984304
988827
992285
994384
996969
997766
997929
998140
998545
998728
1001821
1002680
1003218
1004685
1005200
1005773
1006485
1006761
1007216
1007791
1018452
1019978
1020474
1022244
1022487
1024155
1025871
1027002
1027251
1029528
1030474
1033257
1035027
1036065
1038682
1038696
1040444
1042846
1042936
1043427
1045799
1045908
1046167
1046551
1050404
1054535
1055343
1055510
1055834
1056055
1059762
1060051
1060731
1061000
1063262
1069711
1072689
1072839
1072917
1077849
1078823
1080908
1082352
1083561
1085056
1089199
1093804
1094104
1094561
1097257
1098584
1103550
1106505
1106996
1107130
1109403
1109418
1110875
1114503
1118671
1119522
1124904
1124926
1125933
1126438
1127112
1127757
1128889
1130895
1131822
1132464
1135575
1136902
1139548
1141484
1142335
1143767
1144902
1147312
1147869
1149577
1149689
1150987
1152684
1154101
1156699
1156763
1157724
1159537
1164694
1167008
1172875
1175081
1175478
1177096
1177244
1177889
1180045
1182496
1183035
1183824
1185967
1190134
1191021
1197623
1198223
1200764
1203302
1205695
1206197
1206208
1207851
1208372
1209223
1216097
1217305
1219041
1220602
1223476
1223543
1224187
1228392
1229317
1230831
1235261
1237158
1240416
1240663
1240988
1242373
1242693
1243364
1245597
1247078
1247878
1251947
1252087
1256893
1258580
1264584
1270011
1270734
1274651
1275453
1277328
1279551
1283083
1285479
1285597
1286256
1287505
1288758
1288925
1289433
1294239
1294703
1298988
1301779
1303449
1306375
1307155
1309870
1312144
1312356
1314450
1315007
1315150
1320101
1321847
1323709
1325792
1326626
1328869
1338100
1340444
1341648
1344802
1345716
1348280
1351058
1351455
1351620
1351756
1355942
1356162
1356725
1358856
1360111
1361128
1363326
1363503
1364655
1365871
1367050
1367308
1370440
1371461
1380548
1382936
1386780
1390617
1393241
1393634
1396473
1401438
1405879
1405965
1418906
1419658
1423694
1425569
1427117
1429555
1431041
1431794
1434478
1436566
1437303
1437531
1439738
1440960
1441693
1447479
1454171
1455026
1461711
1464137
1465630
1465979
1466554
1469926
1470148
1476535
1484525
1486217
1486272
1486971
1488221
1491961
1493977
1494024
1495292
1496323
1496999
1498254
1499014
1501390
1502866
1513009
1513443
1516376
1519568
1521421
1522411
1525207
1526266
1526849
1530972
1531638
1536937
1539716
1544473
1547338
1547550
1548991
1550405
1552041
1555786
1556624
1557588
1557631
1561549
1563350
1563884
1564200
1566124
1567884
1570181
1574778
1580278
1584098
1585727
1587687
1594963
1596385
1598271
1598604
1598789
1601982
1602438
1604027
1605440
1607775
1618444
1620154
1622130
1622908
1626310
1631583
1634837
1637132
1640574
1642609
1649911
1651382
1653386
1654619
1655082
1657361
1658227
1658481
1660524
1661460
1661891
1662675
1664486
1664806
1665105
1665613
1665916
1668317
1670866
1672157
1674883
1679100
1679227
1680708
1680806
1681875
1685339
1688502
1689843
1692055
1699314
1699588
1703417
1704062
1709448
1714248
1715411
1715604
1720004
1724339
1724623
1725282
1725896
1726293
1728718
1733330
1735050
1735851
1737860
1739234
1740084
1742364
1743372
1743854
1743869
1744120
1744604
1747561
1747902
1748758
1755355
1756425
1758365
1759590
1759887
1760993
1762690
1763001
1763012
1764683
1766480
1767921
1768237
1772979
1776597
1778334
1779468
1780791
1783552
1785185
1788879
1790057
1790075
1790130
1790282
1791196
1793984
1794633
1795507
1795797
1799763
1801149
1803393
1809496
1810545
1821765
1822026
1822578
1824735
1827136
1830890
1832690
1841648
1848913
1849562
1851739
1852819
1861584
1863168
1865546
1866725
1868058
1872393
1873141
1874500
1878012
1878740
1879008
1880806
1881174
1885538
1885602
1888884
1891292
1891753
1891762
1894201
1898178
1902821
1904103
1906031
1910276
1911348
1913917
1914432
1916651
1919352
1920447
1922641
1924617
1924674
1933399
1933813
1933820
1934968
1938111
1941815
1943177
1944472
1946037
1947231
1948205
1948580
1963907
1966459
1966587
1967832
1974758
1976460
1976716
1978396
1982568
1984348
1986998
1991930
1995758
1997777
1998254
1999868
2000121
2000840
2001309
2001718
2002683
2005205
2006132
2007656
2011097
2011676
2015890
2020954
2023466
2024302
2024753
2025884
2026351
2028445
2029454
2033588
2037239
2037587
2043255
2045596
2047538
2048218
2049625
2051730
2054871
2063063
2070058
2070642
2071037
2074242
2075885
2076679
2076709
2080094
2080629
2081988
2087758
2088436
2091936
2094274
2094568
2101653
2108390
2111010
2111046
2111360
2111918
2115125
2115279
2118096
2118296
2118470
2119249
2119440
2120009
2120033
2121424
2123576
2126610
2127494
2132114
2132568
2132934
2134060
2136648
2139317
2139908
2139980
2142088
2143409
2150194
2151663
2153998
2157190
2159116
2162764
2167334
2168353
2170238
2171963
2172037
2172445
2175836
2177193
2178181
2178290
2178819
2182370
2183250
2183634
2189978
2191217
2192909
2196918
2206215
2216913
2227289
2230881
2237472
2237857
2239543
2240421
2243403
2246522
2249058
2249364
2249569
2249660
2256486
2256551
2256702
2257190
2258198
2259233
2261747
2266041
2268349
2268555
2269413
2270051
2273585
2275526
2280488
2282503
2285597
2288023
2290631
2291151
2292889
2295704
2300791
2305363
2306857
2307188
2307637
2310806
2312244
2319380
2319638
2322853
2324748
2325680
2328615
2329069
2329748
2332268
2334283
2337315
2339891
2340305
2342495
2342549
2342589
2342914
2349461
2350010
2350150
2350750
2350881
2350994
2351006
2352985
2353366
2356680
2360087
2360165
2361424
2362153
2362413
2363396
2366961
2367848
2369995
2370236
2371097
2371422
2372264
2374682
2375616
2379313
2381417
2384190
2388935
2394358
2398759
2399371
2399914
2400814
2400935
2400956
2401403
2404857
2405674
2406609
2410493
2410610
2412217
2413905
2414205
2415472
2415895
2416321
2418162
2420675
2421564
2423309
2423481
2424605
2426978
2427514
2429859
2430790
2430987
2432289
2439249
2442739
2444526
2445273
2445404
2448276
2449963
2450826
2453397
2455319
2461076
2462078
2462132
2470957
2472523
2475556
2477965
2478401
2479441
2483817
2485806
2490626
2491373
2492731
2492810
2496368
2497152
2498857
2501412
2502421
2505104
2506234
2506383
2506786
2508647
2512117
2512128
2512987
2516018
2516513
2516743
2519227
2520940
2523689
2523862
2525572
2529681
2533462
2535216
2539699
2542880
2546839
2547001
2549075
2557407
2560698
2561221
2563188
2564286
2564526
2565582
2569420
2570450
2570649
2573886
2580052
2581799
2582425
2585393
2586116
2586406
2586702
2592470
2593528
2594180
2595772
2597450
2598469
2601045
2605684
2607134
2612463
2618737
2619013
2619030
2621133
2621238
2622434
2624244
2627340
2627860
2629869
2633897
2633962
2634463
2634820
2635977
2636609
2636776
2637379
2637596
2637826
2640450
2642030
2642913
2644381
2647090
2649285
2657628
2657754
2658998
2662039
2664334
2670423
2670516
2671396
2673046
2676823
2676979
2679816
2681383
2681994
2683293
2684413
2690796
2692838
2698717
2701150
2703184
2703790
2704534
2705345
2705870
2713156
2715932
2716762
2719529
2723593
2724346
2724387
2725264
2725616
2728834
2730634
2732509
2735780
2738612
2740350
2741684
2741748
2742270
2747918
2750442
2752700
2753712
2755359
2755753
2757877
2758310
2762317
2763713
2764389
2770292
2772877
2773801
2774692
2774820
2777167
2778910
2781384
2785714
2786267
2791274
2792314
2792329
2793727
2793923
2795822
2798139
2798282
2800905
2801494
2802507
2805364
2805385
2806847
2807666
2807671
2808081
2808383
2809021
2812216
2812522
2814546
2814888
2820028
2821368
2821600
2826109
2827205
2827697
2827839
2829181
2830163
2830880
2837214
2839486
2840938
2843010
2845616
2852888
2854580
2857052
2865625
2870989
2871803
2871833
2871890
2871892
2874253
2875354
2875647
2876884
2880748
2881756
2887750
2888431
2889776
2889797
2894237
2894366
2904772
2905123
2905207
2907413
2908222
2910080
2910467
2912703
2913808
2915243
2916562
2917323
2917455
2917526
2922025
2922376
2922686
2926039
2926749
2927129
2927449
2931875
2934178
2934353
2946509
2947864
2948581
2953994
2954784
2955458
2955547
2956608
2958007
2958762
2961383
2967100
2968120
2968519
2977163
2980012
2980169
2980790
2981214
2981669
2983644
2984557
2985075
2987127
2987958
2989903
2990275
2990662
2990706
2991065
2995849
2997631
2998084
3006569
3008852
3010303
3010989
3012978
3013635
3014018
3014295
3014368
3018840
3019158
3019320
3021179
3023753
3024735
3024902
3026950
3033039
3033665
3034469
3034736
3035971
3036113
3036256
3039013
3040755
3040995
3041043
3044179
3044506
3047908
3049065
3051268
3053974
3054567
3055578
3058263
3059954
3065602
3066784
3069815
3070822
3073624
3074502
3074580
3076240
3078770
3081797
3082002
3083361
3089154
3089400
3092232
3095772
3102813
3106969
3107845
3109221
3109880
3113441
3113744
3114512
3115070
3115740
3116676
3117466
3117764
3121106
3124835
3126572
3127391
3128004
3128542
3130138
3130990
3136888
3144942
3145406
3145719
3146751
3147488
3148733
3150070
3152942
3153786
3156673
3156943
3157037
3157540
3160645
3162094
3166996
3168796
3169102
3171346
3171600
3172202
3173243
3177469
3185297
3188900
3189068
3189513
3189866
3190077
3191459
3191938
3194035
3197627
3198976
3199844
3200930
3202324
3203331
3203870
3206471
3206521
3206575
3208174
3209541
3217007
3218546
3222787
3231960
3232964
3233952
3235809
3238331
3238632
3239129
3247315
3249845
3250701
3253786
3253960
3254726
3260264
3261762
3263492
3263557
3268102
3270296
3274080
3276521
3277351
3280653
3280920
3281098
3281428
3282258
3287805
3288768
3298264
3298793
3299364
3302862
3304382
3304938
3305140
3306379
3314227
3317181
3320236
3321727
3321788
3322704
3323500
3323862
3333035
3333115
3334800
3338834
3340371
3340567
3342993
3343067
3344631
3350428
3350847
3351613
3353349
3355727
3358924
3360549
3361523
3361828
3365249
3366117
3368900
3369379
3372595
3377640
3378582
3381631
3385615
3386514
3386858
3388421
3388937
3397275
3399100
3405937
3410042
3411484
3413968
3416287
3420597
3421157
3421706
3424650
3429792
3431663
3432576
3436818
3437455
3439449
3439483
3440142
3444345
3444590
3445034
3448707
3450283
3451034
3455697
3463706
3471589
3472119
3474476
3477941
3479664
3482166
3484759
3486291
3492112
3496193
3498718
3499932
3500572
3502835
3506144
3506468
3508804
3509738
3510200
3514047
3516652
3526768
3529598
3530867
3531126
3531898
3532584
3533112
3536130
3538649
3538807
3539884
3540008
3540581
3545568
3547710
3548799
3555647
3557477
3560809
3562775
3563655
3565979
3567635
3573531
3581307
3582408
3582599
3587427
3587485
3592187
3596839
3598711
3599171
3600066
3600685
3600816
3602085
3605044
3605833
3605929
3606610
3609598
3612304
3614956
3615906
3616025
3617802
3618443
3619117
3622991
3623181
3625177
3625702
3625833
3629402
3629885
3630150
3633729
3634427
3636498
3637888
3639316
3642316
3645590
3649794
3650530
3656137
3659061
3659340
3661180
3663253
3664574
3667736
3669132
3673808
3674677
3676776
3678979
3686386
3688809
3688863
3692750
3694356
3694623
3695875
3699248
3699843
3702799
3704696
3705622
3706774
3707683
3709366
3709753
3710157
3713903
3715553
3723748
3724930
3725011
3725196
3735566
3738797
3743398
3747367
3748074
3756787
3757783
3758388
3760445
3761275
3762351
3764284
3766075
3768933
3770799
3774349
3793820
3795090
3795367
3796610
3798969
3806238
3806299
3806615
3808963
3809925
3810265
3813364
3813377
3813683
3813771
3815093
3815490
3818932
3820186
3821429
3823488
3827817
3829375
3831641
3831935
3831977
3835361
3838165
3841205
3842898
3843665
3846613
3848126
3848430
3848580
3849228
3851486
3858644
3859474
3859510
3860718
3863502
3866401
3869101
3869370
3869535
3871352
3877927
3879567
3883057
3883590
3886252
3887524
3888518
3890975
3894554
3896454
3901339
3904776
3906127
3909853
3911854
3915171
3919262
3922860
3926803
3928873
3929148
3931029
3934577
3936897
3939990
3940662
3945414
3945423
3945714
3945753
3945980
3946325
3947478
3950021
3951331
3951968
3952816
3953787
3954510
3956813
3957970
3959104
3960952
3965627
3966215
3969219
3969914
3970895
3971946
3978089
3978936
3979535
3982691
3982777
3983531
3984905
3984909
3988838
3989208
3989742
3993464
3998274
3998800

0
0
0
0
0
0
0
0
0
0
0
0
0
0
0
0
0
0
0
0
0
0
0
0
0
0
0
0
0
0
0
0
0
0
0
0
0
0
0
0
0
0
0
0
0
0
0
0
0
0
0
0
0
0
0
0
0
0
0
0
0
0
0
0
0
0
0
0
0
0
0
0
0
0
0
0
0
0
0
0
0
0
0
0
0
0
0
0
0
0
0
0
0
0
0
0
0
0
0
0
0
0
0
0
0
0
0
0
0
0
0
0
0
0
0
0
0
0
0
0
0
0
0
0
0
0
0
0
0
0
0
0
0
0
0
0
0
0
0
0
0
0
0
0
0
0
0
0
0
0
0
0
0
0
0
0
0
0
0
0
0
0
0
0
0
0
0
0
0
0
0
0
0
0
0
0
0
0
0
0
0
0
0
0
0
0
0
0
0
0
0
0
0
0
0
0
0
0
0
0
0
0
0
0
0
0
0
0
0
0
0
0
0
0
0
0
0
0
0
0
0
0
0
0
0
0
0
0
0
0
0
0
0
0
0
0
0
0
0
0
0
0
0
0
0
0
0
0
0
0
0
0
0
0
0
0
0
0
0
0
0
0
0
0
0
0
0
0
0
0
0
0
0
0
0
0
0
0
0
0
0
0
0
0
0
0
0
0
0
0
0
0
0
0
0
0
0
0
0
0
0
0
0
0
0
0
0
0
0
0
0
0
0
0
0
0
0
0
0
0
0
0
0
0
0
0
0
0
0
0
0
0
0
0
0
0
0
0
0
0
0
0
0
0
0
0
0
0
0
0
0
0
0
0
0
0
0
0
0
0
0
0
0
0
0
0
0
0
0
0
0
0
0
0
0
0
0
0
0
0
0
0
0
0
0
0
0
0
0
0
0
0
0
0
0
0
0
0
0
0
0
0
0
0
0
0
0
0
0
0
0
0
0
0
0
0
0
0
0
0
0
1
1
1
1
1
1
1
1
1
1
1
1
1
1
1
1
1
1
1
1
1
1
1
1
1
1
1
1
1
1
1
1
1
1
1
1
1
1
1
1
1
1
1
1
1
1
1
1
1
1
1
1
1
1
1
1
1
1
1
1
1
1
1
1
1
1
1
1
1
1
1
1
1
1
1
1
1
1
1
1
1
1
1
1
1
1
1
1
1
1
1
1
1
1
1
1
1
1
1
1
1
1
1
1
1
1
1
1
1
1
1
1
1
1
1
1
1
1
1
1
1
1
1
1
1
1
1
1
1
1
1
1
1
1
1
1
1
1
1
1
1
1
1
1
1
1
1
1
1
1
1
1
1
1
1
1
1
1
1
1
1
1
1
1
1
1
1
1
1
1
1
1
1
1
1
1
1
1
1
1
1
1
1
1
1
1
1
1
1
1
1
1
1
1
1
1
1
1
1
1
1
1
1
1
1
1
1
1
1
1
1
1
1
1
1
1
1
1
1
1
1
1
1
1
1
1
1
1
1
1
1
1
1
1
1
1
1
1
1
1
1
1
1
1
1
1
1
1
1
1
1
1
1
1
1
1
1
1
1
1
1
1
1
1
1
1
1
1
1
1
1
1
1
1
1
1
1
1
1
1
1
1
1
1
1
1
1
1
1
1
1
1
1
1
1
1
1
1
1
1
1
1
1
1
1
1
1
1
1
1
1
1
1
1
1
1
1
1
1
1
1
1
1
1
1
1
1
1
1
1
1
1
1
1
1
1
1
1
1
1
1
1
1
1
1
1
1
1
1
1
1
1
1
1
1
1
1
1
1
1
1
1
1
1
1
1
1
1
1
1
1
1
1
1
1
1
1
1
1
1
1
1
1
1
1
1
1
1
1
1
1
1
1
1
1
1
1
1
1
1
1
1
1
1
1
1
1
1
1
1
1
1
1
1
1
1
1
1
1
1
1
1
1
1
1
1
1
1
1
1
1
1
1
1
1
1
1
1
1
1
1
1
1
1
1
1
1
1
1
1
1
1
1
1
1
2
2
2
2
2
2
2
2
2
2
2
2
2
2
2
2
2
2
2
2
2
2
2
2
2
2
2
2
2
2
2
2
2
2
2
2
2
2
2
2
2
2
2
2
2
2
2
2
2
2
2
2
2
2
2
2
2
2
2
2
2
2
2
2
2
2
2
2
2
2
2
2
2
2
2
2
2
2
2
2
2
2
2
2
2
2
2
2
2
2
2
2
2
2
2
2
2
2
2
2
2
2
2
2
2
2
2
2
2
2
2
2
2
2
2
2
2
2
2
2
2
2
2
2
2
2
2
2
2
2
2
2
2
2
2
2
2
2
2
2
2
2
2
2
2
2
2
2
2
2
2
2
2
2
2
2
2
2
2
2
2
2
2
2
2
2
2
2
2
2
2
2
2
2
2
2
2
2
2
2
2
2
2
2
2
2
2
2
2
2
2
2
2
2
2
2
2
2
2
2
2
2
2
2
2
2
2
2
2
2
2
2
2
2
2
2
2
2
2
2
2
2
2
2
2
2
2
2
2
2
2
2
2
2
2
2
2
2
2
2
2
2
2
2
2
2
2
2
2
2
2
2
2
2
2
2
2
2
2
2
2
2
2
2
2
2
2
2
2
2
2
2
2
2
2
2
2
2
2
2
2
2
2
2
2
2
2
2
2
2
2
2
2
2
2
2
2
2
2
2
2
2
2
2
2
2
2
2
2
2
2
2
2
2
2
2
2
2
2
2
2
2
2
2
2
2
2
2
2
2
2
2
2
2
2
2
2
2
2
2
2
2
2
2
2
2
2
2
2
2
2
2
2
2
2
2
2
2
2
2
2
2
2
2
2
2
2
2
2
2
2
2
2
2
2
2
2
2
2
2
2
2
2
2
2
2
2
2
2
2
2
2
2
2
2
2
2
2
2
2
2
2
2
2
2
2
2
2
2
2
2
2
2
2
2
2
2
2
2
2
2
2
2
2
2
2
2
2
2
2
2
2
2
2
2
2
2
2
2
2
2
2
2
2
2
2
2
2
2
2
2
2
2
2
2
2
2
2
2
2
2
2
2
2
2
2
2
2
2
2
2
2
2
3
3
3
3
3
3
3
3
3
3
3
3
3
3
3
3
3
3
3
3
3
3
3
3
3
3
3
3
3
3
3
3
3
3
3
3
3
3
3
3
3
3
3
3
3
3
3
3
3
3
3
3
3
3
3
3
3
3
3
3
3
3
3
3
3
3
3
3
3
3
3
3
3
3
3
3
3
3
3
3
3
3
3
3
3
3
3
3
3
3
3
3
3
3
3
3
3
3
3
3
3
3
3
3
3
3
3
3
3
3
3
3
3
3
3
3
3
3
3
3
3
3
3
3
3
3
3
3
3
3
3
3
3
3
3
3
3
3
3
3
3
3
3
3
3
3
3
3
3
3
3
3
3
3
3
3
3
3
3
3
3
3
3
3
3
3
3
3
3
3
3
3
3
3
3
3
3
3
3
3
3
3
3
3
3
3
3
3
3
3
3
3
3
3
3
3
3
3
3
3
3
3
3
3
3
3
3
3
3
3
3
3
3
3
3
3
3
3
3
3
3
3
3
3
3
3
3
3
3
3
3
3
3
3
3
3
3
3
3
3
3
3
3
3
3
3
3
3
3
3
3
3
3
3
3
3
3
3
3
3
3
3
3
3
3
3
3
3
3
3
3
3
3
3
3
3
3
3
3
3
3
3
3
3
3
3
3
3
3
3
3
3
3
3
3
3
3
3
3
3
3
3
3
3
3
3
3
3
3
3
3
3
3
3
3
3
3
3
3
3
3
3
3
3
3
3
3
3
3
3
3
3
3
3
3
3
3
3
3
3
3
3
3
3
3
3
3
3
3
3
3
3
3
3
3
3
3
3
3
3
3
3
3
3
3
3
3
3
3
3
3
3
3
3
3
3
3
3
3
3
3
3
3
3
3
3
3
3
3
3
3
3
3
3
3
3
3
3
3
3
3
3
3
3
3
3
3
3
3
3
3
3
3
3
3
3
3
3
3
3
3
3
3
3
3
3
3
3
3
3
3
3
3
3
3
3
3
3
3
3
3
3
3
4
4
4
4
4
4
4
4
4
4
4
4
4
4
4
4
4
4
4
4
4
4
4
4
4
4
4
4
4
4
4
4
4
4
4
4
4
4
4
4
4
4
4
4
4
4
4
4
4
4
4
4
4
4
4
4
4
4
4
4
4
4
4
4
4
4
4
4
4
4
4
4
4
4
4
4
4
4
4
4
4
4
4
4
4
4
4
4
4
4
4
4
4
4
4
4
4
4
4
4
4
4
4
4
4
4
4
4
4
4
4
4
4
4
4
4
4
4
4
4
4
4
4
4
4
4
4
4
4
4
4
4
4
4
4
4
4
4
4
4
4
4
4
4
4
4
4
4
4
4
4
4
4
4
4
4
4
4
4
4
4
4
4
4
4
4
4
4
4
4
4
4
4
4
4
4
4
4
4
4
4
4
4
4
4
4
4
4
4
4
4
4
4
4
4
4
4
4
4
4
4
4
4
4
4
4
4
4
4
4
4
4
4
4
4
4
4
4
4
4
4
4
4
4
4
4
4
4
4
4
4
4
4
4
4
4
4
4
4
4
4
4
4
4
4
4
4
4
4
4
4
4
4
4
4
4
4
4
4
4
4
4
4
4
4
4
4
4
4
4
4
4
4
4
4
4
4
4
4
4
4
4
4
4
4
4
4
4
4
4
4
4
4
4
4
4
4
4
4
4
4
4
4
4
4
4
4
4
4
4
4
4
4
4
4
4
4
4
4
4
4
4
4
4
4
4
4
4
4
4
4
4
4
4
4
4
4
4
4
4
4
4
4
4
4
4
4
4
4
4
4
4
4
4
4
4
4
4
4
4
4
4
4
4
4
4
4
4
4
4
4
4
4
4
4
4
4
4
4
4
4
4
4
4
4
4
4
4
4
4
4
4
4
4
4
4
4
4
4
4
4
4
4
4
4
4
4
4
4
4
4
4
4
4
4
4
4
4
4
4
4
4
4
4
4
4
4
4
4
4
4
4
4
4
4
4
4
4
4
4
4
4
4
4
4
4
4
4
4
4
4
4
4
4
4
4
4
4
4
4
4
4
4
4
4
4
4
5
5
5
5
5
5
5
5
5
5
5
5
5
5
5
5
5
5
5
5
5
5
5
5
5
5
5
5
5
5
5
5
5
5
5
5
5
5
5
5
5
5
5
5
5
5
5
5
5
5
5
5
5
5
5
5
5
5
5
5
5
5
5
5
5
5
5
5
5
5
5
5
5
5
5
5
5
5
5
5
5
5
5
5
5
5
5
5
5
5
5
5
5
5
5
5
5
5
5
5
5
5
5
5
5
5
5
5
5
5
5
5
5
5
5
5
5
5
5
5
5
5
5
5
5
5
5
5
5
5
5
5
5
5
5
5
5
5
5
5
5
5
5
5
5
5
5
5
5
5
5
5
5
5
5
5
5
5
5
5
5
5
5
5
5
5
5
5
5
5
5
5
5
5
5
5
5
5
5
5
5
5
5
5
5
5
5
5
5
5
5
5
5
5
5
5
5
5
5
5
5
5
5
5
5
5
5
5
5
5
5
5
5
5
5
5
5
5
5
5
5
5
5
5
5
5
5
5
5
5
5
5
5
5
5
5
5
5
5
5
5
5
5
5
5
5
5
5
5
5
5
5
5
5
5
5
5
5
5
5
5
5
5
5
5
5
5
5
5
5
5
5
5
5
5
5
5
5
5
5
5
5
5
5
5
5
5
5
5
5
5
5
5
5
5
5
5
5
5
5
5
5
5
5
5
5
5
5
5
5
5
5
5
5
5
5
5
5
5
5
5
5
5
5
5
5
5
5
5
5
5
5
5
5
5
5
5
5
5
5
5
5
5
5
5
5
5
5
5
5
5
5
5
5
5
5
5
5
5
5
5
5
5
5
5
5
5
5
5
5
5
5
5
5
5
5
5
5
5
5
5
5
5
5
5
5
5
5
5
5
5
5
5
5
5
5
5
5
5
5
5
5
5
5
5
5
5
5
5
5
5
5
5
5
5
5
5
5
5
5
5
5
5
5
5
5
5
5
5
5
5
5
5
5
5
5
5
5
5
5
5
5
5
5
5
5
5
5
5
5
5
5
5
5
5
5
5
5
5
5
5
6
6
6
6
6
6
6
6
6
6
6
6
6
6
6
6
6
6
6
6
6
6
6
6
6
6
6
6
6
6
6
6
6
6
6
6
6
6
6
6
6
6
6
6
6
6
6
6
6
6
6
6
6
6
6
6
6
6
6
6
6
6
6
6
6
6
6
6
6
6
6
6
6
6
6
6
6
6
6
6
6
6
6
6
6
6
6
6
6
6
6
6
6
6
6
6
6
6
6
6
6
6
6
6
6
6
6
6
6
6
6
6
6
6
6
6
6
6
6
6
6
6
6
6
6
6
6
6
6
6
6
6
6
6
6
6
6
6
6
6
6
6
6
6
6
6
6
6
6
6
6
6
6
6
6
6
6
6
6
6
6
6
6
6
6
6
6
6
6
6
6
6
6
6
6
6
6
6
6
6
6
6
6
6
6
6
6
6
6
6
6
6
6
6
6
6
6
6
6
6
6
6
6
6
6
6
6
6
6
6
6
6
6
6
6
6
6
6
6
6
6
6
6
6
6
6
6
6
6
6
6
6
6
6
6
6
6
6
6
6
6
6
6
6
6
6
6
6
6
6
6
6
6
6
6
6
6
6
6
6
6
6
6
6
6
6
6
6
6
6
6
6
6
6
6
6
6
6
6
6
6
6
6
6
6
6
6
6
6
6
6
6
6
6
6
6
6
6
6
6
6
6
6
6
6
6
6
6
6
6
6
6
6
6
6
6
6
6
6
6
6
6
6
6
6
6
6
6
6
6
6
6
6
6
6
6
6
6
6
6
6
6
6
6
6
6
6
6
6
6
6
6
6
6
6
6
6
6
6
6
6
6
6
6
6
6
6
6
6
6
6
6
6
6
6
6
6
6
6
6
6
6
6
6
6
6
6
6
6
6
6
6
6
6
6
6
6
6
6
6
6
6
6
6
6
6
6
6
6
6
6
6
6
6
6
6
6
6
6
6
6
6
6
6
6
6
6
6
6
6
6
6
6
6
6
6
6
6
6
6
6
6
6
6
6
6
6
6
6
6
6
6
6
6
6
6
6
6
6
6
6
6
6
6
6
7
7
7
7
7
7
7
7
7
7
7
7
7
7
7
7
7
7
7
7
7
7
7
7
7
7
7
7
7
7
7
7
7
7
7
7
7
7
7
7
7
7
7
7
7
7
7
7
7
7
7
7
7
7
7
7
7
7
7
7
7
7
7
7
7
7
7
7
7
7
7
7
7
7
7
7
7
7
7
7
7
7
7
7
7
7
7
7
7
7
7
7
7
7
7
7
7
7
7
7
7
7
7
7
7
7
7
7
7
7
7
7
7
7
7
7
7
7
7
7
7
7
7
7
7
7
7
7
7
7
7
7
7
7
7
7
7
7
7
7
7
7
7
7
7
7
7
7
7
7
7
7
7
7
7
7
7
7
7
7
7
7
7
7
7
7
7
7
7
7
7
7
7
7
7
7
7
7
7
7
7
7
7
7
7
7
7
7
7
7
7
7
7
7
7
7
7
7
7
7
7
7
7
7
7
7
7
7
7
7
7
7
7
7
7
7
7
7
7
7
7
7
7
7
7
7
7
7
7
7
7
7
7
7
7
7
7
7
7
7
7
7
7
7
7
7
7
7
7
7
7
7
7
7
7
7
7
7
7
7
7
7
7
7
7
7
7
7
7
7
7
7
7
7
7
7
7
7
7
7
7
7
7
7
7
7
7
7
7
7
7
7
7
7
7
7
7
7
7
7
7
7
7
7
7
7
7
7
7
7
7
7
7
7
7
7
7
7
7
7
7
7
7
7
7
7
7
7
7
7
7
7
7
7
7
7
7
7
7
7
7
7
7
7
7
7
7
7
7
7
7
7
7
7
7
7
7
7
7
7
7
7
7
7
7
7
7
7
7
7
7
7
7
7
7
7
7
7
7
7
7
7
7
7
7
7
7
7
7
7
7
7
7
7
7
7
7
7
7
7
7
7
7
7
7
7
7
7
7
7
7
7
7
7
7
7
7
7
7
7
7
7
7
7
7
7
7
7
7
7
7
7
7
7
7
7
7
7
7
7
7
7
7
7
7
7
7
7
7
7
7
7
7
7
7
7
7
7
7
7
7
7
7
7
7
7
7
7
7
7
7
7
7
7
7
7
7
8
8
8
8
8
8
8
8
8
8
8
8
8
8
8
8
8
8
8
8
8
8
8
8
8
8
8
8
8
8
8
8
8
8
8
8
8
8
8
8
8
8
8
8
8
8
8
8
8
8
8
8
8
8
8
8
8
8
8
8
8
8
8
8
8
8
8
8
8
8
8
8
8
8
8
8
8
8
8
8
8
8
8
8
8
8
8
8
8
8
8
8
8
8
8
8
8
8
8
8
8
8
8
8
8
8
8
8
8
8
8
8
8
8
8
8
8
8
8
8
8
8
8
8
8
8
8
8
8
8
8
8
8
8
8
8
8
8
8
8
8
8
8
8
8
8
8
8
8
8
8
8
8
8
8
8
8
8
8
8
8
8
8
8
8
8
8
8
8
8
8
8
8
8
8
8
8
8
8
8
8
8
8
8
8
8
8
8
8
8
8
8
8
8
8
8
8
8
8
8
8
8
8
8
8
8
8
8
8
8
8
8
8
8
8
8
8
8
8
8
8
8
8
8
8
8
8
8
8
8
8
8
8
8
8
8
8
8
8
8
8
8
8
8
8
8
8
8
8
8
8
8
8
8
8
8
8
8
8
8
8
8
8
8
8
8
8
8
8
8
8
8
8
8
8
8
8
8
8
8
8
8
8
8
8
8
8
8
8
8
8
8
8
8
8
8
8
8
8
8
8
8
8
8
8
8
8
8
8
8
8
8
8
8
8
8
8
8
8
8
8
8
8
8
8
8
8
8
8
8
8
8
8
8
8
8
8
8
8
8
8
8
8
8
8
8
8
8
8
8
8
8
8
8
8
8
8
8
8
8
8
8
8
8
8
8
8
8
8
8
8
8
8
8
8
8
8
8
8
8
8
8
8
8
8
8
8
8
8
8
8
8
8
8
8
8
8
8
8
8
8
8
8
8
8
8
8
8
8
8
8
8
8
8
8
8
8
8
8
8
8
8
8
8
8
8
8
8
8
8
8
8
8
8
8
9
9
9
9
9
9
9
9
9
9
9
9
9
9
9
9
9
9
9
9
9
9
9
9
9
9
9
9
9
9
9
9
9
9
9
9
9
9
9
9
9
9
9
9
9
9
9
9
9
9
9
9
9
9
9
9
9
9
9
9
9
9
9
9
9
9
9
9
9
9
9
9
9
9
9
9
9
9
9
9
9
9
9
9
9
9
9
9
9
9
9
9
9
9
9
9
9
9
9
9
9
9
9
9
9
9
9
9
9
9
9
9
9
9
9
9
9
9
9
9
9
9
9
9
9
9
9
9
9
9
9
9
9
9
9
9
9
9
9
9
9
9
9
9
9
9
9
9
9
9
9
9
9
9
9
9
9
9
9
9
9
9
9
9
9
9
9
9
9
9
9
9
9
9
9
9
9
9
9
9
9
9
9
9
9
9
9
9
9
9
9
9
9
9
9
9
9
9
9
9
9
9
9
9
9
9
9
9
9
9
9
9
9
9
9
9
9
9
9
9
9
9
9
9
9
9
9
9
9
9
9
9
9
9
9
9
9
9
9
9
9
9
9
9
9
9
9
9
9
9
9
9
9
9
9
9
9
9
9
9
9
9
9
9
9
9
9
9
9
9
9
9
9
9
9
9
9
9
9
9
9
9
9
9
9
9
9
9
9
9
9
9
9
9
9
9
9
9
9
9
9
9
9
9
9
9
9
9
9
9
9
9
9
9
9
9
9
9
9
9
9
9
9
9
9
9
9
9
9
9
9
9
9
9
9
9
9
9
9
9
9
9
9
9
9
9
9
9
9
9
9
9
9
9
9
9
9
9
9
9
9
9
9
9
9
9
9
9
9
9
9
9
9
9
9
9
9
9
9
9
9
9
9
9
9
9
9
9
9
9
9
9
9
9
9
9
9
9
9
9
9
9
9
9
9
9
9
9
9
9
9
9
9
9
9
9
9
9
9
9
9
9
9
9
9
9
9
9
9
9
9
9
9
9
9
9
9
9
9
9
9
9
9
9
9
9
9
9
9
9
9
9
9
9
9
9
9
9
9
9
9
9
9
9
9
9
9
9
9
9
9
9
10
10
10
10
10
10
10
10
10
10
10
10
10
10
10
10
10
10
10
10
10
10
10
10
10
10
10
10
10
10
10
10
10
10
10
10
10
10
10
10
10
10
10
10
10
10
10
10
10
10
10
10
10
10
10
10
10
10
10
10
10
10
10
10
10
10
10
10
10
10
10
10
10
10
10
10
10
10
10
10
10
10
10
10
10
10
10
10
10
10
10
10
10
10
10
10
10
10
10
10
10
10
10
10
10
10
10
10
10
10
10
10
10
10
10
10
10
10
10
10
10
10
10
10
10
10
10
10
10
10
10
10
10
10
10
10
10
10
10
10
10
10
10
10
10
10
10
10
10
10
10
10
10
10
10
10
10
10
10
10
10
10
10
10
10
10
10
10
10
10
10
10
10
10
10
10
10
10
10
10
10
10
10
10
10
10
10
10
10
10
10
10
10
10
10
10
10
10
10
10
10
10
10
10
10
10
10
10
10
10
10
10
10
10
10
10
10
10
10
10
10
10
10
10
10
10
10
10
10
10
10
10
10
10
10
10
10
10
10
10
10
10
10
10
10
10
10
10
10
10
10
10
10
10
10
10
10
10
10
10
10
10
10
10
10
10
10
10
10
10
10
10
10
10
10
10
10
10
10
10
10
10
10
10
10
10
10
10
10
10
10
10
10
10
10
10
10
10
10
10
10
10
10
10
10
10
10
10
10
10
10
10
10
10
10
10
10
10
10
10
10
10
10
10
10
10
10
10
10
10
10
10
10
10
10
10
10
10
10
10
10
10
10
10
10
10
10
10
10
10
10
10
10
10
10
10
10
10
10
10
10
10
10
10
10
10
10
10
10
10
10
10
10
10
10
10
10
10
10
10
10
10
10
10
10
10
10
10
10
10
10
10
10
10
10
10
10
10
10
10
10
10
10
10
10
10
10
10
10
10
10
10
10
10
10
10
10
10
10
10
10
10
10
10
10
10
10
10
10
10
10

0
0
0
1
2
2
2
3
5
5
5
7
7
9
12
14
14
14
14
14
15
15
15
16
18
19
20
20
22
22
23
24
24
25
26
26
32
32
33
33
34
35
36
37
37
39
42
44
44
45
45
47
47
47
48
49
49
53
54
54
54
55
56
60
61
62
64
64
65
69
69
70
71
72
75
76
77
77
78
80
80
81
81
82
84
86
87
87
87
87
88
92
93
98
99
101
101
101
102
103
103
106
106
108
109
110
111
111
112
112
113
113
113
114
116
116
117
118
119
119
119
123
123
124
125
125
127
129
130
132
134
136
136
136
137
137
137
139
140
142
144
145
147
147
147
148
148
150
152
154
154
155
156
156
158
158
159
161
161
162
163
164
165
166
166
167
169
169
171
172
172
173
175
177
177
177
178
179
179
180
182
182
183
184
184
185
186
187
188
188
189
190
192
193
194
195
196
197
198
200
203
203
204
205
206
207
207
208
210
211
211
212
212
212
213
213
215
216
218
221
221
224
228
228
229
229
230
231
231
233
234
235
235
237
237
239
239
239
240
241
241
244
244
245
247
248
248
249
251
257
258
258
259
259
261
261
261
262
262
263
264
266
267
267
267
268
268
270
271
272
274
275
280
281
281
282
282
285
287
288
288
288
290
290
290
290
291
291
291
291
292
292
293
294
295
295
296
298
299
300
303
306
306
306
306
306
308
310
311
311
311
312
313
315
316
318
318
319
320
320
320
321
322
324
325
328
329
329
329
331
332
332
332
333
334
335
335
335
336
336
336
337
338
338
339
342
345
347
348
350
352
356
357
357
361
362
362
363
363
363
366
366
368
369
369
376
377
381
382
384
385
385
386
389
390
392
392
392
393
396
397
398
399
404
404
405
405
405
407
408
408
409
410
411
414
417
418
418
419
419
419
420
421
423
424
424
425
429
430
432
433
434
435
436
436
436
437
438
443
444
445
446
447
447
448
448
450
450
451
452
453
455
456
456
457
458
459
461
463
464
468
470
471
471
472
472
473
473
475
476
477
477
477
478
479
479
480
482
482
482
483
486
487
488
489
490
491
494
495
497
497
498
499
499
501
503
504
505
507
508
508
508
509
510
511
512
513
516
517
517
520
522
523
524
525
527
527
528
532
532
536
537
537
538
538
538
538
540
540
540
542
543
543
544
545
546
547
550
550
551
551
554
555
556
556
558
561
561
561
562
563
563
564
566
568
568
568
569
569
572
572
573
573
574
574
577
579
581
584
585
586
586
586
587
592
593
593
594
595
597
597
598
603
605
606
606
607
609
610
611
611
612
613
614
615
615
618
619
620
620
624
625
625
627
628
630
630
632
635
636
637
639
640
641
642
642
643
645
646
646
647
647
648
649
650
650
651
652
653
653
655
657
658
658
659
659
660
660
660
661
662
663
664
664
665
665
666
666
668
671
673
676
676
676
676
677
677
681
682
683
684
684
686
687
688
693
694
695
697
697
699
700
702
702
702
705
705
706
706
707
707
707
708
710
711
711
711
712
716
716
716
717
718
719
719
720
723
725
725
725
725
727
729
733
735
735
737
738
739
740
740
741
742
743
744
744
745
746
746
747
747
747
748
748
748
748
750
751
752
752
752
753
753
754
755
756
756
756
756
757
758
759
760
760
764
766
766
767
768
770
770
771
771
771
771
779
779
780
780
780
780
782
784
784
785
785
786
787
788
790
790
791
792
794
797
798
799
799
800
801
803
804
805
806
811
811
812
814
816
816
817
817
817
818
818
820
820
820
823
823
824
825
825
825
826
826
827
827
827
827
827
828
830
831
831
832
833
833
833
835
836
838
839
839
840
843
844
846
848
848
852
852
852
854
855
855
856
857
858
859
860
860
860
860
861
863
863
864
867
867
867
868
868
869
870
871
872
873
873
874
877
878
881
883
884
884
885
885
887
888
889
891
891
892
892
892
892
893
894
894
894
897
898
899
899
899
900
900
903
907
907
908
908
909
909
911
911
914
914
914
915
916
917
918
918
918
918
919
920
920
921
921
923
923
923
924
930
931
931
932
932
932
936
938
940
940
941
941
943
945
946
948
949
950
952
955
955
956
956
958
959
959
960
961
961
965
967
967
970
970
970
975
976
976
976
976
976
978
979
979
980
980
984
985
986
986
988
989
990
990
990
990
991
994
995
996
997
998
998
998
998
1000
1000
1001
1002
1003
1003
1004
1004
1004
1006
1007
1009
1010
1011
1012
1012
1013
1014
1014
1015
1017
1024
1025
1026
1027
1029
1030
1030
1032
1032
1032
1034
1034
1035
1035
1041
1043
1043
1044
1044
1045
1048
1049
1049
1049
1050
1050
1050
1051
1053
1054
1055
1056
1057
1060
1060
1062
1063
1063
1063
1065
1066
1066
1066
1067
1069
1069
1072
1072
1073
1074
1077
1080
1082
1085
1087
1088
1089
1090
1090
1091
1091
1091
1092
1093
1093
1094
1095
1096
1097
1097
1099
1099
1101
1103
1106
1107
1107
1108
1109
1110
1110
1113
1113
1114
1115
1116
1117
1118
1120
1122
1122
1125
1127
1127
1131
1136
1137
1138
1138
1140
1143
1144
1144
1145
1148
1149
1149
1149
1150
1150
1151
1151
1152
1152
1153
1153
1154
1154
1155
1157
1158
1159
1160
1160
1162
1163
1165
1165
1166
1168
1168
1168
1169
1173
1175
1178
1179
1179
1180
1182
1183
1183
1184
1184
1186
1186
1187
1188
1189
1196
1197
1199
1201
1201
1201
1203
1203
1205
1205
1205
1205
1206
1206
1207
1207
1207
1207
1210
1210
1213
1213
1214
1214
1216
1216
1216
1216
1217
1218
1219
1220
1222
1223
1224
1225
1226
1226
1226
1227
1227
1227
1229
1229
1231
1231
1232
1232
1233
1233
1233
1234
1236
1237
1238
1245
1245
1246
1247
1250
1254
1255
1256
1257
1257
1260
1262
1262
1263
1263
1265
1266
1266
1267
1267
1268
1268
1270
1270
1271
1271
1273
1274
1275
1277
1278
1278
1278
1279
1280
1280
1280
1281
1283
1283
1283
1284
1286
1286
1286
1287
1288
1288
1288
1288
1289
1289
1289
1290
1293
1293
1294
1294
1296
1297
1298
1298
1301
1301
1302
1302
1306
1307
1309
1311
1311
1311
1312
1313
1314
1315
1315
1316
1316
1317
1317
1317
1318
1320
1321
1325
1326
1326
1327
1330
1330
1331
1332
1333
1333
1335
1336
1336
1336
1338
1339
1341
1341
1342
1342
1343
1344
1344
1345
1346
1350
1351
1351
1352
1355
1355
1356
1357
1357
1359
1359
1365
1366
1367
1367
1367
1370
1372
1372
1373
1376
1379
1380
1381
1383
1383
1384
1384
1385
1387
1387
1387
1387
1389
1390
1392
1393
1396
1396
1396
1399
1400
1402
1403
1404
1404
1405
1406
1407
1408
1408
1410
1411
1412
1412
1413
1413
1414
1414
1415
1416
1417
1418
1419
1419
1420
1421
1423
1423
1424
1427
1427
1427
1429
1430
1431
1432
1432
1432
1432
1436
1436
1437
1439
1440
1441
1441
1441
1443
1445
1446
1447
1447
1447
1448
1449
1449
1449
1449
1450
1450
1450
1451
1451
1452
1453
1454
1454
1456
1457
1457
1458
1458
1459
1459
1459
1461
1463
1464
1464
1465
1468
1470
1471
1472
1474
1474
1475
1476
1476
1477
1479
1480
1481
1482
1483
1484
1485
1486
1488
1489
1489
1489
1490
1490
1490
1491
1491
1493
1493
1496
1497
1497
1497
1499
1500
1501
1502
1505
1507
1509
1509
1511
1511
1512
1512
1515
1515
1516
1517
1517
1519
1520
1520
1522
1522
1523
1523
1524
1525
1525
1526
1527
1529
1531
1532
1533
1534
1535
1535
1535
1536
1537
1537
1537
1539
1540
1541
1542
1543
1544
1544
1545
1546
1547
1548
1550
1551
1555
1555
1557
1557
1557
1558
1558
1564
1564
1564
1564
1565
1566
1567
1569
1569
1569
1570
1570
1571
1571
1573
1574
1575
1576
1576
1577
1578
1579
1580
1580
1580
1585
1587
1588
1589
1590
1591
1591
1596
1596
1598
1599
1601
1604
1605
1605
1606
1609
1610
1612
1612
1613
1613
1613
1614
1615
1616
1616
1617
1618
1618
1619
1619
1623
1624
1625
1626
1626
1628
1629
1631
1631
1632
1632
1633
1634
1635
1637
1638
1640
1640
1641
1642
1643
1644
1646
1649
1649
1649
1650
1650
1652
1653
1654
1655
1655
1656
1659
1660
1662
1662
1662
1663
1665
1665
1667
1670
1672
1673
1674
1674
1674
1676
1676
1677
1679
1679
1681
1682
1683
1687
1688
1689
1693
1693
1696
1697
1699
1700
1701
1701
1702
1704
1704
1705
1705
1706
1707
1710
1711
1711
1712
1712
1714
1715
1718
1719
1719
1720
1721
1721
1721
1725
1727
1728
1729
1729
1732
1733
1733
1734
1735
1736
1736
1737
1737
1737
1737
1738
1739
1739
1741
1741
1742
1742
1743
1743
1746
1746
1746
1746
1747
1748
1750
1750
1750
1751
1752
1753
1754
1756
1756
1757
1757
1759
1759
1760
1760
1762
1763
1763
1763
1763
1764
1766
1766
1766
1766
1767
1767
1768
1768
1769
1769
1770
1770
1774
1774
1775
1776
1777
1778
1781
1782
1783
1785
1786
1786
1786
1787
1787
1788
1788
1789
1789
1790
1790
1790
1790
1793
1795
1798
1798
1799
1801
1802
1803
1805
1805
1806
1806
1807
1807
1810
1810
1812
1813
1813
1813
1814
1815
1815
1816
1817
1817
1818
1821
1821
1821
1822
1822
1824
1824
1826
1828
1828
1828
1829
1830
1830
1831
1833
1835
1835
1835
1836
1836
1837
1838
1840
1840
1841
1841
1841
1842
1844
1845
1846
1846
1847
1847
1848
1848
1849
1850
1852
1852
1853
1853
1857
1860
1865
1865
1867
1869
1872
1873
1874
1876
1878
1879
1880
1880
1886
1886
1886
1887
1888
1889
1893
1894
1894
1894
1897
1897
1897
1898
1900
1901
1903
1904
1905
1905
1907
1907
1908
1913
1913
1914
1916
1919
1920
1922
1924
1926
1926
1927
1927
1928
1929
1929
1930
1930
1931
1933
1934
1934
1935
1935
1935
1936
1940
1940
1941
1943
1944
1947
1948
1948
1949
1952
1952
1952
1953
1953
1953
1954
1956
1956
1956
1962
1962
1963
1963
1964
1964
1964
1965
1969
1970
1970
1972
1972
1976
1980
1981
1983
1983
1984
1984
1985
1986
1986
1986
1989
1989
1992
1992
1994
1994
1994
1996
1996
1997
1998
2000
2001
2002
2002
2004
2005
2005
2005
2009
2009
2009
2010
2012
2015
2017
2019
2019
2022
2022
2022
2023
2023
2023
2024
2024
2025
2026
2028
2029
2030
2031
2031
2031
2032
2034
2034
2034
2036
2038
2039
2039
2040
2041
2041
2042
2042
2044
2044
2045
2047
2047
2049
2051
2054
2055
2056
2056
2057
2057
2058
2059
2060
2060
2062
2062
2063
2064
2066
2067
2070
2071
2071
2072
2072
2073
2076
2076
2076
2076
2077
2078
2079
2080
2081
2083
2083
2084
2084
2085
2086
2086
2086
2087
2087
2088
2089
2090
2092
2092
2093
2094
2094
2095
2095
2096
2098
2098
2099
2101
2101
2102
2103
2104
2105
2106
2107
2109
2111
2112
2114
2114
2114
2118
2119
2119
2119
2121
2122
2123
2124
2124
2126
2127
2128
2130
2130
2132
2132
2132
2132
2132
2133
2133
2134
2134
2135
2136
2136
2137
2138
2138
2139
2139
2139
2140
2141
2142
2142
2144
2145
2146
2147
2148
2149
2149
2149
2151
2152
2155
2156
2158
2158
2159
2159
2163
2164
2164
2165
2165
2165
2165
2166
2166
2166
2168
2169
2172
2173
2175
2177
2178
2178
2179
2179
2181
2181
2182
2183
2184
2185
2186
2187
2188
2190
2190
2193
2194
2195
2195
2195
2196
2197
2198
2198
2200
2200
2201
2201
2205
2206
2206
2208
2208
2208
2210
2211
2212
2213
2214
2214
2215
2215
2216
2217
2217
2219
2219
2219
2220
2221
2222
2223
2223
2223
2225
2225
2226
2227
2227
2229
2230
2231
2231
2232
2234
2234
2235
2236
2237
2240
2240
2241
2243
2244
2245
2246
2247
2248
2249
2250
2251
2252
2253
2253
2255
2255
2256
2257
2258
2259
2260
2260
2261
2262
2264
2266
2267
2268
2268
2268
2269
2270
2270
2270
2270
2273
2274
2275
2277
2277
2277
2280
2283
2284
2287
2287
2287
2288
2290
2290
2290
2293
2294
2294
2294
2298
2298
2301
2301
2302
2302
2303
2304
2305
2306
2307
2307
2308
2311
2316
2316
2316
2316
2317
2318
2323
2324
2326
2329
2329
2329
2329
2329
2331
2332
2332
2334
2334
2334
2336
2338
2339
2339
2339
2340
2340
2342
2342
2342
2342
2343
2344
2344
2345
2346
2346
2346
2347
2347
2347
2348
2349
2349
2350
2350
2352
2353
2354
2357
2358
2358
2358
2359
2359
2360
2360
2361
2362
2362
2364
2364
2365
2366
2366
2367
2368
2369
2371
2375
2376
2376
2378
2379
2381
2383
2384
2385
2385
2385
2387
2389
2391
2394
2395
2395
2397
2399
2400
2401
2401
2402
2402
2402
2404
2406
2407
2408
2408
2410
2410
2410
2410
2412
2412
2412
2413
2413
2417
2418
2418
2419
2422
2423
2425
2425
2429
2432
2432
2433
2434
2435
2437
2438
2440
2441
2441
2443
2445
2447
2448
2450
2451
2451
2451
2453
2454
2455
2458
2464
2465
2466
2466
2467
2468
2469
2472
2472
2473
2473
2473
2474
2477
2478
2478
2480
2480
2480
2480
2481
2482
2483
2485
2487
2488
2488
2489
2489
2490
2491
2491
2492
2492
2494
2495
2495
2496
2496
2498
2500
2500
2501
2503
2503
2503
2504
2505
2507
2507
2508
2508
2509
2512
2513
2513
2514
2517
2519
2520
2520
2520
2521
2522
2523
2524
2524
2525
2528
2530
2530
2532
2532
2534
2534
2535
2535
2536
2539
2539
2540
2543
2545
2545
2546
2547
2547
2547
2547
2549
2550
2550
2551
2552
2555
2558
2560
2560
2562
2564
2564
2564
2564
2566
2568
2571
2571
2573
2574
2574
2574
2574
2576
2577
2577
2578
2578
2579
2580
2580
2580
2581
2582
2582
2582
2583
2583
2584
2586
2586
2588
2589
2590
2591
2595
2595
2596
2596
2597
2597
2598
2598
2600
2603
2603
2603
2603
2603
2604
2604
2608
2608
2609
2610
2610
2610
2611
2611
2611
2612
2613
2614
2615
2615
2616
2617
2618
2618
2619
2619
2620
2620
2620
2621
2622
2622
2622
2623
2625
2631
2632
2633
2634
2635
2636
2636
2636
2637
2638
2640
2640
2644
2645
2646
2647
2648
2648
2649
2650
2651
2651
2652
2653
2653
2654
2655
2656
2656
2658
2658
2659
2660
2661
2662
2663
2666
2667
2668
2669
2669
2669
2670
2670
2670
2670
2671
2672
2672
2673
2674
2674
2678
2678
2679
2680
2680
2681
2683
2684
2688
2688
2689
2690
2693
2694
2697
2697
2697
2697
2698
2698
2699
2700
2700
2701
2701
2702
2703
2703
2704
2705
2705
2705
2706
2709
2712
2713
2713
2715
2715
2716
2716
2718
2718
2718
2718
2719
2720
2721
2723
2723
2723
2724
2725
2725
2726
2728
2729
2731
2733
2734
2736
2736
2737
2738
2739
2740
2741
2743
2744
2744
2746
2746
2746
2747
2749
2750
2750
2750
2750
2751
2752
2752
2753
2754
2759
2759
2760
2762
2762
2762
2762
2762
2763
2765
2766
2767
2769
2769
2770
2770
2772
2773
2773
2773
2774
2776
2778
2778
2779
2783
2783
2784
2784
2785
2788
2789
2790
2790
2790
2792
2793
2793
2793
2794
2794
2795
2795
2796
2797
2797
2798
2798
2799
2799
2800
2801
2803
2803
2803
2804
2805
2806
2807
2807
2809
2811
2815
2816
2817
2818
2818
2818
2819
2824
2824
2827
2830
2830
2830
2833
2835
2836
2836
2839
2839
2840
2840
2841
2842
2843
2845
2846
2847
2847
2848
2849
2849
2850
2850
2854
2855
2856
2857
2857
2858
2859
2859
2859
2862
2864
2865
2865
2866
2866
2867
2868
2868
2869
2871
2871
2872
2877
2878
2879
2880
2881
2881
2881
2882
2882
2882
2883
2883
2884
2886
2886
2887
2888
2890
2890
2890
2891
2891
2892
2892
2892
2892
2893
2893
2896
2896
2897
2898
2899
2900
2901
2904
2904
2904
2906
2908
2910
2910
2913
2915
2916
2917
2918
2918
2919
2920
2920
2921
2923
2923
2926
2928
2932
2933
2933
2933
2933
2933
2934
2934
2935
2936
2936
2936
2936
2938
2939
2940
2940
2941
2941
2941
2942
2943
2943
2944
2945
2946
2947
2948
2950
2950
2953
2955
2956
2957
2957
2962
2962
2963
2963
2963
2967
2969
2970
2971
2971
2971
2972
2972
2973
2974
2976
2979
2979
2980
2981
2981
2984
2984
2985
2985
2986
2986
2986
2988
2988
2989
2990
2992
2992
2994
2994
2995
2995
2995
2995
2995
2999
3000
3000
3000
3000
3000
3002
3002
3003
3004
3004
3005
3006
3007
3007
3009
3009
3010
3011
3012
3012
3013
3014
3014
3014
3015
3015
3016
3016
3018
3019
3020
3021
3021
3021
3022
3025
3026
3028
3031
3031
3031
3032
3032
3033
3035
3041
3042
3045
3047
3047
3048
3048
3049
3049
3050
3051
3051
3052
3052
3054
3055
3056
3057
3058
3062
3062
3064
3064
3064
3064
3064
3065
3068
3068
3068
3068
3068
3069
3069
3069
3071
3072
3073
3075
3075
3077
3078
3078
3080
3080
3081
3082
3082
3086
3087
3088
3089
3089
3089
3090
3093
3095
3096
3096
3096
3097
3099
3101
3102
3103
3103
3104
3106
3106
3107
3107
3110
3110
3112
3112
3115
3116
3117
3118
3118
3118
3121
3121
3121
3121
3123
3127
3128
3129
3129
3130
3132
3132
3135
3136
3137
3137
3137
3139
3139
3140
3140
3142
3145
3145
3145
3147
3147
3148
3148
3150
3152
3152
3154
3155
3155
3159
3160
3160
3161
3161
3161
3162
3162
3164
3166
3167
3167
3169
3170
3170
3171
3171
3172
3173
3175
3175
3176
3177
3179
3180
3182
3183
3185
3185
3186
3186
3187
3187
3188
3189
3191
3192
3193
3194
3194
3200
3200
3200
3200
3201
3202
3202
3203
3204
3205
3205
3206
3208
3209
3209
3209
3212
3214
3214
3214
3215
3215
3215
3216
3217
3217
3217
3218
3219
3220
3220
3220
3221
3221
3222
3222
3225
3226
3226
3228
3230
3230
3230
3231
3231
3232
3234
3235
3236
3237
3238
3239
3240
3240
3241
3242
3242
3242
3242
3242
3245
3247
3248
3248
3248
3248
3249
3250
3250
3250
3251
3254
3255
3255
3256
3257
3257
3258
3258
3259
3260
3262
3263
3264
3264
3265
3265
3265
3266
3267
3268
3268
3268
3273
3273
3274
3275
3276
3276
3279
3281
3282
3282
3283
3283
3283
3284
3285
3286
3286
3286
3287
3287
3288
3288
3290
3290
3292
3293
3294
3296
3300
3301
3301
3306
3306
3306
3308
3308
3309
3310
3311
3313
3313
3314
3314
3314
3314
3315
3316
3316
3317
3318
3318
3319
3320
3321
3321
3322
3322
3323
3325
3325
3331
3332
3333
3337
3339
3339
3340
3342
3348
3349
3350
3350
3350
3351
3355
3355
3356
3357
3358
3361
3361
3363
3365
3367
3367
3367
3368
3372
3373
3377
3377
3378
3379
3381
3381
3385
3387
3387
3388
3389
3389
3391
3391
3392
3393
3394
3394
3395
3396
3396
3397
3397
3398
3399
3399
3401
3403
3404
3407
3407
3408
3408
3410
3411
3413
3414
3415
3416
3416
3418
3418
3422
3422
3425
3425
3427
3430
3431
3432
3433
3433
3436
3436
3437
3437
3439
3440
3440
3441
3444
3444
3444
3445
3445
3446
3446
3446
3448
3450
3451
3452
3452
3453
3457
3457
3458
3458
3462
3465
3468
3469
3469
3470
3470
3470
3470
3470
3470
3471
3472
3473
3473
3473
3473
3474
3475
3475
3476
3478
3478
3478
3480
3480
3481
3482
3484
3484
3485
3485
3485
3486
3487
3488
3490
3490
3491
3492
3492
3496
3498
3498
3500
3500
3500
3500
3501
3501
3502
3502
3503
3505
3505
3505
3506
3506
3508
3508
3510
3511
3511
3512
3513
3513
3515
3516
3516
3516
3517
3518
3518
3519
3519
3520
3520
3521
3522
3523
3523
3523
3524
3524
3524
3525
3525
3525
3527
3528
3530
3530
3530
3531
3531
3533
3534
3539
3539
3539
3540
3544
3545
3548
3548
3548
3551
3552
3553
3555
3555
3555
3555
3556
3557
3557
3557
3558
3560
3561
3564
3565
3565
3566
3568
3568
3568
3571
3572
3572
3574
3574
3575
3576
3576
3577
3578
3581
3582
3582
3584
3584
3585
3587
3588
3591
3593
3593
3594
3595
3595
3596
3598
3599
3600
3604
3605
3605
3605
3606
3606
3607
3607
3608
3611
3611
3612
3615
3615
3615
3616
3616
3617
3617
3618
3618
3619
3622
3624
3625
3627
3629
3629
3629
3629
3630
3632
3633
3634
3634
3635
3636
3637
3638
3639
3639
3640
3642
3643
3644
3645
3646
3647
3647
3647
3650
3650
3652
3652
3654
3654
3655
3656
3656
3657
3659
3659
3660
3661
3662
3662
3662
3665
3666
3667
3667
3670
3670
3671
3672
3673
3675
3676
3676
3677
3678
3678
3679
3679
3680
3680
3681
3685
3686
3688
3688
3689
3690
3690
3691
3692
3693
3693
3693
3693
3694
3695
3695
3695
3695
3697
3698
3698
3700
3700
3700
3701
3701
3701
3703
3704
3705
3708
3708
3710
3711
3714
3714
3716
3717
3718
3718
3718
3719
3721
3723
3727
3729
3730
3731
3731
3731
3732
3732
3734
3735
3735
3735
3738
3739
3741
3741
3741
3741
3743
3743
3744
3744
3744
3745
3745
3747
3748
3751
3752
3752
3754
3754
3757
3757
3757
3758
3760
3761
3761
3763
3764
3764
3765
3765
3766
3768
3769
3772
3773
3773
3774
3775
3775
3776
3776
3777
3777
3779
3780
3781
3781
3781
3782
3782
3783
3784
3785
3785
3786
3786
3787
3789
3792
3794
3794
3795
3795
3797
3799
3799
3799
3800
3802
3802
3804
3805
3809
3809
3810
3810
3814
3814
3816
3818
3818
3822
3822
3822
3822
3822
3823
3825
3827
3829
3835
3836
3836
3837
3837
3837
3838
3838
3839
3839
3840
3842
3842
3844
3844
3845
3846
3847
3849
3849
3850
3851
3854
3854
3856
3857
3858
3858
3859
3859
3860
3860
3861
3863
3866
3867
3868
3869
3871
3872
3873
3877
3877
3877
3881
3881
3881
3882
3882
3884
3884
3885
3886
3886
3886
3886
3886
3887
3887
3887
3888
3888
3891
3893
3895
3896
3898
3900
3900
3900
3900
3901
3901
3901
3902
3903
3906
3906
3908
3911
3912
3914
3915
3917
3918
3918
3918
3919
3920
3921
3921
3922
3923
3923
3925
3925
3928
3929
3932
3932
3933
3933
3934
3934
3934
3935
3936
3936
3937
3937
3938
3938
3944
3944
3944
3945
3946
3946
3947
3949
3951
3951
3952
3953
3954
3956
3956
3957
3957
3957
3958
3960
3961
3961
3966
3967
3967
3968
3969
3970
3970
3974
3977
3980
3985
3985
3987
3989
3989
3990
3991
3991
3994
3995
3997
3997
3998
4000
4002
4003
4003
4005
4005
4007
4007
4010
4011
4011
4012
4014
4018
4020
4020
4021
4021
4023
4023
4023
4026
4026
4026
4026
4027
4027
4027
4028
4030
4031
4034
4035
4035
4037
4039
4039
4039
4040
4043
4044
4046
4050
4050
4050
4051
4052
4052
4054
4055
4056
4059
4059
4059
4059
4060
4060
4062
4062
4062
4062
4063
4065
4065
4066
4070
4070
4070
4071
4071
4071
4071
4072
4072
4074
4076
4076
4076
4077
4081
4081
4081
4082
4083
4084
4084
4084
4084
4085
4085
4086
4088
4090
4091
4093
4093
4093
4094
4096
4096
4097
4098
4098
4101
4101
4103
4103
4103
4103
4103
4104
4106
4106
4108
4108
4109
4109
4111
4112
4112
4113
4114
4116
4117
4117
4119
4120
4121
4123
4124
4126
4126
4128
4128
4130
4131
4132
4133
4134
4135
4136
4137
4138
4139
4141
4142
4143
4143
4144
4145
4145
4149
4149
4149
4149
4150
4153
4153
4154
4155
4156
4156
4157
4159
4159
4160
4160
4161
4161
4161
4164
4164
4164
4165
4167
4168
4168
4168
4168
4169
4169
4170
4172
4176
4178
4181
4181
4183
4184
4186
4186
4186
4188
4189
4189
4190
4191
4191
4192
4192
4193
4194
4194
4198
4199
4201
4203
4203
4203
4205
4206
4208
4210
4211
4211
4212
4212
4213
4213
4214
4214
4220
4220
4220
4220
4221
4223
4223
4223
4223
4224
4225
4225
4226
4226
4226
4227
4227
4228
4228
4228
4228
4229
4230
4231
4231
4234
4234
4237
4238
4240
4241
4242
4243
4244
4245
4245
4248
4248
4250
4253
4254
4254
4255
4255
4255
4255
4256
4256
4258
4261
4265
4266
4266
4266
4268
4268
4269
4269
4270
4271
4272
4272
4272
4273
4273
4274
4275
4275
4276
4278
4279
4280
4281
4283
4283
4283
4283
4283
4285
4286
4287
4288
4288
4291
4295
4295
4296
4297
4300
4302
4304
4305
4305
4305
4305
4307
4308
4309
4309
4310
4310
4312
4313
4313
4313
4314
4315
4317
4317
4318
4318
4321
4323
4323
4324
4326
4327
4327
4328
4329
4329
4330
4330
4331
4332
4333
4333
4334
4334
4335
4337
4337
4339
4340
4342
4342
4343
4343
4344
4345
4345
4346
4346
4346
4347
4348
4349
4349
4351
4352
4354
4355
4355
4356
4356
4357
4358
4359
4362
4364
4364
4364
4365
4365
4367
4367
4367
4368
4369
4370
4370
4371
4371
4371
4372
4374
4374
4376
4377
4377
4378
4379
4379
4380
4380
4381
4381
4382
4383
4386
4389
4390
4390
4391
4392
4393
4394
4395
4395
4395
4397
4397
4398
4399
4399
4400
4402
4403
4403
4404
4404
4405
4405
4407
4407
4407
4408
4409
4412
4414
4415
4415
4415
4415
4417
4417
4418
4421
4422
4426
4426
4427
4429
4430
4431
4433
4433
4433
4434
4434
4434
4435
4436
4439
4440
4441
4442
4443
4443
4444
4446
4448
4448
4449
4449
4449
4450
4451
4451
4452
4454
4460
4461
4462
4464
4465
4466
4467
4467
4467
4467
4467
4468
4468
4468
4469
4469
4470
4470
4471
4471
4472
4472
4474
4476
4478
4479
4479
4480
4481
4484
4484
4486
4486
4487
4488
4489
4491
4491
4492
4493
4495
4496
4497
4498
4498
4499
4500
4500
4500
4500
4502
4503
4503
4504
4504
4505
4505
4505
4508
4509
4509
4510
4512
4513
4515
4515
4515
4515
4515
4516
4516
4520
4520
4520
4522
4524
4524
4524
4525
4525
4526
4526
4528
4530
4531
4532
4532
4533
4533
4535
4539
4542
4542
4542
4543
4543
4543
4545
4546
4547
4548
4549
4549
4550
4550
4551
4552
4554
4554
4555
4555
4555
4559
4559
4559
4564
4564
4565
4566
4566
4567
4568
4568
4569
4571
4572
4572
4573
4576
4578
4579
4581
4581
4581
4581
4581
4584
4585
4586
4587
4588
4589
4591
4592
4594
4594
4595
4597
4598
4600
4602
4603
4603
4604
4609
4609
4609
4609
4610
4613
4613
4613
4613
4613
4613
4615
4620
4620
4621
4623
4624
4626
4627
4627
4627
4628
4629
4631
4632
4632
4633
4634
4637
4638
4639
4639
4639
4642
4644
4644
4644
4649
4650
4650
4651
4651
4653
4654
4656
4656
4657
4660
4664
4665
4669
4671
4671
4673
4674
4675
4675
4676
4677
4677
4678
4678
4679
4680
4680
4681
4682
4684
4685
4685
4685
4686
4687
4687
4688
4689
4690
4692
4693
4695
4695
4696
4696
4697
4699
4699
4699
4701
4702
4704
4705
4706
4706
4707
4708
4708
4710
4710
4711
4711
4711
4712
4712
4714
4715
4720
4721
4722
4723
4723
4724
4725
4726
4728
4728
4729
4731
4732
4732
4734
4736
4736
4737
4737
4737
4738
4739
4739
4740
4741
4741
4742
4743
4743
4744
4745
4747
4748
4748
4750
4751
4755
4755
4756
4757
4757
4757
4758
4758
4759
4759
4760
4763
4765
4765
4765
4770
4770
4772
4772
4773
4774
4774
4777
4777
4779
4780
4781
4782
4782
4782
4783
4783
4783
4787
4789
4792
4792
4794
4795
4797
4797
4797
4800
4800
4800
4801
4801
4801
4802
4802
4802
4803
4804
4804
4805
4806
4808
4809
4810
4811
4811
4811
4811
4812
4812
4813
4814
4815
4816
4817
4818
4820
4822
4826
4826
4828
4831
4832
4834
4834
4835
4836
4836
4837
4837
4837
4837
4839
4840
4842
4847
4849
4852
4852
4854
4854
4854
4855
4855
4856
4856
4857
4859
4861
4862
4862
4865
4867
4867
4867
4867
4868
4869
4870
4871
4871
4872
4873
4873
4873
4876
4877
4877
4877
4878
4878
4883
4884
4884
4886
4886
4886
4886
4886
4888
4890
4890
4891
4893
4893
4893
4895
4898
4900
4901
4901
4901
4902
4903
4903
4903
4903
4905
4905
4907
4908
4908
4908
4911
4912
4914
4915
4915
4915
4916
4916
4917
4918
4920
4920
4921
4921
4921
4922
4922
4922
4923
4925
4926
4926
4926
4928
4928
4929
4929
4929
4930
4930
4932
4934
4934
4935
4935
4936
4937
4937
4939
4940
4941
4941
4941
4941
4942
4942
4944
4944
4946
4951
4952
4955
4959
4960
4962
4963
4963
4963
4965
4966
4968
4968
4968
4969
4969
4972
4973
4974
4977
4978
4978
4978
4979
4980
4982
4983
4983
4984
4985
4985
4985
4987
4988
4988
4988
4989
4990
4991
4991
4994
4995
4997
4999
5000

723
3807
10016
10092
14916
24493
26874
28938
51693
53285
64721
67988
71434
83061
87218
93376
93425
107140
108711
109190
114268
120531
120556
125912
126180
130348
142932
144712
159806
166177
168673
179632
183058
184255
196124
197115
199521
205950
209344
220353
227795
230243
231002
232988
235320
236927
239893
249827
261549
278589
281371
284739
285457
287297
302746
304620
305783
312026
316939
319940
337648
339185
349075
350597
351854
367894
368133
369055
372258
386396
387124
388103
398101
400846
400858
401769
408321
413364
415269
417286
417848
420808
426235
426486
429173
432613
433300
434261
436026
448231
459144
460121
460738
469695
471331
495527
498609
500634
500763
504496
510227
512530
523445
526520
529796
530362
533817
537281
548037
548494
553801
554135
555651
578338
598893
604669
607073
613843
615455
623028
626865
627352
628555
631506
639271
649785
651190
655696
656212
656427
659080
665553
672176
677426
683437
684238
690807
695652
701233
705522
706182
707514
709246
709412
718052
718438
728567
729888
741899
749081
751418
753905
771194
772040
774707
778827
781476
805056
813101
822169
824411
828409
837794
839625
840619
847974
850261
856490
863188
872333
876360
881349
886522
888037
899711
906217
923130
925779
940879
943545
956534
963687
968924
976308
985271
986590
992588
998502
1003886
1009480
1009629
1026078
1026327
1034399
1045640
1046403
1048201
1051610
1052354
1053099
1059776
1060386
1061381
1071425
1075346
1077970
1082550
1093739
1096827
1101855
1114545
1126658
1127001
1128004
1142723
1143568
1153937
1164867
1172292
1172910
1187567
1194620
1197477
1212814
1215077
1217251
1226242
1231968
1237257
1243888
1255461
1257154
1263699
1264982
1268774
1271300
1271437
1273596
1274558
1274889
1284449
1292921
1292953
1293328
1303428
1306956
1329802
1334437
1341041
1352798
1354896
1357173
1357930
1361566
1367846
1371417
1380526
1385910
1388121
1403147
1411213
1412812
1417076
1418865
1433087
1434140
1436809
1439748
1444080
1450961
1451409
1461236
1463385
1464548
1467778
1469298
1486615
1491298
1500390
1504403
1506121
1523615
1525935
1526679
1527135
1528052
1532777
1533744
1533748
1538382
1550996
1559317
1561908
1562620
1571740
1584027
1584349
1585882
1586042
1590093
1595468
1598707
1600977
1617078
1617490
1619764
1626661
1626826
1640332
1648991
1649301
1650096
1652817
1661346
1669057
1684404
1684713
1692332
1692605
1702193
1703665
1708851
1711795
1712082
1715612
1715651
1716701
1718620
1724390
1743644
1748034
1753140
1758538
1764775
1775354
1781088
1786502
1793051
1793082
1793411
1807451
1811448
1817346
1818181
1818589
1822331
1826167
1826812
1831111
1833433
1834603
1843470
1845111
1847160
1850556
1857776
1865935
1871497
1872461
1880060
1880170
1880550
1892893
1902568
1904871
1905133
1906584
1912973
1913448
1913609
1917995
1918905
1919177
1919178
1921927
1922655
1931043
1934511
1948961
1949451
1955155
1955157
1955611
1956359
1958572
1973002
1983362
1988846
1992811
1995189
1995448
2006788
2017455
2023892
2026556
2026791
2038696
2041362
2044128
2048100
2052317
2053975
2058661
2059795
2069207
2072817
2074843
2080545
2080704
2096623
2099890
2109757
2112204
2113145
2118283
2120443
2123155
2123880
2124720
2126251
2127114
2128258
2138412
2150477
2154920
2162563
2168749
2168923
2174533
2174739
2178079
2179785
2184538
2185518
2187673
2190220
2191926
2197536
2199603
2201013
2201780
2204087
2204792
2209711
2212963
2229008
2229958
2234291
2236687
2237743
2246473
2250463
2254600
2259474
2266506
2267958
2273863
2278276
2279434
2281784
2290196
2304409
2305394
2320590
2323089
2328168
2330716
2336010
2336867
2340102
2342652
2344428
2351654
2367521
2369956
2376521
2382029
2382630
2389950
2391761
2392274
2395165
2397532
2401428
2420201
2423869
2424025
2429279
2436897
2439107
2464259
2467418
2468353
2480677
2486255
2486478
2492081
2493511
2498617
2500790
2507089
2509263
2513494
2528471
2531842
2546145
2549120
2552575
2559333
2560064
2563163
2564515
2567397
2575509
2575851
2582527
2592530
2593607
2598604
2599259
2601850
2605511
2612900
2614269
2619632
2638021
2639373
2646674
2656095
2660612
2675030
2684163
2685204
2691279
2719037
2720948
2724046
2725003
2726563
2727513
2734526
2734816
2737784
2744274
2750240
2751113
2769591
2769630
2769924
2788106
2791236
2793733
2799185
2805673
2812767
2815491
2819979
2828041
2833808
2836122
2837409
2837484
2840294
2842950
2842984
2843381
2852703
2853409
2858573
2866578
2871261
2879676
2880128
2891275
2904490
2904653
2911580
2913985
2915522
2919952
2921002
2932756
2933752
2936104
2944679
2946454
2954258
2954661
2969545
2985697
2989698
2999258
3018928
3020660
3022734
3027038
3027477
3029980
3033195
3036868
3044288
3055328
3079342
3080978
3095024
3099451
3100630
3110304
3116786
3119128
3126984
3137010
3137716
3144609
3145422
3154770
3161552
3163472
3177721
3182912
3202244
3204011
3210483
3211169
3212905
3216279
3216843
3219093
3224749
3226352
3226975
3235870
3236835
3240921
3241679
3249003
3261330
3269750
3277412
3277866
3279700
3281256
3288608
3290512
3293807
3297986
3309029
3313697
3317965
3318678
3319066
3320349
3325104
3332097
3333440
3343018
3343512
3347989
3352328
3370941
3375155
3378930
3382923
3384041
3388469
3396771
3402968
3403337
3408016
3422080
3422505
3426322
3429148
3430428
3431554
3439813
3441597
3442142
3454477
3458664
3459284
3460147
3460280
3467086
3469088
3469294
3469356
3470988
3480388
3483339
3485721
3487811
3492826
3496190
3498575
3498656
3504558
3505433
3507383
3508531
3522516
3525491
3526253
3526451
3528395
3530648
3541219
3544864
3551329
3558155
3573270
3574471
3582060
3587564
3589627
3589926
3597733
3606478
3607255
3609450
3614039
3616979
3620929
3635890
3639008
3649440
3652570
3658845
3664682
3667618
3668590
3670482
3684006
3684008
3700458
3705370
3711717
3711786
3740110
3756529
3758448
3759707
3769715
3788303
3791064
3791565
3791663
3792037
3807438
3810677
3816868
3831486
3831503
3837740
3838442
3845079
3846981
3856346
3861803
3886313
3887518
3891042
3892176
3893382
3901161
3917267
3919348
3937115
3938958
3941486
3941745
3949025
3958771
3965426
3966345
3969094
3969681
3976637
3985230
3987754
3989851
3994824
3997852
4000265
4010445
4011984
4013253
4014051
4020696
4026583
4029121
4031403
4039383
4039807
4052632
4058804
4058863
4060849
4063391
4063677
4070212
4087481
4089653
4091990
4110119
4111497
4113788
4117211
4118879
4119705
4124702
4129026
4133609
4134094
4138685
4147790
4159304
4161998
4166998
4169279
4183398
4185486
4190480
4200469
4205612
4213723
4215715
4216371
4221133
4242616
4248477
4251405
4259632
4260209
4261225
4267467
4269518
4269544
4274678
4286574
4287032
4290465
4306346
4316075
4330325
4332306
4336275
4353273
4360002
4362199
4365879
4366646
4367830
4375415
4389398
4401192
4402805
4422748
4427205
4434655
4441310
4444523
4448492
4458599
4470167
4479772
4485336
4487153
4491020
4492969
4501585
4503126
4511728
4512580
4512760
4516594
4529582
4532328
4533432
4534734
4534759
4537711
4547747
4548736
4553379
4557427
4569054
4569316
4579012
4588039
4593180
4604491
4606722
4609536
4612731
4620826
4626251
4628985
4641896
4643315
4647175
4651300
4656788
4658486
4659913
4661771
4671641
4672102
4685310
4686552
4697765
4700393
4702584
4703778
4704886
4708946
4715924
4722726
4726783
4729614
4737417
4739449
4744034
4762058
4762962
4765762
4770014
4770580
4771007
4772051
4773802
4779549
4798500
4805722
4806797
4807772
4813132
4814924
4815501
4821638
4824221
4826505
4827119
4833752
4836376
4843093
4848243
4864666
4868670
4872221
4872467
4873443
4876195
4876889
4879712
4893040
4894945
4929686
4931584
4937435
4939123
4954811
4956004
4958596
4969566
4973370
4974621
4978980
4979181
4985494
4992057
4994124
4996708
5000137
5001876
5006274
5008289
5011430
5015765
5017856
5024974
5027525
5029351
5042625
5048781
5058084
5070348
5071605
5079352
5081525
5082053
5092940
5093292
5096558
5106108
5118970
5120542
5121586
5121666
5125930
5126530
5139503
5148699
5149856
5149975
5150678
5151077
5153645
5154492
5156240
5164934
5170576
5173604
5184207
5186851
5190715
5194995
5202247
5210198
5227344
5239708
5243689
5243885
5251421
5258790
5260357
5262172
5262287
5270219
5274696
5277825
5278753
5298272
5298661
5300707
5302782
5303415
5317965
5324056
5325636
5332561
5333566
5349596
5357339
5360731
5383756
5383891
5401452
5406601
5412491
5414095
5421583
5430490
5441790
5445925
5446141
5461659
5465776
5466569
5472475
5472719
5485517
5486466
5502044
5523106
5525169
5529461
5535079
5546129
5555079
5555765
5563155
5569268
5569958
5570509
5572888
5602388
5612359
5621891
5625481
5629987
5639463
5641579
5643615
5646463
5647217
5649524
5651369
5665135
5669976
5680639
5681412
5690851
5695541
5709234
5710183
5713313
5717816
5726492
5727066
5730791
5735175
5735980
5739367
5741788
5743225
5743787
5749773
5750589
5753704
5755034
5758677
5763009
5766008
5773010
5777632
5778869
5782719
5805408
5806191
5808930
5810791
5819088
5819163
5847964
5854899
5860204
5861316
5865377
5871289
5872058
5879802
5885457
5886710
5888359
5892627
5908456
5908497
5913320
5916413
5916503
5927777
5930590
5931500
5931709
5933713
5934608
5939285
5947278
5950428
5952081
5957382
5964820
5969379
5970662
5976468
5977341
5980326
5986653
5996882
6004388
6005862
6009789
6011081
6019102
6026089
6028629
6036310
6037322
6044316
6047146
6049573
6052403
6054604
6060762
6064497
6070914
6077238
6077381
6082204
6090965
6091299
6093579
6097682
6100416
6104601
6106511
6117230
6119896
6122225
6131253
6131621
6137146
6141990
6142567
6151340
6153380
6178135
6181586
6192963
6198383
6210745
6217892
6219767
6223379
6226448
6229990
6233432
6236948
6249279
6251642
6258806
6260303
6260725
6269227
6272706
6274029
6276539
6276922
6289553
6295540
6298926
6299883
6306272
6306338
6311887
6320115
6327397
6332718
6347479
6352071
6353609
6359606
6360542
6363060
6372681
6373450
6376172
6380306
6382365
6389203
6396337
6396881
6397869
6400495
6407809
6411711
6423195
6429044
6453226
6456168
6457842
6460913
6464817
6475378
6480658
6490508
6490822
6495507
6497980
6528825
6539076
6544457
6550571
6557654
6561482
6561768
6573258
6578135
6584623
6601782
6608014
6609899
6619357
6620953
6634579
6635798
6636515
6637035
6637932
6644208
6652908
6679371
6681659
6699646
6702468
6705899
6709964
6713687
6719766
6724050
6746968
6748967
6755547
6755562
6757666
6760052
6768651
6772533
6773700
6777263
6778558
6784786
6785584
6789981
6795218
6798608
6810375
6818563
6822056
6822671
6824100
6826181
6835601
6839537
6842075
6868058
6869341
6884172
6887766
6890793
6890903
6895478
6897969
6901452
6903001
6906889
6907621
6909860
6910605
6914190
6915801
6918165
6918570
6924512
6926853
6931949
6937997
6939338
6944273
6948076
6956486
6965737
6967918
6980465
6989704
6993088
6995765
6997963
7028114
7030807
7037148
7042963
7046373
7049859
7052240
7062487
7073435
7079933
7084025
7090576
7090636
7113742
7115119
7119138
7124078
7129050
7129880
7136980
7141464
7141777
7143472
7148130
7158629
7160645
7170665
7174190
7174434
7181457
7181595
7182853
7186262
7191219
7192268
7195580
7210105
7213320
7219101
7219200
7230771
7234235
7242510
7247223
7255074
7275653
7283058
7304177
7307368
7307796
7308997
7333015
7337932
7339313
7340140
7348139
7348678
7354590
7354682
7355220
7363986
7367123
7367311
7377204
7388788
7394412
7397270
7404167
7406098
7406898
7410430
7422552
7424935
7426650
7430067
7439509
7440350
7443492
7449999
7459045
7463509
7469059
7472585
7479201
7485147
7486806
7490818
7491617
7497571
7498982
7507627
7511874
7512700
7518672
7525462
7530776
7532233
7542072
7547383
7553129
7558255
7558755
7560899
7565719
7572894
7573353
7573380
7574766
7580376
7588877
7601155
7601855
7610664
7618607
7621030
7627594
7637416
7643609
7647487
7680705
7680706
7682854
7685877
7686480
7687887
7688012
7688619
7692873
7695426
7696548
7699566
7707024
7709798
7736688
7742581
7744384
7752652
7755518
7755557
7766336
7771215
7772914
7793150
7800402
7802075
7804768
7815280
7822732
7831283
7847835
7850481
7853009
7854113
7855359
7859334
7883169
7887908
7888519
7891956
7892027
7892821
7902487
7910777
7910821
7917232
7917804
7923243
7924986
7955353
7959296
7962532
7976811
7977048
7977771
7979639
7982315
7984258
7989496
7991895
7992485
7995516
8004598
8006054
8014852
8027956
8035696
8042184
8047138
8049982
8050590
8054330
8055466
8057914
8068261
8071383
8071781
8074664
8092872
8093874
8099633
8102956
8105104
8110622
8132452
8132533
8133857
8133892
8135233
8152381
8152467
8155416
8157211
8163219
8165455
8169033
8170075
8172800
8174884
8178223
8188288
8188375
8195743
8200402
8202356
8205450
8210773
8223888
8224367
8227441
8233587
8234977
8241742
8243187
8249021
8255494
8256469
8260003
8260561
8261227
8261291
8266785
8270892
8276216
8281585
8281882
8294078
8309032
8318526
8319818
8322795
8322872
8325230
8328001
8329200
8332682
8338749
8340569
8347794
8349077
8351901
8353123
8365930
8369725
8376666
8386664
8389634
8391092
8394569
8395765
8396464
8397366
8403768
8403827
8407548
8415776
8416434
8418578
8429464
8434398
8440222
8447074
8453666
8460122
8460133
8472062
8473470
8475132
8485528
8486191
8493632
8493727
8496567
8497242
8497460
8500844
8506536
8516492
8520897
8524948
8531107
8533316
8540043
8546686
8551953
8555697
8558533
8561075
8562562
8565748
8567771
8588251
8589768
8597507
8601316
8603264
8604227
8620147
8627844
8628358
8640370
8642866
8648852
8650063
8651598
8651680
8658875
8659071
8685368
8688587
8694711
8696506
8708163
8717458
8726605
8736647
8741447
8747393
8754612
8755218
8763730
8767112
8770363
8779122
8783051
8798160
8803203
8813757
8817017
8823829
8834858
8845809
8858335
8869931
8873689
8874763
8895700
8902757
8903135
8903336
8903715
8905338
8926971
8929392
8939493
8942869
8944066
8956110
8957752
8957916
8963376
8982138
8989741
9010513
9019056
9020401
9023851
9027404
9036780
9036787
9040204
9044701
9048815
9051186
9068239
9076267
9083850
9088828
9095750
9097535
9099117
9104926
9112276
9113011
9123667
9126403
9135571
9139127
9140085
9140534
9143085
9145645
9146789
9147293
9157168
9157927
9158044
9162510
9167283
9170149
9170953
9179428
9181584
9185897
9191471
9193777
9200923
9206439
9214703
9215683
9231181
9249271
9264737
9271598
9286416
9286587
9288911
9294217
9295472
9295845
9297032
9302725
9304107
9310100
9315939
9322547
9328281
9334605
9345148
9357744
9360436
9363324
9370397
9378146
9381502
9394499
9395419
9399408
9404883
9417943
9422281
9426260
9432146
9434008
9441276
9448569
9450356
9450428
9457797
9459150
9461602
9466780
9473820
9478180
9479142
9480937
9484205
9495390
9496870
9497993
9498109
9501459
9505802
9506248
9507456
9508642
9508858
9524285
9532702
9536792
9537712
9542753
9551858
9553225
9558875
9570510
9572908
9575336
9581297
9581322
9584932
9588717
9589290
9593481
9599638
9600906
9604206
9605344
9618948
9619696
9624912
9628030
9632936
9633925
9636033
9659578
9659694
9662706
9664834
9664920
9673087
9673787
9677196
9684281
9684686
9693504
9695631
9696622
9704553
9704843
9706966
9713789
9713842
9717970
9725959
9726586
9739348
9745254
9749961
9751439
9756380
9758486
9761997
9764893
9765905
9767079
9768101
9769590
9775439
9778384
9790683
9808762
9816711
9820570
9822197
9830231
9833210
9836223
9838627
9850624
9858171
9861864
9877074
9881964
9886579
9886636
9891906
9893571
9898962
9899745
9912957
9915575
9916452
9919460
9921983
9922669
9925248
9931084
9933806
9936067
9944392
9947637
9955918
9957583
9959337
9963833
9969778
9979687
9986839
9996553
10001478
10002766
10005542
10024657
10026579
10031796
10032603
10034155
10034919
10041258
10041353
10042560
10043676
10048210
10049790
10054997
10055964
10056948
10064814
10072855
10087649
10093688
10102830
10105420
10110572
10119738
10121990
10126769
10127917
10131176
10144875
10158895
10174073
10178400
10181919
10183362
10184328
10186399
10187129
10197337
10209229
10209253
10211065
10218467
10218946
10222673
10226067
10235864
10242592
10247026
10250840
10263315
10269289
10269443
10289317
10290342
10292435
10301420
10301647
10308549
10319837
10330345
10332323
10335185
10337996
10339745
10339839
10343976
10351475
10352316
10352923
10364299
10365613
10365904
10371982
10375082
10380836
10381796
10382781
10383667
10384388
10394163
10394646
10399691
10419739
10434777
10435160
10438842
10439940
10442143
10449627
10461483
10475890
10476993
10477973
10478760
10484186
10493145
10493272
10493797
10494603
10509272
10509689
10515017
10519997
10524678
10529332
10529602
10533525
10535914
10544730
10547587
10550145
10555506
10557258
10560491
10588071
10590204
10595690
10605485
10605701
10613675
10614415
10623098
10626413
10629943
10635352
10637206
10638343
10646240
10647910
10659861
10669591
10671818
10673878
10675924
10675977
10683590
10684796
10686658
10689127
10689676
10692880
10693201
10695271
10704240
10705673
10715432
10717854
10723887
10725508
10725768
10742671
10747982
10753270
10754147
10754990
10756872
10759899
10760673
10767535
10782043
10785752
10788234
10792093
10800087
10805024
10805403
10807575
10810536
10812629
10814749
10815237
10816563
10818409
10820056
10820700
10828625
10834511
10854305
10854481
10856840
10857745
10864612
10870611
10873888
10877791
10882951
10897407
10897800
10904169
10905346
10906613
10911604
10934251
10936847
10939026
10940755
10944254
10949100
10949266
10951472
10953712
10956988
10958566
10959408
10972472
10977373
10981634
10984610
10992776
11007475
11008078
11014657
11016853
11017395
11020718
11023852
11030945
11032853
11034237
11051649
11053154
11056313
11056919
11064922
11065926
11067665
11070715
11073044
11081041
11083151
11083303
11090589
11091973
11114965
11124930
11126813
11133368
11137977
11149194
11151223
11153385
11161186
11170445
11183454
11184987
11186915
11187438
11189686
11195906
11196125
11197153
11198791
11203069
11203083
11205180
11210310
11218675
11224446
11226956
11227879
11233970
11241694
11251232
11253080
11255055
11258344
11262572
11263754
11268280
11275933
11278474
11279844
11284660
11293688
11299647
11305080
11305225
11308169
11309919
11319340
11323291
11325780
11330190
11331489
11340871
11343670
11344312
11349414
11351900
11353387
11364327
11377123
11383788
11388991
11414425
11416667
11422959
11426629
11433940
11435023
11437182
11438221
11444525
11448682
11450146
11455267
11456849
11470083
11500123
11501186
11511289
11522143
11523695
11545145
11550726
11562037
11573950
11581261
11581395
11581683
11587942
11597957
11599451
11608060
11608521
11618678
11624452
11625151
11625285
11631800
11633490
11634704
11635882
11651535
11654532
11654559
11662521
11663276
11664766
11665462
11665973
11666893
11670047
11671780
11672295
11684477
11685085
11688667
11693990
11697244
11711656
11712624
11715995
11718817
11720553
11722352
11724017
11726665
11740169
11742948
11749116
11749793
11753361
11773621
11777319
11777640
11782480
11787996
11801475
11802459
11804589
11805116
11806902
11811483
11822902
11826626
11830715
11833107
11840912
11845659
11846120
11852039
11853825
11857241
11857801
11857839
11861070
11861604
11866423
11872083
11880384
11882506
11887186
11900860
11901757
11904469
11908719
11911744
11918120
11922259
11922531
11932506
11934635
11936996
11941373
11942677
11952428
11955404
11959826
11960045
11964867
11969730
11973463
11973515
11976377
11979327
11990583
11992503
12003308
12006162
12019835
12020766
12026333
12026886
12029447
12036942
12041246
12044642
12050750
12052432
12057640
12063191
12068222
12085308
12097297
12105115
12115421
12122936
12124579
12129005
12140800
12143494
12144967
12146127
12147295
12153261
12160141
12166012
12166711
12172412
12179273
12181719
12189244
12194814
12196364
12196909
12208485
12212999
12214032
12243683
12266208
12266841
12267358
12272408
12280853
12289704
12292856
12294247
12295662
12303368
12310069
12310445
12313346
12326041
12337462
12338622
12340373
12344332
12345434
12349230
12360603
12366394
12366500
12368502
12370324
12377065
12377788
12390053
12393795
12410899
12411233
12411891
12426509
12428509
12430333
12432918
12437872
12438050
12441531
12448976
12468169
12469090
12484618
12509392
12509423
12516099
12519696
12522659
12527649
12528921
12538574
12544148
12548121
12553139
12562493
12562560
12567154
12574994
12577569
12579907
12579937
12580135
12582880
12584451
12594887
12595101
12597358
12602445
12602803
12608013
12609634
12612445
12623465
12631220
12631237
12647894
12676078
12680846
12691860
12696784
12711597
12713285
12719476
12721022
12721276
12721722
12732335
12741058
12751164
12754763
12768840
12771676
12772602
12775901
12778331
12791204
12791233
12796578
12798017
12798325
12799277
12799996
12802355
12807653
12817580
12829679
12831496
12831682
12835217
12837675
12849276
12857833
12867719
12875344
12885318
12898502
12903529
12914499
12915814
12917573
12924137
12929664
12935029
12936305
12941393
12945244
12950910
12954502
12956373
12956688
12956916
12957694
12961092
12963500
12976172
12977929
12980320
12986185
12988133
12994804
12996162
13008570
13016667
13017440
13018196
13022592
13028396
13028610
13031869
13043449
13043995
13050273
13054697
13055419
13057381
13060444
13061669
13063969
13065945
13069578
13073292
13073919
13077692
13078946
13079474
13083751
13087902
13094151
13100553
13108194
13113738
13126574
13132230
13133034
13133315
13138142
13140774
13144094
13144499
13149734
13152966
13153099
13161589
13165142
13166612
13166696
13168140
13168560
13170238
13173545
13181947
13193752
13194330
13205363
13209623
13214256
13227235
13228312
13228899
13231194
13243702
13244012
13252788
13252947
13254401
13257631
13257669
13258414
13266443
13267198
13271638
13273585
13280978
13282369
13289884
13293946
13300670
13300965
13303317
13303383
13306596
13312810
13316287
13317396
13326633
13328873
13330006
13339978
13346039
13346500
13346873
13350319
13351664
13356338
13361834
13374864
13375635
13376778
13378599
13379234
13386840
13388380
13393556
13400543
13408722
13415211
13415827
13420427
13422300
13429751
13436220
13440866
13441196
13446172
13450717
13451298
13462115
13469240
13483583
13485567
13490473
13490705
13503075
13511333
13511999
13525179
13525324
13525479
13527655
13533777
13545714
13546871
13551099
13552595
13554371
13572495
13576023
13596274
13600615
13610608
13615081
13615386
13616483
13620133
13620531
13635278
13636518
13645621
13648010
13651877
13653671
13654308
13656552
13661174
13663653
13666643
13666771
13672653
13672959
13680958
13688303
13689105
13694484
13697575
13699540
13703369
13708159
13709148
13717449
13720955
13728801
13738197
13752394
13753643
13758383
13763732
13774297
13778167
13778677
13779898
13781553
13782621
13817527
13820711
13830085
13830191
13832354
13834335
13835317
13843245
13846044
13856875
13865893
13879367
13879558
13885321
13887616
13888901
13889479
13894671
13901989
13902742
13902867
13923547
13934147
13935846
13936866
13942496
13942968
13944339
13959525
13960641
13962191
13964192
13978346
13980820
13985271
13985798
13986207
13995819
14003387
14007378
14012863
14019829
14021772
14023259
14033388
14042429
14046402
14047935
14057896
14058944
14060572
14063272
14063285
14065608
14069076
14072771
14083709
14085295
14097472
14101944
14112451
14114760
14115374
14118129
14120828
14123706
14128516
14130566
14135387
14138147
14140091
14148904
14153660
14155879
14158233
14166503
14167231
14172712
14175620
14181944
14186171
14193092
14199888
14200218
14201131
14207139
14215985
14232367
14236365
14238170
14244684
14247716
14250406
14250946
14261400
14273605
14282052
14285650
14294128
14296314
14296699
14315582
14323650
14327740
14336983
14344970
14349543
14352106
14359308
14359614
14363067
14365621
14377072
14380483
14387403
14388040
14392546
14403742
14408942
14413347
14423559
14426642
14430236
14430333
14434537
14437413
14441764
14443682
14455368
14458851
14472944
14474028
14477154
14479412
14503491
14503713
14509985
14519848
14539918
14552550
14553864
14567734
14569084
14569824
14577954
14578168
14586633
14587766
14589877
14590293
14592517
14600818
14601220
14605142
14613483
14613675
14618154
14618539
14618576
14622527
14624180
14629513
14632408
14637162
14641773
14642280
14646638
14648734
14649262
14649848
14653713
14655944
14671799
14690829
14700500
14700601
14705719
14710398
14711394
14714977
14722625
14727327
14729725
14731496
14741713
14748716
14749220
14752199
14754653
14759658
14761012
14761544
14774718
14780344
14781923
14785513
14786141
14787504
14799130
14808403
14813286
14815970
14818541
14820231
14825210
14826261
14840651
14841938
14845851
14867564
14868432
14869392
14869692
14871881
14873181
14878204
14880557
14881421
14882722
14886592
14888709
14891931
14898475
14902200
14912035
14913442
14924874
14926209
14934342
14934903
14947022
14947628
14960327
14961571
14964733
14964763
14976008
14977316
14980915
14985643
14988658
14992987
14996139
14999732
15009204
15009857
15012384
15020169
15047917
15050042
15059853
15060731
15063715
15070351
15088339
15089191
15089669
15100846
15106010
15106014
15106996
15107358
15111060
15116925
15118985
15131327
15131342
15135023
15140878
15145627
15146161
15146637
15147630
15147635
15151622
15157010
15157361
15159546
15176382
15180446
15183502
15195089
15195546
15200536
15200634
15201773
15202209
15208918
15213017
15213977
15215713
15218850
15229896
15232426
15234618
15235595
15237334
15244075
15246188
15259665
15262822
15265393
15268559
15269776
15278274
15296322
15298397
15305704
15306365
15311638
15313613
15319173
15319807
15320504
15328230
15331259
15334915
15346342
15349164
15372011
15372944
15378294
15382379
15384129
15384822
15386431
15390075
15394395
15395845
15398337
15408333
15411652
15413672
15417559
15422911
15426303
15426686
15432418
15433596
15439171
15444456
15448499
15459683
15463102
15465240
15473400
15479411
15479619
15494030
15511844
15512989
15515792
15517853
15518009
15522176
15527844
15530408
15532018
15533705
15534546
15538114
15542050
15553387
15554926
15562817
15566291
15587002
15589405
15590530
15594006
15595114
15597591
15600414
15601450
15606449
15610665
15625603
15639550
15645522
15649410
15656070
15656955
15657989
15663306
15666424
15670074
15673379
15677864
15680872
15681542
15683802
15688201
15695199
15696714
15702695
15712120
15727323
15727468
15730605
15735037
15736668
15737970
15739162
15749264
15750442
15751512
15760483
15791775
15793998
15798288
15805335
15809405
15817932
15819021
15819384
15825864
15832190
15844923
15846269
15854398
15854584
15863564
15872780
15875482
15875553
15877309
15878635
15882277
15894459
15895365
15904169
15920160
15921773
15923428
15926504
15927979
15936956
15944746
15958769
15963031
15963430
15964825
15968128
15969035
15970265
15973607
15974816
15984257
15984987
15991281
16001225
16022611
16024941
16030035
16030731
16032650
16033206
16038671
16039370
16040475
16054970
16058324
16060793
16060997
16064597
16071829
16073766
16084048
16092031
16098937
16102608
16104560
16109154
16116011
16131404
16136227
16148702
16164361
16170784
16182768
16186522
16188340
16195121
16198912
16199897
16202363
16203625
16221918
16224864
16235437
16248663
16250620
16253603
16256065
16263977
16264592
16265256
16266730
16267391
16273225
16282013
16293938
16298865
16304128
16308361
16309869
16313859
16318085
16318182
16320007
16320387
16328081
16350854
16361055
16361420
16361717
16364011
16367988
16370700
16371044
16374204
16374632
16383725
16385547
16389117
16401294
16408859
16409440
16409476
16410609
16414479
16425237
16426639
16437470
16464580
16465964
16470597
16471648
16477905
16481737
16485947
16486397
16488011
16491561
16501107
16502128
16505608
16519443
16520083
16525654
16530621
16531913
16533071
16533477
16533933
16542197
16543955
16547833
16558577
16562313
16571754
16581972
16584603
16584807
16600135
16602984
16621606
16628065
16631428
16634377
16635251
16635694
16645493
16649611
16651250
16662796
16666094
16680812
16690695
16702959
16704631
16705301
16706960
16715429
16715892
16722880
16734341
16749386
16749646
16751621
16754793
16758921
16762684
16766491
16770247
16773904
16775660
16778032
16778836
16792666
16814794
16830895
16834353
16839650
16840580
16847823
16848003
16848187
16849844
16873672
16884583
16887784
16889781
16895724
16908732
16910922
16921046
16937844
16944413
16945923
16948164
16965088
16968797
16975777
16975798
16976182
16978824
16981870
16987434
16992191
16993745
16995784
17000573
17001545
17029599
17032473
17033532
17034143
17035395
17037796
17047443
17060212
17070796
17072048
17072891
17073058
17074022
17074828
17083141
17088579
17090295
17092759
17093667
17099714
17102737
17105073
17106719
17107414
17108157
17108621
17113568
17116685
17127797
17129232
17130315
17133418
17135341
17143243
17145233
17156323
17158552
17161914
17169528
17173379
17187211
17188836
17194214
17194540
17199951
17213492
17214938
17219603
17226859
17233955
17234301
17241017
17241204
17242745
17250756
17251317
17253568
17257242
17262994
17263338
17267947
17281599
17282810
17285862
17288971
17294704
17315937
17316152
17318485
17323108
17327475
17340390
17343849
17345733
17347402
17355154
17367033
17372597
17375672
17378064
17378670
17385145
17397103
17397298
17398978
17402783
17406858
17409171
17412457
17413222
17416851
17431483
17432119
17452125
17467381
17470486
17475165
17476942
17477428
17484235
17497581
17503258
17504659
17510134
17513449
17533399
17533590
17538731
17539983
17540063
17542422
17544693
17545874
17553142
17566299
17568089
17571236
17573335
17580380
17614731
17615623
17624418
17625069
17630408
17642576
17650569
17653021
17663249
17670052
17671902
17678579
17684913
17686815
17700630
17713902
17720039
17726201
17744903
17745712
17751632
17752113
17758066
17758221
17759021
17766704
17771830
17774199
17793059
17797809
17798300
17807724
17811391
17817726
17822949
17828014
17843808
17846964
17848259
17856247
17864888
17866398
17868830
17877374
17877571
17879562
17880534
17885222
17896891
17897842
17902636
17904477
17915744
17919306
17919404
17927379
17929920
17939399
17945082
17951483
17956871
17957210
17964201
17966510
17967243
17972391
17978064
17982086
17991797
17998037
18001633
18004401
18006051
18009068
18014217
18018129
18021662
18022848
18023922
18033111
18034403
18039259
18039951
18049250
18050517
18051845
18055088
18055439
18058113
18059933
18061524
18062373
18075125
18076518
18079144
18084394
18085148
18091301
18094919
18095001
18100132
18116652
18126799
18127483
18132667
18133044
18138334
18139315
18142952
18143144
18144339
18144663
18158861
18164936
18167644
18177942
18180625
18186694
18189673
18200791
18207524
18212912
18234020
18238651
18243215
18246412
18260504
18262828
18264927
18266526
18267458
18284197
18285809
18295587
18296266
18303112
18303598
18325020
18325513
18331248
18342390
18360450
18365200
18367734
18370280
18371998
18374050
18374482
18377136
18381716
18381920
18383403
18398621
18404741
18414393
18416703
18425204
18440097
18452070
18453687
18456559
18467749
18467756
18485474
18490862
18492568
18494269
18499049
18504844
18505064
18508054
18513744
18518004
18518480
18519250
18521973
18527464
18545081
18545169
18547112
18549166
18555197
18558299
18558622
18564150
18564860
18570544
18577964
18581572
18582232
18583931
18586748
18592831
18594145
18597448
18599448
18603507
18607091
18612596
18616476
18617786
18619971
18621280
18623549
18627273
18627806
18638054
18643855
18645840
18649773
18662576
18663775
18667248
18672600
18678484
18685893
18693432
18694233
18708250
18708821
18711931
18716101
18720289
18720426
18725635
18725658
18726971
18731849
18749113
18753630
18756864
18760012
18762360
18765205
18765706
18788241
18789052
18797660
18798991
18802856
18804130
18810869
18834805
18844607
18845343
18845600
18847332
18860457
18862110
18868707
18869781
18870244
18870821
18873641
18873818
18882189
18886589
18887089
18887716
18890001
18890635
18898912
18903068
18910638
18922527
18932730
18936852
18938000
18938457
18950333
18958715
18959531
18972878
18976040
18976116
18978743
18994021
18994718
19001694
19002986
19005527
19006314
19006597
19011959
19022942
19024296
19034521
19038605
19038671
19039330
19059399
19060872
19064348
19065321
19068717
19075839
19086594
19088835
19089201
19099682
19100972
19111631
19113232
19114309
19114999
19126716
19132681
19137533
19138961
19140789
19140827
19147291
19150327
19164069
19165664
19168134
19171941
19182843
19196599
19202537
19210243
19211243
19216715
19225754
19231288
19233158
19233572
19249861
19253126
19255235
19262398
19265052
19270080
19278509
19283504
19293306
19298817
19299976
19311610
19327216
19331531
19334015
19338296
19346853
19350424
19352763
19355647
19363192
19371552
19377646
19381400
19394360
19405329
19408441
19408690
19410387
19412173
19414507
19416015
19429816
19432119
19439063
19441055
19457049
19465443
19466450
19469334
19473073
19481116
19481796
19489411
19490410
19494674
19494834
19500495
19505270
19506273
19509378
19518251
19519890
19523470
19536929
19537427
19545947
19553494
19561847
19565627
19569958
19571524
19589973
19590224
19590253
19594079
19596812
19598477
19606186
19610064
19614620
19615051
19618026
19625303
19632959
19635030
19636471
19639978
19648278
19650805
19654427
19660980
19663806
19663846
19667895
19668811
19669869
19676711
19678156
19679677
19681703
19688192
19698721
19707577
19709599
19709614
19714433
19718587
19728929
19730141
19734012
19735347
19738883
19742186
19745364
19755132
19755318
19758570
19759373
19759490
19760126
19760620
19766407
19789445
19795567
19795833
19796440
19799399
19807649
19810336
19812002
19822021
19828437
19831864
19838509
19841132
19852465
19858502
19860720
19862613
19864459
19866646
19874357
19876633
19877584
19878674
19882281
19890228
19895425
19899885
19903667
19903887
19906300
19912718
19922852
19923109
19927041
19934672
19936530
19941780
19943490
19946814
19948157
19950998
19951907
19956486
19963234
19964672
19966481
19978406
19980400
19980523
19996577
19997525
20008584
20012709
20013673
20017240
20020862
20023693
20026352
20030104
20040965
20042022
20042035
20048285
20053065
20058556
20068546
20070845
20071395
20074227
20078267
20083913
20083967
20093571
20095939
20098181
20115486
20117375
20122390
20122642
20125153
20137851
20137961
20140395
20140637
20147410
20150786
20153846
20160805
20161231
20164354
20168658
20171517
20171739
20172347
20178960
20179151
20186420
20196601
20196844
20198460
20198554
20202109
20203868
20205345
20212631
20216256
20216464
20221265
20222998
20228480
20229551
20236235
20236477
20236974
20238965
20239571
20239955
20246118
20247851
20248991
20250405
20252633
20253786
20254251
20260414
20260938
20262384
20267243
20281065
20281816
20287162
20289327
20292072
20296600
20296790
20299511
20305057
20306037
20308689
20324158
20326575
20334983
20335093
20335372
20343187
20347338
20348014
20348602
20349030
20355285
20358172
20364286
20371543
20392540
20395147
20406552
20413333
20423906
20428574
20429650
20432584
20437150
20440935
20441653
20442837
20449956
20454644
20457286
20457697
20475207
20475966
20481341
20482733
20488175
20489143
20490568
20496493
20507189
20516088
20516986
20522030
20522626
20533511
20536507
20545142
20545590
20550052
20552455
20564003
20570749
20573524
20573854
20578369
20591882
20595856
20604180
20604806
20612162
20626077
20636388
20643317
20645794
20646051
20656375
20660941
20665263
20681526
20688289
20703989
20708462
20716006
20716732
20721121
20724081
20738368
20741475
20744436
20746875
20747875
20749941
20762630
20766677
20768304
20771567
20773265
20774339
20779574
20780065
20781127
20787668
20789996
20792632
20802819
20806089
20806696
20811232
20813531
20819241
20820681
20820806
20831881
20834543
20837003
20838086
20842644
20843213
20866178
20875430
20891680
20900306
20903367
20905123
20905744
20911734
20932253
20932529
20940149
20940885
20942652
20948606
20950637
20951621
20952853
20956067
20965220
20968996
20969530
20969869
20969890
20982400
20982603
20984002
20993863
20994415
21007287
21009041
21011721
21019108
21043571
21047820
21072819
21074526
21079598
21084160
21094051
21099010
21101320
21104298
21114165
21116254
21122212
21123385
21123835
21124485
21126185
21129825
21131855
21132364
21133103
21133386
21139940
21141824
21144789
21146374
21147110
21152772
21159445
21163357
21167150
21167707
21168019
21169604
21170752
21176790
21183994
21197618
21200424
21200591
21201610
21202603
21208775
21219006
21225320
21227940
21228718
21229894
21232817
21238078
21244507
21247226
21251901
21252115
21268739
21272456
21284470
21285743
21286311
21289268
21293034
21300013
21300085
21308611
21308984
21311221
21314327
21314886
21317624
21323387
21326135
21331158
21332326
21346241
21346651
21352675
21356830
21360630
21362703
21372412
21377649
21386095
21388486
21394133
21397356
21398115
21403427
21404141
21412245
21428694
21429911
21439160
21442035
21443547
21453976
21457795
21459971
21460699
21463104
21468089
21481037
21489863
21498880
21503929
21511065
21515219
21516014
21518747
21522349
21523958
21524732
21530177
21532796
21536235
21539142
21543294
21544133
21544542
21547201
21548035
21548437
21560903
21563798
21568676
21568975
21568996
21577623
21577639
21594898
21596373
21598744
21602587
21603296
21617326
21618733
21624894
21625638
21628537
21634288
21635845
21641736
21655870
21662849
21663064
21664433
21665646
21673766
21681575
21692534
21692782
21699324
21702849
21703844
21706491
21707713
21719044
21722720
21724139
21738481
21740161
21755130
21759024
21763869
21775120
21783858
21784230
21816173
21816260
21818177
21823707
21830039
21831791
21835699
21836169
21841464
21859839
21860789
21868851
21873960
21876030
21878386
21880148
21881312
21885756
21885837
21886649
21888086
21891035
21891733
21899240
21899681
21901642
21902742
21908533
21909620
21911121
21931716
21933053
21944408
21954777
21960905
21964341
21965953
21966418
21971751
21973840
21987489
21994651
21998339
22002929
22010335
22012421
22013186
22022227
22025556
22032025
22032502
22040994
22051371
22051780
22056375
22061898
22071186
22077517
22078502
22094761
22100915
22102311
22123106
22124456
22125370
22126857
22133262
22163984
22167905
22170469
22186034
22192077
22199561
22202534
22230067
22242142
22247572
22250842
22256992
22262562
22262947
22263603
22274614
22277542
22277573
22283662
22287807
22287941
22288136
22288629
22289009
22291316
22296864
22301540
22307981
22310640
22313841
22315340
22321070
22323691
22324384
22328939
22337973
22341991
22360622
22363097
22369664
22370718
22371377
22372603
22379316
22403143
22404760
22406865
22406889
22406987
22413660
22422903
22430385
22436290
22438793
22446905
22449147
22475905
22480504
22491341
22500087
22510880
22524309
22526498
22530843
22535528
22539360
22540523
22544302
22545202
22550022
22554305
22560501
22563714
22567181
22570461
22570816
22571142
22571873
22579909
22580408
22582326
22587208
22596921
22600210
22608042
22609571
22610272
22611792
22611888
22613899
22615007
22617083
22620278
22627779
22629753
22632717
22634011
22636051
22644263
22646521
22665450
22665695
22672613
22673241
22673253
22682680
22689014
22693571
22694615
22699508
22701197
22707421
22710733
22712742
22719385
22731342
22737374
22745565
22746046
22747449
22753325
22755272
22760750
22764646
22766221
22774381
22777097
22778669
22795886
22796942
22798509
22800835
22804173
22804657
22809997
22817581
22819455
22822286
22835545
22844516
22851286
22854833
22858220
22862842
22869735
22873020
22873415
22882026
22886261
22888904
22889724
22890173
22895695
22899682
22910905
22911603
22913386
22915388
22927610
22952532
22962588
22964077
22974512
22978617
22978810
22978918
22979296
22982829
22985491
22987787
23004307
23008772
23011231
23016932
23017651
23023597
23027302
23055718
23056041
23057571
23062184
23066976
23069306
23070390
23077691
23078405
23081786
23090787
23104272
23105378
23108919
23109695
23111218
23117998
23119685
23121866
23124876
23136089
23141809
23144150
23146031
23153093
23155996
23158955
23160894
23166489
23172218
23178538
23182560
23188087
23188641
23190549
23196667
23201053
23204529
23205354
23206735
23214677
23216638
23216940
23222909
23231087
23238338
23240429
23240551
23240883
23242132
23243710
23247554
23249818
23250967
23251397
23252643
23259469
23262086
23262090
23272243
23285684
23286154
23290202
23296173
23303429
23307385
23311159
23314740
23320091
23323685
23329950
23341345
23348355
23353634
23358479
23361604
23370171
23373120
23387939
23389252
23405006
23408070
23411864
23414474
23415630
23416921
23418698
23420414
23421021
23426272
23430679
23432146
23441446
23447179
23451563
23462982
23489711
23495841
23496427
23497452
23510461
23512309
23514271
23517931
23525471
23525989
23536163
23544502
23546338
23546840
23549861
23560089
23585245
23585816
23587244
23592978
23593674
23594247
23596435
23605352
23605742
23608899
23612098
23617750
23624195
23625824
23626006
23633646
23637230
23638444
23640835
23641139
23645441
23645558
23650291
23653661
23655170
23658730
23664583
23666618
23675484
23684343
23686587
23694060
23695977
23699137
23701611
23717373
23730420
23748207
23754540
23755864
23757559
23766650
23767214
23776927
23779434
23781069
23785527
23786623
23787515
23788309
23805944
23807897
23809277
23811181
23821068
23825642
23829927
23833104
23840705
23842201
23842599
23845486
23848413
23849094
23854215
23858817
23863286
23863733
23866034
23868883
23874879
23883312
23883608
23884783
23889957
23890339
23893425
23894258
23896835
23902817
23919136
23920856
23927662
23928090
23928270
23929833
23931636
23933535
23945243
23947544
23950694
23951907
23960166
23964815
23969939
23970088
23973811
23974527
23975857
23993596
24002096
24009256
24015796
24024303
24030673
24034713
24040144
24057049
24058118
24059576
24060371
24062027
24062294
24069403
24075032
24091209
24091729
24099193
24101514
24103737
24110288
24111769
24117561
24129147
24130376
24133600
24139928
24142210
24143033
24148245
24151064
24154524
24156322
24171233
24171561
24173709
24174709
24188043
24188690
24190823
24194996
24200775
24202259
24203060
24207295
24208349
24210123
24210964
24211056
24214982
24222407
24233575
24236366
24242965
24251944
24257101
24259772
24260401
24271342
24272481
24276647
24279907
24285179
24291755
24294965
24306623
24312928
24315739
24319136
24320354
24328807
24331125
24333913
24348582
24350548
24353221
24361747
24376239
24391664
24392047
24395933
24404956
24407894
24410681
24414990
24418803
24422217
24425493
24426120
24441785
24445571
24454055
24456451
24458187
24463063
24464251
24465253
24472553
24481600
24484971
24493222
24497835
24498552
24504978
24524502
24524983
24526752
24528264
24529456
24533183
24550540
24562828
24564463
24569871
24576894
24588038
24596109
24600760
24601974
24619188
24623738
24626023
24627749
24629577
24634812
24636738
24639605
24641158
24643785
24644050
24644858
24646067
24654862
24665134
24666497
24674908
24700548
24701755
24703471
24721980
24738063
24741854
24749682
24756840
24760006
24770095
24771348
24773808
24774502
24777180
24778916
24783992
24795110
24795320
24799101
24814824
24816505
24821348
24821589
24829853
24830763
24842012
24848592
24849823
24863498
24863802
24869822
24870460
24871072
24871539
24882794
24888253
24892655
24892912
24896481
24896965
24899686
24904772
24905358
24908545
24910123
24912440
24916126
24923216
24929617
24941511
24944201
24947849
24954734
24960889
24964683
24965021
24966160
24968529
24980827

0
0
0
0
0
0
0
0
0
0
0
0
0
0
0
0
0
0
0
0
0
0
0
0
0
0
0
0
0
0
0
0
0
0
0
0
0
0
0
0
0
0
0
0
0
0
0
0
0
0
0
0
0
0
0
0
0
0
0
0
0
0
0
0
0
0
0
0
0
0
0
0
0
0
0
0
0
0
0
0
0
0
0
0
0
0
0
0
0
0
0
0
0
0
0
0
0
0
0
0
0
0
0
0
0
0
0
0
0
0
0
0
0
0
0
0
0
0
0
0
0
0
0
0
0
0
0
0
0
0
0
0
0
0
0
0
0
0
0
0
0
0
0
0
0
0
0
0
0
0
0
0
0
0
0
0
0
0
0
0
0
0
0
0
0
0
0
0
0
0
0
0
0
0
0
0
0
0
0
0
0
0
0
0
0
0
0
0
0
0
0
0
0
0
0
0
0
0
0
0
0
0
0
0
0
0
0
0
0
0
0
0
0
0
0
0
0
0
0
0
0
0
0
0
0
0
0
0
0
0
0
0
0
0
0
0
0
0
0
0
0
0
0
0
0
0
0
0
0
0
0
0
0
0
0
0
0
0
0
0
0
0
0
0
0
0
0
0
0
0
0
0
0
0
0
0
0
0
0
0
0
0
0
0
0
0
0
0
0
0
0
0
0
0
0
0
0
0
0
0
0
0
0
0
0
0
0
0
0
0
0
0
0
0
0
0
0
0
0
0
0
0
0
0
0
0
0
0
0
0
0
0
0
0
0
0
0
0
0
0
0
0
0
0
0
0
0
0
0
0
0
0
0
0
0
0
0
0
0
0
0
0
0
0
0
0
0
0
0
0
0
0
0
0
0
0
0
0
0
0
0
0
0
0
0
0
0
0
0
0
0
0
0
0
0
0
0
0
0
0
0
0
0
0
0
0
0
0
0
0
0
0
0
0
0
0
0
0
0
0
0
0
0
0
0
0
0
0
0
0
0
0
0
0
0
0
0
0
0
0
0
0
0
0
0
0
0
0
0
0
0
0
0
0
0
0
0
0
0
0
0
0
0
0
0
0
0
0
0
0
0
0
0
0
0
0
0
0
0
0
0
0
0
0
0
0
0
0
0
0
0
0
0
0
0
0
0
0
0
0
0
0
0
0
0
0
0
0
0
0
0
0
0
0
0
0
0
0
0
0
0
0
0
0
0
0
0
0
0
0
0
0
0
0
0
0
0
0
0
0
0
0
0
0
0
0
0
0
0
0
0
0
0
0
0
0
0
0
0
0
0
0
0
0
0
0
0
0
0
0
0
0
0
0
0
0
0
0
0
0
0
0
0
0
0
0
0
0
0
0
0
0
0
0
0
0
0
0
0
0
0
0
0
0
0
0
0
0
0
0
0
0
0
0
0
0
0
0
0
0
0
0
0
0
0
0
0
0
0
0
0
0
0
0
0
0
0
0
0
0
0
0
0
0
0
0
0
0
0
0
0
0
0
0
0
0
0
0
0
0
0
0
0
0
0
0
0
0
0
0
0
0
0
0
0
0
0
0
0
0
0
0
0
0
0
0
0
0
0
0
0
0
0
0
0
0
0
0
0
0
0
0
0
0
0
0
0
0
0
0
0
0
0
0
0
0
0
0
0
0
0
0
0
0
0
0
0
0
0
0
0
0
0
0
0
0
0
0
0
0
0
0
0
0
0
0
0
0
0
0
0
0
0
0
0
0
0
0
0
0
0
0
0
0
0
0
0
0
0
0
0
0
0
0
0
0
0
0
0
0
0
0
0
0
0
0
0
0
0
0
0
0
0
0
0
0
0
0
0
0
0
0
0
0
0
0
0
0
0
0
0
0
0
0
0
0
0
0
0
0
0
0
0
0
0
0
0
0
0
0
0
0
0
0
0
0
0
0
0
0
0
0
0
0
0
0
0
0
0
0
0
0
0
0
0
0
0
0
0
0
0
0
0
0
0
0
0
0
0
0
0
0
0
0
0
0
0
0
0
0
0
0
0
0
0
0
0
0
0
0
1
1
1
1
1
1
1
1
1
1
1
1
1
1
1
1
1
1
1
1
1
1
1
1
1
1
1
1
1
1
1
1
1
1
1
1
1
1
1
1
1
1
1
1
1
1
1
1
1
1
1
1
1
1
1
1
1
1
1
1
1
1
1
1
1
1
1
1
1
1
1
1
1
1
1
1
1
1
1
1
1
1
1
1
1
1
1
1
1
1
1
1
1
1
1
1
1
1
1
1
1
1
1
1
1
1
1
1
1
1
1
1
1
1
1
1
1
1
1
1
1
1
1
1
1
1
1
1
1
1
1
1
1
1
1
1
1
1
1
1
1
1
1
1
1
1
1
1
1
1
1
1
1
1
1
1
1
1
1
1
1
1
1
1
1
1
1
1
1
1
1
1
1
1
1
1
1
1
1
1
1
1
1
1
1
1
1
1
1
1
1
1
1
1
1
1
1
1
1
1
1
1
1
1
1
1
1
1
1
1
1
1
1
1
1
1
1
1
1
1
1
1
1
1
1
1
1
1
1
1
1
1
1
1
1
1
1
1
1
1
1
1
1
1
1
1
1
1
1
1
1
1
1
1
1
1
1
1
1
1
1
1
1
1
1
1
1
1
1
1
1
1
1
1
1
1
1
1
1
1
1
1
1
1
1
1
1
1
1
1
1
1
1
1
1
1
1
1
1
1
1
1
1
1
1
1
1
1
1
1
1
1
1
1
1
1
1
1
1
1
1
1
1
1
1
1
1
1
1
1
1
1
1
1
1
1
1
1
1
1
1
1
1
1
1
1
1
1
1
1
1
1
1
1
1
1
1
1
1
1
1
1
1
1
1
1
1
1
1
1
1
1
1
1
1
1
1
1
1
1
1
1
1
1
1
1
1
1
1
1
1
1
1
1
1
1
1
1
1
1
1
1
1
1
1
1
1
1
1
1
1
1
1
1
1
1
1
1
1
1
1
1
1
1
1
1
1
1
1
1
1
1
1
1
1
1
1
1
1
1
1
1
1
1
1
1
1
1
1
1
1
1
1
1
1
1
1
1
1
1
1
1
1
1
1
1
1
1
1
1
1
1
1
1
1
1
1
1
1
1
1
1
1
1
1
1
1
1
1
1
1
1
1
1
1
1
1
1
1
1
1
1
1
1
1
1
1
1
1
1
1
1
1
1
1
1
1
1
1
1
1
1
1
1
1
1
1
1
1
1
1
1
1
1
1
1
1
1
1
1
1
1
1
1
1
1
1
1
1
1
1
1
1
1
1
1
1
1
1
1
1
1
1
1
1
1
1
1
1
1
1
1
1
1
1
1
1
1
1
1
1
1
1
1
1
1
1
1
1
1
1
1
1
1
1
1
1
1
1
1
1
1
1
1
1
1
1
1
1
1
1
1
1
1
1
1
1
1
1
1
1
1
1
1
1
1
1
1
1
1
1
1
1
1
1
1
1
1
1
1
1
1
1
1
1
1
1
1
1
1
1
1
1
1
1
1
1
1
1
1
1
1
1
1
1
1
1
1
1
1
1
1
1
1
1
1
1
1
1
1
1
1
1
1
1
1
1
1
1
1
1
1
1
1
1
1
1
1
1
1
1
1
1
1
1
1
1
1
1
1
1
1
1
1
1
1
1
1
1
1
1
1
1
1
1
1
1
1
1
1
1
1
1
1
1
1
1
1
1
1
1
1
1
1
1
1
1
1
1
1
1
1
1
1
1
1
1
1
1
1
1
1
1
1
1
1
1
1
1
1
1
1
1
1
1
1
1
1
1
1
1
1
1
1
1
1
1
1
1
1
1
1
1
1
1
1
1
1
1
1
1
1
1
1
1
1
1
1
1
1
1
1
1
1
1
1
1
1
1
1
1
1
1
1
1
1
1
1
1
1
1
1
1
1
1
1
1
1
1
1
1
1
1
1
1
1
1
1
1
1
1
1
1
1
1
1
1
1
1
1
1
1
1
1
1
1
1
1
1
1
1
1
1
1
1
1
1
1
1
1
1
1
1
1
1
1
1
1
1
1
2
2
2
2
2
2
2
2
2
2
2
2
2
2
2
2
2
2
2
2
2
2
2
2
2
2
2
2
2
2
2
2
2
2
2
2
2
2
2
2
2
2
2
2
2
2
2
2
2
2
2
2
2
2
2
2
2
2
2
2
2
2
2
2
2
2
2
2
2
2
2
2
2
2
2
2
2
2
2
2
2
2
2
2
2
2
2
2
2
2
2
2
2
2
2
2
2
2
2
2
2
2
2
2
2
2
2
2
2
2
2
2
2
2
2
2
2
2
2
2
2
2
2
2
2
2
2
2
2
2
2
2
2
2
2
2
2
2
2
2
2
2
2
2
2
2
2
2
2
2
2
2
2
2
2
2
2
2
2
2
2
2
2
2
2
2
2
2
2
2
2
2
2
2
2
2
2
2
2
2
2
2
2
2
2
2
2
2
2
2
2
2
2
2
2
2
2
2
2
2
2
2
2
2
2
2
2
2
2
2
2
2
2
2
2
2
2
2
2
2
2
2
2
2
2
2
2
2
2
2
2
2
2
2
2
2
2
2
2
2
2
2
2
2
2
2
2
2
2
2
2
2
2
2
2
2
2
2
2
2
2
2
2
2
2
2
2
2
2
2
2
2
2
2
2
2
2
2
2
2
2
2
2
2
2
2
2
2
2
2
2
2
2
2
2
2
2
2
2
2
2
2
2
2
2
2
2
2
2
2
2
2
2
2
2
2
2
2
2
2
2
2
2
2
2
2
2
2
2
2
2
2
2
2
2
2
2
2
2
2
2
2
2
2
2
2
2
2
2
2
2
2
2
2
2
2
2
2
2
2
2
2
2
2
2
2
2
2
2
2
2
2
2
2
2
2
2
2
2
2
2
2
2
2
2
2
2
2
2
2
2
2
2
2
2
2
2
2
2
2
2
2
2
2
2
2
2
2
2
2
2
2
2
2
2
2
2
2
2
2
2
2
2
2
2
2
2
2
2
2
2
2
2
2
2
2
2
2
2
2
2
2
2
2
2
2
2
2
2
2
2
2
2
2
2
2
2
2
2
2
2
2
2
2
2
2
2
2
2
2
2
2
2
2
2
2
2
2
2
2
2
2
2
2
2
2
2
2
2
2
2
2
2
2
2
2
2
2
2
2
2
2
2
2
2
2
2
2
2
2
2
2
2
2
2
2
2
2
2
2
2
2
2
2
2
2
2
2
2
2
2
2
2
2
2
2
2
2
2
2
2
2
2
2
2
2
2
2
2
2
2
2
2
2
2
2
2
2
2
2
2
2
2
2
2
2
2
2
2
2
2
2
2
2
2
2
2
2
2
2
2
2
2
2
2
2
2
2
2
2
2
2
2
2
2
2
2
2
2
2
2
2
2
2
2
2
2
2
2
2
2
2
2
2
2
2
2
2
2
2
2
2
2
2
2
2
2
2
2
2
2
2
2
2
2
2
2
2
2
2
2
2
2
2
2
2
2
2
2
2
2
2
2
2
2
2
2
2
2
2
2
2
2
2
2
2
2
2
2
2
2
2
2
2
2
2
2
2
2
2
2
2
2
2
2
2
2
2
2
2
2
2
2
2
2
2
2
2
2
2
2
2
2
2
2
2
2
2
2
2
2
2
2
2
2
2
2
2
2
2
2
2
2
2
2
2
2
2
2
2
2
2
2
2
2
2
2
2
2
2
2
2
2
2
2
2
2
2
2
2
2
2
2
2
2
2
2
2
2
2
2
2
2
2
2
2
2
2
2
2
2
2
2
2
2
2
2
2
2
2
2
2
2
2
2
2
2
2
2
2
2
2
2
2
2
2
2
2
2
2
2
2
2
2
2
2
2
2
2
2
2
2
2
2
2
2
2
2
2
2
2
2
2
2
2
2
2
2
2
2
2
2
2
2
2
2
2
2
2
2
2
2
2
2
2
2
2
2
2
2
2
2
2
2
2
2
2
2
2
2
2
2
2
3
3
3
3
3
3
3
3
3
3
3
3
3
3
3
3
3
3
3
3
3
3
3
3
3
3
3
3
3
3
3
3
3
3
3
3
3
3
3
3
3
3
3
3
3
3
3
3
3
3
3
3
3
3
3
3
3
3
3
3
3
3
3
3
3
3
3
3
3
3
3
3
3
3
3
3
3
3
3
3
3
3
3
3
3
3
3
3
3
3
3
3
3
3
3
3
3
3
3
3
3
3
3
3
3
3
3
3
3
3
3
3
3
3
3
3
3
3
3
3
3
3
3
3
3
3
3
3
3
3
3
3
3
3
3
3
3
3
3
3
3
3
3
3
3
3
3
3
3
3
3
3
3
3
3
3
3
3
3
3
3
3
3
3
3
3
3
3
3
3
3
3
3
3
3
3
3
3
3
3
3
3
3
3
3
3
3
3
3
3
3
3
3
3
3
3
3
3
3
3
3
3
3
3
3
3
3
3
3
3
3
3
3
3
3
3
3
3
3
3
3
3
3
3
3
3
3
3
3
3
3
3
3
3
3
3
3
3
3
3
3
3
3
3
3
3
3
3
3
3
3
3
3
3
3
3
3
3
3
3
3
3
3
3
3
3
3
3
3
3
3
3
3
3
3
3
3
3
3
3
3
3
3
3
3
3
3
3
3
3
3
3
3
3
3
3
3
3
3
3
3
3
3
3
3
3
3
3
3
3
3
3
3
3
3
3
3
3
3
3
3
3
3
3
3
3
3
3
3
3
3
3
3
3
3
3
3
3
3
3
3
3
3
3
3
3
3
3
3
3
3
3
3
3
3
3
3
3
3
3
3
3
3
3
3
3
3
3
3
3
3
3
3
3
3
3
3
3
3
3
3
3
3
3
3
3
3
3
3
3
3
3
3
3
3
3
3
3
3
3
3
3
3
3
3
3
3
3
3
3
3
3
3
3
3
3
3
3
3
3
3
3
3
3
3
3
3
3
3
3
3
3
3
3
3
3
3
3
3
3
3
3
3
3
3
3
3
3
3
3
3
3
3
3
3
3
3
3
3
3
3
3
3
3
3
3
3
3
3
3
3
3
3
3
3
3
3
3
3
3
3
3
3
3
3
3
3
3
3
3
3
3
3
3
3
3
3
3
3
3
3
3
3
3
3
3
3
3
3
3
3
3
3
3
3
3
3
3
3
3
3
3
3
3
3
3
3
3
3
3
3
3
3
3
3
3
3
3
3
3
3
3
3
3
3
3
3
3
3
3
3
3
3
3
3
3
3
3
3
3
3
3
3
3
3
3
3
3
3
3
3
3
3
3
3
3
3
3
3
3
3
3
3
3
3
3
3
3
3
3
3
3
3
3
3
3
3
3
3
3
3
3
3
3
3
3
3
3
3
3
3
3
3
3
3
3
3
3
3
3
3
3
3
3
3
3
3
3
3
3
3
3
3
3
3
3
3
3
3
3
3
3
3
3
3
3
3
3
3
3
3
3
3
3
3
3
3
3
3
3
3
3
3
3
3
3
3
3
3
3
3
3
3
3
3
3
3
3
3
3
3
3
3
3
3
3
3
3
3
3
3
3
3
3
3
3
3
3
3
3
3
3
3
3
3
3
3
3
3
3
3
3
3
3
3
3
3
3
3
3
3
3
3
3
3
3
3
3
3
3
3
3
3
3
3
3
3
3
3
3
3
3
3
3
3
3
3
3
3
3
3
3
3
3
3
3
3
3
3
3
3
3
3
3
3
3
3
3
3
3
3
3
3
3
3
3
3
3
3
3
3
3
3
3
3
3
3
3
3
3
3
3
3
3
3
3
3
3
3
3
3
3
3
3
3
3
3
3
3
3
3
3
3
3
3
3
3
3
3
3
3
3
3
3
3
3
3
3
3
3
3
3
3
3
3
3
3
3
3
3
3
3
3
3
3
3
3
3
3
3
3
3
3
3
3
3
3
3
3
3
3
3
3
3
3
3
3
3
3
3
3
3
3
3
3
3
3
3
3
3
3
3
3
3
3
3
3
3
3
3
3
3
3
3
3
3
3
3
3
3
3
3
3
3
3
3
3
3
3
3
3
3
3
3
3
3
3
3
3
3
3
4
4
4
4
4
4
4
4
4
4
4
4
4
4
4
4
4
4
4
4
4
4
4
4
4
4
4
4
4
4
4
4
4
4
4
4
4
4
4
4
4
4
4
4
4
4
4
4
4
4
4
4
4
4
4
4
4
4
4
4
4
4
4
4
4
4
4
4
4
4
4
4
4
4
4
4
4
4
4
4
4
4
4
4
4
4
4
4
4
4
4
4
4
4
4
4
4
4
4
4
4
4
4
4
4
4
4
4
4
4
4
4
4
4
4
4
4
4
4
4
4
4
4
4
4
4
4
4
4
4
4
4
4
4
4
4
4
4
4
4
4
4
4
4
4
4
4
4
4
4
4
4
4
4
4
4
4
4
4
4
4
4
4
4
4
4
4
4
4
4
4
4
4
4
4
4
4
4
4
4
4
4
4
4
4
4
4
4
4
4
4
4
4
4
4
4
4
4
4
4
4
4
4
4
4
4
4
4
4
4
4
4
4
4
4
4
4
4
4
4
4
4
4
4
4
4
4
4
4
4
4
4
4
4
4
4
4
4
4
4
4
4
4
4
4
4
4
4
4
4
4
4
4
4
4
4
4
4
4
4
4
4
4
4
4
4
4
4
4
4
4
4
4
4
4
4
4
4
4
4
4
4
4
4
4
4
4
4
4
4
4
4
4
4
4
4
4
4
4
4
4
4
4
4
4
4
4
4
4
4
4
4
4
4
4
4
4
4
4
4
4
4
4
4
4
4
4
4
4
4
4
4
4
4
4
4
4
4
4
4
4
4
4
4
4
4
4
4
4
4
4
4
4
4
4
4
4
4
4
4
4
4
4
4
4
4
4
4
4
4
4
4
4
4
4
4
4
4
4
4
4
4
4
4
4
4
4
4
4
4
4
4
4
4
4
4
4
4
4
4
4
4
4
4
4
4
4
4
4
4
4
4
4
4
4
4
4
4
4
4
4
4
4
4
4
4
4
4
4
4
4
4
4
4
4
4
4
4
4
4
4
4
4
4
4
4
4
4
4
4
4
4
4
4
4
4
4
4
4
4
4
4
4
4
4
4
4
4
4
4
4
4
4
4
4
4
4
4
4
4
4
4
4
4
4
4
4
4
4
4
4
4
4
4
4
4
4
4
4
4
4
4
4
4
4
4
4
4
4
4
4
4
4
4
4
4
4
4
4
4
4
4
4
4
4
4
4
4
4
4
4
4
4
4
4
4
4
4
4
4
4
4
4
4
4
4
4
4
4
4
4
4
4
4
4
4
4
4
4
4
4
4
4
4
4
4
4
4
4
4
4
4
4
4
4
4
4
4
4
4
4
4
4
4
4
4
4
4
4
4
4
4
4
4
4
4
4
4
4
4
4
4
4
4
4
4
4
4
4
4
4
4
4
4
4
4
4
4
4
4
4
4
4
4
4
4
4
4
4
4
4
4
4
4
4
4
4
4
4
4
4
4
4
4
4
4
4
4
4
4
4
4
4
4
4
4
4
4
4
4
4
4
4
4
4
4
4
4
4
4
4
4
4
4
4
4
4
4
4
4
4
4
4
4
4
4
4
4
4
4
4
4
4
4
4
4
4
4
4
4
4
4
4
4
4
4
4
4
4
4
4
4
4
4
4
4
4
4
4
4
4
4
4
4
4
4
4
4
4
4
4
4
4
4
4
4
4
4
4
4
4
4
4
4
4
4
4
4
4
4
4
4
4
4
4
4
4
4
4
4
4
4
4
4
4
4
4
4
4
4
4
4
4
4
4
4
4
4
4
4
4
4
4
4
4
4
4
4
4
4
4
4
4
4
4
4
4
4
4
4
4
4
4
4
4
4
4
4
4
4
4
4
4
4
4
4
4
4
4
4
4
4
4
4
4
4
4
4
4
4
4
4
4
4
4
4
4
4
4
4
4
4
4
4
4
4
4
4
4
4
4
4
4
4
4
4
4
4
4
4
4
4
4
4
4
4
4
4
4
4
4
4
4
4
4
4
4
4
4
4
4
4
4
4
4
4
4
4
4
4
4
4
4
4
4
4
4
4
4
4
4
4
4
4
4
4
4
4
4
4
4
4
4
4
4
4
4
4
4
4
4
4
4
4
4
4
4
4
4
4
4
4
4
4
4
4
4
4
4
4
4
4
4
4
4
4
4
4
5
5
5
5
5
5
5
5
5
5
5
5
5
5
5
5
5
5
5
5
5
5
5
5
5
5
5
5
5
5
5
5
5
5
5
5
5
5
5
5
5
5
5
5
5
5
5
5
5
5
5
5
5
5
5
5
5
5
5
5
5
5
5
5
5
5
5
5
5
5
5
5
5
5
5
5
5
5
5
5
5
5
5
5
5
5
5
5
5
5
5
5
5
5
5
5
5
5
5
5
5
5
5
5
5
5
5
5
5
5
5
5
5
5
5
5
5
5
5
5
5
5
5
5
5
5
5
5
5
5
5
5
5
5
5
5
5
5
5
5
5
5
5
5
5
5
5
5
5
5
5
5
5
5
5
5
5
5
5
5
5
5
5
5
5
5
5
5
5
5
5
5
5
5
5
5
5
5
5
5
5
5
5
5
5
5
5
5
5
5
5
5
5
5
5
5
5
5
5
5
5
5
5
5
5
5
5
5
5
5
5
5
5
5
5
5
5
5
5
5
5
5
5
5
5
5
5
5
5
5
5
5
5
5
5
5
5
5
5
5
5
5
5
5
5
5
5
5
5
5
5
5
5
5
5
5
5
5
5
5
5
5
5
5
5
5
5
5
5
5
5
5
5
5
5
5
5
5
5
5
5
5
5
5
5
5
5
5
5
5
5
5
5
5
5
5
5
5
5
5
5
5
5
5
5
5
5
5
5
5
5
5
5
5
5
5
5
5
5
5
5
5
5
5
5
5
5
5
5
5
5
5
5
5
5
5
5
5
5
5
5
5
5
5
5
5
5
5
5
5
5
5
5
5
5
5
5
5
5
5
5
5
5
5
5
5
5
5
5
5
5
5
5
5
5
5
5
5
5
5
5
5
5
5
5
5
5
5
5
5
5
5
5
5
5
5
5
5
5
5
5
5
5
5
5
5
5
5
5
5
5
5
5
5
5
5
5
5
5
5
5
5
5
5
5
5
5
5
5
5
5
5
5
5
5
5
5
5
5
5
5
5
5
5
5
5
5
5
5
5
5
5
5
5
5
5
5
5
5
5
5
5
5
5
5
5
5
5
5
5
5
5
5
5
5
5
5
5
5
5
5
5
5
5
5
5
5
5
5
5
5
5
5
5
5
5
5
5
5
5
5
5
5
5
5
5
5
5
5
5
5
5
5
5
5
5
5
5
5
5
5
5
5
5
5
5
5
5
5
5
5
5
5
5
5
5
5
5
5
5
5
5
5
5
5
5
5
5
5
5
5
5
5
5
5
5
5
5
5
5
5
5
5
5
5
5
5
5
5
5
5
5
5
5
5
5
5
5
5
5
5
5
5
5
5
5
5
5
5
5
5
5
5
5
5
5
5
5
5
5
5
5
5
5
5
5
5
5
5
5
5
5
5
5
5
5
5
5
5
5
5
5
5
5
5
5
5
5
5
5
5
5
5
5
5
5
5
5
5
5
5
5
5
5
5
5
5
5
5
5
5
5
5
5
5
5
5
5
5
5
5
5
5
5
5
5
5
5
5
5
5
5
5
5
5
5
5
5
5
5
5
5
5
5
5
5
5
5
5
5
5
5
5
5
5
5
5
5
5
5
5
5
5
5
5
5
5
5
5
5
5
5
5
5
5
5
5
5
5
5
5
5
5
5
5
5
5
5
5
5
5
5
5
5
5
5
5
5
5
5
5
5
5
5
5
5
5
5
5
5
5
5
5
5
5
5
5
5
5
5
5
5
5
5
5
5
5
5
5
5
5
5
5
5
5
5
5
5
5
5
5
5
5
5
5
5
5
5
5
5
5
5
5
5
5
5
5
5
5
5
5
5
5
5
5
5
5
5
5
5
5
5
5
5
5
5
5
5
5
5
5
5
5
5
5
5
5
5
5
5
5
5
5
5
5
5
5
5
5
5
5
5
5
5
5
5
5
5
5
5
5
5
5
5
5
5
5
5
5
5
5
5
5
5
5
5
5
5
5
5
5
5
5
5
5
5
5
5
5
5
5
5
5
5
5
5
5
5
5
5
5
5
5
5
5
5
5
5
5
5
5
5
5
5
5
5
5
5
5
5
5
5
5
5
5
5
5
5
5
6
6
6
6
6
6
6
6
6
6
6
6
6
6
6
6
6
6
6
6
6
6
6
6
6
6
6
6
6
6
6
6
6
6
6
6
6
6
6
6
6
6
6
6
6
6
6
6
6
6
6
6
6
6
6
6
6
6
6
6
6
6
6
6
6
6
6
6
6
6
6
6
6
6
6
6
6
6
6
6
6
6
6
6
6
6
6
6
6
6
6
6
6
6
6
6
6
6
6
6
6
6
6
6
6
6
6
6
6
6
6
6
6
6
6
6
6
6
6
6
6
6
6
6
6
6
6
6
6
6
6
6
6
6
6
6
6
6
6
6
6
6
6
6
6
6
6
6
6
6
6
6
6
6
6
6
6
6
6
6
6
6
6
6
6
6
6
6
6
6
6
6
6
6
6
6
6
6
6
6
6
6
6
6
6
6
6
6
6
6
6
6
6
6
6
6
6
6
6
6
6
6
6
6
6
6
6
6
6
6
6
6
6
6
6
6
6
6
6
6
6
6
6
6
6
6
6
6
6
6
6
6
6
6
6
6
6
6
6
6
6
6
6
6
6
6
6
6
6
6
6
6
6
6
6
6
6
6
6
6
6
6
6
6
6
6
6
6
6
6
6
6
6
6
6
6
6
6
6
6
6
6
6
6
6
6
6
6
6
6
6
6
6
6
6
6
6
6
6
6
6
6
6
6
6
6
6
6
6
6
6
6
6
6
6
6
6
6
6
6
6
6
6
6
6
6
6
6
6
6
6
6
6
6
6
6
6
6
6
6
6
6
6
6
6
6
6
6
6
6
6
6
6
6
6
6
6
6
6
6
6
6
6
6
6
6
6
6
6
6
6
6
6
6
6
6
6
6
6
6
6
6
6
6
6
6
6
6
6
6
6
6
6
6
6
6
6
6
6
6
6
6
6
6
6
6
6
6
6
6
6
6
6
6
6
6
6
6
6
6
6
6
6
6
6
6
6
6
6
6
6
6
6
6
6
6
6
6
6
6
6
6
6
6
6
6
6
6
6
6
6
6
6
6
6
6
6
6
6
6
6
6
6
6
6
6
6
6
6
6
6
6
6
6
6
6
6
6
6
6
6
6
6
6
6
6
6
6
6
6
6
6
6
6
6
6
6
6
6
6
6
6
6
6
6
6
6
6
6
6
6
6
6
6
6
6
6
6
6
6
6
6
6
6
6
6
6
6
6
6
6
6
6
6
6
6
6
6
6
6
6
6
6
6
6
6
6
6
6
6
6
6
6
6
6
6
6
6
6
6
6
6
6
6
6
6
6
6
6
6
6
6
6
6
6
6
6
6
6
6
6
6
6
6
6
6
6
6
6
6
6
6
6
6
6
6
6
6
6
6
6
6
6
6
6
6
6
6
6
6
6
6
6
6
6
6
6
6
6
6
6
6
6
6
6
6
6
6
6
6
6
6
6
6
6
6
6
6
6
6
6
6
6
6
6
6
6
6
6
6
6
6
6
6
6
6
6
6
6
6
6
6
6
6
6
6
6
6
6
6
6
6
6
6
6
6
6
6
6
6
6
6
6
6
6
6
6
6
6
6
6
6
6
6
6
6
6
6
6
6
6
6
6
6
6
6
6
6
6
6
6
6
6
6
6
6
6
6
6
6
6
6
6
6
6
6
6
6
6
6
6
6
6
6
6
6
6
6
6
6
6
6
6
6
6
6
6
6
6
6
6
6
6
6
6
6
6
6
6
6
6
6
6
6
6
6
6
6
6
6
6
6
6
6
6
6
6
6
6
6
6
6
6
6
6
6
6
6
6
6
6
6
6
6
6
6
6
6
6
6
6
6
6
6
6
6
6
6
6
6
6
6
6
6
6
6
6
6
6
6
6
6
6
6
6
6
6
6
6
6
6
6
6
6
6
6
6
6
6
6
6
6
6
6
6
6
6
6
6
6
6
6
6
6
6
6
6
6
6
6
6
6
6
6
6
6
6
6
6
6
6
6
6
6
6
6
6
6
6
6
6
6
6
6
6
6
6
6
6
6
6
6
6
6
6
6
6
6
6
6
6
6
6
7
7
7
7
7
7
7
7
7
7
7
7
7
7
7
7
7
7
7
7
7
7
7
7
7
7
7
7
7
7
7
7
7
7
7
7
7
7
7
7
7
7
7
7
7
7
7
7
7
7
7
7
7
7
7
7
7
7
7
7
7
7
7
7
7
7
7
7
7
7
7
7
7
7
7
7
7
7
7
7
7
7
7
7
7
7
7
7
7
7
7
7
7
7
7
7
7
7
7
7
7
7
7
7
7
7
7
7
7
7
7
7
7
7
7
7
7
7
7
7
7
7
7
7
7
7
7
7
7
7
7
7
7
7
7
7
7
7
7
7
7
7
7
7
7
7
7
7
7
7
7
7
7
7
7
7
7
7
7
7
7
7
7
7
7
7
7
7
7
7
7
7
7
7
7
7
7
7
7
7
7
7
7
7
7
7
7
7
7
7
7
7
7
7
7
7
7
7
7
7
7
7
7
7
7
7
7
7
7
7
7
7
7
7
7
7
7
7
7
7
7
7
7
7
7
7
7
7
7
7
7
7
7
7
7
7
7
7
7
7
7
7
7
7
7
7
7
7
7
7
7
7
7
7
7
7
7
7
7
7
7
7
7
7
7
7
7
7
7
7
7
7
7
7
7
7
7
7
7
7
7
7
7
7
7
7
7
7
7
7
7
7
7
7
7
7
7
7
7
7
7
7
7
7
7
7
7
7
7
7
7
7
7
7
7
7
7
7
7
7
7
7
7
7
7
7
7
7
7
7
7
7
7
7
7
7
7
7
7
7
7
7
7
7
7
7
7
7
7
7
7
7
7
7
7
7
7
7
7
7
7
7
7
7
7
7
7
7
7
7
7
7
7
7
7
7
7
7
7
7
7
7
7
7
7
7
7
7
7
7
7
7
7
7
7
7
7
7
7
7
7
7
7
7
7
7
7
7
7
7
7
7
7
7
7
7
7
7
7
7
7
7
7
7
7
7
7
7
7
7
7
7
7
7
7
7
7
7
7
7
7
7
7
7
7
7
7
7
7
7
7
7
7
7
7
7
7
7
7
7
7
7
7
7
7
7
7
7
7
7
7
7
7
7
7
7
7
7
7
7
7
7
7
7
7
7
7
7
7
7
7
7
7
7
7
7
7
7
7
7
7
7
7
7
7
7
7
7
7
7
7
7
7
7
7
7
7
7
7
7
7
7
7
7
7
7
7
7
7
7
7
7
7
7
7
7
7
7
7
7
7
7
7
7
7
7
7
7
7
7
7
7
7
7
7
7
7
7
7
7
7
7
7
7
7
7
7
7
7
7
7
7
7
7
7
7
7
7
7
7
7
7
7
7
7
7
7
7
7
7
7
7
7
7
7
7
7
7
7
7
7
7
7
7
7
7
7
7
7
7
7
7
7
7
7
7
7
7
7
7
7
7
7
7
7
7
7
7
7
7
7
7
7
7
7
7
7
7
7
7
7
7
7
7
7
7
7
7
7
7
7
7
7
7
7
7
7
7
7
7
7
7
7
7
7
7
7
7
7
7
7
7
7
7
7
7
7
7
7
7
7
7
7
7
7
7
7
7
7
7
7
7
7
7
7
7
7
7
7
7
7
7
7
7
7
7
7
7
7
7
7
7
7
7
7
7
7
7
7
7
7
7
7
7
7
7
7
7
7
7
7
7
7
7
7
7
7
7
7
7
7
7
7
7
7
7
7
7
7
7
7
7
7
7
7
7
7
7
7
7
7
7
7
7
7
7
7
7
7
7
7
7
7
7
7
7
7
7
7
7
7
7
7
7
7
7
7
7
7
7
7
7
7
7
7
7
7
7
7
7
7
7
7
7
7
7
7
7
7
7
7
7
7
7
7
7
7
7
7
7
7
7
7
7
7
7
7
7
7
7
7
7
7
7
7
7
7
7
7
7
7
7
7
7
7
7
7
7
7
7
7
7
7
7
7
7
7
7
7
7
7
7
7
7
7
7
7
7
7
7
7
7
7
7
7
7
7
7
7
7
7
7
7
7
7
7
7
7
7
7
7
7
7
7
7
7
7
7
7
7
7
7
7
7
7
7
7
7
7
7
7
7
7
7
7
7
7
7
7
7
8
8
8
8
8
8
8
8
8
8
8
8
8
8
8
8
8
8
8
8
8
8
8
8
8
8
8
8
8
8
8
8
8
8
8
8
8
8
8
8
8
8
8
8
8
8
8
8
8
8
8
8
8
8
8
8
8
8
8
8
8
8
8
8
8
8
8
8
8
8
8
8
8
8
8
8
8
8
8
8
8
8
8
8
8
8
8
8
8
8
8
8
8
8
8
8
8
8
8
8
8
8
8
8
8
8
8
8
8
8
8
8
8
8
8
8
8
8
8
8
8
8
8
8
8
8
8
8
8
8
8
8
8
8
8
8
8
8
8
8
8
8
8
8
8
8
8
8
8
8
8
8
8
8
8
8
8
8
8
8
8
8
8
8
8
8
8
8
8
8
8
8
8
8
8
8
8
8
8
8
8
8
8
8
8
8
8
8
8
8
8
8
8
8
8
8
8
8
8
8
8
8
8
8
8
8
8
8
8
8
8
8
8
8
8
8
8
8
8
8
8
8
8
8
8
8
8
8
8
8
8
8
8
8
8
8
8
8
8
8
8
8
8
8
8
8
8
8
8
8
8
8
8
8
8
8
8
8
8
8
8
8
8
8
8
8
8
8
8
8
8
8
8
8
8
8
8
8
8
8
8
8
8
8
8
8
8
8
8
8
8
8
8
8
8
8
8
8
8
8
8
8
8
8
8
8
8
8
8
8
8
8
8
8
8
8
8
8
8
8
8
8
8
8
8
8
8
8
8
8
8
8
8
8
8
8
8
8
8
8
8
8
8
8
8
8
8
8
8
8
8
8
8
8
8
8
8
8
8
8
8
8
8
8
8
8
8
8
8
8
8
8
8
8
8
8
8
8
8
8
8
8
8
8
8
8
8
8
8
8
8
8
8
8
8
8
8
8
8
8
8
8
8
8
8
8
8
8
8
8
8
8
8
8
8
8
8
8
8
8
8
8
8
8
8
8
8
8
8
8
8
8
8
8
8
8
8
8
8
8
8
8
8
8
8
8
8
8
8
8
8
8
8
8
8
8
8
8
8
8
8
8
8
8
8
8
8
8
8
8
8
8
8
8
8
8
8
8
8
8
8
8
8
8
8
8
8
8
8
8
8
8
8
8
8
8
8
8
8
8
8
8
8
8
8
8
8
8
8
8
8
8
8
8
8
8
8
8
8
8
8
8
8
8
8
8
8
8
8
8
8
8
8
8
8
8
8
8
8
8
8
8
8
8
8
8
8
8
8
8
8
8
8
8
8
8
8
8
8
8
8
8
8
8
8
8
8
8
8
8
8
8
8
8
8
8
8
8
8
8
8
8
8
8
8
8
8
8
8
8
8
8
8
8
8
8
8
8
8
8
8
8
8
8
8
8
8
8
8
8
8
8
8
8
8
8
8
8
8
8
8
8
8
8
8
8
8
8
8
8
8
8
8
8
8
8
8
8
8
8
8
8
8
8
8
8
8
8
8
8
8
8
8
8
8
8
8
8
8
8
8
8
8
8
8
8
8
8
8
8
8
8
8
8
8
8
8
8
8
8
8
8
8
8
8
8
8
8
8
8
8
8
8
8
8
8
8
8
8
8
8
8
8
8
8
8
8
8
8
8
8
8
8
8
8
8
8
8
8
8
8
8
8
8
8
8
8
8
8
8
8
8
8
8
8
8
8
8
8
8
8
8
8
8
8
8
8
8
8
8
8
8
8
8
8
8
8
8
8
8
8
8
8
8
8
8
8
8
8
8
8
8
8
8
8
8
8
8
8
8
8
8
8
8
8
8
8
8
8
8
8
8
8
8
8
8
8
8
8
8
8
8
8
8
8
8
8
8
8
8
8
8
8
8
8
8
8
8
8
8
8
8
8
8
8
8
8
8
8
8
8
8
8
8
8
8
8
8
8
8
8
8
8
8
8
8
8
8
8
8
8
8
8
8
8
8
8
8
8
8
8
8
8
8
8
8
8
8
8
8
8
8
8
8
8
8
8
8
8
8
8
8
8
8
8
8
8
8
8
8
8
8
8
8
8
8
8
8
8
8
8
8
8
8
8
9
9
9
9
9
9
9
9
9
9
9
9
9
9
9
9
9
9
9
9
9
9
9
9
9
9
9
9
9
9
9
9
9
9
9
9
9
9
9
9
9
9
9
9
9
9
9
9
9
9
9
9
9
9
9
9
9
9
9
9
9
9
9
9
9
9
9
9
9
9
9
9
9
9
9
9
9
9
9
9
9
9
9
9
9
9
9
9
9
9
9
9
9
9
9
9
9
9
9
9
9
9
9
9
9
9
9
9
9
9
9
9
9
9
9
9
9
9
9
9
9
9
9
9
9
9
9
9
9
9
9
9
9
9
9
9
9
9
9
9
9
9
9
9
9
9
9
9
9
9
9
9
9
9
9
9
9
9
9
9
9
9
9
9
9
9
9
9
9
9
9
9
9
9
9
9
9
9
9
9
9
9
9
9
9
9
9
9
9
9
9
9
9
9
9
9
9
9
9
9
9
9
9
9
9
9
9
9
9
9
9
9
9
9
9
9
9
9
9
9
9
9
9
9
9
9
9
9
9
9
9
9
9
9
9
9
9
9
9
9
9
9
9
9
9
9
9
9
9
9
9
9
9
9
9
9
9
9
9
9
9
9
9
9
9
9
9
9
9
9
9
9
9
9
9
9
9
9
9
9
9
9
9
9
9
9
9
9
9
9
9
9
9
9
9
9
9
9
9
9
9
9
9
9
9
9
9
9
9
9
9
9
9
9
9
9
9
9
9
9
9
9
9
9
9
9
9
9
9
9
9
9
9
9
9
9
9
9
9
9
9
9
9
9
9
9
9
9
9
9
9
9
9
9
9
9
9
9
9
9
9
9
9
9
9
9
9
9
9
9
9
9
9
9
9
9
9
9
9
9
9
9
9
9
9
9
9
9
9
9
9
9
9
9
9
9
9
9
9
9
9
9
9
9
9
9
9
9
9
9
9
9
9
9
9
9
9
9
9
9
9
9
9
9
9
9
9
9
9
9
9
9
9
9
9
9
9
9
9
9
9
9
9
9
9
9
9
9
9
9
9
9
9
9
9
9
9
9
9
9
9
9
9
9
9
9
9
9
9
9
9
9
9
9
9
9
9
9
9
9
9
9
9
9
9
9
9
9
9
9
9
9
9
9
9
9
9
9
9
9
9
9
9
9
9
9
9
9
9
9
9
9
9
9
9
9
9
9
9
9
9
9
9
9
9
9
9
9
9
9
9
9
9
9
9
9
9
9
9
9
9
9
9
9
9
9
9
9
9
9
9
9
9
9
9
9
9
9
9
9
9
9
9
9
9
9
9
9
9
9
9
9
9
9
9
9
9
9
9
9
9
9
9
9
9
9
9
9
9
9
9
9
9
9
9
9
9
9
9
9
9
9
9
9
9
9
9
9
9
9
9
9
9
9
9
9
9
9
9
9
9
9
9
9
9
9
9
9
9
9
9
9
9
9
9
9
9
9
9
9
9
9
9
9
9
9
9
9
9
9
9
9
9
9
9
9
9
9
9
9
9
9
9
9
9
9
9
9
9
9
9
9
9
9
9
9
9
9
9
9
9
9
9
9
9
9
9
9
9
9
9
9
9
9
9
9
9
9
9
9
9
9
9
9
9
9
9
9
9
9
9
9
9
9
9
9
9
9
9
9
9
9
9
9
9
9
9
9
9
9
9
9
9
9
9
9
9
9
9
9
9
9
9
9
9
9
9
9
9
9
9
9
9
9
9
9
9
9
9
9
9
9
9
9
9
9
9
9
9
9
9
9
9
9
9
9
9
9
9
9
9
9
9
9
9
9
9
9
9
9
9
9
9
9
9
9
9
9
9
9
9
9
9
9
9
9
9
9
9
9
9
9
9
9
9
9
9
9
9
9
9
9
9
9
9
9
9
9
9
9
9
9
9
9
9
9
9
9
9
9
9
9
9
9
9
9
9
9
9
9
9
9
9
9
9
9
9
9
9
9
9
9
9
9
9
9
9
9
9
9
9
9
9
9
9
9
9
9
9
9
9
9
9
9
9
9
9
9
9
9
9
9
9
9
10
10
10
10
10
10
10
10
10
10
10
10
10
10
10
10
10
10
10
10
10
10
10
10
10
10
10
10
10
10
10
10
10
10
10
10
10
10
10
10
10
10
10
10
10
10
10
10
10
10
10
10
10
10
10
10
10
10
10
10
10
10
10
10
10
10
10
10
10
10
10
10
10
10
10
10
10
10
10
10
10
10
10
10
10
10
10
10
10
10
10
10
10
10
10
10
10
10
10
10
10
10
10
10
10
10
10
10
10
10
10
10
10
10
10
10
10
10
10
10
10
10
10
10
10
10
10
10
10
10
10
10
10
10
10
10
10
10
10
10
10
10
10
10
10
10
10
10
10
10
10
10
10
10
10
10
10
10
10
10
10
10
10
10
10
10
10
10
10
10
10
10
10
10
10
10
10
10
10
10
10
10
10
10
10
10
10
10
10
10
10
10
10
10
10
10
10
10
10
10
10
10
10
10
10
10
10
10
10
10
10
10
10
10
10
10
10
10
10
10
10
10
10
10
10
10
10
10
10
10
10
10
10
10
10
10
10
10
10
10
10
10
10
10
10
10
10
10
10
10
10
10
10
10
10
10
10
10
10
10
10
10
10
10
10
10
10
10
10
10
10
10
10
10
10
10
10
10
10
10
10
10
10
10
10
10
10
10
10
10
10
10
10
10
10
10
10
10
10
10
10
10
10
10
10
10
10
10
10
10
10
10
10
10
10
10
10
10
10
10
10
10
10
10
10
10
10
10
10
10
10
10
10
10
10
10
10
10
10
10
10
10
10
10
10
10
10
10
10
10
10
10
10
10
10
10
10
10
10
10
10
10
10
10
10
10
10
10
10
10
10
10
10
10
10
10
10
10
10
10
10
10
10
10
10
10
10
10
10
10
10
10
10
10
10
10
10
10
10
10
10
10
10
10
10
10
10
10
10
10
10
10
10
10
10
10
10
10
10
10
10
10
10
10
10
10
10
10
10
10
10
10
10
10
10
10
10
10
10
10
10
10
10
10
10
10
10
10
10
10
10
10
10
10
10
10
10
10
10
10
10
10
10
10
10
10
10
10
10
10
10
10
10
10
10
10
10
10
10
10
10
10
10
10
10
10
10
10
10
10
10
10
10
10
10
10
10
10
10
10
10
10
10
10
10
10
10
10
10
10
10
10
10
10
10
10
10
10
10
10
10
10
10
10
10
10
10
10
10
10
10
10
10
10
10
10
10
10
10
10
10
10
10
10
10
10
10
10
10
10
10
10
10
10
10
10
10
10
10
10
10
10
10
10
10
10
10
10
10
10
10
10
10
10
10
10
10
10
10
10
10
10
10
10
10
10
10
10
10
10
10
10
10
10
10
10
10
10
10
10
10
10
10
10
10
10
10
10
10
10
10
10
10
10
10
10
10
10
10
10
10
10
10
10
10
10
10
10
10
10
10
10
10
10
10
10
10
10
10
10
10
10
10
10
10
10
10
10
10
10
10
10
10
10
10
10
10
10
10
10
10
10
10
10
10
10
10
10
10
10
10
10
10
10
10
10
10
10
10
10
10
10
10
10
10
10
10
10
10
10
10
10
10
10
10
10
10
10
10
10
10
10
10
10
10
10
10
10
10
10
10
10
10
10
10
10
10
10
10
10
10
10
10
10
10
10
10
10
10
10
10
10
10
10
10
10
10
10
10
10
10
10
10
10
10
10
10
10
10
10
10
10
10
10
10
10
10
10
10
10
10
10
10
10
10
10
10
10
10
10
10
10
10
10
10
10
10
10
10
10
10
10
10
10
10
10
10
10
10
10
10
10
10
10
10
10
10
10
10
10
10
10
10
10
10
10
10
10
10
10
10
10
10
10
10
10
10
10
10
10
10
10
10
10
10
10
10
10
10
10
10
10
10
10
10
10
10
10
10
10
10
10
10
10
10
10
10
10
10
10
10
10
10
10
10
10
10
10
10
10
10
10
10
10
10
10
10
10
10
10
10
10
10
10
10
10
10
10
10
10
10
10
10
10
10
10
10
10
10
10
10
10
10
10
10
10
10
10
10
10
10
10
10
10
10
10
10
10
10
10
10
10
10
10
10
10
10
10
10
10
10
10
10
10
10
10
10
10
10
10
10
10
10
10
10
10
10
10
10
10
10
10
10
10
10
10
10

0
2
2
6
7
7
9
9
10
11
13
13
14
17
17
18
19
20
20
21
21
23
23
23
23
24
24
25
26
26
26
27
29
30
30
32
33
33
36
36
37
38
38
39
42
42
43
43
46
46
48
50
52
52
52
53
54
56
57
59
59
59
61
63
64
65
65
66
66
66
66
66
68
69
70
71
71
73
74
74
76
77
77
77
78
79
79
79
79
80
81
81
81
84
86
86
87
87
88
91
91
91
91
93
93
94
95
96
98
102
103
103
103
104
106
107
108
109
110
111
113
114
115
117
119
120
120
121
122
124
126
129
132
132
134
135
135
135
136
137
137
138
140
143
143
144
145
145
145
146
147
151
152
153
154
154
154
156
158
158
159
159
160
160
160
161
163
163
163
164
164
164
164
168
169
170
171
171
172
175
177
177
177
178
180
180
183
184
184
186
188
189
190
190
191
191
193
193
194
195
196
196
196
198
199
199
201
201
204
204
206
207
208
208
209
210
210
210
211
211
213
213
213
213
214
217
219
219
220
220
224
225
225
226
226
227
227
229
229
229
229
230
232
235
235
236
238
239
242
243
244
245
247
249
251
253
253
253
254
258
258
259
259
260
261
262
262
262
262
266
267
267
267
267
271
271
271
272
272
273
273
275
275
275
278
280
280
280
281
282
282
283
286
287
288
291
292
294
297
297
298
300
301
304
304
305
305
306
308
308
309
309
312
313
313
314
315
316
317
318
320
320
320
322
323
323
325
327
327
327
329
329
329
329
331
332
332
334
334
335
337
337
338
339
339
339
340
341
341
341
342
342
342
343
343
343
346
348
348
349
351
351
353
354
354
354
356
358
360
361
361
362
362
362
363
363
366
366
367
368
368
368
368
368
369
369
370
370
370
371
371
371
373
373
374
374
375
375
377
377
379
380
381
381
383
383
384
385
385
385
387
387
387
390
392
392
392
395
396
397
399
400
400
402
402
402
402
403
404
405
405
409
410
411
411
411
412
413
414
414
415
417
417
418
421
421
422
422
424
425
425
426
426
427
429
432
432
433
434
434
434
435
439
441
441
441
443
445
446
446
447
448
448
450
453
455
456
456
457
457
457
457
458
459
459
459
460
460
461
461
462
462
463
466
470
470
473
475
478
478
479
480
481
481
482
483
484
484
484
487
488
488
488
488
489
490
490
490
490
491
491
491
492
493
495
495
496
496
498
498
498
499
500
500
501
502
503
503
505
505
506
509
509
517
517
517
518
521
522
522
522
522
523
523
524
524
524
524
525
525
527
528
531
531
532
532
533
535
535
535
536
538
539
539
539
540
541
542
543
543
543
547
548
549
550
550
551
551
551
551
553
553
558
558
558
559
559
559
562
564
564
564
565
567
568
570
575
575
576
578
579
581
581
582
583
583
584
584
585
585
585
585
586
586
586
586
587
587
587
591
592
593
593
594
595
596
596
597
597
599
600
601
602
602
604
605
606
606
607
609
610
611
613
617
617
618
620
620
620
620
621
622
624
625
626
626
627
631
631
631
632
633
633
634
635
636
636
637
639
639
640
640
640
641
641
642
642
644
644
644
645
645
645
646
648
649
649
649
650
650
652
655
655
656
657
658
658
658
659
659
659
661
661
661
663
664
666
666
667
668
668
668
669
669
670
671
675
676
676
678
678
678
681
682
683
685
685
688
693
696
696
697
698
698
699
699
699
701
702
703
704
706
706
707
708
709
710
710
711
711
711
711
713
713
713
716
716
717
717
717
718
720
722
722
722
725
725
727
728
729
729
732
733
734
734
735
735
736
737
738
740
741
742
743
743
744
745
745
746
747
747
749
749
752
753
754
755
757
758
759
759
761
761
764
764
765
768
768
768
769
769
772
773
774
774
774
775
776
779
779
780
780
780
780
781
782
782
783
784
784
786
787
788
788
788
790
791
791
796
796
796
797
798
799
801
801
803
804
806
807
807
807
809
810
811
814
815
815
815
815
817
817
818
819
820
821
823
825
828
831
832
833
835
836
836
837
837
839
840
840
840
843
843
845
845
846
847
847
849
850
851
854
856
857
859
859
861
862
862
864
864
865
867
869
869
871
871
872
872
873
874
875
876
876
878
879
880
881
881
884
885
887
888
888
891
892
893
894
894
894
895
896
898
899
902
904
904
904
904
904
905
905
905
906
907
908
908
909
909
909
910
911
911
915
915
915
915
916
916
917
917
918
918
918
919
920
920
921
921
923
925
926
927
929
931
932
933
933
933
934
934
936
936
937
937
937
938
939
939
939
940
942
942
942
945
945
946
947
948
950
951
953
954
955
958
958
962
965
967
967
968
972
972
972
973
973
973
974
976
977
977
977
978
979
982
983
984
984
986
987
989
989
991
992
992
992
992
993
996
996
996
997
999
1001
1001
1006
1006
1006
1008
1008
1008
1009
1009
1010
1012
1013
1013
1017
1018
1020
1021
1022
1022
1022
1022
1024
1025
1025
1026
1027
1027
1029
1031
1032
1032
1035
1040
1040
1043
1044
1045
1045
1046
1047
1049
1049
1053
1053
1054
1055
1057
1057
1057
1058
1061
1062
1062
1064
1064
1066
1067
1068
1068
1070
1071
1071
1072
1073
1073
1074
1075
1076
1076
1078
1082
1085
1086
1087
1088
1088
1089
1090
1090
1090
1093
1095
1096
1096
1097
1098
1099
1099
1101
1103
1103
1104
1104
1106
1106
1108
1109
1110
1111
1113
1114
1114
1118
1120
1121
1121
1122
1123
1125
1125
1126
1126
1127
1128
1128
1128
1128
1128
1128
1129
1131
1132
1136
1138
1138
1142
1142
1142
1143
1144
1144
1145
1146
1148
1148
1149
1149
1151
1153
1153
1154
1154
1157
1158
1160
1160
1165
1165
1168
1170
1172
1173
1174
1176
1177
1178
1178
1179
1179
1181
1182
1182
1182
1184
1184
1184
1186
1187
1188
1190
1190
1194
1195
1197
1197
1199
1200
1200
1202
1202
1203
1203
1205
1206
1209
1210
1210
1211
1211
1213
1214
1215
1218
1220
1221
1222
1224
1228
1228
1228
1228
1228
1231
1232
1232
1232
1233
1234
1236
1237
1239
1240
1242
1242
1243
1244
1244
1245
1245
1246
1246
1246
1247
1248
1252
1252
1252
1252
1253
1254
1255
1256
1256
1256
1257
1257
1261
1262
1265
1265
1267
1269
1271
1272
1272
1272
1273
1273
1276
1276
1277
1280
1281
1282
1284
1285
1285
1285
1285
1287
1287
1288
1288
1288
1289
1289
1290
1290
1291
1291
1292
1292
1292
1293
1293
1294
1294
1294
1297
1298
1299
1300
1300
1300
1301
1301
1301
1302
1303
1305
1305
1306
1306
1309
1309
1310
1310
1310
1312
1312
1316
1318
1318
1321
1322
1322
1322
1322
1325
1325
1326
1327
1327
1327
1328
1329
1330
1332
1334
1334
1335
1335
1337
1338
1340
1340
1341
1341
1342
1343
1343
1344
1348
1348
1350
1352
1353
1354
1354
1354
1356
1357
1358
1359
1360
1363
1363
1364
1364
1368
1368
1368
1370
1375
1377
1378
1378
1378
1379
1381
1382
1382
1384
1387
1389
1390
1391
1391
1392
1392
1393
1394
1394
1396
1396
1396
1397
1398
1400
1402
1404
1407
1411
1412
1412
1413
1413
1415
1415
1416
1420
1420
1421
1421
1422
1422
1423
1423
1424
1424
1425
1425
1425
1426
1426
1428
1429
1429
1430
1434
1435
1436
1436
1437
1437
1437
1437
1437
1439
1440
1440
1440
1440
1442
1444
1445
1446
1446
1447
1449
1450
1450
1451
1452
1453
1453
1453
1455
1456
1458
1459
1459
1459
1461
1462
1462
1465
1465
1466
1466
1467
1469
1470
1470
1471
1471
1474
1474
1475
1475
1478
1478
1478
1478
1479
1481
1481
1481
1482
1487
1487
1488
1488
1490
1490
1491
1491
1494
1495
1496
1496
1496
1497
1497
1497
1499
1501
1501
1503
1503
1504
1504
1505
1507
1507
1508
1510
1511
1513
1516
1517
1517
1518
1519
1522
1524
1524
1525
1526
1527
1528
1528
1528
1529
1529
1531
1531
1532
1532
1533
1534
1535
1535
1536
1536
1536
1539
1539
1539
1539
1540
1540
1540
1541
1544
1546
1546
1547
1547
1550
1551
1553
1554
1554
1555
1556
1559
1560
1563
1565
1567
1568
1568
1569
1570
1573
1577
1578
1578
1580
1580
1583
1584
1585
1586
1587
1590
1590
1590
1590
1591
1592
1592
1597
1597
1597
1597
1597
1598
1599
1599
1601
1601
1602
1602
1603
1603
1603
1603
1604
1605
1607
1608
1609
1610
1610
1611
1616
1616
1617
1618
1619
1620
1620
1622
1622
1622
1624
1625
1625
1626
1627
1628
1628
1630
1630
1632
1632
1633
1633
1633
1634
1635
1635
1636
1636
1638
1638
1639
1640
1640
1640
1641
1642
1646
1647
1647
1651
1652
1653
1653
1653
1654
1655
1656
1657
1657
1660
1660
1662
1663
1666
1669
1673
1673
1674
1674
1674
1675
1676
1676
1677
1678
1679
1681
1683
1685
1687
1689
1691
1693
1695
1697
1698
1698
1699
1699
1700
1701
1701
1704
1707
1709
1710
1711
1712
1712
1713
1717
1717
1717
1718
1718
1719
1720
1721
1721
1722
1723
1724
1724
1725
1727
1728
1728
1728
1728
1731
1732
1733
1736
1737
1737
1739
1740
1741
1742
1744
1745
1745
1745
1747
1747
1749
1749
1750
1750
1751
1751
1752
1753
1753
1754
1756
1758
1758
1758
1760
1760
1760
1761
1761
1762
1763
1764
1764
1765
1766
1768
1770
1772
1772
1773
1773
1774
1775
1775
1775
1775
1775
1775
1776
1777
1778
1780
1781
1781
1781
1783
1784
1785
1786
1786
1790
1791
1792
1796
1796
1800
1800
1800
1803
1803
1807
1807
1807
1808
1809
1810
1811
1812
1814
1816
1818
1822
1825
1825
1825
1825
1825
1825
1825
1825
1829
1830
1830
1830
1832
1833
1833
1834
1836
1837
1837
1838
1841
1841
1841
1842
1842
1844
1844
1847
1849
1849
1849
1852
1852
1852
1854
1854
1854
1855
1856
1857
1858
1858
1861
1861
1861
1862
1862
1863
1863
1864
1865
1866
1867
1867
1868
1869
1870
1870
1872
1872
1873
1874
1875
1875
1877
1878
1879
1881
1884
1885
1886
1886
1888
1888
1890
1893
1894
1895
1896
1896
1897
1897
1899
1899
1901
1901
1902
1902
1903
1903
1906
1906
1907
1908
1909
1909
1909
1911
1912
1914
1915
1915
1915
1916
1920
1922
1923
1923
1927
1929
1929
1929
1931
1931
1931
1932
1933
1933
1934
1935
1936
1937
1938
1938
1939
1942
1942
1944
1944
1945
1946
1947
1948
1948
1949
1955
1955
1956
1957
1958
1959
1961
1961
1962
1963
1966
1966
1967
1968
1969
1970
1970
1972
1973
1974
1975
1975
1975
1977
1978
1978
1979
1980
1980
1981
1981
1984
1984
1984
1985
1985
1987
1988
1989
1990
1992
1993
1993
1994
1995
1996
1996
1997
1998
2000
2000
2000
2001
2004
2005
2007
2008
2008
2011
2011
2011
2012
2012
2013
2014
2015
2015
2018
2019
2020
2021
2023
2025
2026
2028
2028
2029
2029
2030
2032
2033
2035
2036
2036
2039
2040
2043
2043
2045
2046
2046
2047
2048
2048
2049
2051
2057
2058
2059
2059
2060
2060
2061
2061
2062
2066
2066
2067
2067
2069
2070
2072
2073
2074
2075
2076
2077
2077
2081
2082
2082
2085
2086
2086
2087
2087
2088
2088
2088
2089
2090
2091
2093
2094
2096
2097
2097
2098
2100
2102
2102
2103
2103
2103
2105
2105
2106
2106
2108
2108
2108
2109
2109
2109
2109
2109
2110
2111
2113
2113
2114
2114
2117
2119
2120
2122
2122
2122
2123
2123
2125
2125
2126
2126
2128
2130
2130
2132
2133
2133
2134
2135
2138
2139
2140
2140
2143
2143
2144
2147
2147
2147
2148
2148
2149
2150
2151
2151
2153
2155
2157
2158
2160
2160
2160
2160
2160
2160
2161
2161
2163
2163
2166
2167
2169
2169
2169
2170
2171
2171
2171
2173
2173
2175
2176
2176
2178
2178
2178
2179
2182
2182
2183
2183
2185
2185
2186
2186
2187
2189
2190
2190
2191
2191
2192
2193
2193
2195
2195
2200
2202
2203
2203
2208
2208
2209
2209
2210
2211
2211
2211
2212
2214
2217
2217
2218
2221
2224
2224
2225
2227
2227
2227
2228
2228
2229
2229
2230
2231
2232
2233
2234
2234
2235
2235
2235
2236
2236
2236
2236
2239
2240
2241
2241
2245
2247
2249
2250
2251
2252
2255
2258
2258
2259
2265
2266
2267
2267
2267
2268
2268
2269
2271
2271
2271
2271
2271
2272
2274
2274
2275
2276
2276
2276
2277
2278
2280
2284
2286
2286
2286
2287
2288
2289
2290
2291
2291
2291
2292
2292
2292
2293
2293
2294
2295
2297
2298
2300
2302
2302
2302
2302
2303
2309
2313
2315
2316
2316
2317
2318
2319
2320
2320
2320
2321
2321
2322
2324
2326
2326
2326
2327
2329
2329
2330
2331
2332
2332
2333
2334
2336
2338
2339
2339
2340
2343
2346
2347
2347
2348
2349
2351
2352
2352
2354
2356
2359
2359
2360
2362
2363
2365
2365
2366
2366
2367
2368
2369
2369
2370
2370
2370
2374
2375
2377
2377
2378
2378
2381
2382
2382
2383
2386
2388
2388
2389
2389
2389
2389
2390
2390
2391
2392
2393
2394
2396
2397
2399
2399
2399
2400
2400
2401
2403
2403
2404
2405
2407
2408
2409
2409
2409
2413
2415
2416
2416
2417
2417
2418
2420
2421
2421
2422
2422
2422
2422
2424
2424
2425
2425
2427
2428
2428
2429
2429
2429
2431
2432
2435
2435
2435
2435
2437
2438
2439
2442
2443
2445
2448
2449
2449
2449
2452
2452
2452
2453
2454
2456
2458
2459
2459
2460
2460
2461
2461
2461
2462
2464
2468
2469
2471
2472
2472
2473
2475
2476
2476
2476
2478
2478
2478
2481
2482
2483
2483
2486
2486
2489
2489
2491
2492
2493
2495
2495
2495
2497
2499
2500
2500
2501
2503
2506
2506
2506
2506
2507
2508
2508
2509
2509
2510
2511
2512
2513
2514
2515
2517
2517
2518
2519
2519
2521
2523
2524
2527
2528
2528
2531
2532
2534
2534
2535
2538
2542
2542
2543
2544
2545
2547
2547
2549
2550
2552
2552
2552
2552
2553
2554
2555
2555
2555
2556
2556
2556
2556
2557
2559
2559
2562
2562
2562
2563
2565
2567
2568
2568
2568
2570
2570
2571
2571
2571
2572
2576
2577
2578
2580
2582
2582
2582
2583
2583
2584
2586
2586
2587
2588
2588
2590
2591
2591
2591
2591
2591
2593
2593
2595
2597
2598
2598
2599
2599
2601
2602
2603
2603
2604
2605
2608
2609
2609
2609
2612
2612
2615
2619
2620
2621
2621
2622
2623
2623
2626
2630
2631
2632
2633
2633
2633
2635
2638
2639
2640
2640
2642
2642
2643
2644
2644
2645
2645
2648
2649
2649
2650
2651
2651
2652
2652
2656
2657
2657
2658
2659
2659
2660
2660
2661
2662
2665
2667
2667
2667
2667
2668
2669
2670
2670
2671
2672
2672
2673
2675
2677
2677
2677
2680
2680
2683
2684
2686
2687
2687
2687
2688
2689
2689
2690
2690
2690
2690
2692
2694
2694
2695
2695
2695
2698
2699
2702
2703
2704
2705
2706
2706
2706
2707
2707
2708
2708
2709
2709
2709
2709
2710
2710
2712
2712
2713
2713
2714
2715
2716
2717
2717
2717
2717
2719
2720
2720
2720
2720
2720
2721
2726
2726
2732
2733
2734
2734
2736
2737
2738
2740
2742
2744
2745
2745
2746
2747
2748
2749
2750
2751
2752
2752
2753
2754
2755
2755
2756
2757
2757
2758
2761
2761
2762
2764
2765
2766
2766
2766
2767
2768
2768
2768
2769
2771
2772
2773
2774
2775
2775
2776
2778
2779
2780
2782
2783
2783
2784
2784
2785
2785
2785
2785
2787
2788
2788
2789
2790
2791
2793
2795
2795
2798
2802
2802
2802
2803
2804
2805
2805
2807
2807
2807
2808
2810
2810
2812
2813
2815
2815
2816
2816
2816
2816
2817
2818
2819
2819
2820
2821
2822
2824
2827
2828
2829
2832
2832
2832
2833
2835
2836
2837
2837
2838
2839
2842
2844
2845
2845
2845
2845
2845
2846
2847
2848
2849
2850
2852
2855
2858
2859
2859
2860
2860
2860
2863
2867
2868
2869
2870
2870
2871
2871
2872
2872
2873
2874
2876
2876
2876
2877
2878
2878
2882
2882
2884
2884
2884
2885
2887
2887
2887
2889
2890
2890
2891
2891
2891
2892
2893
2894
2894
2895
2895
2897
2899
2902
2902
2902
2903
2905
2910
2910
2911
2912
2912
2913
2913
2913
2917
2918
2921
2921
2922
2923
2923
2924
2924
2926
2926
2927
2927
2928
2929
2929
2929
2929
2930
2930
2930
2930
2933
2937
2938
2939
2939
2939
2940
2941
2941
2943
2943
2945
2946
2948
2950
2950
2951
2951
2951
2951
2952
2953
2953
2956
2956
2957
2958
2959
2959
2960
2962
2963
2965
2966
2967
2967
2967
2968
2968
2969
2969
2969
2972
2972
2975
2976
2977
2978
2982
2984
2984
2984
2985
2985
2986
2986
2986
2987
2988
2988
2989
2990
2991
2991
2993
2993
2994
2995
2996
2996
2999
2999
2999
3000
3001
3001
3002
3002
3002
3002
3003
3005
3008
3009
3009
3010
3011
3011
3012
3012
3014
3016
3017
3019
3020
3020
3022
3023
3027
3028
3030
3034
3035
3035
3036
3036
3038
3039
3040
3042
3043
3044
3046
3049
3050
3050
3054
3054
3056
3056
3058
3059
3059
3060
3061
3062
3064
3065
3066
3069
3069
3070
3070
3071
3071
3074
3074
3075
3077
3078
3082
3083
3084
3085
3085
3086
3086
3086
3089
3089
3089
3090
3090
3091
3094
3094
3095
3096
3097
3097
3100
3101
3104
3104
3104
3108
3109
3110
3112
3115
3117
3122
3123
3123
3123
3127
3129
3130
3132
3134
3137
3138
3139
3139
3140
3140
3140
3141
3141
3142
3144
3144
3144
3145
3145
3149
3149
3151
3152
3153
3153
3153
3154
3155
3155
3156
3156
3157
3161
3161
3162
3162
3162
3163
3164
3165
3165
3166
3169
3170
3171
3173
3173
3174
3175
3175
3177
3178
3179
3180
3181
3184
3185
3186
3190
3190
3190
3191
3191
3191
3191
3191
3192
3194
3195
3196
3198
3199
3200
3201
3201
3203
3203
3203
3204
3204
3204
3206
3207
3208
3210
3212
3213
3214
3215
3216
3216
3218
3219
3221
3221
3222
3223
3223
3223
3226
3227
3228
3229
3230
3231
3231
3234
3234
3234
3235
3237
3237
3238
3240
3242
3243
3243
3247
3247
3248
3249
3251
3252
3253
3253
3253
3254
3254
3255
3255
3256
3257
3260
3260
3263
3264
3264
3265
3265
3266
3268
3268
3269
3269
3269
3273
3274
3274
3274
3276
3276
3276
3278
3278
3278
3283
3283
3284
3284
3286
3286
3287
3291
3291
3294
3294
3294
3296
3297
3302
3302
3302
3303
3304
3304
3304
3305
3306
3306
3306
3308
3309
3309
3310
3310
3312
3316
3317
3318
3318
3319
3319
3319
3322
3323
3323
3323
3323
3324
3325
3326
3327
3327
3328
3328
3329
3329
3330
3330
3333
3333
3334
3335
3336
3336
3338
3339
3339
3340
3340
3341
3341
3342
3342
3343
3343
3344
3346
3346
3347
3347
3347
3348
3348
3349
3350
3355
3357
3361
3362
3364
3366
3368
3369
3370
3370
3372
3372
3374
3374
3376
3377
3378
3379
3379
3380
3381
3382
3382
3383
3383
3383
3383
3384
3386
3387
3388
3388
3388
3389
3390
3390
3392
3394
3394
3395
3395
3396
3397
3397
3398
3398
3399
3400
3400
3400
3401
3401
3403
3404
3404
3405
3405
3406
3406
3407
3409
3409
3410
3410
3411
3411
3411
3412
3412
3416
3417
3419
3421
3423
3424
3425
3425
3427
3428
3429
3429
3430
3432
3436
3437
3437
3441
3442
3442
3442
3443
3443
3445
3445
3446
3447
3450
3451
3453
3454
3455
3455
3457
3460
3460
3460
3461
3461
3463
3464
3466
3466
3466
3468
3468
3468
3469
3470
3471
3472
3473
3474
3474
3477
3477
3477
3478
3478
3479
3481
3483
3485
3485
3486
3488
3488
3490
3491
3491
3492
3492
3493
3494
3494
3497
3497
3497
3502
3503
3503
3505
3506
3507
3508
3508
3508
3509
3510
3510
3510
3511
3511
3511
3513
3514
3515
3515
3515
3517
3517
3518
3521
3524
3524
3526
3527
3528
3528
3531
3532
3532
3532
3533
3534
3534
3537
3539
3539
3542
3542
3542
3543
3543
3544
3544
3544
3545
3546
3546
3547
3547
3547
3549
3549
3550
3551
3552
3552
3554
3556
3557
3558
3558
3558
3559
3561
3561
3562
3562
3563
3564
3565
3565
3566
3567
3568
3572
3574
3577
3579
3579
3579
3580
3580
3580
3580
3584
3585
3585
3587
3587
3592
3592
3592
3593
3596
3598
3598
3599
3600
3600
3601
3602
3602
3603
3603
3603
3604
3608
3609
3611
3612
3615
3617
3617
3617
3617
3619
3620
3623
3624
3625
3626
3627
3629
3632
3632
3633
3634
3635
3636
3638
3638
3641
3641
3641
3642
3642
3643
3643
3644
3644
3648
3649
3649
3652
3652
3653
3654
3656
3658
3661
3662
3662
3662
3663
3665
3665
3666
3666
3666
3667
3672
3673
3673
3674
3675
3676
3677
3678
3680
3680
3680
3681
3682
3683
3684
3685
3686
3686
3687
3689
3692
3692
3692
3695
3697
3699
3704
3705
3706
3706
3707
3707
3708
3709
3711
3711
3713
3714
3716
3717
3717
3720
3721
3722
3723
3723
3725
3727
3728
3731
3732
3733
3733
3734
3734
3735
3735
3736
3738
3741
3742
3743
3743
3744
3745
3746
3747
3748
3748
3748
3750
3751
3753
3754
3754
3754
3754
3756
3758
3758
3760
3761
3762
3762
3762
3762
3763
3763
3763
3763
3764
3764
3764
3765
3765
3770
3770
3770
3771
3772
3776
3780
3780
3780
3781
3783
3783
3784
3785
3787
3790
3791
3792
3795
3795
3797
3797
3798
3798
3800
3801
3803
3805
3807
3808
3810
3811
3811
3812
3812
3813
3813
3814
3815
3815
3816
3817
3819
3820
3821
3822
3823
3824
3825
3825
3826
3827
3827
3827
3827
3827
3827
3827
3830
3830
3831
3832
3832
3833
3833
3836
3836
3837
3837
3837
3839
3842
3845
3850
3853
3853
3855
3855
3856
3856
3857
3860
3860
3864
3864
3866
3867
3868
3869
3870
3871
3872
3873
3878
3878
3879
3879
3880
3882
3882
3883
3883
3884
3887
3887
3888
3888
3890
3891
3891
3892
3894
3899
3901
3901
3901
3903
3906
3907
3908
3910
3910
3913
3913
3914
3916
3916
3918
3920
3921
3922
3923
3924
3926
3926
3928
3928
3929
3929
3930
3930
3930
3930
3930
3932
3933
3933
3934
3934
3935
3935
3935
3938
3939
3940
3940
3941
3941
3942
3943
3943
3944
3945
3945
3948
3948
3949
3949
3953
3953
3953
3953
3954
3954
3954
3955
3956
3959
3960
3961
3961
3962
3963
3965
3965
3967
3968
3969
3969
3969
3969
3969
3970
3970
3972
3974
3976
3981
3982
3983
3984
3984
3985
3987
3990
3991
3991
3991
3992
3992
3993
3994
3995
3996
3996
3997
4000
4000
4000
4001
4004
4005
4007
4008
4010
4011
4011
4013
4017
4018
4021
4021
4023
4023
4027
4028
4030
4032
4032
4033
4034
4036
4036
4036
4038
4038
4040
4042
4043
4043
4044
4044
4045
4045
4045
4046
4048
4049
4050
4050
4051
4053
4053
4055
4055
4055
4056
4057
4058
4058
4059
4060
4061
4062
4062
4062
4062
4064
4064
4064
4066
4067
4067
4068
4069
4069
4071
4074
4075
4077
4077
4078
4078
4079
4084
4085
4088
4089
4091
4092
4092
4092
4093
4095
4096
4097
4097
4097
4098
4099
4100
4100
4102
4104
4105
4106
4106
4109
4110
4110
4112
4113
4115
4117
4117
4118
4119
4119
4121
4123
4126
4126
4126
4128
4128
4129
4130
4130
4131
4133
4135
4135
4136
4138
4139
4143
4144
4144
4145
4145
4146
4147
4147
4148
4148
4149
4149
4149
4151
4151
4152
4154
4155
4156
4156
4158
4159
4160
4160
4163
4164
4165
4165
4167
4168
4170
4172
4173
4173
4173
4178
4178
4179
4179
4183
4185
4186
4186
4188
4191
4191
4191
4192
4192
4192
4194
4200
4201
4201
4201
4202
4203
4204
4206
4208
4208
4209
4209
4211
4212
4212
4214
4216
4216
4217
4217
4218
4218
4218
4219
4221
4223
4224
4224
4225
4225
4227
4227
4227
4228
4229
4230
4231
4233
4234
4237
4238
4239
4239
4241
4242
4243
4243
4244
4245
4246
4246
4247
4248
4249
4251
4252
4252
4254
4254
4255
4255
4255
4256
4256
4257
4257
4258
4258
4259
4259
4260
4261
4261
4261
4261
4262
4262
4263
4264
4264
4266
4267
4270
4272
4272
4276
4276
4278
4278
4278
4279
4279
4279
4279
4279
4279
4280
4282
4283
4283
4283
4285
4285
4286
4287
4287
4288
4289
4291
4293
4295
4295
4296
4296
4299
4299
4300
4300
4300
4300
4300
4301
4302
4304
4309
4310
4310
4311
4312
4313
4314
4316
4316
4316
4316
4317
4318
4318
4321
4322
4322
4322
4327
4329
4329
4329
4331
4332
4332
4333
4333
4333
4334
4335
4335
4335
4336
4338
4340
4340
4341
4341
4341
4342
4342
4342
4344
4345
4345
4348
4348
4349
4349
4350
4352
4352
4355
4356
4359
4361
4364
4365
4365
4367
4367
4368
4369
4369
4370
4371
4374
4376
4376
4377
4378
4380
4380
4383
4383
4383
4383
4384
4384
4385
4386
4387
4390
4391
4391
4392
4392
4392
4395
4397
4397
4397
4398
4399
4405
4406
4407
4407
4408
4408
4409
4410
4410
4410
4410
4411
4412
4414
4414
4416
4418
4419
4423
4425
4425
4426
4427
4428
4428
4428
4429
4429
4430
4438
4438
4439
4439
4440
4441
4442
4444
4445
4445
4446
4446
4447
4449
4450
4450
4452
4452
4452
4453
4454
4455
4455
4455
4456
4457
4459
4459
4459
4459
4461
4462
4462
4463
4466
4466
4467
4467
4469
4472
4474
4475
4476
4477
4477
4478
4479
4485
4485
4485
4486
4487
4487
4488
4489
4491
4494
4496
4497
4497
4497
4498
4498
4499
4499
4501
4502
4503
4503
4504
4509
4510
4512
4512
4513
4514
4515
4515
4515
4516
4516
4517
4517
4517
4519
4519
4520
4522
4524
4525
4526
4528
4529
4530
4530
4533
4538
4539
4539
4540
4540
4544
4545
4545
4548
4548
4548
4548
4549
4551
4552
4552
4554
4555
4555
4556
4557
4558
4561
4561
4562
4563
4565
4568
4569
4570
4571
4571
4572
4573
4574
4574
4574
4576
4577
4577
4579
4580
4580
4581
4581
4582
4582
4583
4586
4588
4588
4590
4590
4590
4592
4593
4595
4595
4597
4597
4598
4598
4599
4600
4600
4600
4601
4602
4602
4605
4608
4609
4609
4610
4615
4616
4618
4619
4619
4619
4620
4620
4621
4623
4625
4627
4628
4630
4631
4632
4632
4634
4634
4636
4636
4637
4637
4639
4640
4642
4642
4642
4645
4645
4647
4647
4648
4649
4650
4651
4652
4652
4652
4653
4655
4655
4657
4657
4659
4661
4662
4662
4664
4664
4665
4665
4667
4667
4670
4671
4672
4672
4672
4674
4674
4675
4675
4678
4678
4679
4679
4680
4681
4681
4681
4682
4683
4685
4685
4685
4688
4688
4688
4690
4690
4691
4691
4692
4695
4696
4696
4697
4697
4698
4698
4698
4699
4700
4700
4700
4702
4703
4703
4704
4706
4706
4706
4707
4709
4710
4711
4713
4713
4714
4714
4715
4716
4716
4716
4717
4718
4719
4719
4719
4720
4721
4723
4723
4723
4723
4724
4724
4724
4724
4725
4726
4728
4728
4729
4729
4729
4731
4732
4733
4733
4734
4734
4735
4736
4740
4743
4744
4746
4746
4747
4747
4753
4753
4754
4757
4758
4761
4762
4762
4763
4763
4764
4769
4770
4771
4771
4775
4776
4777
4778
4779
4779
4779
4779
4780
4781
4782
4782
4782
4784
4784
4784
4785
4785
4786
4787
4788
4790
4790
4791
4795
4796
4796
4798
4800
4800
4800
4801
4804
4805
4805
4805
4807
4808
4809
4810
4811
4811
4812
4812
4813
4813
4813
4814
4814
4814
4814
4817
4817
4818
4819
4819
4820
4821
4821
4821
4822
4823
4823
4824
4824
4825
4825
4826
4827
4829
4830
4831
4831
4832
4832
4833
4834
4835
4836
4836
4838
4839
4839
4841
4848
4849
4850
4851
4851
4853
4855
4856
4858
4859
4859
4860
4862
4863
4863
4865
4865
4865
4865
4866
4868
4869
4869
4870
4871
4871
4872
4872
4873
4876
4877
4879
4880
4881
4883
4883
4884
4885
4885
4885
4888
4889
4890
4891
4892
4892
4892
4893
4894
4895
4896
4896
4896
4898
4899
4899
4899
4900
4900
4901
4903
4904
4905
4907
4907
4908
4910
4910
4911
4912
4913
4913
4913
4915
4916
4916
4918
4918
4919
4919
4920
4920
4923
4924
4925
4927
4927
4928
4933
4933
4934
4934
4936
4939
4939
4939
4940
4942
4942
4943
4944
4946
4947
4949
4949
4949
4951
4951
4952
4954
4955
4955
4956
4956
4957
4957
4959
4960
4960
4962
4964
4964
4964
4965
4966
4969
4972
4972
4975
4976
4977
4977
4978
4978
4979
4981
4981
4983
4984
4987
4988
4988
4989
4989
4989
4989
4991
4991
4992
4994
4995
4996
4997
4998
4999
5001
5001
5002
5002
5002
5003
5004
5005
5007
5008
5010
5010
5011
5015
5015
5016
5017
5017
5017
5017
5017
5018
5018
5021
5022
5024
5024
5026
5027
5027
5027
5029
5030
5030
5031
5033
5035
5036
5042
5043
5043
5044
5045
5046
5046
5048
5050
5050
5051
5052
5052
5052
5054
5054
5056
5057
5059
5059
5059
5060
5060
5062
5062
5063
5064
5064
5065
5065
5066
5066
5067
5068
5068
5070
5071
5073
5074
5074
5074
5075
5079
5079
5080
5081
5081
5082
5082
5082
5082
5083
5083
5084
5084
5085
5085
5085
5087
5089
5090
5092
5092
5093
5094
5095
5098
5099
5100
5100
5101
5104
5105
5106
5106
5107
5107
5107
5107
5107
5107
5109
5109
5113
5113
5114
5116
5117
5118
5119
5121
5121
5122
5124
5124
5124
5126
5127
5128
5128
5128
5128
5131
5133
5133
5134
5135
5135
5135
5135
5136
5137
5138
5139
5139
5139
5139
5141
5141
5141
5145
5145
5145
5146
5146
5146
5148
5149
5153
5155
5155
5156
5157
5157
5157
5158
5159
5159
5159
5159
5160
5161
5161
5161
5163
5165
5166
5167
5169
5169
5171
5172
5173
5174
5176
5176
5177
5177
5179
5179
5180
5180
5181
5184
5185
5186
5187
5188
5190
5190
5190
5191
5194
5194
5195
5196
5197
5202
5202
5203
5203
5205
5205
5206
5206
5206
5208
5208
5210
5212
5214
5216
5221
5221
5221
5221
5222
5222
5222
5224
5225
5226
5228
5229
5229
5230
5230
5231
5232
5234
5234
5235
5239
5240
5240
5242
5243
5244
5245
5245
5246
5246
5249
5250
5250
5250
5251
5251
5254
5255
5255
5255
5257
5258
5258
5258
5258
5259
5259
5259
5261
5264
5265
5266
5268
5268
5268
5269
5269
5269
5269
5271
5273
5273
5274
5279
5281
5282
5282
5282
5283
5283
5284
5285
5286
5287
5288
5290
5290
5293
5294
5294
5294
5295
5296
5297
5297
5298
5298
5298
5300
5300
5303
5304
5305
5306
5307
5308
5308
5308
5309
5310
5311
5312
5312
5313
5314
5314
5314
5316
5317
5317
5318
5319
5319
5320
5321
5321
5322
5323
5325
5326
5327
5328
5328
5329
5330
5330
5330
5330
5331
5331
5332
5333
5333
5333
5334
5334
5335
5336
5340
5340
5341
5341
5342
5342
5342
5343
5344
5345
5346
5347
5348
5348
5350
5351
5352
5352
5353
5354
5355
5355
5356
5357
5358
5359
5361
5362
5363
5365
5365
5365
5366
5368
5369
5369
5369
5369
5370
5370
5371
5371
5375
5376
5376
5377
5377
5379
5380
5380
5380
5380
5380
5380
5382
5385
5385
5386
5386
5387
5392
5392
5393
5395
5397
5399
5400
5400
5402
5403
5404
5406
5407
5407
5408
5409
5409
5411
5412
5412
5412
5414
5414
5416
5417
5419
5422
5422
5424
5424
5426
5426
5428
5428
5428
5428
5430
5431
5433
5433
5433
5434
5437
5437
5437
5438
5438
5440
5440
5440
5440
5441
5441
5442
5442
5444
5444
5444
5448
5449
5449
5457
5459
5460
5460
5460
5461
5461
5461
5462
5464
5464
5465
5466
5467
5467
5469
5470
5471
5474
5475
5475
5478
5479
5479
5479
5481
5481
5482
5484
5486
5486
5486
5486
5488
5490
5490
5491
5491
5491
5493
5495
5495
5496
5497
5498
5500
5500
5502
5503
5503
5506
5506
5506
5506
5506
5509
5510
5511
5512
5512
5514
5514
5515
5515
5515
5516
5517
5518
5524
5524
5526
5527
5527
5532
5532
5533
5533
5534
5535
5535
5536
5536
5536
5536
5537
5537
5538
5538
5542
5542
5544
5545
5547
5547
5548
5548
5549
5550
5551
5554
5555
5556
5556
5557
5560
5561
5562
5563
5564
5566
5566
5567
5567
5567
5568
5568
5568
5570
5570
5571
5572
5572
5573
5575
5576
5576
5577
5577
5578
5579
5581
5582
5586
5587
5588
5590
5590
5590
5591
5594
5595
5595
5596
5597
5598
5599
5603
5603
5604
5604
5606
5606
5608
5608
5609
5610
5611
5612
5613
5614
5616
5617
5618
5619
5620
5620
5623
5623
5624
5626
5626
5627
5630
5631
5631
5632
5632
5633
5634
5635
5635
5637
5637
5637
5638
5640
5642
5644
5645
5647
5647
5648
5649
5649
5651
5651
5652
5652
5654
5654
5655
5655
5656
5659
5661
5663
5664
5666
5666
5667
5668
5668
5669
5669
5669
5670
5671
5671
5671
5672
5673
5674
5674
5675
5677
5680
5680
5682
5682
5682
5684
5684
5684
5684
5684
5686
5686
5688
5689
5690
5690
5691
5691
5692
5693
5694
5695
5696
5696
5697
5699
5700
5701
5701
5702
5704
5706
5709
5713
5714
5714
5715
5715
5716
5716
5716
5720
5722
5723
5723
5723
5724
5724
5725
5725
5725
5727
5731
5733
5733
5733
5734
5735
5735
5736
5736
5736
5737
5738
5740
5741
5741
5742
5742
5745
5747
5748
5749
5749
5749
5749
5749
5752
5753
5753
5753
5754
5755
5756
5760
5762
5762
5766
5767
5767
5767
5767
5768
5769
5770
5770
5771
5772
5773
5775
5776
5776
5777
5777
5777
5779
5780
5782
5783
5783
5783
5783
5784
5785
5785
5792
5794
5794
5794
5795
5795
5796
5796
5796
5796
5797
5798
5798
5799
5801
5801
5802
5803
5804
5806
5806
5806
5806
5807
5807
5808
5810
5811
5811
5812
5812
5813
5814
5815
5815
5817
5818
5819
5820
5820
5821
5822
5822
5822
5823
5823
5824
5825
5825
5827
5829
5830
5830
5833
5835
5835
5835
5835
5836
5836
5837
5839
5839
5841
5841
5841
5842
5844
5844
5845
5846
5847
5847
5848
5850
5851
5852
5853
5854
5855
5857
5857
5859
5860
5862
5863
5863
5865
5866
5866
5867
5868
5869
5873
5874
5874
5874
5874
5874
5876
5876
5877
5882
5884
5886
5887
5887
5888
5888
5890
5890
5890
5890
5891
5891
5892
5892
5893
5894
5894
5894
5895
5896
5896
5896
5898
5900
5903
5903
5904
5904
5905
5905
5907
5907
5908
5908
5909
5911
5911
5916
5919
5919
5920
5920
5921
5922
5922
5923
5923
5923
5925
5926
5928
5929
5929
5929
5930
5931
5932
5934
5934
5935
5937
5939
5940
5940
5940
5940
5941
5942
5942
5942
5943
5943
5944
5945
5948
5949
5949
5950
5951
5953
5953
5955
5955
5956
5958
5958
5958
5961
5962
5963
5965
5968
5968
5969
5971
5971
5972
5974
5976
5977
5977
5977
5978
5978
5979
5984
5984
5985
5985
5986
5987
5988
5989
5989
5989
5990
5991
5992
5993
5993
5994
5995
5995
5998
5998
5999
6001
6002
6002
6006
6006
6007
6007
6008
6008
6008
6010
6012
6013
6015
6017
6019
6020
6021
6023
6024
6025
6026
6027
6027
6027
6028
6028
6031
6032
6033
6035
6036
6037
6038
6039
6039
6040
6042
6042
6043
6043
6045
6046
6047
6049
6050
6051
6052
6053
6056
6061
6061
6065
6066
6068
6070
6070
6070
6071
6072
6073
6073
6074
6075
6075
6076
6077
6077
6077
6079
6081
6081
6081
6082
6082
6084
6087
6088
6088
6088
6089
6089
6091
6091
6094
6094
6096
6096
6098
6099
6099
6101
6101
6102
6102
6103
6103
6104
6104
6105
6106
6107
6108
6109
6111
6114
6114
6115
6115
6117
6118
6118
6118
6119
6122
6123
6123
6124
6125
6125
6126
6127
6128
6129
6129
6129
6130
6132
6132
6134
6134
6135
6135
6136
6136
6137
6138
6138
6139
6141
6142
6142
6149
6149
6150
6151
6151
6152
6154
6155
6155
6155
6156
6158
6158
6159
6161
6163
6165
6170
6171
6171
6172
6173
6174
6174
6175
6176
6177
6177
6179
6180
6181
6182
6182
6184
6187
6187
6187
6188
6188
6188
6188
6189
6193
6193
6193
6194
6195
6196
6199
6199
6199
6200
6200
6202
6204
6204
6205
6208
6209
6209
6210
6211
6212
6213
6215
6216
6218
6219
6220
6220
6221
6223
6223
6224
6225
6225
6225
6226
6226
6228
6230
6231
6232
6233
6236
6236
6236
6238
6239
6240
6240
6241
6241
6241
6241
6242
6243
6244
6250
6250
6251
6251
6252
6253
6253
6253
6254
6254
6257
6257
6257
6258
6261
6261
6265
6265
6266
6267
6268
6269
6269
6271
6271
6272
6273
6274
6277
6279
6280
6280
6281
6283
6285
6287
6290
6291
6294
6294
6294
6295
6296
6297
6297
6299
6299
6300
6300
6301
6301
6302
6304
6308
6309
6311
6312
6313
6315
6316
6318
6320
6321
6321
6321
6322
6322
6323
6324
6324
6325
6325
6325
6326
6326
6326
6327
6328
6328
6329
6329
6330
6332
6332
6333
6334
6336
6338
6338
6339
6340
6341
6342
6342
6345
6346
6347
6350
6351
6352
6353
6353
6354
6354
6354
6357
6357
6359
6360
6361
6361
6363
6363
6366
6366
6367
6367
6367
6369
6370
6371
6372
6373
6374
6375
6376
6377
6377
6377
6377
6377
6378
6378
6379
6380
6381
6382
6383
6384
6384
6385
6387
6387
6387
6387
6388
6389
6391
6392
6394
6394
6395
6395
6396
6397
6398
6400
6400
6402
6402
6402
6403
6404
6405
6405
6405
6407
6408
6412
6417
6419
6421
6423
6423
6428
6429
6429
6432
6432
6434
6439
6439
6439
6441
6442
6444
6444
6445
6446
6447
6450
6450
6450
6451
6456
6456
6458
6459
6460
6461
6462
6463
6467
6470
6470
6471
6472
6475
6475
6480
6480
6482
6484
6484
6485
6486
6487
6489
6489
6489
6490
6491
6491
6492
6492
6492
6494
6495
6495
6495
6496
6496
6497
6498
6498
6499
6499
6499
6500
6500
6501
6503
6503
6504
6505
6505
6506
6507
6509
6510
6510
6510
6511
6513
6515
6518
6518
6518
6518
6520
6520
6522
6524
6524
6526
6527
6528
6528
6529
6529
6532
6532
6532
6533
6535
6536
6538
6538
6539
6540
6541
6541
6543
6544
6547
6548
6550
6550
6551
6551
6551
6552
6552
6553
6553
6553
6553
6554
6554
6554
6557
6557
6558
6558
6559
6559
6560
6560
6561
6563
6563
6565
6565
6565
6566
6566
6566
6567
6567
6567
6570
6571
6572
6572
6573
6574
6579
6580
6580
6581
6581
6581
6581
6585
6585
6586
6587
6587
6588
6589
6592
6593
6593
6594
6595
6595
6596
6596
6598
6599
6599
6602
6606
6608
6610
6610
6611
6612
6614
6615
6615
6616
6616
6618
6622
6623
6626
6626
6630
6631
6633
6634
6634
6635
6636
6636
6636
6637
6637
6638
6640
6640
6641
6643
6643
6644
6644
6644
6645
6647
6648
6648
6649
6650
6651
6651
6652
6653
6653
6655
6656
6657
6659
6661
6663
6664
6667
6667
6667
6669
6671
6671
6672
6675
6677
6677
6681
6681
6681
6682
6683
6686
6686
6686
6687
6688
6688
6689
6690
6690
6691
6694
6695
6696
6696
6697
6697
6698
6700
6700
6701
6701
6704
6704
6704
6705
6705
6706
6707
6707
6709
6710
6711
6712
6713
6717
6718
6718
6718
6718
6719
6719
6720
6721
6722
6723
6724
6726
6729
6729
6730
6738
6739
6739
6739
6742
6743
6743
6744
6745
6746
6749
6749
6752
6753
6754
6754
6756
6756
6756
6756
6757
6761
6761
6762
6762
6762
6764
6765
6766
6767
6768
6768
6769
6771
6771
6772
6773
6774
6779
6779
6780
6782
6785
6785
6786
6786
6788
6788
6788
6789
6789
6790
6790
6792
6792
6795
6795
6796
6797
6797
6798
6798
6798
6799
6799
6800
6801
6801
6801
6801
6804
6807
6808
6812
6813
6814
6819
6820
6821
6823
6824
6826
6827
6829
6829
6829
6830
6830
6831
6831
6832
6832
6834
6835
6835
6838
6839
6839
6842
6845
6845
6846
6846
6847
6847
6847
6849
6849
6851
6852
6852
6857
6857
6857
6858
6858
6859
6859
6859
6861
6861
6861
6862
6862
6863
6864
6866
6867
6868
6869
6869
6869
6869
6870
6870
6873
6873
6873
6873
6873
6874
6875
6881
6882
6882
6884
6885
6886
6887
6887
6887
6887
6891
6892
6892
6892
6893
6894
6894
6895
6896
6897
6897
6898
6898
6899
6899
6900
6901
6903
6904
6905
6907
6908
6911
6912
6913
6913
6913
6913
6913
6914
6915
6916
6916
6917
6918
6918
6919
6919
6919
6922
6923
6925
6925
6926
6927
6927
6927
6928
6928
6928
6930
6932
6934
6934
6934
6936
6936
6937
6939
6939
6942
6943
6944
6945
6948
6948
6949
6949
6950
6953
6954
6955
6956
6956
6956
6958
6958
6959
6960
6960
6961
6961
6961
6963
6963
6963
6964
6965
6966
6966
6967
6967
6967
6968
6969
6970
6971
6971
6973
6973
6974
6974
6976
6977
6978
6979
6980
6980
6980
6980
6982
6983
6983
6986
6988
6988
6988
6990
6993
6994
6995
6996
6999
6999
7000
7000
7000
7001
7002
7003
7005
7010
7012
7012
7013
7014
7014
7016
7016
7018
7021
7022
7022
7023
7023
7024
7024
7025
7029
7031
7032
7032
7033
7033
7034
7035
7036
7037
7038
7038
7038
7038
7038
7041
7042
7043
7045
7046
7047
7051
7052
7053
7053
7054
7054
7055
7057
7059
7059
7059
7059
7060
7060
7062
7062
7062
7063
7063
7064
7064
7064
7064
7065
7065
7066
7066
7067
7068
7069
7069
7069
7071
7072
7072
7073
7074
7075
7078
7079
7082
7082
7083
7084
7084
7084
7087
7087
7090
7092
7092
7093
7094
7095
7095
7096
7096
7096
7096
7097
7098
7098
7099
7103
7103
7105
7105
7105
7106
7108
7108
7109
7109
7111
7114
7114
7114
7115
7116
7116
7118
7119
7121
7121
7122
7122
7123
7125
7126
7126
7127
7127
7127
7128
7129
7129
7129
7130
7131
7134
7134
7135
7136
7139
7139
7139
7140
7140
7143
7144
7145
7145
7149
7150
7150
7151
7151
7151
7153
7154
7154
7154
7154
7155
7156
7157
7157
7157
7159
7162
7164
7164
7165
7166
7166
7167
7169
7169
7171
7171
7173
7173
7178
7179
7179
7180
7180
7181
7185
7187
7187
7188
7188
7188
7189
7189
7189
7190
7191
7191
7195
7195
7197
7197
7198
7199
7200
7201
7201
7202
7203
7203
7203
7204
7205
7205
7206
7206
7206
7207
7207
7208
7208
7209
7210
7211
7212
7215
7219
7219
7220
7220
7220
7222
7226
7228
7232
7233
7233
7234
7235
7235
7236
7238
7244
7246
7247
7247
7247
7248
7251
7253
7255
7255
7255
7258
7258
7261
7262
7262
7264
7265
7267
7269
7273
7273
7273
7273
7273
7274
7275
7275
7276
7276
7278
7279
7281
7282
7282
7283
7285
7286
7286
7286
7287
7288
7288
7288
7288
7290
7290
7291
7291
7293
7294
7294
7295
7296
7297
7298
7299
7303
7303
7304
7305
7306
7306
7307
7307
7307
7307
7308
7310
7310
7311
7311
7312
7312
7312
7313
7313
7313
7314
7315
7317
7324
7324
7324
7325
7327
7327
7328
7329
7329
7329
7332
7333
7334
7335
7336
7336
7336
7336
7337
7338
7339
7344
7346
7348
7350
7355
7355
7356
7357
7357
7357
7361
7362
7362
7362
7363
7369
7370
7373
7374
7374
7375
7375
7377
7379
7379
7383
7384
7385
7385
7388
7389
7390
7390
7391
7392
7393
7394
7396
7396
7396
7398
7402
7403
7403
7404
7405
7407
7407
7407
7408
7409
7412
7414
7414
7416
7416
7416
7416
7417
7418
7419
7420
7425
7433
7434
7434
7436
7436
7436
7437
7437
7437
7439
7439
7441
7442
7445
7447
7447
7448
7448
7448
7451
7451
7452
7454
7455
7456
7457
7460
7462
7462
7463
7464
7466
7466
7466
7468
7470
7471
7477
7480
7480
7480
7482
7482
7482
7483
7483
7484
7484
7485
7486
7489
7489
7491
7492
7493
7494
7497
7500
7500
7502
7502
7504
7508
7510
7511
7512
7513
7513
7514
7515
7515
7516
7517
7517
7518
7519
7520
7520
7520
7520
7521
7521
7522
7522
7523
7523
7523
7525
7526
7528
7528
7531
7531
7534
7536
7537
7539
7539
7542
7543
7546
7547
7548
7548
7548
7549
7550
7550
7551
7551
7556
7556
7557
7559
7559
7560
7560
7560
7562
7563
7563
7564
7565
7565
7566
7566
7566
7567
7567
7568
7570
7574
7577
7577
7578
7578
7579
7579
7581
7581
7582
7584
7585
7585
7586
7587
7588
7588
7588
7590
7590
7591
7591
7592
7594
7594
7595
7596
7598
7599
7601
7601
7604
7605
7606
7608
7609
7609
7609
7609
7611
7611
7613
7615
7616
7616
7617
7620
7621
7624
7625
7625
7626
7627
7628
7629
7629
7633
7634
7635
7635
7637
7637
7638
7639
7640
7642
7643
7643
7644
7645
7645
7646
7646
7647
7649
7650
7650
7650
7651
7651
7652
7653
7653
7653
7653
7653
7656
7656
7658
7660
7662
7664
7665
7666
7668
7669
7669
7670
7670
7672
7673
7674
7675
7676
7677
7679
7679
7679
7679
7680
7680
7681
7685
7685
7685
7686
7690
7691
7691
7692
7692
7693
7695
7695
7696
7697
7697
7697
7698
7699
7699
7700
7702
7703
7703
7703
7703
7704
7704
7705
7706
7709
7709
7709
7711
7712
7713
7714
7714
7715
7719
7719
7721
7721
7721
7722
7722
7723
7724
7724
7724
7726
7727
7729
7732
7733
7734
7735
7736
7737
7737
7738
7738
7739
7741
7741
7741
7742
7742
7743
7743
7744
7744
7744
7745
7746
7747
7748
7748
7750
7751
7751
7752
7752
7753
7754
7755
7757
7759
7759
7759
7760
7762
7762
7762
7765
7765
7765
7767
7767
7769
7774
7774
7774
7774
7777
7777
7777
7777
7778
7778
7779
7782
7783
7784
7788
7789
7790
7790
7791
7793
7793
7793
7794
7795
7798
7800
7800
7800
7801
7801
7802
7802
7803
7808
7808
7808
7808
7809
7811
7815
7817
7820
7820
7820
7822
7822
7823
7824
7824
7826
7827
7827
7827
7827
7828
7828
7829
7829
7829
7829
7830
7832
7834
7835
7835
7836
7836
7838
7839
7840
7841
7842
7845
7845
7847
7847
7847
7848
7848
7849
7852
7854
7856
7858
7859
7860
7861
7862
7862
7864
7864
7866
7867
7868
7870
7871
7871
7872
7874
7877
7878
7879
7880
7881
7881
7882
7883
7885
7886
7886
7888
7888
7889
7890
7890
7891
7891
7894
7896
7897
7901
7902
7903
7905
7905
7906
7906
7909
7910
7910
7910
7913
7915
7915
7916
7917
7917
7919
7921
7922
7923
7923
7924
7925
7926
7928
7929
7929
7929
7929
7929
7930
7930
7931
7931
7931
7932
7932
7933
7933
7934
7934
7936
7938
7941
7942
7942
7943
7944
7944
7945
7945
7947
7948
7950
7950
7952
7952
7955
7956
7956
7957
7957
7958
7958
7959
7959
7960
7960
7961
7962
7964
7965
7965
7967
7967
7967
7968
7971
7972
7972
7973
7973
7977
7979
7979
7980
7980
7982
7983
7987
7987
7989
7990
7990
7990
7991
7992
7992
7993
7994
7996
7997
7997
7997
8000
8001
8001
8001
8002
8003
8003
8003
8005
8005
8008
8008
8009
8009
8009
8011
8013
8015
8020
8020
8022
8022
8023
8023
8023
8024
8025
8025
8027
8028
8034
8037
8037
8038
8038
8039
8039
8040
8040
8042
8044
8044
8047
8047
8047
8047
8047
8049
8050
8053
8053
8055
8055
8057
8057
8058
8060
8063
8064
8066
8067
8067
8067
8068
8068
8069
8070
8070
8070
8071
8071
8072
8079
8080
8081
8082
8083
8083
8084
8084
8084
8086
8088
8089
8090
8090
8091
8092
8092
8094
8095
8096
8098
8103
8105
8105
8105
8105
8106
8106
8106
8106
8107
8107
8107
8108
8108
8108
8112
8113
8113
8114
8114
8115
8115
8116
8118
8119
8119
8120
8124
8125
8125
8126
8127
8129
8131
8131
8132
8132
8135
8135
8136
8136
8138
8138
8144
8144
8145
8146
8146
8147
8147
8149
8149
8149
8149
8151
8152
8153
8153
8155
8156
8157
8158
8158
8159
8160
8160
8161
8166
8168
8169
8170
8171
8171
8172
8172
8173
8173
8173
8174
8175
8176
8176
8177
8178
8180
8180
8180
8181
8182
8182
8182
8183
8184
8184
8186
8187
8187
8189
8192
8193
8195
8196
8196
8196
8197
8198
8200
8202
8203
8204
8205
8206
8208
8208
8208
8210
8212
8213
8214
8214
8214
8215
8215
8216
8216
8216
8217
8219
8219
8220
8221
8222
8225
8225
8225
8225
8226
8227
8227
8227
8231
8231
8234
8235
8236
8239
8239
8240
8242
8243
8244
8244
8246
8248
8249
8251
8252
8253
8254
8255
8257
8258
8259
8261
8262
8264
8264
8264
8264
8266
8267
8271
8271
8271
8271
8272
8273
8275
8275
8276
8276
8278
8279
8281
8282
8283
8284
8284
8286
8286
8286
8290
8291
8291
8292
8293
8293
8294
8295
8295
8295
8296
8297
8298
8299
8299
8299
8301
8301
8303
8303
8304
8305
8306
8306
8307
8308
8309
8309
8312
8312
8313
8314
8314
8319
8320
8321
8321
8322
8322
8322
8327
8329
8330
8335
8335
8336
8336
8336
8337
8337
8338
8338
8339
8340
8340
8340
8342
8342
8344
8346
8346
8347
8347
8347
8348
8348
8348
8348
8350
8353
8354
8355
8355
8358
8360
8360
8362
8363
8363
8363
8363
8364
8365
8365
8365
8366
8368
8368
8369
8369
8370
8371
8372
8372
8373
8377
8378
8383
8386
8387
8387
8388
8389
8389
8392
8392
8397
8397
8401
8402
8402
8406
8408
8408
8409
8412
8412
8413
8414
8414
8414
8416
8416
8416
8417
8418
8420
8420
8420
8421
8421
8422
8422
8422
8424
8427
8427
8429
8430
8430
8431
8432
8433
8433
8434
8434
8434
8435
8436
8436
8438
8438
8439
8440
8441
8442
8443
8444
8446
8448
8448
8449
8451
8451
8451
8452
8452
8452
8454
8454
8455
8455
8455
8455
8456
8456
8457
8457
8458
8458
8458
8459
8460
8462
8462
8462
8462
8462
8464
8465
8467
8468
8468
8469
8469
8472
8473
8474
8475
8475
8476
8477
8477
8480
8481
8482
8482
8482
8484
8486
8486
8487
8488
8488
8489
8490
8491
8491
8492
8495
8496
8496
8497
8498
8499
8501
8504
8504
8505
8506
8506
8506
8507
8508
8508
8509
8510
8512
8513
8514
8516
8516
8518
8518
8519
8521
8522
8524
8527
8528
8529
8529
8529
8530
8531
8534
8534
8534
8535
8536
8536
8537
8537
8539
8540
8540
8543
8543
8543
8545
8546
8546
8547
8548
8550
8552
8552
8554
8556
8558
8558
8559
8562
8563
8568
8568
8569
8570
8570
8571
8572
8572
8574
8574
8575
8575
8575
8576
8576
8577
8579
8579
8579
8580
8581
8581
8582
8582
8582
8586
8587
8588
8589
8589
8590
8590
8592
8594
8594
8594
8594
8599
8600
8602
8602
8602
8603
8605
8606
8607
8607
8608
8609
8609
8609
8612
8613
8616
8617
8617
8618
8620
8620
8620
8621
8621
8622
8623
8625
8626
8628
8629
8630
8631
8633
8637
8637
8638
8638
8640
8640
8640
8641
8643
8643
8644
8646
8648
8652
8653
8653
8654
8656
8657
8657
8658
8660
8661
8662
8667
8670
8670
8670
8671
8671
8673
8674
8674
8675
8675
8677
8677
8678
8678
8678
8678
8678
8681
8682
8683
8687
8687
8688
8688
8688
8690
8691
8691
8691
8694
8694
8695
8696
8697
8697
8698
8698
8699
8700
8701
8701
8705
8706
8707
8709
8709
8711
8711
8711
8713
8714
8714
8714
8715
8716
8716
8716
8717
8718
8722
8722
8724
8724
8725
8727
8727
8728
8728
8729
8730
8730
8732
8734
8737
8738
8740
8740
8742
8743
8745
8746
8748
8749
8749
8750
8751
8751
8752
8753
8753
8753
8755
8755
8756
8756
8757
8758
8758
8758
8760
8762
8762
8762
8763
8766
8766
8768
8769
8770
8771
8772
8773
8774
8775
8776
8776
8776
8776
8782
8783
8786
8788
8788
8788
8789
8791
8793
8794
8797
8798
8799
8801
8801
8802
8802
8805
8806
8807
8807
8808
8808
8809
8809
8812
8813
8814
8817
8818
8818
8818
8819
8820
8821
8821
8821
8822
8823
8824
8825
8825
8826
8829
8830
8830
8830
8833
8834
8835
8835
8836
8837
8838
8839
8839
8840
8842
8842
8845
8845
8845
8845
8846
8846
8847
8848
8848
8848
8848
8849
8849
8850
8850
8851
8852
8852
8853
8855
8856
8857
8857
8857
8857
8858
8859
8859
8859
8861
8864
8864
8864
8864
8866
8868
8869
8872
8872
8878
8879
8880
8880
8882
8882
8884
8886
8887
8888
8888
8888
8889
8889
8889
8890
8894
8895
8895
8897
8900
8900
8903
8903
8904
8906
8908
8908
8909
8910
8912
8914
8917
8920
8920
8922
8924
8925
8926
8926
8927
8927
8928
8928
8929
8929
8930
8932
8933
8933
8936
8938
8938
8940
8940
8943
8947
8949
8949
8951
8951
8952
8952
8954
8955
8956
8961
8962
8963
8963
8964
8966
8966
8967
8968
8971
8973
8973
8973
8973
8974
8976
8976
8976
8976
8978
8978
8978
8979
8979
8980
8980
8983
8983
8984
8985
8985
8987
8989
8990
8991
8991
8991
8992
8992
8994
8994
8995
8997
9000
9000
9000
9000
9003
9004
9005
9006
9007
9007
9008
9008
9009
9011
9013
9014
9014
9015
9016
9020
9023
9023
9023
9025
9025
9025
9027
9027
9027
9028
9029
9029
9029
9030
9030
9032
9032
9033
9036
9036
9037
9037
9038
9039
9042
9044
9046
9048
9049
9049
9049
9049
9051
9051
9052
9055
9056
9057
9058
9059
9059
9060
9060
9060
9063
9064
9065
9065
9066
9066
9069
9070
9070
9072
9072
9073
9073
9075
9076
9076
9076
9077
9078
9084
9084
9086
9086
9088
9089
9090
9090
9091
9092
9092
9093
9093
9096
9096
9096
9099
9101
9102
9103
9105
9107
9107
9109
9109
9111
9111
9111
9112
9112
9113
9114
9117
9118
9120
9121
9124
9126
9127
9127
9127
9127
9129
9131
9132
9134
9134
9135
9135
9135
9138
9138
9138
9140
9143
9144
9145
9146
9147
9147
9149
9151
9151
9154
9154
9155
9157
9158
9158
9160
9162
9163
9163
9165
9167
9167
9168
9168
9170
9171
9171
9175
9175
9175
9175
9175
9176
9178
9179
9179
9180
9182
9184
9184
9189
9192
9192
9194
9196
9196
9196
9198
9198
9201
9202
9205
9209
9210
9212
9215
9215
9216
9216
9218
9219
9219
9220
9221
9223
9223
9224
9225
9226
9227
9230
9231
9231
9231
9232
9233
9233
9234
9236
9237
9238
9238
9240
9243
9245
9245
9246
9247
9248
9248
9249
9249
9250
9250
9250
9251
9251
9252
9252
9255
9255
9255
9256
9257
9258
9258
9258
9259
9261
9261
9261
9261
9262
9263
9264
9265
9265
9265
9267
9268
9269
9270
9271
9273
9278
9279
9281
9282
9284
9284
9285
9286
9286
9288
9290
9291
9292
9293
9294
9294
9295
9296
9296
9297
9297
9301
9301
9302
9302
9303
9305
9305
9305
9306
9308
9309
9309
9310
9310
9312
9312
9312
9313
9314
9315
9315
9316
9316
9316
9316
9317
9319
9319
9320
9320
9322
9324
9325
9326
9328
9328
9328
9330
9332
9333
9333
9334
9334
9335
9335
9336
9336
9338
9339
9339
9340
9340
9342
9342
9344
9347
9347
9348
9349
9349
9352
9352
9354
9355
9357
9358
9360
9363
9364
9365
9366
9366
9367
9368
9368
9370
9371
9371
9373
9373
9375
9376
9376
9376
9380
9380
9382
9382
9383
9384
9385
9387
9389
9390
9392
9397
9397
9397
9397
9398
9399
9400
9400
9401
9404
9405
9407
9409
9410
9411
9411
9411
9412
9412
9412
9414
9414
9414
9414
9415
9415
9416
9417
9417
9422
9422
9426
9426
9428
9429
9430
9431
9433
9433
9437
9438
9438
9440
9440
9441
9443
9444
9445
9447
9447
9447
9449
9453
9453
9453
9454
9454
9455
9455
9456
9456
9457
9458
9458
9460
9462
9465
9468
9468
9469
9469
9469
9470
9470
9471
9471
9472
9472
9472
9472
9472
9473
9475
9476
9476
9477
9477
9478
9478
9484
9484
9488
9488
9492
9493
9494
9495
9498
9499
9499
9500
9501
9503
9503
9503
9503
9503
9504
9505
9506
9511
9512
9512
9512
9513
9513
9513
9514
9515
9515
9517
9518
9519
9523
9525
9528
9528
9528
9529
9530
9530
9530
9532
9533
9535
9536
9536
9537
9537
9538
9539
9539
9541
9542
9544
9545
9546
9548
9550
9550
9551
9551
9551
9555
9556
9558
9560
9560
9562
9562
9562
9563
9564
9567
9568
9568
9569
9569
9569
9570
9570
9571
9575
9576
9577
9579
9584
9585
9586
9586
9588
9590
9591
9592
9592
9596
9598
9598
9601
9603
9603
9604
9605
9608
9609
9609
9612
9614
9614
9616
9616
9617
9617
9618
9619
9619
9619
9619
9620
9620
9621
9621
9621
9622
9622
9623
9624
9625
9625
9625
9627
9628
9629
9629
9630
9631
9633
9634
9635
9637
9638
9641
9642
9643
9643
9644
9645
9645
9647
9647
9647
9648
9649
9650
9652
9655
9657
9657
9660
9660
9660
9661
9662
9664
9665
9666
9666
9667
9669
9669
9670
9671
9671
9672
9673
9673
9674
9675
9676
9676
9677
9677
9677
9678
9678
9678
9680
9681
9682
9682
9691
9692
9692
9692
9693
9693
9696
9696
9696
9697
9697
9697
9698
9698
9700
9700
9701
9702
9702
9705
9705
9706
9706
9707
9708
9709
9709
9711
9712
9713
9713
9713
9713
9713
9714
9715
9715
9715
9718
9719
9720
9721
9723
9725
9725
9726
9727
9727
9729
9729
9730
9730
9731
9731
9732
9733
9733
9734
9735
9736
9736
9737
9737
9737
9738
9738
9739
9740
9741
9742
9743
9743
9745
9745
9745
9746
9746
9746
9746
9746
9747
9748
9749
9753
9754
9755
9756
9757
9758
9760
9761
9763
9765
9765
9765
9766
9766
9767
9768
9768
9769
9771
9771
9772
9773
9773
9774
9776
9776
9777
9777
9778
9780
9780
9781
9782
9782
9783
9784
9785
9786
9788
9789
9791
9793
9793
9795
9795
9796
9798
9798
9799
9799
9801
9802
9802
9803
9806
9806
9807
9807
9808
9808
9810
9811
9812
9812
9815
9815
9817
9817
9818
9820
9820
9821
9822
9823
9823
9824
9825
9825
9825
9826
9826
9830
9830
9831
9833
9834
9834
9835
9836
9837
9839
9839
9840
9841
9843
9844
9844
9844
9845
9847
9847
9848
9848
9848
9849
9849
9849
9851
9851
9852
9857
9858
9858
9860
9861
9861
9862
9862
9863
9865
9867
9867
9868
9870
9871
9871
9872
9874
9874
9874
9875
9875
9875
9878
9879
9879
9880
9884
9885
9886
9887
9888
9889
9891
9892
9892
9894
9895
9897
9897
9900
9902
9902
9903
9904
9904
9905
9908
9908
9910
9911
9911
9911
9912
9912
9913
9914
9915
9916
9920
9923
9925
9926
9927
9927
9928
9928
9929
9930
9936
9936
9936
9937
9938
9938
9939
9939
9940
9940
9940
9946
9946
9947
9947
9948
9948
9949
9949
9950
9951
9952
9955
9957
9957
9959
9959
9960
9960
9961
9961
9965
9966
9966
9967
9968
9970
9972
9972
9973
9973
9975
9975
9975
9978
9978
9978
9979
9979
9983
9983
9984
9985
9989
9991
9993
9994
9995
9997
9999

4763
5426
17658
24422
33608
53741
67466
71999
73514
92442
94748
101847
109814
120873
123963
136166
143910
171806
194065
198094
211003
212783
227321
238237
242199
255748
266731
274049
301870
328670
333272
343785
344548
369857
370640
371504
382568
397506
410587
411458
416384
418593
440703
441326
451121
457176
461971
473455
480186
511042
524254
535886
540797
547546
549951
556453
556803
571712
571858
577616
590763
599072
611500
624115
635020
655978
668990
669299
698578
701882
702804
712139
719338
727940
757966
771213
779919
808961
809953
813240
826432
827258
828854
831976
836587
840971
844642
847921
849064
865338
882776
896635
906252
927825
928774
948066
955969
970695
983592
1002812
1003727
1003984
1012677
1025723
1027425
1031163
1036815
1036985
1044871
1049204
1059832
1076084
1081364
1087497
1093973
1097564
1101519
1112248
1119827
1135041
1147998
1150275
1161982
1171599
1174752
1179655
1179834
1186661
1205139
1230653
1266465
1266598
1284407
1284535
1298683
1305998
1317968
1322982
1324331
1344598
1347005
1375161
1390564
1414110
1417431
1418699
1436166
1453978
1458711
1462084
1473810
1475482
1492616
1505814
1514556
1520368
1527812
1534957
1547031
1582393
1593111
1602268
1618916
1623725
1631066
1636974
1637956
1650949
1651396
1658577
1659031
1659579
1721237
1740718
1744405
1782254
1787649
1789193
1797865
1811895
1831203
1848180
1863414
1872387
1881612
1884172
1884921
1914432
1935018
1940252
1942535
1968365
1975969
1984438
1997135
2016097
2016158
2033563
2048018
2050870
2051078
2066154
2066365
2090758
2094969
2127015
2127264
2143074
2151192
2154286
2155230
2175177
2177765
2192309
2211404
2224181
2227076
2228608
2230791
2239282
2249358
2272089
2273898
2322898
2323432
2329099
2334739
2339057
2358415
2383088
2397162
2418884
2421268
2422288
2424754
2433956
2435880
2442775
2470133
2493432
2495894
2500737
2509016
2512848
2515348
2517306
2546990
2547304
2550481
2552897
2562860
2571428
2586757
2590927
2594143
2594754
2608934
2618592
2619570
2627613
2640119
2653350
2656698
2661712
2680100
2716135
2718799
2724297
2726354
2739674
2739768
2746266
2746601
2756886
2761047
2775664
2776105
2781017
2788615
2791074
2795128
2798415
2847136
2858758
2875248
2890995
2906748
2917772
2919360
2924679
2943076
2965139
2975633
2986609
2990747
2997937
3005284
3009967
3012207
3012842
3018916
3050619
3057258
3104180
3105121
3109091
3138569
3158399
3159373
3163293
3175906
3179119
3192838
3204704
3218625
3251030
3254502
3254846
3266117
3273191
3278198
3280248
3294426
3312148
3325290
3326034
3339675
3341072
3348170
3349474
3351139
3411865
3412991
3416138
3434639
3437442
3449267
3456927
3462487
3468283
3483480
3486376
3488891
3500403
3519552
3521839
3544598
3559897
3590847
3596982
3613954
3614311
3629836
3639578
3640618
3645071
3671576
3683612
3685751
3693815
3707027
3719530
3721837
3721932
3724218
3732475
3732646
3734464
3745055
3771878
3772525
3773348
3783002
3786015
3787959
3798820
3810415
3813574
3823586
3828582
3830241
3850855
3869510
3872850
3889637
3893631
3894162
3902558
3926591
3950798
3962553
3981104
3985384
4004905
4029455
4034233
4042754
4052965
4053018
4057800
4060176
4082083
4105601
4111419
4118177
4123393
4132854
4134830
4148662
4185530
4186256
4190098
4191302
4196283
4207457
4209613
4226663
4234532
4276825
4282677
4297256
4307143
4311245
4320336
4332174
4341669
4355867
4368855
4378514
4389000
4392765
4399663
4403436
4487730
4490597
4495135
4503983
4503998
4528611
4559395
4585293
4590431
4592670
4594152
4606199
4631167
4633878
4637449
4638375
4645235
4645385
4661448
4667500
4695752
4728382
4731831
4732245
4743343
4752406
4755135
4769685
4797699
4803810
4819926
4821690
4827927
4857942
4873347
4886495
4891994
4896263
4916188
4923109
4928510
4931612
4934330
4934640
4937690
4941424
4966195
4971308
4985725
4988404
4999257
5026445
5036906
5057380
5061747
5066140
5088899
5101640
5126041
5131197
5160596
5167553
5177075
5177806
5185728
5201902
5246610
5257148
5265853
5306917
5320312
5328957
5346845
5357650
5365448
5377383
5387987
5390141
5400612
5413050
5443311
5444265
5446093
5450945
5467368
5523239
5534278
5534998
5539203
5551201
5558586
5583941
5586137
5589000
5600077
5602089
5603553
5615674
5640423
5644382
5652112
5654547
5656902
5658716
5658997
5691784
5694938
5700224
5704261
5709850
5709997
5727941
5731538
5752145
5752311
5757281
5760975
5765911
5777651
5792507
5795401
5807050
5817969
5823692
5833229
5844609
5855552
5856963
5858704
5862257
5872674
5875826
5881737
5883863
5885050
5893016
5897651
5907613
5910631
5919132
5965043
6004993
6010858
6031781
6053155
6057422
6058648
6058846
6065145
6083976
6086899
6123187
6133441
6134392
6141512
6144462
6145023
6150639
6154674
6212812
6216727
6226707
6240915
6242911
6245036
6253966
6262356
6266812
6277419
6289788
6291331
6294419
6304323
6310985
6318336
6325216
6332578
6348045
6348945
6351479
6358131
6382031
6389613
6444024
6449255
6459408
6459668
6459849
6478331
6516851
6524939
6530301
6532339
6559891
6566086
6573073
6576383
6582746
6621373
6630036
6648084
6651252
6657021
6659634
6679158
6685920
6697236
6698019
6710386
6716082
6724068
6737896
6739414
6739985
6742722
6745330
6753523
6757731
6763449
6776062
6779920
6783406
6800679
6869402
6888908
6905539
6914352
6933834
6945012
6957964
6963858
6967548
6977775
6980485
6988924
6997619
6998038
7004018
7005201
7008272
7013030
7013995
7014302
7017610
7038855
7046166
7048747
7049769
7053365
7094419
7095790
7108812
7118976
7124963
7128056
7148778
7153007
7155456
7180237
7206433
7219743
7229650
7234452
7239102
7242201
7254754
7257281
7264364
7277476
7279066
7279189
7285076
7307300
7326781
7330639
7333606
7334936
7344122
7348856
7350641
7365215
7369072
7376109
7379628
7382816
7394226
7401491
7421742
7442217
7450477
7451650
7463223
7480867
7491185
7498967
7508378
7516058
7524877
7561557
7563152
7568222
7576335
7581623
7597449
7599874
7605632
7610294
7610369
7623224
7635307
7641270
7646329
7665845
7668833
7671780
7674188
7685578
7696144
7700876
7704829
7717449
7740290
7757929
7766246
7782960
7789059
7796886
7801053
7826449
7828986
7829203
7833611
7841457
7846451
7852459
7864627
7864932
7868205
7873648
7878880
7882796
7898405
7906376
7933382
7946640
7975448
7986565
7991914
7995447
7998252
7999981
8005799
8024104
8027827
8030180
8041098
8042468
8055470
8077922
8082120
8102751
8131627
8138484
8139766
8150155
8156157
8169301
8190333
8199586
8201382
8203358
8211473
8212534
8221318
8224861
8242065
8247189
8252302
8264943
8267271
8268349
8274206
8279013
8287558
8298723
8299959
8300784
8309324
8328602
8335633
8338258
8338370
8342253
8354416
8357924
8360623
8363288
8367665
8369556
8380649
8386754
8389731
8400093
8401959
8420879
8425093
8430065
8431159
8431465
8432383
8434280
8434302
8436647
8449461
8496265
8501665
8513272
8515622
8545030
8549602
8550888
8583933
8603007
8603391
8623565
8630607
8648385
8654697
8663834
8680490
8698927
8710206
8726651
8737977
8740666
8741318
8759837
8765298
8769846
8779831
8790301
8798033
8799165
8809650
8830912
8861570
8862799
8865729
8867212
8870014
8888404
8897905
8904908
8918845
8920115
8937522
8962246
8975151
8981254
8982461
8995184
9023654
9051546
9060306
9060498
9066544
9073682
9084350
9088976
9089931
9105755
9108116
9115738
9123651
9125777
9138405
9158245
9188720
9190705
9201066
9202023
9230175
9230963
9231624
9257718
9263661
9265477
9272419
9285061
9286476
9293304
9303365
9306964
9317557
9328171
9332960
9335041
9362642
9364308
9365446
9368960
9380559
9385411
9390946
9395118
9395439
9419589
9420908
9431212
9448799
9461387
9466299
9470813
9470838
9474009
9474050
9474640
9476391
9490281
9490624
9491228
9499711
9515142
9516858
9517509
9517670
9522906
9541968
9542433
9545822
9551575
9556104
9592316
9595283
9600267
9614292
9615972
9623937
9627107
9632805
9639802
9642543
9648884
9693873
9697318
9705007
9710065
9728443
9740111
9746715
9772152
9779263
9802447
9803863
9815678
9817359
9835517
9841988
9842953
9859330
9871932
9872711
9878906
9887234
9893580
9905633
9920861
9948579
9954728
9959837
9972505
9974301
9976000
9984471
10002486
10013575
10017356
10029943
10048394
10091266
10100428
10105518
10116457
10117528
10139368
10147761
10158875
10159204
10172510
10174752
10177543
10185718
10191730
10194386
10194446
10201616
10217687
10221207
10224684
10230560
10232993
10237876
10243195
10245453
10262774
10284164
10285149
10292293
10299268
10299702
10300876
10307460
10319200
10323700
10327211
10331389
10337420
10347765
10349203
10354945
10354952
10424983
10444564
10444992
10454464
10456157
10459052
10467481
10471044
10481612
10488351
10494517
10502271
10515622
10564477
10586289
10589612
10594051
10598115
10601131
10609043
10615244
10645416
10648498
10653352
10707772
10747024
10751542
10753847
10754868
10772127
10778050
10788097
10789938
10797357
10800080
10806272
10813517
10819612
10821195
10849049
10868560
10878571
10879435
10887695
10889101
10904330
10904567
10911737
10923568
10924951
10928391
10931175
10933545
10943704
10946314
10974246
10996199
11003817
11007706
11008562
11010901
11013751
11014087
11030034
11033313
11033783
11045645
11055035
11063274
11086852
11095689
11109992
11122572
11123105
11126111
11132914
11136996
11159018
11159627
11161048
11170107
11171342
11171818
11172014
11179375
11180213
11180422
11186725
11205748
11214398
11215428
11222314
11229107
11229847
11231328
11232538
11251890
11257825
11258067
11259707
11273012
11285552
11313366
11314682
11331072
11352957
11356049
11362781
11377960
11385418
11398003
11411479
11412134
11423715
11427125
11427332
11437418
11456199
11469979
11492323
11504715
11549907
11552192
11554225
11562519
11581289
11585369
11591061
11593065
11609015
11618302
11625994
11628780
11642951
11645749
11659979
11667593
11702562
11705946
11711554
11717175
11731273
11757188
11769435
11798165
11817663
11819041
11828577
11841843
11855669
11862526
11865700
11869038
11872077
11881388
11881627
11894122
11908456
11915001
11921170
11940022
11942874
11954540
11964827
11968979
11999933
11999986
12025081
12048409
12052190
12058867
12059614
12073299
12082154
12084470
12109879
12122236
12139844
12152182
12164738
12175031
12229733
12248227
12260041
12262690
12276411
12283569
12287605
12298248
12304064
12329672
12336375
12340363
12348969
12351155
12361678
12365667
12385331
12412506
12413630
12428164
12457287
12457569
12468861
12470606
12498129
12507820
12508271
12509269
12516108
12517481
12518672
12533601
12538901
12546641
12579479
12625586
12635319
12653278
12664677
12666324
12674383
12678990
12697875
12731871
12734687
12740803
12742795
12749311
12766957
12783092
12787266
12788422
12797114
12797832
12798248
12805980
12815836
12818843
12824248
12830881
12837000
12857334
12860270
12862821
12877050
12897680
12902947
12923178
12931064
12933058
12946250
12952638
12954596
12970274
12985983
12999660
13006362
13008738
13016166
13021335
13034343
13042174
13044350
13045583
13057669
13063324
13071948
13091757
13100474
13118196
13121265
13130844
13131603
13145089
13156059
13163493
13178154
13192836
13204095
13204823
13207155
13211560
13217785
13221969
13227883
13228739
13231524
13235252
13236018
13245506
13259213
13262061
13285708
13304703
13317953
13319726
13326901
13354705
13384389
13402050
13443945
13454629
13466367
13472345
13473915
13489608
13516536
13518129
13527134
13531341
13535398
13541237
13574530
13580601
13592092
13595310
13598935
13604017
13610331
13613543
13626818
13631104
13645451
13650799
13651029
13654611
13665954
13668539
13697168
13719837
13722615
13729885
13731515
13732593
13738302
13746917
13764884
13765132
13770710
13782640
13796447
13814196
13815202
13815778
13819252
13823425
13825977
13826298
13828835
13836108
13854449
13855657
13915583
13945933
13954348
13954394
13959227
13960584
13967175
13982231
13993909
13995045
14002712
14005484
14020913
14029728
14038320
14044246
14086339
14088774
14095879
14100986
14101952
14107145
14135752
14143521
14148443
14165206
14170648
14180758
14187167
14188013
14193102
14195605
14200634
14209644
14212646
14236871
14240356
14246234
14249339
14280738
14284067
14285295
14292361
14302796
14329277
14342920
14344656
14344741
14359682
14371443
14373390
14389973
14409884
14427691
14433900
14462178
14463422
14479694
14480887
14484026
14485211
14485222
14488903
14489524
14490586
14502426
14512165
14525912
14526844
14535041
14553802
14557963
14587791
14597878
14616199
14636700
14649693
14654976
14658771
14661856
14665616
14667486
14674966
14683672
14698847
14712898
14733557
14736266
14748856
14753185
14758468
14760342
14760355
14767834
14784066
14791178
14807063
14812694
14851238
14893821
14894618
14897246
14912381
14913039
14927460
14931805
14934463
14941475
14947831
14948330
14948745
14960980
14986975
14990910
15016039
15019794
15021021
15041428
15053867
15060630
15076187
15077493
15083300
15090189
15107932
15122008
15131776
15137016
15137188
15139661
15158832
15162368
15168053
15172312
15177656
15181228
15184444
15192129
15211141
15215384
15231321
15246562
15248390
15250428
15257250
15285802
15288807
15308837
15360276
15365754
15374960
15380309
15387443
15396148
15400767
15414846
15439461
15446080
15458496
15470177
15474504
15490810
15510633
15513773
15514445
15519498
15528058
15530656
15534160
15545223
15554083
15579904
15582058
15585268
15599793
15600323
15611044
15613585
15619225
15661730
15669446
15678859
15679140
15684336
15693942
15695593
15706057
15709215
15709330
15736779
15737664
15749947
15770898
15778643
15780927
15784988
15795424
15798336
15806054
15816515
15818863
15821543
15825295
15826153
15831373
15833284
15865433
15874391
15908102
15908591
15911265
15927593
15932575
15942773
15942953
15954613
15961122
15977587
15990670
16001114
16004037
16004950
16010446
16015326
16020525
16037759
16049794
16052671
16056461
16058370
16072536
16075000
16081337
16095161
16100408
16106985
16124426
16130596
16149251
16155843
16155961
16164479
16172405
16186929
16202200
16204429
16218438
16224415
16255695
16261736
16272268
16288507
16299569
16303697
16319990
16321334
16337611
16355174
16357438
16359521
16373246
16389587
16389987
16399441
16416799
16442185
16450271
16450678
16456142
16466486
16474421
16484523
16486356
16489775
16496734
16513916
16517549
16531770
16556718
16559767
16579962
16586085
16586334
16590228
16596237
16597314
16619336
16633384
16634870
16639251
16641522
16644199
16645693
16648850
16668139
16675741
16681764
16683718
16687117
16690022
16700552
16721996
16734093
16763099
16765390
16778717
16786269
16802120
16803389
16808004
16809742
16814990
16847637
16851359
16871496
16880300
16906719
16912514
16934202
16943308
16946721
17043824
17049101
17049930
17054717
17062273
17082079
17088642
17100606
17125140
17134998
17136513
17146794
17157942
17170191
17171663
17185074
17210522
17233165
17241594
17256405
17275386
17280789
17281107
17284665
17292166
17306624
17314469
17317480
17323040
17357989
17403513
17405770
17408488
17452078
17461719
17462602
17467096
17472873
17496153
17501687
17502110
17509326
17520585
17530979
17539668
17543351
17568612
17572561
17587934
17592142
17619969
17622930
17629066
17632306
17632425
17637248
17649240
17665346
17667338
17668272
17678380
17691436
17700316
17713491
17763431
17768970
17771151
17773137
17776035
17781745
17791594
17795150
17836328
17846052
17859179
17867085
17888270
17905306
17921904
17941257
17945311
17952387
17955780
17982249
17983203
17987091
17997645
18009639
18029864
18035436
18037017
18038829
18042867
18065450
18082908
18092667
18115877
18119183
18120340
18120690
18142315
18155917
18160490
18168453
18178318
18187450
18206473
18245573
18266010
18276814
18284937
18292616
18299112
18306140
18306499
18309232
18325170
18351106
18362524
18370130
18370961
18376808
18380037
18403310
18409472
18410629
18414105
18429103
18446794
18447191
18454683
18460061
18471778
18489514
18504756
18506295
18508523
18522322
18533584
18541267
18555108
18557830
18572203
18584944
18585591
18610853
18614212
18640654
18661972
18672492
18674895
18675285
18678320
18679488
18693133
18696278
18723443
18748596
18764082
18794071
18796826
18806749
18813123
18824209
18836607
18841677
18872674
18874464
18875469
18876367
18879179
18904327
18911345
18927087
18950939
18956247
18960977
18995225
18997806
19006867
19007532
19036684
19065513
19107431
19107848
19112729
19118636
19131312
19140917
19151810
19157629
19160777
19166942
19180905
19208547
19216305
19240770
19285522
19314291
19341591
19355971
19393841
19394967
19406339
19428067
19437608
19445213
19446695
19447103
19455636
19459677
19468480
19469948
19473556
19494143
19504663
19509694
19527939
19538362
19538885
19540378
19541548
19549652
19552609
19569798
19571713
19572416
19574150
19578758
19580228
19592230
19594084
19601365
19607572
19618319
19618629
19619073
19619806
19639634
19644088
19648041
19661837
19708708
19721024
19744233
19749291
19750508
19772033
19774765
19780429
19790577
19791614
19805750
19813317
19817057
19822383
19831703
19835188
19843176
19845887
19853337
19861406
19867667
19881882
19902754
19903141
19920904
19931579
19934736
19938477
19940020
19948898
19967878
19971152
19989769
19995564
19996242
20004002
20017306
20035501
20041851
20044262
20058988
20068339
20071813
20079992
20080034
20083245
20101488
20105323
20107526
20109540
20117121
20119189
20126627
20128355
20133884
20138193
20146124
20155699
20158714
20159096
20166196
20167277
20167550
20172108
20184638
20188600
20197482
20204670
20238906
20242934
20253355
20265579
20271783
20276160
20276420
20277488
20279391
20280114
20285847
20294053
20295552
20299546
20310229
20310759
20312581
20320098
20333190
20355751
20403191
20404917
20405183
20412750
20416465
20434118
20434532
20442244
20442495
20443209
20448155
20456575
20462433
20469485
20471605
20477330
20479759
20488972
20507015
20509318
20511593
20512246
20515975
20518453
20527389
20527922
20529173
20545765
20565736
20575263
20591922
20592978
20606223
20611754
20616405
20618077
20622148
20623067
20639125
20643836
20645720
20646430
20662921
20663346
20671653
20672620
20675034
20688718
20716340
20731372
20733523
20742089
20748543
20756237
20797142
20802806
20806059
20808768
20820184
20829622
20843340
20845276
20849137
20853951
20856472
20866211
20880323
20884108
20892763
20905311
20910295
20911717
20913795
20920059
20946434
20978797
20985227
21001433
21002959
21017407
21030607
21031224
21043800
21047911
21049554
21073678
21087808
21088324
21092366
21096920
21108121
21115754
21129218
21144361
21170776
21183632
21193182
21202088
21215279
21227229
21234087
21248624
21253725
21256615
21279761
21292654
21293090
21296647
21314908
21317621
21325896
21338223
21343076
21349822
21365103
21379488
21381203
21385394
21390936
21396907
21400419
21416585
21423098
21428377
21458415
21471505
21479513
21489596
21492867
21495727
21504916
21508730
21518576
21519587
21526031
21529030
21557226
21578775
21579798
21593655
21596510
21604417
21607269
21637698
21641795
21647802
21665231
21671798
21685767
21686698
21704765
21709622
21730656
21763705
21771543
21798811
21805238
21807050
21817096
21817866
21819202
21819836
21822381
21835266
21838851
21848379
21852309
21860638
21861788
21866707
21879400
21888283
21896308
21905341
21915746
21920374
21923225
21937184
21949612
21953567
21956972
21962686
21964651
21974590
21980365
21981376
21985719
22007262
22007657
22015932
22030808
22033710
22036392
22039447
22043568
22046340
22050565
22056904
22067917
22104319
22122888
22124972
22130212
22141357
22145657
22151674
22167379
22173090
22191648
22193956
22201181
22204999
22214433
22215559
22228752
22245176
22255775
22267221
22268798
22279035
22283370
22284244
22309445
22310180
22328078
22333610
22336995
22337893
22344669
22347436
22347813
22353784
22362489
22368977
22402879
22424536
22451922
22457089
22468667
22470813
22477659
22482203
22484485
22516784
22521832
22523083
22525474
22530881
22548243
22556007
22559086
22559481
22567461
22585727
22599048
22604060
22607463
22609844
22611585
22614064
22617831
22620989
22630597
22642273
22659170
22673164
22679173
22689845
22698738
22712925
22716608
22719797
22722658
22723537
22733024
22734840
22759071
22788166
22790819
22813942
22831554
22836326
22844286
22846927
22853830
22859475
22866511
22867824
22876268
22880854
22885513
22897031
22898342
22906822
22940312
22941592
22943562
22949652
22951484
22953143
22972360
22991412
22991621
22995374
23002208
23014394
23017224
23021671
23044050
23074362
23078366
23093694
23111512
23127269
23144662
23151756
23174816
23176550
23181447
23182963
23192013
23196157
23211101
23211401
23242750
23250779
23252967
23261137
23291872
23303601
23319223
23339019
23346428
23382697
23392044
23393006
23394419
23399492
23407193
23408293
23411042
23420929
23421244
23431766
23437186
23446187
23447479
23452626
23458694
23461238
23473092
23490951
23493382
23498062
23504131
23504694
23519781
23536486
23542266
23557483
23568034
23589565
23598605
23607466
23613966
23616841
23621046
23635556
23642135
23645944
23654859
23672587
23675349
23689304
23690371
23701409
23704832
23725498
23729243
23741943
23742928
23751497
23763069
23764697
23765200
23775121
23776291
23777467
23780729
23783053
23783623
23783985
23785073
23803729
23809388
23810818
23819554
23836411
23839635
23857196
23858045
23862007
23862908
23865179
23865229
23892716
23898292
23921494
23929656
23945556
23967715
23971407
23974423
23992891
24045815
24055978
24076162
24080406
24082387
24083267
24088772
24107347
24119916
24136086
24168700
24173160
24211585
24230625
24244260
24270053
24272884
24279203
24288923
24299600
24301175
24314147
24341686
24360315
24364385
24369598
24370324
24371994
24380206
24380892
24385030
24406969
24410752
24411171
24434504
24442227
24447367
24449457
24473688
24479082
24479952
24536781
24537785
24545333
24546841
24558147
24565471
24572098
24581495
24584157
24585159
24585176
24587188
24609985
24618262
24630122
24630352
24637061
24639738
24648566
24649323
24679842
24696852
24697834
24709948
24717044
24730976
24739081
24739477
24744020
24768951
24776045
24796428
24825234
24838804
24844524
24846053
24853027
24858103
24867040
24876897
24883660
24892155
24894888
24902960
24913611
24920353
24922853
24924543
24947478
24953699
24958061
24975881
25006908
25015867
25027088
25031520
25053194
25053805
25067114
25071030
25097754
25113576
25114336
25115505
25117401
25117595
25120921
25122183
25125947
25127054
25134189
25156745
25171864
25184024
25187816
25198887
25205470
25238188
25253276
25256288
25256458
25256757
25261949
25263343
25269512
25281348
25288127
25298392
25315832
25316677
25328148
25329992
25340360
25346035
25384058
25389673
25404886
25416912
25422323
25427727
25443111
25443501
25450425
25454421
25472117
25473732
25485724
25485726
25489688
25490850
25491806
25498881
25508424
25533218
25542261
25571796
25579054
25588376
25601454
25608055
25619818
25626057
25638223
25643986
25663285
25667696
25680689
25684271
25684547
25717202
25721615
25744074
25749779
25754338
25757505
25764492
25771919
25776131
25778958
25782802
25793374
25815211
25822633
25827539
25834708
25841945
25848190
25858191
25866059
25873593
25876935
25885696
25886281
25891143
25894741
25935775
25970302
25983475
25986978
25995919
26007309
26008355
26019048
26020744
26026519
26027927
26028672
26039125
26058684
26060188
26061209
26064675
26067760
26077879
26090130
26121710
26145143
26159194
26173128
26182185
26187873
26195817
26206017
26206278
26230999
26231891
26232969
26243510
26247064
26264257
26274384
26283673
26314909
26321132
26327370
26340561
26345627
26348294
26358673
26365474
26385074
26388411
26389532
26392714
26400575
26421042
26430487
26443326
26462669
26464714
26469659
26469724
26493848
26509695
26520650
26523268
26532118
26539894
26542370
26546410
26546423
26553769
26556866
26570114
26572357
26599796
26600715
26611296
26625443
26627829
26654269
26655809
26658908
26670657
26677182
26692286
26699188
26723875
26725682
26734821
26735349
26742993
26760712
26760921
26766446
26777959
26782799
26804571
26804726
26819760
26819869
26827798
26831584
26837804
26838260
26839460
26840113
26851093
26852338
26865465
26866566
26882124
26893663
26899166
26922453
26949090
26955607
26965540
26977633
26986738
26991629
26997452
27007003
27014040
27026066
27030218
27034915
27047691
27061036
27068528
27069684
27078045
27081947
27101525
27126527
27127280
27127877
27134195
27139414
27158395
27166601
27181030
27188740
27194233
27200002
27211274
27227829
27232530
27252957
27255965
27266308
27270581
27279861
27292163
27293771
27317774
27337677
27339966
27371940
27421991
27431163
27440945
27446139
27451527
27464217
27466131
27476691
27486256
27488716
27491586
27505197
27517183
27534383
27546251
27561827
27570023
27573236
27575714
27577147
27582330
27608133
27613681
27635984
27642268
27649753
27657475
27658634
27662658
27686859
27703446
27705926
27711426
27717445
27720214
27762133
27762468
27777195
27793245
27797734
27806040
27806560
27808942
27828657
27844186
27860838
27891739
27895689
27895814
27899983
27905759
27929083
27933595
27937724
27952846
27952967
27957079
27958440
27978033
27978376
27982079
27982244
27983526
27998335
28015181
28017048
28033680
28043878
28047736
28058432
28060119
28061654
28064848
28069028
28098622
28113156
28122056
28160774
28166086
28179869
28190154
28211811
28226992
28229654
28232414
28237507
28238548
28254176
28278666
28293452
28313790
28318079
28327618
28336969
28355443
28366083
28373292
28375083
28375384
28377395
28379661
28386424
28388816
28393177
28401537
28420766
28437905
28441655
28463495
28488683
28496081
28549009
28558145
28562915
28579404
28581666
28582549
28585823
28587117
28592382
28597912
28599454
28599972
28609723
28631203
28638756
28647385
28650980
28652860
28653827
28654562
28665749
28671197
28675080
28681197
28689201
28694734
28701128
28715744
28719940
28720924
28737865
28743606
28743932
28757156
28763902
28776097
28779274
28795699
28807359
28833595
28859939
28870160
28871849
28873497
28880499
28888663
28908051
28929250
28931574
28936153
28965085
28981458
28991281
29012315
29022770
29063347
29116827
29135008
29138370
29151503
29162591
29164955
29181317
29192620
29195357
29197042
29204146
29220202
29222701
29226353
29229469
29233428
29251993
29259081
29264929
29269936
29276490
29277683
29280365
29289881
29291357
29292397
29308496
29312068
29317707
29349481
29366850
29393385
29396056
29400866
29412677
29428593
29429917
29438130
29460954
29465442
29467958
29471145
29484770
29489299
29489531
29489792
29493393
29501512
29511239
29520323
29520790
29520889
29522814
29531461
29537628
29551344
29571843
29575506
29590309
29595998
29599535
29625266
29645108
29666816
29675426
29685760
29689241
29691787
29698080
29703348
29710343
29731025
29732432
29744506
29750143
29775242
29786672
29804222
29806237
29812577
29813274
29834209
29868597
29871064
29901662
29910856
29911496
29911794
29912798
29922616
29929372
29938739
29943589
29951759
29957131
29975838
29986156
29986440
29990187
30005483
30059974
30074141
30093056
30100682
30126426
30142312
30143958
30151819
30157858
30165039
30173811
30182981
30187657
30197573
30201241
30216019
30217336
30220718
30223915
30227876
30229010
30230906
30239331
30243043
30250884
30251438
30274421
30277285
30294618
30310378
30313235
30320712
30330183
30367142
30368273
30385859
30386203
30411394
30411819
30415478
30423377
30425741
30425960
30428193
30445698
30455029
30467517
30476167
30498659
30514070
30517638
30531224
30543091
30550588
30587167
30599810
30612476
30629847
30631781
30632029
30634201
30654045
30657420
30663984
30668667
30670222
30672563
30689742
30698920
30712404
30747328
30751267
30754047
30763824
30770805
30773250
30776407
30778875
30780915
30788714
30791181
30808040
30808725
30827200
30830688
30837749
30846956
30861611
30867837
30870174
30879865
30886492
30891314
30894228
30897087
30899879
30904917
30912554
30912926
30920727
30930137
30941356
30944003
30947111
30952408
30966813
30972541
30977909
31006881
31008863
31030849
31046079
31051295
31076862
31106068
31116857
31117164
31118512
31120427
31131082
31136305
31141728
31142467
31152120
31152701
31153817
31161073
31164161
31168232
31175215
31176738
31184870
31185197
31251800
31253236
31282545
31289578
31296234
31298084
31306805
31342281
31348982
31349186
31374838
31393852
31415838
31421021
31424274
31432610
31465583
31504779
31514956
31515246
31524914
31527769
31531401
31539680
31559834
31567587
31569543
31573602
31592713
31593120
31603624
31605046
31610582
31631370
31636064
31639206
31640044
31644283
31651259
31653570
31655938
31681538
31693024
31722163
31722231
31722259
31725346
31747886
31759850
31759867
31782803
31786951
31790032
31796187
31817101
31818111
31827611
31859428
31869138
31869338
31889459
31905265
31906398
31913320
31919266
31944559
31964200
31968260
31971024
31984419
31997019
31998664
32045722
32065167
32065827
32105651
32121504
32125868
32151982
32154300
32169348
32183260
32193351
32197437
32198396
32200246
32201095
32205780
32216035
32224441
32232003
32252213
32265595
32266361
32281016
32286496
32296054
32328210
32332750
32340628
32370233
32389750
32392854
32393445
32402081
32414216
32417967
32426366
32443655
32469481
32478513
32480233
32487914
32504356
32524570
32525132
32542604
32552265
32561078
32561222
32568410
32580009
32588066
32590187
32603861
32667433
32676274
32703735
32719974
32726309
32744961
32762309
32788935
32808436
32815686
32817641
32818284
32822654
32825175
32838170
32843128
32886143
32912391
32913807
32925921
32933717
32939408
32951576
32963195
32964038
32971898
32973878
33030412
33042728
33048091
33049089
33053937
33069271
33082834
33083135
33101920
33105043
33109147
33110340
33113853
33118957
33122999
33154654
33168591
33174379
33177827
33181824
33204340
33212017
33215718
33230820
33244450
33245307
33245790
33250871
33256934
33282398
33301048
33308423
33323882
33326419
33336857
33342985
33343742
33355266
33360521
33375378
33377055
33390591
33394875
33405174
33410650
33411151
33411749
33435091
33449276
33450328
33456746
33471698
33471706
33473371
33481564
33485842
33493357
33493892
33510308
33516827
33533266
33535256
33543163
33548049
33555317
33577707
33591152
33602587
33646360
33649511
33651246
33667733
33707690
33715726
33725609
33735483
33747359
33756110
33768839
33769603
33772483
33788300
33794224
33794972
33799919
33818758
33824602
33844716
33862969
33877668
33892023
33894401
33899014
33904954
33916265
33920246
33920387
33925445
33934353
33938609
33945372
33985618
34001150
34042216
34081242
34087434
34088867
34092341
34093621
34099642
34133870
34135609
34153501
34163163
34168230
34198401
34199042
34200211
34201297
34202002
34208487
34209111
34209122
34218835
34220809
34232696
34249189
34253221
34254744
34267967
34274362
34276766
34277926
34283517
34290386
34298914
34299187
34302744
34308446
34313490
34318289
34375860
34376422
34380427
34384587
34396072
34402983
34410890
34431325
34452454
34455164
34465940
34478782
34482899
34485849
34488904
34496252
34506148
34517344
34548844
34560851
34563846
34598487
34620833
34622768
34626209
34637599
34640764
34648329
34652559
34665658
34670078
34734714
34735585
34741479
34758982
34759217
34759728
34793144
34798630
34814042
34817104
34822623
34831595
34843599
34849477
34866906
34870627
34892411
34897706
34898481
34906024
34908609
34910121
34910266
34934252
34935263
34941263
34941656
34944735
34946364
35025873
35029184
35029264
35038461
35050711
35059739
35068229
35083380
35088039
35098504
35129447
35153364
35153871
35161505
35179061
35188269
35189470
35195657
35219226
35220187
35242852
35244043
35248181
35259202
35263839
35290118
35290829
35303504
35313731
35313927
35318415
35339249
35348256
35351303
35359574
35362404
35363497
35380039
35382478
35399326
35407388
35412210
35417694
35425096
35465233
35467489
35478173
35483095
35484428
35502425
35516999
35522471
35523471
35523831
35528028
35532320
35533896
35535573
35540966
35543415
35546687
35547067
35557796
35563238
35588160
35589880
35594989
35625672
35657999
35660924
35662593
35666660
35674519
35700450
35727193
35729371
35739131
35762400
35767512
35768247
35774263
35775169
35783366
35804299
35809753
35850335
35850654
35854015
35865608
35878671
35895233
35900213
35907381
35912529
35917399
35922507
35932140
35954615
35957150
35964689
35965220
35976884
35977606
35985435
35986802
35988002
35992010
35992707
36008966
36012167
36019074
36038086
36064714
36067303
36076705
36093176
36096365
36112879
36125450
36131459
36194853
36214868
36217186
36240389
36271952
36277452
36280361
36298986
36305460
36306790
36325698
36334513
36347869
36370559
36373687
36394512
36406909
36410710
36416753
36422694
36425665
36431866
36436791
36438661
36439603
36445576
36458809
36462392
36467715
36471189
36471848
36481266
36483644
36488700
36502547
36513182
36525251
36532615
36535740
36541927
36551331
36556957
36561274
36578377
36593866
36601210
36602540
36605299
36606018
36643029
36645719
36655885
36667721
36678919
36691562
36705538
36710114
36711199
36719120
36730730
36738211
36752343
36755919
36764377
36766024
36777315
36793086
36793200
36795916
36797446
36800628
36803690
36808999
36813970
36828212
36828794
36835748
36878352
36896023
36896538
36902142
36905667
36912645
36934287
36944515
36950600
36956656
36959264
36963172
36965013
36965112
36972194
36972415
36975311
37008781
37012063
37031139
37048747
37057533
37069111
37070101
37075924
37081005
37085510
37091372
37095009
37097927
37099058
37123447
37127572
37135144
37139595
37146536
37147033
37147367
37155653
37167285
37168736
37183551
37186764
37202995
37210565
37213023
37215400
37215775
37231401
37244776
37251355
37252587
37254142
37263474
37265295
37282123
37284389
37306528
37317516
37324772
37335264
37342580
37344563
37361214
37365538
37366373
37371269
37372469
37377035
37385739
37416934
37417493
37430217
37436651
37447749
37454444
37456041
37494308
37495794
37499996
37501374
37515822
37519777
37539441
37552753
37568318
37572406
37585045
37599630
37622906
37623644
37630120
37636868
37653415
37663625
37687773
37701403
37702444
37704127
37712588
37728975
37734546
37767112
37783095
37787185
37821347
37828385
37828966
37830528
37837001
37849918
37854785
37858226
37865956
37877284
37877523
37879636
37881073
37888122
37889842
37897074
37908949
37926747
37936440
37942441
37943851
37949220
37951170
37954734
37957630
37975973
37987265
37991815
37999289
38010713
38015073
38023267
38030922
38049739
38057059
38062342
38087137
38108026
38108538
38109695
38111385
38130301
38133534
38142560
38142949
38149477
38152952
38167879
38170542
38177342
38182665
38197640
38200299
38208474
38228521
38237364
38245106
38283901
38286307
38289376
38305165
38311574
38314366
38324722
38330198
38335808
38346894
38359375
38373194
38384213
38415976
38418208
38431580
38462141
38467638
38478527
38513570
38547951
38564660
38564968
38567021
38576161
38579998
38584522
38591392
38596548
38604150
38611435
38611605
38616846
38621453
38623204
38629390
38640842
38646477
38671891
38673615
38686610
38692343
38705332
38708365
38718287
38723314
38723903
38725463
38733105
38735924
38753497
38759933
38782302
38790327
38794161
38807568
38807736
38813765
38816542
38826150
38829377
38847572
38852971
38867111
38870008
38877114
38887358
38911682
38930342
38934535
38937089
38960002
38990553
38991093
38991823
38996693
38998087
39017815
39037118
39041493
39044918
39050744
39057119
39066561
39083195
39111001
39113769
39128065
39133303
39138729
39148787
39197457
39210900
39211236
39215683
39221383
39228174
39244351
39250944
39252209
39259393
39262017
39267382
39283999
39285306
39290108
39293928
39296172
39299375
39305452
39311825
39355987
39364206
39373353
39379186
39393138
39402849
39408459
39426102
39430613
39436001
39447794
39450276
39458411
39466663
39478268
39478902
39489894
39498414
39504263
39507948
39510616
39531709
39539695
39550402
39555889
39557457
39563314
39585300
39585959
39588309
39592529
39605643
39622039
39649933
39654905
39665035
39679858
39687178
39688922
39694296
39720877
39743451
39743578
39750959
39754806
39757804
39768963
39774987
39792430
39797103
39798703
39800467
39801163
39814247
39814731
39829211
39837890
39843020
39867488
39877114
39881453
39886517
39893537
39895443
39901714
39915158
39928166
39934803
39937047
39939441
39941132
39942271
39945762
39972324
39979669
39985181
39996983
40003771
40010905
40020774
40020828
40046154
40068341
40069964
40078346
40079474
40090588
40098084
40101287
40105447
40105944
40116937
40119682
40129754
40138029
40163544
40163894
40167248
40175912
40176449
40183296
40196703
40217697
40224655
40227635
40228557
40229790
40233017
40237196
40245753
40248436
40254494
40255735
40274824
40348649
40359647
40365499
40375066
40391466
40400948
40444351
40449530
40479022
40543294
40546796
40556494
40569200
40585872
40593802
40596583
40604047
40606324
40613378
40624929
40635621
40643243
40656469
40665357
40677577
40684272
40709345
40744502
40747004
40753546
40820545
40834565
40842013
40852197
40862009
40879276
40879968
40888722
40893867
40928562
40929600
40931854
40945633
40951556
40961394
40971421
40975216
40975756
40994117
41035945
41054340
41056831
41073945
41079134
41083488
41114778
41117716
41129819
41160166
41169787
41193052
41196839
41197165
41200855
41209571
41217916
41224757
41261673
41273949
41275820
41291022
41292229
41293671
41294394
41295520
41306133
41310209
41311231
41319255
41336182
41342593
41353690
41369142
41371355
41391607
41392142
41399745
41412884
41426234
41437428
41447311
41449395
41454486
41469033
41485023
41507274
41516448
41522109
41529262
41530469
41557580
41565259
41576382
41590426
41600369
41621597
41630225
41634548
41640803
41642190
41643537
41645212
41645319
41650250
41661494
41662116
41662967
41666154
41670526
41688995
41718062
41719280
41726837
41736222
41752763
41753107
41753984
41774803
41781187
41809121
41830001
41836212
41838380
41840585
41850621
41860665
41870597
41883731
41893453
41901436
41914324
41927284
41950274
41956085
41965502
41970444
41973139
41982119
41985756
41991960
41995467
42013416
42021060
42031248
42057100
42064873
42073174
42081875
42093025
42099966
42112503
42122627
42127980
42139019
42151312
42153837
42161051
42185860
42192982
42193335
42195139
42200475
42239116
42241547
42254928
42258679
42258993
42276815
42281285
42285426
42285708
42286012
42292136
42308900
42323400
42343938
42375091
42376439
42381260
42388943
42390944
42411647
42412411
42429286
42430806
42471862
42484730
42504097
42504100
42506272
42516435
42527604
42535670
42545786
42556360
42564656
42574745
42582104
42623882
42624673
42633156
42636780
42650871
42652552
42656996
42662346
42670235
42671811
42674522
42678942
42680723
42692783
42693527
42711840
42719891
42727694
42729731
42752441
42753080
42758418
42768388
42779543
42786182
42789946
42793204
42793556
42797311
42800065
42800863
42813837
42844687
42856098
42856147
42870831
42889013
42902555
42908476
42909774
42945208
42946945
42961157
42970181
42978531
42980933
42985916
42988860
43013510
43026097
43036164
43038295
43053835
43080565
43101260
43123187
43123575
43162008
43177642
43206285
43207344
43212066
43215484
43230123
43234793
43242133
43253147
43266733
43287971
43288564
43289720
43297384
43306653
43308846
43311536
43328775
43330855
43335289
43357523
43382270
43403506
43418042
43431742
43439952
43469167
43518331
43523612
43532514
43535422
43560653
43565884
43598056
43600652
43615500
43620391
43624772
43629105
43640987
43646673
43649787
43662526
43665583
43669890
43672061
43675048
43696015
43701159
43714046
43719177
43726520
43726957
43759289
43762746
43785411
43786299
43787644
43788351
43809385
43815907
43823402
43824905
43825170
43829854
43833600
43865570
43880419
43884878
43905324
43909793
43926813
43927762
43938110
43946323
43960528
43963268
43963774
43971559
43973410
43974785
43995146
44036377
44064389
44077821
44105685
44106750
44114344
44124669
44125166
44137025
44153196
44164964
44180449
44193190
44197164
44212196
44219778
44262968
44286552
44290480
44306598
44318880
44328205
44328412
44332096
44337116
44345098
44346723
44357140
44376112
44382082
44409084
44424778
44427628
44440897
44446877
44452834
44460993
44465529
44482874
44484623
44484907
44489785
44497387
44515102
44536475
44544584
44547609
44549891
44551972
44569560
44570372
44586540
44587704
44608468
44638013
44638111
44641073
44659340
44660275
44664949
44689336
44692796
44696435
44718827
44720901
44757783
44766428
44789459
44790768
44814440
44821932
44828491
44828816
44845982
44848875
44849546
44858348
44874081
44884242
44885533
44887249
44889113
44895833
44925668
44929679
44932922
44955854
44960013
44960395
44965503
44977633
44981946
44989078
44990863
45001675
45008960
45011024
45018508
45048011
45054649
45055713
45057724
45063324
45063475
45065656
45075446
45104152
45111870
45140737
45147071
45147527
45151102
45178882
45188434
45195646
45198361
45206288
45206288
45207062
45213752
45223272
45234242
45245047
45255479
45258137
45274664
45303170
45314208
45327838
45329048
45329843
45332351
45340751
45349756
45352028
45371955
45373882
45374294
45377699
45380490
45395145
45400456
45421191
45421432
45423363
45434773
45439807
45443069
45443574
45447410
45452450
45469513
45473049
45491630
45499071
45503068
45523990
45560340
45565968
45568648
45576451
45577212
45595522
45604182
45605924
45614682
45618958
45640005
45654754
45684510
45685846
45689037
45712246
45726954
45743553
45749087
45779096
45780218
45802455
45807678
45824695
45832787
45835748
45839516
45842567
45844678
45846451
45849229
45859495
45868841
45882400
45890399
45893139
45896400
45896605
45910306
45910865
45916212
45932191
45932396
45933625
45935901
45939542
45955828
45956209
45959301
45965858
45984167
45988575
45995657
46002612
46006666
46008964
46018102
46027085
46068594
46069581
46090126
46120223
46125173
46130392
46133671
46134776
46142053
46159777
46161455
46161636
46185895
46201744
46203463
46209010
46209493
46218568
46235533
46258323
46263122
46268183
46270130
46284992
46291863
46302724
46309206
46313395
46333364
46333635
46339613
46342404
46343590
46361225
46374432
46375875
46384370
46393404
46404306
46432144
46433278
46435995
46440205
46440624
46441305
46443436
46444715
46449938
46461923
46465367
46466623
46519894
46522606
46535092
46562660
46570762
46574020
46587583
46595471
46606531
46624574
46630453
46673572
46676770
46677028
46680931
46690456
46690956
46700490
46700683
46705771
46725629
46727464
46739542
46761666
46769738
46809244
46811298
46816445
46825860
46849476
46860394
46862419
46863102
46875327
46879904
46895808
46904944
46920065
46922180
46925876
46926393
46944477
46961354
46966435
46974160
46974551
46974697
46975945
46977373
46979287
46982228
46985756
46985791
47002190
47007499
47046741
47066046
47073074
47079378
47085694
47086753
47089962
47090232
47111494
47113216
47115332
47118675
47123153
47125396
47138690
47147142
47150096
47173716
47182108
47196548
47209396
47219470
47223956
47229954
47238043
47238682
47257473
47284077
47299424
47299682
47303900
47304921
47312780
47315718
47334921
47341934
47350696
47352285
47379083
47379322
47389713
47410734
47411819
47432464
47442149
47443291
47447065
47447616
47450954
47451048
47452021
47453813
47466735
47469456
47477251
47487272
47487615
47495168
47502130
47507829
47523682
47525404
47531640
47539561
47546661
47553765
47592028
47595120
47608328
47615093
47616427
47623988
47656783
47665100
47687442
47690752
47690770
47692493
47726144
47736782
47740563
47740597
47758627
47772820
47779955
47797698
47806653
47815168
47830130
47830522
47842828
47852916
47856702
47858117
47891483
47894032
47899322
47900607
47902312
47907562
47911827
47935016
47935293
47936272
47943813
47945584
47949611
47985792
47985818
48004542
48010408
48011210
48014126
48023405
48040920
48046140
48069299
48073347
48082416
48083460
48088682
48093915
48114735
48116441
48142592
48146227
48147383
48153883
48209500
48217565
48248556
48249912
48256782
48260147
48262081
48275836
48293933
48294688
48299254
48302030
48302395
48306155
48320012
48342681
48344849
48346648
48352371
48360420
48369660
48370306
48385727
48388410
48403841
48405051
48410702
48415350
48420990
48425380
48426142
48459668
48460062
48481380
48496728
48505876
48508888
48519176
48519720
48528541
48530077
48531504
48532632
48546392
48565969
48616163
48620151
48635170
48641789
48641811
48661210
48670664
48675972
48681256
48681580
48682314
48712347
48720173
48724945
48731349
48741564
48748267
48759138
48765505
48781548
48794246
48825792
48835043
48843900
48861025
48867042
48875390
48876733
48878882
48895616
48900049
48906682
48929071
48938517
48941356
48948140
48948438
48955209
48956535
48962204
48962675
48970970
48974444
48982543
49000512
49010136
49017450
49049481
49054855
49057402
49082247
49084861
49087332
49117322
49125967
49140568
49153378
49163906
49180080
49202367
49212889
49218761
49219971
49257056
49266155
49275141
49289519
49292587
49298191
49301560
49311626
49313777
49317406
49321855
49329401
49339907
49345110
49347663
49359209
49364269
49367786
49394516
49407271
49418023
49420916
49438665
49440129
49444011
49450228
49455679
49471929
49480554
49496447
49500848
49526259
49532145
49564585
49565532
49576887
49583947
49584352
49601354
49602909
49611271
49614208
49617975
49621308
49623603
49626201
49629750
49631324
49640080
49641338
49644136
49654538
49659149
49686727
49724724
49743287
49755707
49756187
49779847
49782816
49796219
49800655
49807160
49820043
49834685
49841305
49843220
49863395
49893960
49894931
49916175
49923246
49924852
49928984
49931858
49947023
49954612
49956660
49960915
49983787
49991464
49993242
50013115
50021428
50030455
50043094
50043257
50043825
50049135
50062078
50076121
50090000
50100103
50116177
50119101
50124908
50134236
50135033
50136515
50151542
50186868
50192159
50193401
50195472
50212192
50222794
50225479
50234590
50237039
50243197
50259446
50261554
50266083
50281488
50286374
50306368
50311468
50316867
50337166
50342556
50344980
50364122
50375779
50385017
50420549
50422926
50424802
50429854
50450708
50474840
50486347
50490736
50510443
50532096
50533218
50533592
50533943
50535143
50539424
50540835
50554687
50564937
50594178
50612905
50614279
50616182
50621058
50634283
50641481
50647618
50650908
50658371
50661577
50667214
50703152
50711622
50715348
50719292
50743135
50753258
50755376
50757287
50771750
50777989
50788446
50826306
50836637
50854650
50862636
50873961
50876998
50897978
50906663
50919736
50930732
50941194
50942062
50943648
50943960
50948061
50949879
50958540
50968619
50992626
50992648
50998268
51008473
51014204
51036712
51048826
51069315
51078798
51112841
51118773
51120394
51137462
51145129
51145519
51159480
51196586
51212852
51220755
51229329
51238835
51244007
51257304
51259906
51271053
51279442
51293155
51304542
51312720
51349600
51377316
51381750
51396256
51397600
51403366
51424187
51425652
51426454
51448895
51459164
51461970
51484671
51513885
51520544
51536025
51550389
51553798
51563017
51575346
51580881
51600746
51607967
51608382
51627833
51643630
51650804
51662507
51668871
51714266
51714608
51716346
51716472
51716638
51724202
51762622
51785188
51803310
51807393
51834893
51857489
51868398
51877584
51892791
51894331
51895233
51901973
51913125
51939061
51949438
51949592
51950677
51953466
51972793
51973483
51986640
52006280
52014570
52015272
52035894
52057847
52066591
52066792
52076908
52080404
52087595
52092765
52093713
52130106
52131723
52143524
52147553
52151275
52156322
52166908
52167673
52171498
52174635
52180837
52209981
52228369
52229001
52234530
52240581
52245046
52248590
52250907
52256623
52273165
52299224
52307497
52318551
52320494
52344894
52351964
52362031
52367019
52371069
52391762
52394619
52401883
52402878
52407118
52419961
52423112
52425850
52436307
52436905
52456218
52472470
52482705
52486795
52493760
52497336
52517431
52518103
52518612
52519569
52549931
52553524
52556923
52579393
52617243
52647303
52662876
52663472
52663536
52664492
52668011
52676605
52683583
52686579
52692716
52698293
52708328
52723313
52733121
52744784
52750472
52758217
52765886
52773463
52773760
52776765
52781156
52806051
52822961
52824385
52854608
52868218
52877167
52877459
52884238
52901102
52933231
52962431
52979748
53031054
53034643
53035672
53050014
53052168
53070423
53071647
53072603
53084285
53097952
53108169
53117214
53123829
53147787
53149182
53154803
53156027
53158868
53167726
53173906
53174910
53176176
53192590
53196733
53206566
53213515
53213606
53217712
53226401
53257587
53292459
53310687
53312846
53320579
53324197
53329380
53342063
53347435
53402540
53425346
53425784
53430985
53437524
53452011
53456784
53463357
53476166
53484758
53502158
53512449
53531569
53539209
53542081
53542417
53550441
53553193
53563129
53565135
53565410
53573187
53577493
53600122
53608758
53609201
53627761
53630665
53661332
53664877
53666968
53674244
53692268
53694557
53720444
53721005
53728979
53734272
53741754
53750868
53766719
53778515
53785972
53791431
53834114
53841186
53848389
53851467
53878889
53913091
53933524
53937029
53947859
53954185
53963642
53967438
53973220
53977399
53983443
53985772
53986235
53989042
53997924
54003080
54005880
54011595
54030774
54033241
54038227
54052739
54053189
54056323
54073896
54076280
54081307
54136495
54153072
54153530
54153571
54173602
54185241
54191586
54197004
54202058
54206297
54214667
54216366
54216681
54227735
54245082
54252927
54260847
54262604
54265731
54267387
54272630
54283766
54290629
54299781
54310451
54332114
54335637
54346349
54353892
54356658
54358873
54377480
54398959
54407905
54418854
54420565
54421459
54424342
54430773
54433028
54469874
54471607
54481799
54482982
54487758
54490914
54493563
54493757
54502854
54509518
54524867
54526179
54529067
54530519
54535882
54543219
54559581
54571867
54584175
54584952
54589592
54590542
54596535
54597653
54606181
54614390
54615774
54630665
54635178
54639604
54640405
54642363
54662187
54700753
54700911
54705526
54711687
54728760
54745815
54746557
54747671
54748313
54752098
54760600
54760620
54770817
54783164
54784265
54799181
54804387
54805775
54813996
54819094
54829066
54851278
54852596
54859251
54874564
54884103
54913611
54913920
54938081
54963123
54976998
54986879
54987509
55001772
55008354
55009309
55012898
55024461
55039453
55051776
55053909
55066067
55086820
55093044
55093990
55119559
55135936
55136458
55153115
55165166
55165963
55194235
55208945
55211348
55220181
55224227
55231693
55237687
55243217
55256729
55258233
55260426
55274358
55280123
55296553
55296860
55308865
55341276
55349224
55362260
55368096
55374828
55377193
55379637
55412274
55426210
55430362
55433651
55439782
55449055
55458010
55473850
55476849
55481627
55514807
55515793
55525507
55542945
55549159
55562643
55562873
55565680
55576904
55594262
55601032
55603386
55605119
55609148
55618429
55634996
55662351
55665530
55674192
55687315
55690237
55695025
55696355
55703261
55716105
55720891
55728441
55734279
55750818
55751733
55754135
55800734
55805841
55812225
55820386
55842287
55848702
55875511
55884923
55891356
55898438
55904851
55907997
55908937
55911318
55911711
55915196
55930906
55974809
55982395
55983931
55991085
55991693
56009647
56011291
56025813
56039167
56049662
56053727
56059936
56061033
56101099
56106341
56108417
56123550
56153989
56159774
56166543
56186618
56214644
56217149
56222066
56227929
56232332
56245468
56255709
56260786
56261967
56264837
56270025
56270707
56271581
56274603
56294288
56298909
56312428
56313406
56315139
56323898
56326652
56338040
56344692
56346501
56352555
56362050
56363902
56371333
56375217
56378222
56397517
56419849
56432332
56440144
56449019
56453218
56457207
56459777
56459849
56464999
56479461
56480390
56488113
56501851
56511566
56512938
56532770
56544221
56555502
56560323
56561986
56567163
56592867
56604775
56614355
56616950
56618012
56632039
56639332
56662575
56667645
56679362
56689277
56698632
56706575
56716355
56720033
56739499
56742662
56749551
56755630
56770176
56795032
56803920
56830395
56833422
56851173
56853676
56865764
56889156
56907858
56915717
56916984
56919337
56929628
56957335
56959792
56960161
56967538
56971944
57010938
57044207
57072551
57077176
57094291
57132660
57140991
57151445
57152920
57194843
57213240
57234969
57237466
57258731
57264587
57278199
57281487
57305706
57326840
57353936
57374154
57380209
57389406
57407850
57410779
57410968
57416381
57430554
57436231
57436614
57439225
57460355
57487224
57501858
57505826
57517838
57520071
57536478
57555262
57555615
57557155
57558607
57566421
57573534
57574431
57583656
57585268
57592334
57603623
57604018
57642541
57643933
57645663
57681706
57715226
57731966
57739099
57739915
57744956
57757148
57757668
57760414
57767850
57769876
57776791
57782434
57800317
57826042
57835324
57839201
57842668
57854554
57871255
57894672
57898465
57904684
57908728
57926237
57937221
57940633
57959544
57978341
57996291
58011374
58029158
58038577
58047284
58064130
58073540
58084983
58088351
58088869
58091800
58094211
58111690
58115569
58148493
58154237
58175009
58189698
58200377
58206114
58218380
58224664
58228218
58254341
58270412
58270996
58273751
58274341
58281220
58285907
58302256
58307171
58324358
58331876
58339313
58357089
58360488
58369392
58386892
58402391
58422578
58443931
58448644
58448833
58469136
58475237
58487117
58525566
58541030
58563436
58579714
58587987
58606602
58632454
58636357
58657587
58659457
58669866
58675821
58681307
58688849
58708672
58710689
58714889
58749416
58758039
58758052
58760877
58761186
58767000
58769730
58786887
58787324
58806535
58809444
58815082
58815355
58820987
58828796
58829697
58834314
58853062
58873646
58881624
58897840
58933541
58937957
58943603
58964535
58976954
58983779
59001351
59001852
59026800
59031264
59032925
59032927
59044738
59047697
59072708
59073407
59085442
59093081
59097506
59102765
59106005
59113029
59114731
59115491
59136210
59139346
59141080
59187092
59189881
59193247
59208319
59211251
59217615
59221662
59226520
59242611
59253040
59253820
59261709
59277417
59280870
59296825
59302956
59309561
59325068
59327015
59330653
59340354
59341872
59347954
59353640
59361620
59374268
59378463
59404414
59414102
59418170
59438643
59440727
59457285
59460828
59471045
59483339
59485135
59492246
59500837
59509591
59511969
59513822
59514933
59517816
59525567
59535048
59542403
59554511
59557561
59601455
59615671
59617601
59627473
59628679
59636929
59638648
59639058
59639480
59645404
59660026
59669604
59675060
59677811
59679518
59679640
59697587
59700533
59702145
59732704
59746734
59749482
59751559
59759534
59770870
59796546
59815236
59827518
59835827
59840248
59848968
59857632
59860902
59861978
59870646
59872003
59897644
59908905
59909143
59911735
59914299
59944084
59946015
59953353
59961939
59969873
59970083
59981596
59994156
59998625
60005887
60017744
60035503
60037996
60038072
60046231
60049824
60068002
60068101
60072736
60083270
60089921
60102862
60103638
60112817
60117563
60132850
60137184
60147763
60170531
60177677
60179123
60195979
60210246
60217038
60232694
60239102
60242960
60257807
60264031
60286083
60300993
60304441
60305330
60310925
60313124
60321575
60331442
60335321
60343877
60347171
60359737
60364213
60374573
60376656
60377797
60383841
60384902
60388345
60402332
60410670
60411899
60411965
60415889
60424348
60433998
60444147
60477864
60478552
60483079
60490497
60512528
60528011
60532591
60551357
60555313
60562948
60565796
60614141
60614748
60620998
60636094
60662881
60673136
60684424
60694588
60695846
60706923
60727269
60740470
60753149
60770455
60775808
60789184
60796316
60808758
60814194
60815148
60816262
60828667
60840098
60866598
60880080
60905474
60905510
60912899
60918330
60920228
60925362
60935133
60935657
60954773
60991501
60996349
60998611
61002794
61004732
61023923
61040082
61042530
61050336
61050845
61061571
61087972
61164831
61164957
61186198
61192688
61223909
61231952
61236262
61241533
61242368
61244457
61275755
61275815
61275890
61325472
61331085
61333408
61334535
61335475
61339346
61340119
61340754
61363944
61365730
61383526
61390500
61397756
61421109
61431068
61440750
61449976
61480836
61485463
61486993
61492442
61495374
61501786
61526296
61529569
61541049
61549940
61551510
61557312
61574839
61581229
61593310
61613271
61627293
61650554
61659277
61678061
61681909
61687480
61697417
61699021
61703464
61734093
61740390
61740458
61745301
61749995
61762345
61802073
61803922
61823944
61823953
61826490
61828341
61830712
61855828
61894623
61910357
61957468
61985803
61987170
61989904
61990479
61992693
61999381
62001052
62002685
62008114
62011763
62026671
62027719
62031076
62036808
62041340
62048701
62073279
62108024
62120547
62124042
62124124
62131098
62142444
62145090
62152190
62153964
62186586
62186762
62192072
62195769
62201696
62223474
62227978
62252163
62279195
62279262
62300113
62313446
62329339
62329569
62331585
62344006
62348446
62358683
62361302
62363597
62389758
62395544
62398864
62406579
62406814
62409256
62421816
62430503
62437540
62442832
62445473
62471309
62479601
62486201
62487332
62505613
62512265
62519290
62534712
62538642
62546707
62562420
62567893
62601380
62605687
62624998
62629403
62631234
62637300
62650863
62650941
62653245
62659501
62660893
62661344
62677879
62680839
62696075
62699009
62700006
62714034
62735406
62739150
62746744
62751666
62766439
62783380
62798786
62800983
62810087
62813823
62823986
62855348
62858315
62858696
62878131
62882648
62898120
62902415
62905018
62905224
62930229
62954200
62957113
62960085
63001575
63018209
63023544
63029102
63034375
63040179
63041445
63050799
63061048
63063145
63068399
63069385
63143623
63148453
63162024
63165861
63166678
63179233
63194467
63259112
63262420
63266614
63282334
63285873
63286162
63300548
63303788
63304778
63306907
63307324
63330539
63346285
63353925
63368318
63409748
63411601
63440595
63448109
63458952
63461622
63469338
63484036
63501734
63511159
63511456
63513190
63515528
63515818
63551786
63554879
63556832
63581138
63585837
63592034
63615493
63620838
63637514
63651849
63657632
63683660
63688231
63691852
63696008
63717946
63734431
63744854
63758050
63788395
63795595
63800473
63811176
63814311
63816572
63826040
63864944
63871772
63872330
63876139
63890184
63896280
63900552
63903875
63906611
63907245
63910552
63911769
63915183
63928567
63938319
63939944
63940981
63946184
63949378
63959571
63960653
63965181
63969113
64015091
64016915
64024278
64026835
64037458
64043088
64062298
64063414
64075463
64081942
64099890
64103021
64104907
64127565
64139053
64157291
64157753
64171206
64172422
64182123
64196404
64202617
64207632
64232215
64236145
64252157
64271196
64272743
64275864
64280431
64285206
64304852
64315275
64316311
64344869
64351435
64355623
64364533
64368968
64369796
64373563
64385534
64388919
64397167
64428399
64434361
64472054
64490058
64498711
64510186
64518584
64553289
64579852
64588157
64609609
64611597
64617816
64619685
64636243
64639248
64643590
64656181
64683770
64685651
64736568
64740170
64744171
64747003
64756830
64757735
64758505
64761485
64766165
64770835
64792090
64805350
64828819
64829948
64854536
64854944
64870585
64874910
64942669
64944289
64946849
64949827
64956334
64959417
64959594
64970378
64972258
64973025
64981689
64997935
65046829
65056105
65059354
65079852
65098406
65105970
65133914
65134211
65144041
65146745
65160496
65165252
65168461
65174787
65175933
65183194
65199457
65208304
65214063
65224729
65234616
65235031
65241137
65243446
65249709
65250164
65269658
65273305
65278035
65287484
65301091
65304136
65309916
65310174
65310573
65325920
65331933
65333661
65346907
65361002
65395737
65406745
65411800
65426882
65428025
65446735
65463111
65496410
65499401
65519571
65551980
65556644
65568895
65574258
65584423
65591449
65628078
65658663
65664566
65666101
65690088
65707642
65733306
65757190
65761301
65764281
65781312
65784711
65793200
65794949
65826635
65834187
65837394
65839803
65840025
65847990
65867604
65871018
65872248
65892154
65898093
65902111
65914445
65915099
65917648
65924980
65925597
65928268
65933561
65954745
65956594
65962482
65975327
65978672
65980407
65985181
65987846
66005942
66018023
66024926
66029678
66050806
66061604
66066234
66078174
66079900
66080216
66109278
66113616
66113827
66162071
66192237
66195433
66208573
66208862
66214178
66238947
66244309
66244352
66254185
66254424
66255705
66256418
66257891
66268809
66275196
66276561
66282512
66295668
66306740
66308344
66326876
66340512
66342600
66346854
66353264
66370689
66385443
66433031
66446851
66452725
66461576
66468768
66476853
66479596
66480624
66503311
66530597
66534308
66618239
66622982
66642634
66654547
66662628
66672252
66691131
66734813
66739274
66739396
66743378
66746267
66784543
66786450
66791124
66793718
66797634
66809404
66822295
66841820
66854622
66856257
66864120
66876680
66886402
66908236
66910341
66913886
66916343
66924471
66933254
66944478
66950306
66950457
66981875
67005500
67007991
67028111
67036135
67043627
67048849
67063051
67129885
67130933
67137498
67149712
67191341
67193859
67215976
67217914
67238179
67262217
67279429
67279541
67302503
67305224
67316810
67334093
67341198
67344661
67345813
67349142
67353391
67376104
67391563
67392571
67394949
67409722
67425512
67429351
67430495
67435189
67435706
67445004
67445839
67472666
67474419
67475380
67476893
67478786
67483950
67505358
67516317
67536150
67541619
67547773
67556927
67557769
67558525
67582087
67584462
67594036
67603020
67616246
67618014
67624155
67633393
67636812
67637827
67660095
67696226
67745407
67748180
67753612
67755223
67765021
67799896
67821278
67821910
67822110
67834526
67843546
67844794
67856985
67866995
67880022
67882988
67894013
67901637
67973346
67976548
67986775
68025582
68049415
68058674
68076087
68104804
68119590
68127668
68136646
68161646
68180521
68182191
68203249
68210776
68218552
68233450
68235035
68246325
68247538
68251934
68260508
68267950
68291168
68296908
68299098
68356980
68370277
68384391
68394562
68405677
68411665
68426084
68427380
68433266
68436513
68448815
68451772
68477336
68490138
68502997
68517962
68522521
68534252
68560260
68561148
68564250
68581539
68586407
68599115
68632745
68633777
68641231
68644592
68650055
68706096
68721289
68722694
68735924
68747455
68760092
68760795
68765660
68766249
68767334
68780367
68784918
68785690
68790473
68793782
68797263
68827404
68830166
68830304
68847909
68850920
68865506
68866456
68868635
68872937
68883889
68902376
68908341
68912629
68932417
68932867
68940931
68944112
68947524
68949630
68969265
68985237
69008920
69011426
69026978
69043624
69044273
69047291
69050828
69056159
69060554
69078402
69079639
69084472
69092594
69095915
69099999
69102008
69103726
69105816
69116882
69117240
69119204
69139627
69173551
69181751
69186740
69204736
69205751
69206455
69228762
69231688
69241359
69246964
69254928
69279374
69289075
69299546
69308105
69312014
69336905
69355068
69366135
69379797
69381510
69407008
69430191
69457866
69463700
69475287
69493922
69496694
69505185
69512278
69525542
69528267
69533285
69543602
69557589
69578718
69595639
69603430
69604586
69641015
69645400
69653764
69658573
69672643
69675142
69684392
69707949
69731387
69736631
69743032
69743754
69754817
69768624
69781461
69804499
69806953
69807249
69818923
69823626
69839606
69872752
69886105
69887970
69893237
69899088
69917953
69918196
69918202
69952095
69952533
69954040
69954191
69968399
69994600
69996892
70001987
70002126
70006268
70009208
70015642
70028945
70032264
70048478
70076015
70095697
70130485
70136592
70138625
70147362
70163556
70184000
70202592
70218759
70275562
70280418
70286016
70310191
70316878
70318736
70337226
70341753
70347778
70360892
70368695
70378895
70390300
70417351
70418322
70426162
70460346
70479652
70487149
70487400
70490874
70493377
70504711
70512845
70515820
70525948
70538766
70541615
70552764
70560111
70571337
70576590
70577850
70595027
70598502
70617149
70619551
70629699
70650653
70664975
70673540
70701572
70724285
70725375
70761541
70761787
70764021
70765218
70772142
70790256
70800970
70846717
70850529
70860310
70875352
70897514
70916148
70924795
70945445
70946678
70957262
70985681
70987486
70989087
70996712
71022990
71029133
71030752
71034812
71041068
71058865
71059137
71062440
71069170
71070497
71093532
71094642
71107037
71114660
71115691
71142766
71144881
71162641
71179134
71182858
71185455
71185984
71188935
71194516
71196085
71200315
71203928
71205509
71210344
71212421
71223425
71240880
71246603
71269670
71280521
71331930
71332621
71342413
71342546
71345371
71345508
71347206
71348901
71350177
71351500
71355468
71365517
71367792
71374091
71374580
71429446
71470658
71488959
71527488
71535402
71547430
71559640
71594770
71595007
71601435
71609080
71617861
71637549
71669994
71694776
71698799
71709087
71713335
71716876
71785292
71792481
71797962
71807575
71812312
71813694
71848937
71856247
71877268
71887341
71898859
71900368
71902498
71903706
71925137
71937605
71939517
71942581
71946195
71953138
71964046
71970520
71971522
72005062
72007703
72015805
72024984
72032735
72048692
72063507
72065579
72073655
72074087
72146881
72155479
72159155
72175286
72177521
72182255
72183942
72186603
72214836
72257488
72277919
72277928
72280041
72286919
72311879
72316084
72319500
72329903
72368030
72370350
72373656
72388572
72391668
72405546
72415203
72416567
72419162
72433048
72437593
72438007
72444023
72446700
72448941
72453453
72464407
72489535
72491070
72505670
72513646
72531640
72534615
72553619
72558458
72559339
72560829
72565305
72575479
72593060
72603924
72611244
72620817
72627095
72627739
72642082
72645891
72701202
72727344
72759535
72781612
72785698
72791652
72825020
72857269
72857706
72869339
72872925
72878872
72878940
72894102
72906116
72906564
72917389
72947295
72955425
72956341
72957262
72960013
72969838
72995289
72997249
73013264
73035775
73036590
73040003
73048090
73053667
73064553
73079375
73084951
73113802
73114038
73124082
73126486
73141024
73143956
73150573
73153587
73165231
73172822
73180625
73215042
73224648
73231932
73237095
73244394
73262998
73264529
73268904
73273634
73273946
73288063
73289435
73297091
73301204
73325871
73326334
73339820
73340570
73359163
73359367
73367121
73375785
73394359
73425358
73426656
73440818
73441525
73455257
73463782
73468674
73492771
73499022
73500286
73501248
73502546
73504665
73525113
73541379
73551168
73564441
73603871
73614960
73618564
73620402
73642602
73659927
73681350
73683794
73711139
73716045
73729074
73737243
73742834
73750130
73751544
73824083
73835041
73838177
73856521
73875637
73876571
73887295
73894900
73908837
73911371
73914106
73916483
73922453
73923029
73936887
73950307
73956714
73958590
73961441
73962781
73978092
74000933
74021663
74037436
74048190
74052977
74080012
74081983
74096598
74109225
74134915
74152108
74208662
74210382
74216216
74219615
74236731
74244780
74247318
74255579
74256975
74258949
74261971
74295356
74299022
74316976
74318853
74323368
74328235
74343732
74368050
74378829
74385925
74386761
74447214
74452694
74460473
74523248
74530141
74553619
74559190
74573702
74573704
74583111
74598564
74620069
74623479
74624859
74654070
74656960
74660824
74680801
74692420
74708565
74719881
74726099
74752089
74752213
74773966
74786980
74808887
74820185
74844640
74853121
74867053
74868217
74871131
74872130
74872352
74877063
74885147
74886457
74888173
74889740
74903731
74926725
74937751
74974864
74995492
75021054
75025468
75029014
75057214
75068762
75076317
75080963
75101997
75110626
75118520
75123048
75126584
75137704
75146955
75152246
75161560
75185907
75186202
75193765
75206745
75216081
75216352
75269438
75294697
75303893
75308514
75311013
75313197
75316865
75332504
75335842
75335976
75346207
75346338
75347643
75355491
75365287
75365790
75367612
75368664
75370197
75384807
75387065
75396910
75405340
75411404
75419349
75424947
75432189
75432604
75433889
75446786
75449409
75480636
75495489
75498288
75499764
75503887
75520623
75538404
75540590
75544631
75545759
75549834
75551382
75564274
75575841
75582873
75585074
75594142
75595467
75606784
75610768
75611685
75616321
75636941
75641330
75650392
75656112
75657036
75675249
75690259
75694720
75699381
75704795
75712413
75720460
75726764
75750481
75756579
75778897
75784522
75787599
75795887
75810585
75811185
75819655
75826701
75842752
75847080
75854390
75870571
75877488
75916567
75918858
75934289
75938312
75949136
75956804
75962970
75973302
75996569
76035592
76043352
76051063
76058264
76065074
76075565
76084802
76100455
76100940
76109326
76111660
76135416
76135831
76143620
76145084
76154078
76176963
76177304
76181614
76184592
76184721
76186103
76201869
76223668
76229658
76230147
76243637
76248872
76282999
76285670
76290599
76319254
76321890
76362290
76382620
76399819
76402988
76408649
76429082
76438610
76445927
76460404
76472229
76477871
76493688
76501419
76521190
76521494
76521668
76521708
76524952
76525421
76527378
76528599
76544771
76550495
76558534
76570879
76572691
76576434
76603806
76604467
76623835
76626787
76632089
76632273
76633512
76657229
76658725
76665547
76675844
76677075
76680397
76682076
76693046
76699544
76700599
76710490
76720232
76723677
76724789
76730316
76738722
76747879
76751023
76757946
76771473
76778831
76780143
76782397
76787941
76792162
76794497
76809105
76809494
76821684
76822097
76822774
76826503
76836281
76837132
76837847
76838154
76855334
76857250
76860377
76860911
76861558
76868365
76884755
76919909
76932285
76949750
76956269
76968102
76973472
76974013
76979110
76983965
76986082
77012107
77013570
77031876
77035029
77069038
77077004
77081850
77088008
77096570
77097588
77119285
77121740
77126593
77129389
77136351
77138822
77147102
77147201
77171749
77174185
77178744
77188232
77193089
77243300
77247462
77266726
77277823
77295976
77301637
77303837
77308145
77317575
77317876
77317910
77328978
77345051
77349453
77369857
77375175
77379151
77384315
77385153
77392889
77400109
77408324
77415389
77416531
77425506
77428805
77433964
77441710
77442866
77450618
77453984
77465272
77513431
77513565
77513734
77545002
77550819
77554340
77566861
77571485
77579741
77590839
77596736
77600970
77619152
77625359
77641037
77648902
77660236
77670610
77677071
77694115
77699238
77700798
77701223
77703181
77707225
77716791
77726248
77727445
77733722
77735145
77739080
77740589
77758728
77760197
77764230
77782343
77791411
77830670
77834456
77848086
77853759
77887243
77887324
77892779
77904223
77904824
77922716
77925680
77926895
77933678
77941994
77945623
77949116
77949334
77962484
78005495
78007701
78010243
78033392
78061460
78067159
78084711
78088660
78105570
78111249
78114296
78119463
78119715
78149976
78163091
78185031
78200868
78211170
78229779
78231427
78236108
78244987
78264889
78265390
78271592
78275179
78275255
78292373
78305755
78309592
78335017
78338245
78339773
78345201
78379883
78380490
78402896
78405973
78422300
78430688
78431519
78434264
78445627
78456659
78468507
78469599
78470677
78475235
78480950
78487107
78489953
78498681
78502263
78503109
78509469
78510564
78523781
78554270
78567207
78571927
78579228
78579732
78580843
78604567
78605362
78642034
78646311
78649528
78655613
78657949
78670769
78681866
78695484
78702210
78716708
78717686
78726309
78733263
78748749
78757339
78774305
78775141
78776531
78779408
78785405
78803802
78807643
78823107
78837409
78858517
78863507
78871362
78871455
78877531
78891297
78895809
78898378
78898766
78902284
78902655
78904855
78915036
78928325
78956617
78968524
78985352
79002968
79015897
79020314
79020864
79040486
79064297
79076402
79088989
79089362
79110478
79113743
79115603
79155281
79162739
79166010
79168622
79177293
79185876
79203350
79238681
79238909
79255165
79270426
79277625
79303334
79315701
79317024
79339308
79369405
79386207
79389613
79406082
79418305
79420139
79423848
79432432
79436871
79450362
79455179
79461862
79462897
79467339
79478478
79485060
79485877
79485903
79494526
79495659
79510065
79515413
79557492
79563533
79563690
79576750
79581243
79582692
79590902
79596977
79604835
79606640
79621320
79634734
79637524
79642945
79643714
79654076
79659330
79663175
79678515
79680145
79693518
79700148
79733072
79737332
79765378
79765455
79784879
79813001
79867049
79870130
79871931
79875112
79877330
79879407
79908383
79909396
79911968
79923635
79953583
79964766
79984205
79999104
80001456
80006569
80008339
80087476
80090792
80108672
80117311
80122088
80125507
80140008
80144692
80179866
80192525
80202970
80209145
80211825
80216407
80227333
80235999
80274212
80287497
80291560
80300970
80318981
80326048
80355756
80375804
80383196
80385451
80394333
80405656
80408528
80426244
80475696
80488520
80488931
80491462
80504328
80550305
80552345
80553976
80556354
80569926
80579096
80586956
80607230
80611326
80632115
80635831
80644011
80652429
80674141
80678205
80684483
80702278
80736517
80750649
80751419
80772097
80807083
80827392
80834803
80836272
80845171
80849412
80863233
80865911
80872976
80887286
80897841
80911204
80923222
80924751
80926225
80933924
80936417
80942695
80946001
80949763
80951952
80958126
80970766
80980476
80982432
80992067
81000107
81018083
81029942
81043964
81046509
81061577
81067524
81072827
81090283
81091873
81093486
81105355
81110053
81117157
81122018
81133454
81154259
81155021
81161739
81165202
81169297
81199923
81219529
81227368
81230055
81235221
81241909
81252695
81254595
81270947
81286663
81288466
81290327
81299643
81305493
81332628
81348077
81357467
81381423
81383013
81400384
81423555
81446095
81447206
81453075
81461163
81471976
81480744
81483071
81517779
81545198
81547167
81552438
81557703
81561642
81564057
81570842
81595487
81607404
81608657
81623471
81635640
81639316
81657492
81659745
81663963
81680192
81687117
81691262
81732520
81736743
81742315
81754118
81764212
81764648
81789986
81811571
81824826
81847200
81866646
81871337
81885857
81886361
81895596
81900303
81909312
81931334
81940034
81948671
81961867
81963716
81967431
81971330
81973713
81983067
82000892
82010737
82014007
82023001
82028087
82030551
82039433
82058989
82065216
82068802
82084802
82106823
82111699
82118178
82130542
82131273
82132115
82135217
82143759
82145620
82160113
82172573
82179427
82183328
82191561
82191989
82205771
82208828
82219972
82239837
82262006
82263541
82280110
82281828
82285806
82317296
82322238
82340334
82342933
82358174
82372257
82396086
82410456
82442266
82445365
82471548
82478840
82506016
82520652
82529665
82550470
82550776
82556279
82565543
82596962
82597938
82607515
82608126
82608135
82623602
82624477
82625878
82650768
82652327
82656954
82664591
82670617
82680201
82687063
82718562
82722622
82728410
82729126
82731060
82737738
82744889
82748581
82764995
82772148
82776331
82792280
82794595
82803083
82813381
82817033
82826936
82835853
82851563
82860220
82862434
82875229
82878787
82900790
82957807
82966751
82970013
82971779
82976345
82991481
83002686
83004158
83009797
83012901
83020118
83051003
83058123
83070021
83072412
83075647
83078174
83079084
83126680
83152424
83155595
83166546
83176688
83192355
83201708
83203819
83205264
83209816
83209859
83222076
83222791
83228800
83233380
83235221
83242962
83253266
83300867
83309143
83315782
83331266
83347376
83371600
83374700
83404980
83411814
83419113
83423913
83431292
83441222
83453406
83458388
83462435
83473269
83490512
83515233
83518522
83522175
83529101
83531420
83549743
83551452
83563044
83582376
83588303
83591133
83599913
83610377
83627962
83659190
83660330
83662652
83680792
83684955
83686538
83691503
83697779
83704923
83727268
83742021
83750263
83778903
83782053
83784393
83800922
83801410
83808465
83825246
83826299
83849187
83862479
83902922
83910740
83917454
83921042
83926401
83937887
83939960
83943075
83961769
83963913
83993894
83998551
84023563
84023617
84025352
84037906
84058774
84063083
84073061
84074308
84079622
84080833
84086633
84097243
84112972
84117634
84118018
84121765
84137113
84143060
84148219
84150452
84167026
84168053
84183089
84199014
84206698
84222861
84246451
84252328
84256223
84296009
84306985
84321335
84326185
84351640
84365187
84369980
84383129
84391365
84398313
84399354
84401141
84416055
84449440
84458521
84474416
84475047
84475101
84485019
84517041
84534731
84537452
84547645
84558904
84559443
84559629
84559740
84568172
84576811
84577872
84580897
84584027
84601692
84604701
84610072
84612543
84622439
84633167
84633934
84656949
84659532
84660023
84661517
84674787
84678989
84681339
84684319
84694907
84710095
84713342
84730480
84761743
84775296
84785971
84788008
84788161
84798395
84811471
84814206
84822675
84823884
84826597
84844500
84845412
84855220
84856302
84882669
84886571
84909249
84932034
84936626
84939951
84948214
84981999
84994646
84999824
85004236
85012193
85025360
85030591
85031945
85066085
85066729
85076017
85081669
85089193
85092899
85097798
85102935
85112454
85142684
85154191
85164220
85170632
85174772
85214812
85218451
85224701
85232930
85243271
85244602
85245261
85248617
85272260
85276239
85282766
85328199
85334136
85363715
85365838
85370713
85372338
85393931
85404360
85428972
85435404
85438210
85444199
85447650
85463587
85472036
85488797
85526297
85537391
85538005
85560670
85565089
85566998
85569357
85580827
85584896
85588997
85612975
85614463
85631742
85635222
85643869
85646040
85656196
85661461
85664099
85678976
85681065
85682405
85694924
85695037
85699138
85713329
85726043
85729246
85734241
85738438
85761725
85762938
85774260
85785090
85802131
85812504
85815938
85836288
85838976
85882496
85885965
85889448
85911682
85915332
85915431
85917613
85920570
85921254
85929868
85930536
85934837
85940443
85943383
85978527
85982322
85997518
86016199
86018272
86022992
86026035
86030399
86046780
86048798
86054904
86056536
86065531
86090500
86092558
86096758
86101712
86107274
86115670
86116788
86125857
86130362
86141818
86168051
86172793
86191498
86192155
86195983
86205668
86218601
86223211
86230680
86237177
86237239
86238685
86243733
86259831
86277908
86280923
86285897
86291533
86296965
86298949
86302841
86319089
86339401
86361774
86366847
86374925
86378414
86393390
86408452
86410122
86414923
86421570
86422321
86435771
86458542
86464620
86468097
86485866
86503496
86517198
86534213
86546168
86550246
86590564
86607565
86613197
86661361
86663834
86671181
86674939
86711448
86716933
86751660
86762580
86780493
86783799
86785614
86813785
86816602
86828266
86833081
86868666
86868783
86886234
86894294
86924327
86936907
86938299
86951744
86977221
86993579
87008719
87009408
87036192
87042638
87046349
87082507
87082666
87093081
87094666
87103601
87126611
87147689
87152973
87157931
87165026
87170953
87179148
87179734
87183341
87187943
87188272
87191780
87200977
87201218
87220387
87235844
87247376
87257422
87262343
87262538
87269226
87270552
87304481
87309127
87313125
87318088
87319368
87321617
87335009
87339106
87354213
87377139
87386424
87398098
87421330
87442844
87445550
87457934
87466639
87474524
87481018
87488932
87508915
87513718
87518114
87519470
87519916
87527934
87545534
87550506
87564534
87573639
87599012
87602626
87608582
87626041
87630034
87640441
87651962
87656607
87660814
87681009
87681676
87718979
87719710
87722151
87735151
87739187
87753872
87766058
87767964
87781224
87793786
87796578
87805738
87814495
87815774
87821497
87838756
87851489
87852528
87866166
87906314
87913087
87924225
87939573
87945343
87952239
87956101
87959313
87961563
87967771
87974251
87981536
87983303
87987301
87997549
87998415
88018011
88029215
88033908
88043384
88049714
88055917
88065331
88072396
88075843
88086385
88090075
88092007
88096396
88097980
88099646
88112178
88117159
88141726
88171802
88198886
88211289
88231415
88236498
88252760
88285913
88295360
88303452
88305977
88320880
88324336
88329337
88337917
88339126
88340228
88370330
88381611
88383058
88398268
88399352
88406939
88412481
88450312
88473543
88474527
88476758
88481511
88481653
88491164
88498469
88505108
88509457
88511397
88519280
88541227
88542626
88545896
88553807
88570961
88577760
88586023
88586411
88595459
88608090
88610088
88619928
88627625
88631802
88633292
88633998
88649501
88674354
88722363
88731587
88741028
88744464
88787859
88820969
88830655
88834329
88854350
88863659
88864968
88868267
88870958
88875241
88893334
88895649
88897013
88905699
88914526
88928089
88929593
88942661
88943376
88951374
88967497
88980169
88980743
89004665
89005323
89009816
89013572
89017416
89020920
89027140
89028414
89032674
89041612
89052764
89057474
89065676
89067584
89069235
89073122
89083734
89083866
89085326
89096441
89098132
89105525
89106651
89109956
89122100
89133382
89167809
89172465
89173171
89175502
89187138
89189093
89207017
89211157
89212247
89215715
89264741
89267591
89267796
89269034
89278561
89278721
89281552
89303983
89323458
89353511
89355764
89362009
89380421
89383684
89385857
89389939
89390267
89400512
89409714
89413353
89431127
89494597
89498870
89502857
89507667
89523966
89529125
89529464
89542212
89559095
89571886
89572830
89581156
89584142
89600359
89608614
89621694
89636322
89642815
89652783
89657354
89661330
89668677
89671120
89694066
89703042
89712538
89769749
89782924
89783760
89799179
89805007
89812701
89815235
89839273
89846843
89848739
89854887
89870644
89883986
89911527
89981547
89989682
89990173
90006038
90007275
90033927
90046114
90079615
90080275
90085311
90090166
90127145
90142002
90160511
90168547
90175417
90184943
90195428
90195694
90199046
90200654
90211475
90222087
90230755
90237017
90247895
90285817
90297274
90312177
90322529
90334977
90345781
90358291
90361548
90367942
90397020
90398174
90416299
90426421
90431997
90436340
90444847
90455743
90461243
90480241
90490757
90531720
90532386
90541819
90543725
90545696
90571163
90587640
90596117
90597909
90611187
90626541
90634774
90641787
90653680
90670628
90674027
90681677
90710174
90723986
90726698
90730357
90732317
90741349
90789582
90794654
90800069
90805689
90822058
90832248
90836709
90843776
90870302
90884779
90890930
90898005
90953364
90957436
90972986
90981364
90982294
90991952
90995338
91003069
91011397
91034150
91038893
91041725
91042350
91049577
91051282
91062279
91083687
91085977
91099229
91103683
91106956
91111354
91129577
91146414
91177326
91188987
91199947
91205780
91207645
91229242
91230769
91234389
91238861
91241318
91241603
91260544
91265380
91272832
91274862
91286178
91306752
91311689
91327421
91338386
91341047
91342620
91355186
91379913
91383258
91404949
91463371
91464490
91464710
91466304
91490118
91502624
91505633
91512646
91513504
91536147
91556181
91562947
91566924
91581920
91582661
91595437
91606892
91623331
91628349
91642173
91647706
91657077
91668361
91669763
91679176
91683840
91732685
91736960
91738618
91754571
91756019
91790941
91792285
91800186
91812661
91824027
91838641
91854720
91889973
91911150
91914334
91936604
91937431
91941861
91953426
91980721
91991334
91995170
91995322
92002981
92006054
92007849
92010230
92012881
92015605
92025407
92048501
92052863
92054978
92061390
92064289
92066163
92067587
92069009
92078369
92079265
92084924
92096901
92102405
92109382
92113452
92128010
92136749
92141404
92156432
92162900
92163640
92167817
92169428
92186045
92196151
92214493
92219550
92229441
92242896
92245624
92249227
92254671
92256688
92261789
92263530
92267336
92269285
92275403
92294569
92379735
92385209
92404479
92416691
92420015
92429692
92433915
92476515
92531091
92550427
92557954
92562118
92566483
92585686
92586376
92598908
92617466
92642589
92650167
92654628
92660146
92674462
92676412
92689926
92690194
92701617
92712889
92716126
92725484
92730362
92739283
92744089
92779897
92782497
92782790
92782945
92805743
92812754
92819183
92832450
92842883
92850112
92858281
92891419
92894261
92898446
92907925
92910915
92943716
92946222
92952480
92959385
92960184
92961831
92969299
92982680
92983213
92995486
93023563
93027085
93029583
93031654
93032552
93042176
93061467
93076501
93086263
93107480
93113489
93126572
93151940
93153374
93157754
93158569
93173904
93185677
93226843
93234490
93248315
93248761
93273166
93291017
93296715
93297324
93308679
93309774
93310564
93312941
93313372
93330716
93340333
93355439
93361826
93367459
93372344
93387889
93388389
93389360
93416919
93419501
93423201
93432383
93438384
93443565
93445947
93446163
93447524
93479639
93514456
93518404
93532045
93550044
93554809
93557602
93568934
93570930
93625601
93632753
93634903
93641317
93642651
93653885
93669314
93679170
93683721
93701744
93709096
93739043
93739200
93747643
93750102
93754465
93777591
93800320
93806512
93810412
93810748
93827368
93838909
93841371
93852606
93867273
93871006
93871122
93872440
93878476
93893934
93895542
93933111
93943167
93960929
93968146
93968324
93977613
94005002
94023327
94025792
94026860
94040730
94042852
94046390
94048326
94050838
94074939
94084209
94089579
94093867
94096753
94097182
94125607
94150308
94160967
94168554
94172261
94172297
94181947
94183462
94190506
94206911
94207605
94232115
94232776
94234249
94235445
94246991
94251065
94257438
94261995
94262176
94267922
94269096
94270402
94275517
94285036
94299390
94322724
94322880
94368859
94368898
94376471
94379273
94383471
94393244
94397519
94408869
94409958
94413089
94423625
94439369
94441861
94457467
94461251
94494006
94499336
94502009
94511116
94511429
94514953
94521401
94532915
94539532
94541230
94541426
94566323
94582988
94589476
94600974
94609698
94622191
94637646
94662798
94684747
94688368
94721165
94737319
94764252
94772770
94776728
94776751
94780675
94782103
94813824
94820503
94821698
94823330
94825794
94829692
94838743
94851737
94856531
94857859
94878582
94886040
94890714
94891553
94899027
94908713
94948068
94951008
94957868
94963532
94967173
94968995
95001218
95023949
95044222
95051622
95063705
95082019
95084645
95101354
95118206
95134868
95145616
95153591
95163372
95198067
95209853
95216736
95219182
95225290
95249739
95250331
95262315
95266827
95271490
95278535
95278830
95303981
95350095
95354059
95355238
95356890
95362010
95386141
95390577
95396860
95428897
95436753
95464173
95475379
95476998
95497839
95499645
95523509
95529839
95530235
95541739
95551687
95570847
95586882
95598295
95599801
95608375
95610386
95621563
95638674
95639902
95655687
95665566
95667190
95680763
95682374
95689439
95714517
95720005
95738547
95788810
95794445
95808639
95816522
95850928
95860585
95861733
95864829
95871102
95900098
95921864
95955662
95958549
95960314
95964350
96007525
96018232
96028608
96070061
96082486
96089776
96103975
96117367
96117998
96120594
96143235
96143359
96154159
96175000
96179990
96181260
96183784
96192284
96192680
96239858
96241297
96272998
96316512
96347771
96355017
96365508
96371619
96390623
96404633
96405243
96407083
96415497
96423800
96442390
96458040
96462250
96465614
96488774
96505173
96531689
96534656
96544171
96554474
96555093
96570435
96574206
96592587
96595063
96595922
96612123
96625310
96636652
96642498
96644954
96651178
96660341
96664381
96667244
96671264
96673363
96692660
96717177
96722115
96722540
96732407
96752748
96795361
96796348
96800964
96815889
96853577
96858883
96862224
96876250
96892723
96901998
96907875
96908043
96909999
96950072
96952735
96990403
97030029
97044331
97045352
97056193
97075025
97081437
97096163
97105244
97107500
97137532
97145623
97152076
97155916
97156467
97196328
97214139
97235873
97236247
97254648
97257129
97260979
97275365
97280686
97281345
97287924
97288332
97296385
97308150
97320177
97323313
97356684
97371615
97412330
97414678
97428468
97428967
97434944
97448491
97454422
97454495
97468938
97484093
97490782
97494442
97494581
97510871
97520360
97520432
97539065
97546657
97559426
97566417
97570727
97574288
97575492
97576528
97578992
97584457
97596541
97597132
97598575
97642160
97643523
97645773
97649227
97649334
97672600
97677957
97681879
97691375
97725240
97741053
97745422
97764773
97766690
97774280
97785940
97830079
97850352
97851160
97856923
97860308
97873139
97885204
97892547
97915739
97918906
97925591
97930839
97934812
97939264
97949441
97953842
97968838
97970613
97970811
97974104
97982105
97997617
97999894
98006865
98010748
98016106
98020967
98023435
98024465
98044958
98045022
98062651
98103973
98119788
98124386
98130897
98158833
98175114
98183817
98186727
98187424
98201748
98207348
98210071
98214874
98222459
98244846
98245629
98246443
98253620
98265769
98265803
98292551
98293507
98306744
98332551
98335738
98347213
98361306
98377949
98408193
98425665
98425711
98442700
98448124
98456994
98458353
98477240
98481881
98487834
98495992
98510990
98530009
98531433
98565923
98602568
98612559
98625771
98643825
98645477
98648454
98678403
98683078
98713408
98720372
98739386
98765316
98772358
98775719
98784081
98786326
98790584
98791769
98794926
98806078
98811422
98811733
98818162
98819877
98820237
98837568
98852846
98885728
98887236
98933067
98936761
98944970
98969912
98985488
98991320
99006044
99038385
99050811
99061185
99067395
99077989
99078785
99090559
99099913
99114561
99118140
99130779
99132972
99133758
99138512
99141124
99149508
99154563
99175091
99182925
99190916
99210924
99214045
99219681
99220905
99222495
99254060
99255985
99260927
99279017
99305227
99310026
99316559
99318983
99320198
99324997
99340624
99342334
99352426
99370719
99372397
99386559
99388068
99389099
99392291
99399438
99403145
99423728
99425768
99426661
99433038
99434314
99449521
99478432
99487839
99493184
99496431
99501920
99518372
99523502
99575094
99577061
99581537
99586933
99588419
99601394
99611959
99623478
99647819
99661144
99667611
99741066
99764967
99769369
99784332
99800994
99804317
99818817
99819581
99827005
99828296
99832089
99832519
99835631
99840255
99844880
99861364
99865359
99874748
99879988
99907585
99911321
99911401
99916172
99939649
99943253
99946259
99949445
99950684
99952864
99962663
99964116
99970790
99975204
99981180
99992179
99992883

0
0
0
0
0
0
0
0
0
0
0
0
0
0
0
0
0
0
0
0
0
0
0
0
0
0
0
0
0
0
0
0
0
0
0
0
0
0
0
0
0
0
0
0
0
0
0
0
0
0
0
0
0
0
0
0
0
0
0
0
0
0
0
0
0
0
0
0
0
0
0
0
0
0
0
0
0
0
0
0
0
0
0
0
0
0
0
0
0
0
0
0
0
0
0
0
0
0
0
0
0
0
0
0
0
0
0
0
0
0
0
0
0
0
0
0
0
0
0
0
0
0
0
0
0
0
0
0
0
0
0
0
0
0
0
0
0
0
0
0
0
0
0
0
0
0
0
0
0
0
0
0
0
0
0
0
0
0
0
0
0
0
0
0
0
0
0
0
0
0
0
0
0
0
0
0
0
0
0
0
0
0
0
0
0
0
0
0
0
0
0
0
0
0
0
0
0
0
0
0
0
0
0
0
0
0
0
0
0
0
0
0
0
0
0
0
0
0
0
0
0
0
0
0
0
0
0
0
0
0
0
0
0
0
0
0
0
0
0
0
0
0
0
0
0
0
0
0
0
0
0
0
0
0
0
0
0
0
0
0
0
0
0
0
0
0
0
0
0
0
0
0
0
0
0
0
0
0
0
0
0
0
0
0
0
0
0
0
0
0
0
0
0
0
0
0
0
0
0
0
0
0
0
0
0
0
0
0
0
0
0
0
0
0
0
0
0
0
0
0
0
0
0
0
0
0
0
0
0
0
0
0
0
0
0
0
0
0
0
0
0
0
0
0
0
0
0
0
0
0
0
0
0
0
0
0
0
0
0
0
0
0
0
0
0
0
0
0
0
0
0
0
0
0
0
0
0
0
0
0
0
0
0
0
0
0
0
0
0
0
0
0
0
0
0
0
0
0
0
0
0
0
0
0
0
0
0
0
0
0
0
0
0
0
0
0
0
0
0
0
0
0
0
0
0
0
0
0
0
0
0
0
0
0
0
0
0
0
0
0
0
0
0
0
0
0
0
0
0
0
0
0
0
0
0
0
0
0
0
0
0
0
0
0
0
0
0
0
0
0
0
0
0
0
0
0
0
0
0
0
0
0
0
0
0
0
0
0
0
0
0
0
0
0
0
0
0
0
0
0
0
0
0
0
0
0
0
0
0
0
0
0
0
0
0
0
0
0
0
0
0
0
0
0
0
0
0
0
0
0
0
0
0
0
0
0
0
0
0
0
0
0
0
0
0
0
0
0
0
0
0
0
0
0
0
0
0
0
0
0
0
0
0
0
0
0
0
0
0
0
0
0
0
0
0
0
0
0
0
0
0
0
0
0
0
0
0
0
0
0
0
0
0
0
0
0
0
0
0
0
0
0
0
0
0
0
0
0
0
0
0
0
0
0
0
0
0
0
0
0
0
0
0
0
0
0
0
0
0
0
0
0
0
0
0
0
0
0
0
0
0
0
0
0
0
0
0
0
0
0
0
0
0
0
0
0
0
0
0
0
0
0
0
0
0
0
0
0
0
0
0
0
0
0
0
0
0
0
0
0
0
0
0
0
0
0
0
0
0
0
0
0
0
0
0
0
0
0
0
0
0
0
0
0
0
0
0
0
0
0
0
0
0
0
0
0
0
0
0
0
0
0
0
0
0
0
0
0
0
0
0
0
0
0
0
0
0
0
0
0
0
0
0
0
0
0
0
0
0
0
0
0
0
0
0
0
0
0
0
0
0
0
0
0
0
0
0
0
0
0
0
0
0
0
0
0
0
0
0
0
0
0
0
0
0
0
0
0
0
0
0
0
0
0
0
0
0
0
0
0
0
0
0
0
0
0
0
0
0
0
0
0
0
0
0
0
0
0
0
0
0
0
0
0
0
0
0
0
0
0
0
0
0
0
0
0
0
0
0
0
0
0
0
0
0
0
0
0
0
0
0
0
0
0
0
0
0
0
0
0
0
0
0
0
0
0
0
0
0
0
0
0
0
0
0
0
0
0
0
0
0
0
0
0
0
0
0
0
0
0
0
0
0
0
0
0
0
0
0
0
0
0
0
0
0
0
0
0
0
0
0
0
0
0
0
0
0
0
0
0
0
0
0
0
0
0
0
0
0
0
0
0
0
0
0
0
0
0
0
0
0
0
0
0
0
0
0
0
0
0
0
0
0
0
0
0
0
0
0
0
0
0
0
0
0
0
0
0
0
0
0
0
0
0
0
0
0
0
0
0
0
0
0
0
0
0
0
0
0
0
0
0
0
0
0
0
0
0
0
0
0
0
0
0
0
0
0
0
0
0
0
0
0
0
0
0
0
0
0
0
0
0
0
0
0
0
0
0
0
0
0
0
0
0
0
0
0
0
0
0
0
0
0
0
0
0
0
0
0
0
0
0
0
0
0
0
0
0
0
0
0
0
0
0
0
0
0
0
0
0
0
0
0
0
0
0
0
0
0
0
0
0
0
0
0
0
0
0
0
0
0
0
0
0
0
0
0
0
0
0
0
0
0
0
0
0
0
0
0
0
0
0
0
0
0
0
0
0
0
0
0
0
0
0
0
0
0
0
0
0
0
0
0
0
0
0
0
0
0
0
0
0
0
0
0
0
0
0
0
0
0
0
0
0
0
0
0
0
0
0
0
0
0
0
0
0
0
0
0
0
0
0
0
0
0
0
0
0
0
0
0
0
0
0
0
0
0
0
0
0
0
0
0
0
0
0
0
0
0
0
0
0
0
0
0
0
0
0
0
0
0
0
0
0
0
0
0
0
0
0
0
0
0
0
0
0
0
0
0
0
0
0
0
0
0
0
0
0
0
0
0
0
0
0
0
0
0
0
0
0
0
0
0
0
0
0
0
0
0
0
0
0
0
0
0
0
0
0
0
0
0
0
0
0
0
0
0
0
0
0
0
0
0
0
0
0
0
0
0
0
0
0
0
0
0
0
0
0
0
0
0
0
0
0
0
0
0
0
0
0
0
0
0
0
0
0
0
0
0
0
0
0
0
0
0
0
0
0
0
0
0
0
0
0
0
0
0
0
0
0
0
0
0
0
0
0
0
0
0
0
0
0
0
0
0
0
0
0
0
0
0
0
0
0
0
0
0
0
0
0
0
0
0
0
0
0
0
0
0
0
0
0
0
0
0
0
0
0
0
0
0
0
0
0
0
0
0
0
0
0
0
0
0
0
0
0
0
0
0
0
0
0
0
0
0
0
0
0
0
0
0
0
0
0
0
0
0
0
0
0
0
0
0
0
0
0
0
0
0
0
0
0
0
0
0
0
0
0
0
0
0
0
0
0
0
0
0
0
0
0
0
0
0
0
0
0
0
0
0
0
0
0
0
0
0
0
0
0
0
0
0
0
0
0
0
0
0
0
0
0
0
0
0
0
0
0
0
0
0
0
0
0
0
0
0
0
0
0
0
0
0
0
0
0
0
0
0
0
0
0
0
0
0
0
0
0
0
0
0
0
0
0
0
0
0
0
0
0
0
0
0
0
0
0
0
0
0
0
0
0
0
0
0
0
0
0
0
0
0
0
0
0
0
0
0
0
0
0
0
0
0
0
0
0
0
0
0
0
0
0
0
0
0
0
0
0
0
0
0
0
0
0
0
0
0
0
0
0
0
0
0
0
0
0
0
0
0
0
0
0
0
0
0
0
0
0
0
0
0
0
0
0
0
0
0
0
0
0
0
0
0
0
0
0
0
0
0
0
0
0
0
0
0
0
0
0
0
0
0
0
0
0
0
0
0
0
0
0
0
0
0
0
0
0
0
0
0
0
0
0
0
0
0
0
0
0
0
0
0
0
0
0
0
0
0
0
0
0
0
0
0
0
0
0
0
0
0
0
0
0
0
0
0
0
0
0
0
0
0
0
0
0
0
0
0
0
0
0
0
0
0
0
0
0
0
0
0
0
0
0
0
0
0
0
0
0
0
0
0
0
0
0
0
0
0
0
0
0
0
0
0
0
0
0
0
0
0
0
0
0
0
0
0
0
0
0
0
0
0
0
0
0
0
0
0
0
0
0
0
0
0
0
0
0
0
0
0
0
0
0
0
0
0
0
0
0
0
0
0
0
0
0
0
0
0
0
0
0
0
0
0
0
0
0
0
0
0
0
0
0
0
0
0
0
0
0
0
0
0
0
0
0
0
0
0
0
0
0
0
0
0
0
0
0
0
0
0
0
0
0
0
0
0
0
1
1
1
1
1
1
1
1
1
1
1
1
1
1
1
1
1
1
1
1
1
1
1
1
1
1
1
1
1
1
1
1
1
1
1
1
1
1
1
1
1
1
1
1
1
1
1
1
1
1
1
1
1
1
1
1
1
1
1
1
1
1
1
1
1
1
1
1
1
1
1
1
1
1
1
1
1
1
1
1
1
1
1
1
1
1
1
1
1
1
1
1
1
1
1
1
1
1
1
1
1
1
1
1
1
1
1
1
1
1
1
1
1
1
1
1
1
1
1
1
1
1
1
1
1
1
1
1
1
1
1
1
1
1
1
1
1
1
1
1
1
1
1
1
1
1
1
1
1
1
1
1
1
1
1
1
1
1
1
1
1
1
1
1
1
1
1
1
1
1
1
1
1
1
1
1
1
1
1
1
1
1
1
1
1
1
1
1
1
1
1
1
1
1
1
1
1
1
1
1
1
1
1
1
1
1
1
1
1
1
1
1
1
1
1
1
1
1
1
1
1
1
1
1
1
1
1
1
1
1
1
1
1
1
1
1
1
1
1
1
1
1
1
1
1
1
1
1
1
1
1
1
1
1
1
1
1
1
1
1
1
1
1
1
1
1
1
1
1
1
1
1
1
1
1
1
1
1
1
1
1
1
1
1
1
1
1
1
1
1
1
1
1
1
1
1
1
1
1
1
1
1
1
1
1
1
1
1
1
1
1
1
1
1
1
1
1
1
1
1
1
1
1
1
1
1
1
1
1
1
1
1
1
1
1
1
1
1
1
1
1
1
1
1
1
1
1
1
1
1
1
1
1
1
1
1
1
1
1
1
1
1
1
1
1
1
1
1
1
1
1
1
1
1
1
1
1
1
1
1
1
1
1
1
1
1
1
1
1
1
1
1
1
1
1
1
1
1
1
1
1
1
1
1
1
1
1
1
1
1
1
1
1
1
1
1
1
1
1
1
1
1
1
1
1
1
1
1
1
1
1
1
1
1
1
1
1
1
1
1
1
1
1
1
1
1
1
1
1
1
1
1
1
1
1
1
1
1
1
1
1
1
1
1
1
1
1
1
1
1
1
1
1
1
1
1
1
1
1
1
1
1
1
1
1
1
1
1
1
1
1
1
1
1
1
1
1
1
1
1
1
1
1
1
1
1
1
1
1
1
1
1
1
1
1
1
1
1
1
1
1
1
1
1
1
1
1
1
1
1
1
1
1
1
1
1
1
1
1
1
1
1
1
1
1
1
1
1
1
1
1
1
1
1
1
1
1
1
1
1
1
1
1
1
1
1
1
1
1
1
1
1
1
1
1
1
1
1
1
1
1
1
1
1
1
1
1
1
1
1
1
1
1
1
1
1
1
1
1
1
1
1
1
1
1
1
1
1
1
1
1
1
1
1
1
1
1
1
1
1
1
1
1
1
1
1
1
1
1
1
1
1
1
1
1
1
1
1
1
1
1
1
1
1
1
1
1
1
1
1
1
1
1
1
1
1
1
1
1
1
1
1
1
1
1
1
1
1
1
1
1
1
1
1
1
1
1
1
1
1
1
1
1
1
1
1
1
1
1
1
1
1
1
1
1
1
1
1
1
1
1
1
1
1
1
1
1
1
1
1
1
1
1
1
1
1
1
1
1
1
1
1
1
1
1
1
1
1
1
1
1
1
1
1
1
1
1
1
1
1
1
1
1
1
1
1
1
1
1
1
1
1
1
1
1
1
1
1
1
1
1
1
1
1
1
1
1
1
1
1
1
1
1
1
1
1
1
1
1
1
1
1
1
1
1
1
1
1
1
1
1
1
1
1
1
1
1
1
1
1
1
1
1
1
1
1
1
1
1
1
1
1
1
1
1
1
1
1
1
1
1
1
1
1
1
1
1
1
1
1
1
1
1
1
1
1
1
1
1
1
1
1
1
1
1
1
1
1
1
1
1
1
1
1
1
1
1
1
1
1
1
1
1
1
1
1
1
1
1
1
1
1
1
1
1
1
1
1
1
1
1
1
1
1
1
1
1
1
1
1
1
1
1
1
1
1
1
1
1
1
1
1
1
1
1
1
1
1
1
1
1
1
1
1
1
1
1
1
1
1
1
1
1
1
1
1
1
1
1
1
1
1
1
1
1
1
1
1
1
1
1
1
1
1
1
1
1
1
1
1
1
1
1
1
1
1
1
1
1
1
1
1
1
1
1
1
1
1
1
1
1
1
1
1
1
1
1
1
1
1
1
1
1
1
1
1
1
1
1
1
1
1
1
1
1
1
1
1
1
1
1
1
1
1
1
1
1
1
1
1
1
1
1
1
1
1
1
1
1
1
1
1
1
1
1
1
1
1
1
1
1
1
1
1
1
1
1
1
1
1
1
1
1
1
1
1
1
1
1
1
1
1
1
1
1
1
1
1
1
1
1
1
1
1
1
1
1
1
1
1
1
1
1
1
1
1
1
1
1
1
1
1
1
1
1
1
1
1
1
1
1
1
1
1
1
1
1
1
1
1
1
1
1
1
1
1
1
1
1
1
1
1
1
1
1
1
1
1
1
1
1
1
1
1
1
1
1
1
1
1
1
1
1
1
1
1
1
1
1
1
1
1
1
1
1
1
1
1
1
1
1
1
1
1
1
1
1
1
1
1
1
1
1
1
1
1
1
1
1
1
1
1
1
1
1
1
1
1
1
1
1
1
1
1
1
1
1
1
1
1
1
1
1
1
1
1
1
1
1
1
1
1
1
1
1
1
1
1
1
1
1
1
1
1
1
1
1
1
1
1
1
1
1
1
1
1
1
1
1
1
1
1
1
1
1
1
1
1
1
1
1
1
1
1
1
1
1
1
1
1
1
1
1
1
1
1
1
1
1
1
1
1
1
1
1
1
1
1
1
1
1
1
1
1
1
1
1
1
1
1
1
1
1
1
1
1
1
1
1
1
1
1
1
1
1
1
1
1
1
1
1
1
1
1
1
1
1
1
1
1
1
1
1
1
1
1
1
1
1
1
1
1
1
1
1
1
1
1
1
1
1
1
1
1
1
1
1
1
1
1
1
1
1
1
1
1
1
1
1
1
1
1
1
1
1
1
1
1
1
1
1
1
1
1
1
1
1
1
1
1
1
1
1
1
1
1
1
1
1
1
1
1
1
1
1
1
1
1
1
1
1
1
1
1
1
1
1
1
1
1
1
1
1
1
1
1
1
1
1
1
1
1
1
1
1
1
1
1
1
1
1
1
1
1
1
1
1
1
1
1
1
1
1
1
1
1
1
1
1
1
1
1
1
1
1
1
1
1
1
1
1
1
1
1
1
1
1
1
1
1
1
1
1
1
1
1
1
1
1
1
1
1
1
1
1
1
1
1
1
1
1
1
1
1
1
1
1
1
1
1
1
1
1
1
1
1
1
1
1
1
1
1
1
1
1
1
1
1
1
1
1
1
1
1
1
1
1
1
1
1
1
1
1
1
1
1
1
1
1
1
1
1
1
1
1
1
1
1
1
1
1
1
1
1
1
1
1
1
1
1
1
1
1
1
1
1
1
1
1
1
1
1
1
1
1
1
1
1
1
1
1
1
1
1
1
1
1
1
1
1
1
1
1
1
1
1
1
1
1
1
1
1
1
1
1
1
1
1
1
1
1
1
1
1
1
1
1
1
1
1
1
1
1
1
1
1
1
1
1
1
1
1
1
1
1
1
1
1
1
1
1
1
1
1
1
1
1
1
1
1
1
1
1
1
1
1
1
1
1
1
1
1
1
1
1
1
1
1
1
1
1
1
1
1
1
1
1
1
1
1
1
1
1
1
1
1
1
1
1
1
1
1
1
1
1
1
1
1
1
1
1
1
1
1
1
1
1
1
1
1
1
1
1
1
1
1
1
1
1
1
1
1
1
1
1
1
1
1
1
1
1
1
1
1
1
1
1
1
1
1
1
1
1
1
1
1
1
1
1
1
1
1
1
1
1
1
1
1
1
1
1
1
1
1
1
1
1
1
1
1
1
1
1
1
1
1
1
1
1
1
1
1
1
1
1
1
1
1
1
1
1
1
1
1
1
1
1
1
1
1
1
1
1
1
1
1
1
1
1
1
1
1
1
1
1
1
1
1
1
1
1
1
1
1
1
1
1
1
1
1
1
1
1
1
1
1
1
1
1
1
1
1
1
1
1
1
1
1
1
1
1
1
1
1
1
1
1
1
1
1
2
2
2
2
2
2
2
2
2
2
2
2
2
2
2
2
2
2
2
2
2
2
2
2
2
2
2
2
2
2
2
2
2
2
2
2
2
2
2
2
2
2
2
2
2
2
2
2
2
2
2
2
2
2
2
2
2
2
2
2
2
2
2
2
2
2
2
2
2
2
2
2
2
2
2
2
2
2
2
2
2
2
2
2
2
2
2
2
2
2
2
2
2
2
2
2
2
2
2
2
2
2
2
2
2
2
2
2
2
2
2
2
2
2
2
2
2
2
2
2
2
2
2
2
2
2
2
2
2
2
2
2
2
2
2
2
2
2
2
2
2
2
2
2
2
2
2
2
2
2
2
2
2
2
2
2
2
2
2
2
2
2
2
2
2
2
2
2
2
2
2
2
2
2
2
2
2
2
2
2
2
2
2
2
2
2
2
2
2
2
2
2
2
2
2
2
2
2
2
2
2
2
2
2
2
2
2
2
2
2
2
2
2
2
2
2
2
2
2
2
2
2
2
2
2
2
2
2
2
2
2
2
2
2
2
2
2
2
2
2
2
2
2
2
2
2
2
2
2
2
2
2
2
2
2
2
2
2
2
2
2
2
2
2
2
2
2
2
2
2
2
2
2
2
2
2
2
2
2
2
2
2
2
2
2
2
2
2
2
2
2
2
2
2
2
2
2
2
2
2
2
2
2
2
2
2
2
2
2
2
2
2
2
2
2
2
2
2
2
2
2
2
2
2
2
2
2
2
2
2
2
2
2
2
2
2
2
2
2
2
2
2
2
2
2
2
2
2
2
2
2
2
2
2
2
2
2
2
2
2
2
2
2
2
2
2
2
2
2
2
2
2
2
2
2
2
2
2
2
2
2
2
2
2
2
2
2
2
2
2
2
2
2
2
2
2
2
2
2
2
2
2
2
2
2
2
2
2
2
2
2
2
2
2
2
2
2
2
2
2
2
2
2
2
2
2
2
2
2
2
2
2
2
2
2
2
2
2
2
2
2
2
2
2
2
2
2
2
2
2
2
2
2
2
2
2
2
2
2
2
2
2
2
2
2
2
2
2
2
2
2
2
2
2
2
2
2
2
2
2
2
2
2
2
2
2
2
2
2
2
2
2
2
2
2
2
2
2
2
2
2
2
2
2
2
2
2
2
2
2
2
2
2
2
2
2
2
2
2
2
2
2
2
2
2
2
2
2
2
2
2
2
2
2
2
2
2
2
2
2
2
2
2
2
2
2
2
2
2
2
2
2
2
2
2
2
2
2
2
2
2
2
2
2
2
2
2
2
2
2
2
2
2
2
2
2
2
2
2
2
2
2
2
2
2
2
2
2
2
2
2
2
2
2
2
2
2
2
2
2
2
2
2
2
2
2
2
2
2
2
2
2
2
2
2
2
2
2
2
2
2
2
2
2
2
2
2
2
2
2
2
2
2
2
2
2
2
2
2
2
2
2
2
2
2
2
2
2
2
2
2
2
2
2
2
2
2
2
2
2
2
2
2
2
2
2
2
2
2
2
2
2
2
2
2
2
2
2
2
2
2
2
2
2
2
2
2
2
2
2
2
2
2
2
2
2
2
2
2
2
2
2
2
2
2
2
2
2
2
2
2
2
2
2
2
2
2
2
2
2
2
2
2
2
2
2
2
2
2
2
2
2
2
2
2
2
2
2
2
2
2
2
2
2
2
2
2
2
2
2
2
2
2
2
2
2
2
2
2
2
2
2
2
2
2
2
2
2
2
2
2
2
2
2
2
2
2
2
2
2
2
2
2
2
2
2
2
2
2
2
2
2
2
2
2
2
2
2
2
2
2
2
2
2
2
2
2
2
2
2
2
2
2
2
2
2
2
2
2
2
2
2
2
2
2
2
2
2
2
2
2
2
2
2
2
2
2
2
2
2
2
2
2
2
2
2
2
2
2
2
2
2
2
2
2
2
2
2
2
2
2
2
2
2
2
2
2
2
2
2
2
2
2
2
2
2
2
2
2
2
2
2
2
2
2
2
2
2
2
2
2
2
2
2
2
2
2
2
2
2
2
2
2
2
2
2
2
2
2
2
2
2
2
2
2
2
2
2
2
2
2
2
2
2
2
2
2
2
2
2
2
2
2
2
2
2
2
2
2
2
2
2
2
2
2
2
2
2
2
2
2
2
2
2
2
2
2
2
2
2
2
2
2
2
2
2
2
2
2
2
2
2
2
2
2
2
2
2
2
2
2
2
2
2
2
2
2
2
2
2
2
2
2
2
2
2
2
2
2
2
2
2
2
2
2
2
2
2
2
2
2
2
2
2
2
2
2
2
2
2
2
2
2
2
2
2
2
2
2
2
2
2
2
2
2
2
2
2
2
2
2
2
2
2
2
2
2
2
2
2
2
2
2
2
2
2
2
2
2
2
2
2
2
2
2
2
2
2
2
2
2
2
2
2
2
2
2
2
2
2
2
2
2
2
2
2
2
2
2
2
2
2
2
2
2
2
2
2
2
2
2
2
2
2
2
2
2
2
2
2
2
2
2
2
2
2
2
2
2
2
2
2
2
2
2
2
2
2
2
2
2
2
2
2
2
2
2
2
2
2
2
2
2
2
2
2
2
2
2
2
2
2
2
2
2
2
2
2
2
2
2
2
2
2
2
2
2
2
2
2
2
2
2
2
2
2
2
2
2
2
2
2
2
2
2
2
2
2
2
2
2
2
2
2
2
2
2
2
2
2
2
2
2
2
2
2
2
2
2
2
2
2
2
2
2
2
2
2
2
2
2
2
2
2
2
2
2
2
2
2
2
2
2
2
2
2
2
2
2
2
2
2
2
2
2
2
2
2
2
2
2
2
2
2
2
2
2
2
2
2
2
2
2
2
2
2
2
2
2
2
2
2
2
2
2
2
2
2
2
2
2
2
2
2
2
2
2
2
2
2
2
2
2
2
2
2
2
2
2
2
2
2
2
2
2
2
2
2
2
2
2
2
2
2
2
2
2
2
2
2
2
2
2
2
2
2
2
2
2
2
2
2
2
2
2
2
2
2
2
2
2
2
2
2
2
2
2
2
2
2
2
2
2
2
2
2
2
2
2
2
2
2
2
2
2
2
2
2
2
2
2
2
2
2
2
2
2
2
2
2
2
2
2
2
2
2
2
2
2
2
2
2
2
2
2
2
2
2
2
2
2
2
2
2
2
2
2
2
2
2
2
2
2
2
2
2
2
2
2
2
2
2
2
2
2
2
2
2
2
2
2
2
2
2
2
2
2
2
2
2
2
2
2
2
2
2
2
2
2
2
2
2
2
2
2
2
2
2
2
2
2
2
2
2
2
2
2
2
2
2
2
2
2
2
2
2
2
2
2
2
2
2
2
2
2
2
2
2
2
2
2
2
2
2
2
2
2
2
2
2
2
2
2
2
2
2
2
2
2
2
2
2
2
2
2
2
2
2
2
2
2
2
2
2
2
2
2
2
2
2
2
2
2
2
2
2
2
2
2
2
2
2
2
2
2
2
2
2
2
2
2
2
2
2
2
2
2
2
2
2
2
2
2
2
2
2
2
2
2
2
2
2
2
2
2
2
2
2
2
2
2
2
2
2
2
2
2
2
2
2
2
2
2
2
2
2
2
2
2
2
2
2
2
2
2
2
2
2
2
2
2
2
2
2
2
2
2
2
2
2
2
2
2
2
2
2
2
2
2
2
2
2
2
2
2
2
2
2
2
2
2
2
2
2
2
2
2
2
2
2
2
2
2
2
2
2
2
2
2
2
2
2
2
2
2
2
2
2
2
2
2
2
2
2
2
2
2
2
2
2
2
2
2
2
2
2
2
2
2
2
2
2
2
2
2
2
2
2
2
2
2
2
2
2
2
2
2
2
2
2
2
2
2
2
2
2
2
2
2
2
2
2
2
2
2
2
2
2
2
2
2
2
2
2
2
2
2
2
2
2
2
2
2
2
2
2
2
2
2
2
2
2
2
2
2
2
2
2
2
2
2
2
2
2
2
2
2
2
2
2
2
2
2
2
2
2
2
2
2
2
2
2
2
2
2
3
3
3
3
3
3
3
3
3
3
3
3
3
3
3
3
3
3
3
3
3
3
3
3
3
3
3
3
3
3
3
3
3
3
3
3
3
3
3
3
3
3
3
3
3
3
3
3
3
3
3
3
3
3
3
3
3
3
3
3
3
3
3
3
3
3
3
3
3
3
3
3
3
3
3
3
3
3
3
3
3
3
3
3
3
3
3
3
3
3
3
3
3
3
3
3
3
3
3
3
3
3
3
3
3
3
3
3
3
3
3
3
3
3
3
3
3
3
3
3
3
3
3
3
3
3
3
3
3
3
3
3
3
3
3
3
3
3
3
3
3
3
3
3
3
3
3
3
3
3
3
3
3
3
3
3
3
3
3
3
3
3
3
3
3
3
3
3
3
3
3
3
3
3
3
3
3
3
3
3
3
3
3
3
3
3
3
3
3
3
3
3
3
3
3
3
3
3
3
3
3
3
3
3
3
3
3
3
3
3
3
3
3
3
3
3
3
3
3
3
3
3
3
3
3
3
3
3
3
3
3
3
3
3
3
3
3
3
3
3
3
3
3
3
3
3
3
3
3
3
3
3
3
3
3
3
3
3
3
3
3
3
3
3
3
3
3
3
3
3
3
3
3
3
3
3
3
3
3
3
3
3
3
3
3
3
3
3
3
3
3
3
3
3
3
3
3
3
3
3
3
3
3
3
3
3
3
3
3
3
3
3
3
3
3
3
3
3
3
3
3
3
3
3
3
3
3
3
3
3
3
3
3
3
3
3
3
3
3
3
3
3
3
3
3
3
3
3
3
3
3
3
3
3
3
3
3
3
3
3
3
3
3
3
3
3
3
3
3
3
3
3
3
3
3
3
3
3
3
3
3
3
3
3
3
3
3
3
3
3
3
3
3
3
3
3
3
3
3
3
3
3
3
3
3
3
3
3
3
3
3
3
3
3
3
3
3
3
3
3
3
3
3
3
3
3
3
3
3
3
3
3
3
3
3
3
3
3
3
3
3
3
3
3
3
3
3
3
3
3
3
3
3
3
3
3
3
3
3
3
3
3
3
3
3
3
3
3
3
3
3
3
3
3
3
3
3
3
3
3
3
3
3
3
3
3
3
3
3
3
3
3
3
3
3
3
3
3
3
3
3
3
3
3
3
3
3
3
3
3
3
3
3
3
3
3
3
3
3
3
3
3
3
3
3
3
3
3
3
3
3
3
3
3
3
3
3
3
3
3
3
3
3
3
3
3
3
3
3
3
3
3
3
3
3
3
3
3
3
3
3
3
3
3
3
3
3
3
3
3
3
3
3
3
3
3
3
3
3
3
3
3
3
3
3
3
3
3
3
3
3
3
3
3
3
3
3
3
3
3
3
3
3
3
3
3
3
3
3
3
3
3
3
3
3
3
3
3
3
3
3
3
3
3
3
3
3
3
3
3
3
3
3
3
3
3
3
3
3
3
3
3
3
3
3
3
3
3
3
3
3
3
3
3
3
3
3
3
3
3
3
3
3
3
3
3
3
3
3
3
3
3
3
3
3
3
3
3
3
3
3
3
3
3
3
3
3
3
3
3
3
3
3
3
3
3
3
3
3
3
3
3
3
3
3
3
3
3
3
3
3
3
3
3
3
3
3
3
3
3
3
3
3
3
3
3
3
3
3
3
3
3
3
3
3
3
3
3
3
3
3
3
3
3
3
3
3
3
3
3
3
3
3
3
3
3
3
3
3
3
3
3
3
3
3
3
3
3
3
3
3
3
3
3
3
3
3
3
3
3
3
3
3
3
3
3
3
3
3
3
3
3
3
3
3
3
3
3
3
3
3
3
3
3
3
3
3
3
3
3
3
3
3
3
3
3
3
3
3
3
3
3
3
3
3
3
3
3
3
3
3
3
3
3
3
3
3
3
3
3
3
3
3
3
3
3
3
3
3
3
3
3
3
3
3
3
3
3
3
3
3
3
3
3
3
3
3
3
3
3
3
3
3
3
3
3
3
3
3
3
3
3
3
3
3
3
3
3
3
3
3
3
3
3
3
3
3
3
3
3
3
3
3
3
3
3
3
3
3
3
3
3
3
3
3
3
3
3
3
3
3
3
3
3
3
3
3
3
3
3
3
3
3
3
3
3
3
3
3
3
3
3
3
3
3
3
3
3
3
3
3
3
3
3
3
3
3
3
3
3
3
3
3
3
3
3
3
3
3
3
3
3
3
3
3
3
3
3
3
3
3
3
3
3
3
3
3
3
3
3
3
3
3
3
3
3
3
3
3
3
3
3
3
3
3
3
3
3
3
3
3
3
3
3
3
3
3
3
3
3
3
3
3
3
3
3
3
3
3
3
3
3
3
3
3
3
3
3
3
3
3
3
3
3
3
3
3
3
3
3
3
3
3
3
3
3
3
3
3
3
3
3
3
3
3
3
3
3
3
3
3
3
3
3
3
3
3
3
3
3
3
3
3
3
3
3
3
3
3
3
3
3
3
3
3
3
3
3
3
3
3
3
3
3
3
3
3
3
3
3
3
3
3
3
3
3
3
3
3
3
3
3
3
3
3
3
3
3
3
3
3
3
3
3
3
3
3
3
3
3
3
3
3
3
3
3
3
3
3
3
3
3
3
3
3
3
3
3
3
3
3
3
3
3
3
3
3
3
3
3
3
3
3
3
3
3
3
3
3
3
3
3
3
3
3
3
3
3
3
3
3
3
3
3
3
3
3
3
3
3
3
3
3
3
3
3
3
3
3
3
3
3
3
3
3
3
3
3
3
3
3
3
3
3
3
3
3
3
3
3
3
3
3
3
3
3
3
3
3
3
3
3
3
3
3
3
3
3
3
3
3
3
3
3
3
3
3
3
3
3
3
3
3
3
3
3
3
3
3
3
3
3
3
3
3
3
3
3
3
3
3
3
3
3
3
3
3
3
3
3
3
3
3
3
3
3
3
3
3
3
3
3
3
3
3
3
3
3
3
3
3
3
3
3
3
3
3
3
3
3
3
3
3
3
3
3
3
3
3
3
3
3
3
3
3
3
3
3
3
3
3
3
3
3
3
3
3
3
3
3
3
3
3
3
3
3
3
3
3
3
3
3
3
3
3
3
3
3
3
3
3
3
3
3
3
3
3
3
3
3
3
3
3
3
3
3
3
3
3
3
3
3
3
3
3
3
3
3
3
3
3
3
3
3
3
3
3
3
3
3
3
3
3
3
3
3
3
3
3
3
3
3
3
3
3
3
3
3
3
3
3
3
3
3
3
3
3
3
3
3
3
3
3
3
3
3
3
3
3
3
3
3
3
3
3
3
3
3
3
3
3
3
3
3
3
3
3
3
3
3
3
3
3
3
3
3
3
3
3
3
3
3
3
3
3
3
3
3
3
3
3
3
3
3
3
3
3
3
3
3
3
3
3
3
3
3
3
3
3
3
3
3
3
3
3
3
3
3
3
3
3
3
3
3
3
3
3
3
3
3
3
3
3
3
3
3
3
3
3
3
3
3
3
3
3
3
3
3
3
3
3
3
3
3
3
3
3
3
3
3
3
3
3
3
3
3
3
3
3
3
3
3
3
3
3
3
3
3
3
3
3
3
3
3
3
3
3
3
3
3
3
3
3
3
3
3
3
3
3
3
3
3
3
3
3
3
3
3
3
3
3
3
3
3
3
3
3
3
3
3
3
3
3
3
3
3
3
3
3
3
3
3
3
3
3
3
3
3
3
3
3
3
3
3
3
3
3
3
3
3
3
3
3
3
3
3
3
3
3
3
3
3
3
3
3
3
3
3
3
3
3
3
3
3
3
3
3
3
3
3
3
3
3
3
3
3
3
3
3
3
3
3
3
3
3
3
3
3
3
3
3
3
3
3
3
3
3
3
3
3
3
3
3
3
3
3
3
3
3
3
3
3
3
3
3
3
3
3
3
3
3
3
3
3
3
3
3
3
3
3
3
3
3
3
3
3
3
3
3
3
3
3
3
3
3
3
3
3
3
3
3
3
3
3
3
3
3
3
3
3
3
3
3
3
3
3
3
3
3
3
3
3
3
3
3
3
3
3
3
3
3
3
3
3
3
3
3
3
3
3
3
3
4
4
4
4
4
4
4
4
4
4
4
4
4
4
4
4
4
4
4
4
4
4
4
4
4
4
4
4
4
4
4
4
4
4
4
4
4
4
4
4
4
4
4
4
4
4
4
4
4
4
4
4
4
4
4
4
4
4
4
4
4
4
4
4
4
4
4
4
4
4
4
4
4
4
4
4
4
4
4
4
4
4
4
4
4
4
4
4
4
4
4
4
4
4
4
4
4
4
4
4
4
4
4
4
4
4
4
4
4
4
4
4
4
4
4
4
4
4
4
4
4
4
4
4
4
4
4
4
4
4
4
4
4
4
4
4
4
4
4
4
4
4
4
4
4
4
4
4
4
4
4
4
4
4
4
4
4
4
4
4
4
4
4
4
4
4
4
4
4
4
4
4
4
4
4
4
4
4
4
4
4
4
4
4
4
4
4
4
4
4
4
4
4
4
4
4
4
4
4
4
4
4
4
4
4
4
4
4
4
4
4
4
4
4
4
4
4
4
4
4
4
4
4
4
4
4
4
4
4
4
4
4
4
4
4
4
4
4
4
4
4
4
4
4
4
4
4
4
4
4
4
4
4
4
4
4
4
4
4
4
4
4
4
4
4
4
4
4
4
4
4
4
4
4
4
4
4
4
4
4
4
4
4
4
4
4
4
4
4
4
4
4
4
4
4
4
4
4
4
4
4
4
4
4
4
4
4
4
4
4
4
4
4
4
4
4
4
4
4
4
4
4
4
4
4
4
4
4
4
4
4
4
4
4
4
4
4
4
4
4
4
4
4
4
4
4
4
4
4
4
4
4
4
4
4
4
4
4
4
4
4
4
4
4
4
4
4
4
4
4
4
4
4
4
4
4
4
4
4
4
4
4
4
4
4
4
4
4
4
4
4
4
4
4
4
4
4
4
4
4
4
4
4
4
4
4
4
4
4
4
4
4
4
4
4
4
4
4
4
4
4
4
4
4
4
4
4
4
4
4
4
4
4
4
4
4
4
4
4
4
4
4
4
4
4
4
4
4
4
4
4
4
4
4
4
4
4
4
4
4
4
4
4
4
4
4
4
4
4
4
4
4
4
4
4
4
4
4
4
4
4
4
4
4
4
4
4
4
4
4
4
4
4
4
4
4
4
4
4
4
4
4
4
4
4
4
4
4
4
4
4
4
4
4
4
4
4
4
4
4
4
4
4
4
4
4
4
4
4
4
4
4
4
4
4
4
4
4
4
4
4
4
4
4
4
4
4
4
4
4
4
4
4
4
4
4
4
4
4
4
4
4
4
4
4
4
4
4
4
4
4
4
4
4
4
4
4
4
4
4
4
4
4
4
4
4
4
4
4
4
4
4
4
4
4
4
4
4
4
4
4
4
4
4
4
4
4
4
4
4
4
4
4
4
4
4
4
4
4
4
4
4
4
4
4
4
4
4
4
4
4
4
4
4
4
4
4
4
4
4
4
4
4
4
4
4
4
4
4
4
4
4
4
4
4
4
4
4
4
4
4
4
4
4
4
4
4
4
4
4
4
4
4
4
4
4
4
4
4
4
4
4
4
4
4
4
4
4
4
4
4
4
4
4
4
4
4
4
4
4
4
4
4
4
4
4
4
4
4
4
4
4
4
4
4
4
4
4
4
4
4
4
4
4
4
4
4
4
4
4
4
4
4
4
4
4
4
4
4
4
4
4
4
4
4
4
4
4
4
4
4
4
4
4
4
4
4
4
4
4
4
4
4
4
4
4
4
4
4
4
4
4
4
4
4
4
4
4
4
4
4
4
4
4
4
4
4
4
4
4
4
4
4
4
4
4
4
4
4
4
4
4
4
4
4
4
4
4
4
4
4
4
4
4
4
4
4
4
4
4
4
4
4
4
4
4
4
4
4
4
4
4
4
4
4
4
4
4
4
4
4
4
4
4
4
4
4
4
4
4
4
4
4
4
4
4
4
4
4
4
4
4
4
4
4
4
4
4
4
4
4
4
4
4
4
4
4
4
4
4
4
4
4
4
4
4
4
4
4
4
4
4
4
4
4
4
4
4
4
4
4
4
4
4
4
4
4
4
4
4
4
4
4
4
4
4
4
4
4
4
4
4
4
4
4
4
4
4
4
4
4
4
4
4
4
4
4
4
4
4
4
4
4
4
4
4
4
4
4
4
4
4
4
4
4
4
4
4
4
4
4
4
4
4
4
4
4
4
4
4
4
4
4
4
4
4
4
4
4
4
4
4
4
4
4
4
4
4
4
4
4
4
4
4
4
4
4
4
4
4
4
4
4
4
4
4
4
4
4
4
4
4
4
4
4
4
4
4
4
4
4
4
4
4
4
4
4
4
4
4
4
4
4
4
4
4
4
4
4
4
4
4
4
4
4
4
4
4
4
4
4
4
4
4
4
4
4
4
4
4
4
4
4
4
4
4
4
4
4
4
4
4
4
4
4
4
4
4
4
4
4
4
4
4
4
4
4
4
4
4
4
4
4
4
4
4
4
4
4
4
4
4
4
4
4
4
4
4
4
4
4
4
4
4
4
4
4
4
4
4
4
4
4
4
4
4
4
4
4
4
4
4
4
4
4
4
4
4
4
4
4
4
4
4
4
4
4
4
4
4
4
4
4
4
4
4
4
4
4
4
4
4
4
4
4
4
4
4
4
4
4
4
4
4
4
4
4
4
4
4
4
4
4
4
4
4
4
4
4
4
4
4
4
4
4
4
4
4
4
4
4
4
4
4
4
4
4
4
4
4
4
4
4
4
4
4
4
4
4
4
4
4
4
4
4
4
4
4
4
4
4
4
4
4
4
4
4
4
4
4
4
4
4
4
4
4
4
4
4
4
4
4
4
4
4
4
4
4
4
4
4
4
4
4
4
4
4
4
4
4
4
4
4
4
4
4
4
4
4
4
4
4
4
4
4
4
4
4
4
4
4
4
4
4
4
4
4
4
4
4
4
4
4
4
4
4
4
4
4
4
4
4
4
4
4
4
4
4
4
4
4
4
4
4
4
4
4
4
4
4
4
4
4
4
4
4
4
4
4
4
4
4
4
4
4
4
4
4
4
4
4
4
4
4
4
4
4
4
4
4
4
4
4
4
4
4
4
4
4
4
4
4
4
4
4
4
4
4
4
4
4
4
4
4
4
4
4
4
4
4
4
4
4
4
4
4
4
4
4
4
4
4
4
4
4
4
4
4
4
4
4
4
4
4
4
4
4
4
4
4
4
4
4
4
4
4
4
4
4
4
4
4
4
4
4
4
4
4
4
4
4
4
4
4
4
4
4
4
4
4
4
4
4
4
4
4
4
4
4
4
4
4
4
4
4
4
4
4
4
4
4
4
4
4
4
4
4
4
4
4
4
4
4
4
4
4
4
4
4
4
4
4
4
4
4
4
4
4
4
4
4
4
4
4
4
4
4
4
4
4
4
4
4
4
4
4
4
4
4
4
4
4
4
4
4
4
4
4
4
4
4
4
4
4
4
4
4
4
4
4
4
4
4
4
4
4
4
4
4
4
4
4
4
4
4
4
4
4
4
4
4
4
4
4
4
4
4
4
4
4
4
4
4
4
4
4
4
4
4
4
4
4
4
4
4
4
4
4
4
4
4
4
4
4
4
4
4
4
4
4
4
4
4
4
4
4
4
4
4
4
4
4
4
4
4
4
4
4
4
4
4
4
4
4
4
4
4
4
4
4
4
4
4
4
4
4
4
4
4
4
4
4
4
4
4
4
4
4
4
4
4
4
4
4
4
4
4
4
4
4
4
4
4
4
4
4
4
4
4
4
4
4
4
4
4
4
4
4
4
4
4
4
4
4
4
4
4
4
4
4
4
4
4
4
4
4
4
4
4
4
4
4
4
4
4
4
4
4
4
4
4
4
4
4
4
4
4
4
4
4
4
4
4
4
4
4
4
4
4
4
4
4
4
4
4
4
4
4
4
4
4
4
4
4
4
4
4
4
4
4
4
4
4
4
4
4
5
5
5
5
5
5
5
5
5
5
5
5
5
5
5
5
5
5
5
5
5
5
5
5
5
5
5
5
5
5
5
5
5
5
5
5
5
5
5
5
5
5
5
5
5
5
5
5
5
5
5
5
5
5
5
5
5
5
5
5
5
5
5
5
5
5
5
5
5
5
5
5
5
5
5
5
5
5
5
5
5
5
5
5
5
5
5
5
5
5
5
5
5
5
5
5
5
5
5
5
5
5
5
5
5
5
5
5
5
5
5
5
5
5
5
5
5
5
5
5
5
5
5
5
5
5
5
5
5
5
5
5
5
5
5
5
5
5
5
5
5
5
5
5
5
5
5
5
5
5
5
5
5
5
5
5
5
5
5
5
5
5
5
5
5
5
5
5
5
5
5
5
5
5
5
5
5
5
5
5
5
5
5
5
5
5
5
5
5
5
5
5
5
5
5
5
5
5
5
5
5
5
5
5
5
5
5
5
5
5
5
5
5
5
5
5
5
5
5
5
5
5
5
5
5
5
5
5
5
5
5
5
5
5
5
5
5
5
5
5
5
5
5
5
5
5
5
5
5
5
5
5
5
5
5
5
5
5
5
5
5
5
5
5
5
5
5
5
5
5
5
5
5
5
5
5
5
5
5
5
5
5
5
5
5
5
5
5
5
5
5
5
5
5
5
5
5
5
5
5
5
5
5
5
5
5
5
5
5
5
5
5
5
5
5
5
5
5
5
5
5
5
5
5
5
5
5
5
5
5
5
5
5
5
5
5
5
5
5
5
5
5
5
5
5
5
5
5
5
5
5
5
5
5
5
5
5
5
5
5
5
5
5
5
5
5
5
5
5
5
5
5
5
5
5
5
5
5
5
5
5
5
5
5
5
5
5
5
5
5
5
5
5
5
5
5
5
5
5
5
5
5
5
5
5
5
5
5
5
5
5
5
5
5
5
5
5
5
5
5
5
5
5
5
5
5
5
5
5
5
5
5
5
5
5
5
5
5
5
5
5
5
5
5
5
5
5
5
5
5
5
5
5
5
5
5
5
5
5
5
5
5
5
5
5
5
5
5
5
5
5
5
5
5
5
5
5
5
5
5
5
5
5
5
5
5
5
5
5
5
5
5
5
5
5
5
5
5
5
5
5
5
5
5
5
5
5
5
5
5
5
5
5
5
5
5
5
5
5
5
5
5
5
5
5
5
5
5
5
5
5
5
5
5
5
5
5
5
5
5
5
5
5
5
5
5
5
5
5
5
5
5
5
5
5
5
5
5
5
5
5
5
5
5
5
5
5
5
5
5
5
5
5
5
5
5
5
5
5
5
5
5
5
5
5
5
5
5
5
5
5
5
5
5
5
5
5
5
5
5
5
5
5
5
5
5
5
5
5
5
5
5
5
5
5
5
5
5
5
5
5
5
5
5
5
5
5
5
5
5
5
5
5
5
5
5
5
5
5
5
5
5
5
5
5
5
5
5
5
5
5
5
5
5
5
5
5
5
5
5
5
5
5
5
5
5
5
5
5
5
5
5
5
5
5
5
5
5
5
5
5
5
5
5
5
5
5
5
5
5
5
5
5
5
5
5
5
5
5
5
5
5
5
5
5
5
5
5
5
5
5
5
5
5
5
5
5
5
5
5
5
5
5
5
5
5
5
5
5
5
5
5
5
5
5
5
5
5
5
5
5
5
5
5
5
5
5
5
5
5
5
5
5
5
5
5
5
5
5
5
5
5
5
5
5
5
5
5
5
5
5
5
5
5
5
5
5
5
5
5
5
5
5
5
5
5
5
5
5
5
5
5
5
5
5
5
5
5
5
5
5
5
5
5
5
5
5
5
5
5
5
5
5
5
5
5
5
5
5
5
5
5
5
5
5
5
5
5
5
5
5
5
5
5
5
5
5
5
5
5
5
5
5
5
5
5
5
5
5
5
5
5
5
5
5
5
5
5
5
5
5
5
5
5
5
5
5
5
5
5
5
5
5
5
5
5
5
5
5
5
5
5
5
5
5
5
5
5
5
5
5
5
5
5
5
5
5
5
5
5
5
5
5
5
5
5
5
5
5
5
5
5
5
5
5
5
5
5
5
5
5
5
5
5
5
5
5
5
5
5
5
5
5
5
5
5
5
5
5
5
5
5
5
5
5
5
5
5
5
5
5
5
5
5
5
5
5
5
5
5
5
5
5
5
5
5
5
5
5
5
5
5
5
5
5
5
5
5
5
5
5
5
5
5
5
5
5
5
5
5
5
5
5
5
5
5
5
5
5
5
5
5
5
5
5
5
5
5
5
5
5
5
5
5
5
5
5
5
5
5
5
5
5
5
5
5
5
5
5
5
5
5
5
5
5
5
5
5
5
5
5
5
5
5
5
5
5
5
5
5
5
5
5
5
5
5
5
5
5
5
5
5
5
5
5
5
5
5
5
5
5
5
5
5
5
5
5
5
5
5
5
5
5
5
5
5
5
5
5
5
5
5
5
5
5
5
5
5
5
5
5
5
5
5
5
5
5
5
5
5
5
5
5
5
5
5
5
5
5
5
5
5
5
5
5
5
5
5
5
5
5
5
5
5
5
5
5
5
5
5
5
5
5
5
5
5
5
5
5
5
5
5
5
5
5
5
5
5
5
5
5
5
5
5
5
5
5
5
5
5
5
5
5
5
5
5
5
5
5
5
5
5
5
5
5
5
5
5
5
5
5
5
5
5
5
5
5
5
5
5
5
5
5
5
5
5
5
5
5
5
5
5
5
5
5
5
5
5
5
5
5
5
5
5
5
5
5
5
5
5
5
5
5
5
5
5
5
5
5
5
5
5
5
5
5
5
5
5
5
5
5
5
5
5
5
5
5
5
5
5
5
5
5
5
5
5
5
5
5
5
5
5
5
5
5
5
5
5
5
5
5
5
5
5
5
5
5
5
5
5
5
5
5
5
5
5
5
5
5
5
5
5
5
5
5
5
5
5
5
5
5
5
5
5
5
5
5
5
5
5
5
5
5
5
5
5
5
5
5
5
5
5
5
5
5
5
5
5
5
5
5
5
5
5
5
5
5
5
5
5
5
5
5
5
5
5
5
5
5
5
5
5
5
5
5
5
5
5
5
5
5
5
5
5
5
5
5
5
5
5
5
5
5
5
5
5
5
5
5
5
5
5
5
5
5
5
5
5
5
5
5
5
5
5
5
5
5
5
5
5
5
5
5
5
5
5
5
5
5
5
5
5
5
5
5
5
5
5
5
5
5
5
5
5
5
5
5
5
5
5
5
5
5
5
5
5
5
5
5
5
5
5
5
5
5
5
5
5
5
5
5
5
5
5
5
5
5
5
5
5
5
5
5
5
5
5
5
5
5
5
5
5
5
5
5
5
5
5
5
5
5
5
5
5
5
5
5
5
5
5
5
5
5
5
5
5
5
5
5
5
5
5
5
5
5
5
5
5
5
5
5
5
5
5
5
5
5
5
5
5
5
5
5
5
5
5
5
5
5
5
5
5
5
5
5
5
5
5
5
5
5
5
5
5
5
5
5
5
5
5
5
5
5
5
5
5
5
5
5
5
5
5
5
5
5
5
5
5
5
5
5
5
5
5
5
5
5
5
5
5
5
5
5
5
5
5
5
5
5
5
5
5
5
5
5
5
5
5
5
5
5
5
5
5
5
5
5
5
5
5
5
5
5
5
5
5
5
5
5
5
5
5
5
5
5
5
5
5
5
5
5
5
5
5
5
5
5
5
5
5
5
5
5
5
5
5
5
5
5
5
5
5
5
5
5
5
5
5
5
5
5
5
5
5
5
5
5
5
5
5
5
5
5
5
5
5
5
5
5
5
5
5
5
5
5
5
5
5
5
5
5
5
5
5
5
5
5
5
5
5
5
5
5
5
5
5
5
5
5
5
5
5
5
5
5
5
5
5
5
5
5
5
5
5
5
5
5
5
5
5
5
5
5
5
5
5
5
5
5
5
5
5
5
5
5
5
5
5
5
5
5
5
5
5
5
5
5
5
5
5
5
5
5
5
5
5
5
5
5
5
5
5
5
5
5
5
5
5
5
5
5
5
5
5
5
5
5
5
5
5
5
5
5
5
5
5
5
5
5
5
5
5
5
5
5
5
5
5
5
5
5
5
5
5
5
5
5
5
5
5
5
5
5
5
5
5
5
5
5
5
6
6
6
6
6
6
6
6
6
6
6
6
6
6
6
6
6
6
6
6
6
6
6
6
6
6
6
6
6
6
6
6
6
6
6
6
6
6
6
6
6
6
6
6
6
6
6
6
6
6
6
6
6
6
6
6
6
6
6
6
6
6
6
6
6
6
6
6
6
6
6
6
6
6
6
6
6
6
6
6
6
6
6
6
6
6
6
6
6
6
6
6
6
6
6
6
6
6
6
6
6
6
6
6
6
6
6
6
6
6
6
6
6
6
6
6
6
6
6
6
6
6
6
6
6
6
6
6
6
6
6
6
6
6
6
6
6
6
6
6
6
6
6
6
6
6
6
6
6
6
6
6
6
6
6
6
6
6
6
6
6
6
6
6
6
6
6
6
6
6
6
6
6
6
6
6
6
6
6
6
6
6
6
6
6
6
6
6
6
6
6
6
6
6
6
6
6
6
6
6
6
6
6
6
6
6
6
6
6
6
6
6
6
6
6
6
6
6
6
6
6
6
6
6
6
6
6
6
6
6
6
6
6
6
6
6
6
6
6
6
6
6
6
6
6
6
6
6
6
6
6
6
6
6
6
6
6
6
6
6
6
6
6
6
6
6
6
6
6
6
6
6
6
6
6
6
6
6
6
6
6
6
6
6
6
6
6
6
6
6
6
6
6
6
6
6
6
6
6
6
6
6
6
6
6
6
6
6
6
6
6
6
6
6
6
6
6
6
6
6
6
6
6
6
6
6
6
6
6
6
6
6
6
6
6
6
6
6
6
6
6
6
6
6
6
6
6
6
6
6
6
6
6
6
6
6
6
6
6
6
6
6
6
6
6
6
6
6
6
6
6
6
6
6
6
6
6
6
6
6
6
6
6
6
6
6
6
6
6
6
6
6
6
6
6
6
6
6
6
6
6
6
6
6
6
6
6
6
6
6
6
6
6
6
6
6
6
6
6
6
6
6
6
6
6
6
6
6
6
6
6
6
6
6
6
6
6
6
6
6
6
6
6
6
6
6
6
6
6
6
6
6
6
6
6
6
6
6
6
6
6
6
6
6
6
6
6
6
6
6
6
6
6
6
6
6
6
6
6
6
6
6
6
6
6
6
6
6
6
6
6
6
6
6
6
6
6
6
6
6
6
6
6
6
6
6
6
6
6
6
6
6
6
6
6
6
6
6
6
6
6
6
6
6
6
6
6
6
6
6
6
6
6
6
6
6
6
6
6
6
6
6
6
6
6
6
6
6
6
6
6
6
6
6
6
6
6
6
6
6
6
6
6
6
6
6
6
6
6
6
6
6
6
6
6
6
6
6
6
6
6
6
6
6
6
6
6
6
6
6
6
6
6
6
6
6
6
6
6
6
6
6
6
6
6
6
6
6
6
6
6
6
6
6
6
6
6
6
6
6
6
6
6
6
6
6
6
6
6
6
6
6
6
6
6
6
6
6
6
6
6
6
6
6
6
6
6
6
6
6
6
6
6
6
6
6
6
6
6
6
6
6
6
6
6
6
6
6
6
6
6
6
6
6
6
6
6
6
6
6
6
6
6
6
6
6
6
6
6
6
6
6
6
6
6
6
6
6
6
6
6
6
6
6
6
6
6
6
6
6
6
6
6
6
6
6
6
6
6
6
6
6
6
6
6
6
6
6
6
6
6
6
6
6
6
6
6
6
6
6
6
6
6
6
6
6
6
6
6
6
6
6
6
6
6
6
6
6
6
6
6
6
6
6
6
6
6
6
6
6
6
6
6
6
6
6
6
6
6
6
6
6
6
6
6
6
6
6
6
6
6
6
6
6
6
6
6
6
6
6
6
6
6
6
6
6
6
6
6
6
6
6
6
6
6
6
6
6
6
6
6
6
6
6
6
6
6
6
6
6
6
6
6
6
6
6
6
6
6
6
6
6
6
6
6
6
6
6
6
6
6
6
6
6
6
6
6
6
6
6
6
6
6
6
6
6
6
6
6
6
6
6
6
6
6
6
6
6
6
6
6
6
6
6
6
6
6
6
6
6
6
6
6
6
6
6
6
6
6
6
6
6
6
6
6
6
6
6
6
6
6
6
6
6
6
6
6
6
6
6
6
6
6
6
6
6
6
6
6
6
6
6
6
6
6
6
6
6
6
6
6
6
6
6
6
6
6
6
6
6
6
6
6
6
6
6
6
6
6
6
6
6
6
6
6
6
6
6
6
6
6
6
6
6
6
6
6
6
6
6
6
6
6
6
6
6
6
6
6
6
6
6
6
6
6
6
6
6
6
6
6
6
6
6
6
6
6
6
6
6
6
6
6
6
6
6
6
6
6
6
6
6
6
6
6
6
6
6
6
6
6
6
6
6
6
6
6
6
6
6
6
6
6
6
6
6
6
6
6
6
6
6
6
6
6
6
6
6
6
6
6
6
6
6
6
6
6
6
6
6
6
6
6
6
6
6
6
6
6
6
6
6
6
6
6
6
6
6
6
6
6
6
6
6
6
6
6
6
6
6
6
6
6
6
6
6
6
6
6
6
6
6
6
6
6
6
6
6
6
6
6
6
6
6
6
6
6
6
6
6
6
6
6
6
6
6
6
6
6
6
6
6
6
6
6
6
6
6
6
6
6
6
6
6
6
6
6
6
6
6
6
6
6
6
6
6
6
6
6
6
6
6
6
6
6
6
6
6
6
6
6
6
6
6
6
6
6
6
6
6
6
6
6
6
6
6
6
6
6
6
6
6
6
6
6
6
6
6
6
6
6
6
6
6
6
6
6
6
6
6
6
6
6
6
6
6
6
6
6
6
6
6
6
6
6
6
6
6
6
6
6
6
6
6
6
6
6
6
6
6
6
6
6
6
6
6
6
6
6
6
6
6
6
6
6
6
6
6
6
6
6
6
6
6
6
6
6
6
6
6
6
6
6
6
6
6
6
6
6
6
6
6
6
6
6
6
6
6
6
6
6
6
6
6
6
6
6
6
6
6
6
6
6
6
6
6
6
6
6
6
6
6
6
6
6
6
6
6
6
6
6
6
6
6
6
6
6
6
6
6
6
6
6
6
6
6
6
6
6
6
6
6
6
6
6
6
6
6
6
6
6
6
6
6
6
6
6
6
6
6
6
6
6
6
6
6
6
6
6
6
6
6
6
6
6
6
6
6
6
6
6
6
6
6
6
6
6
6
6
6
6
6
6
6
6
6
6
6
6
6
6
6
6
6
6
6
6
6
6
6
6
6
6
6
6
6
6
6
6
6
6
6
6
6
6
6
6
6
6
6
6
6
6
6
6
6
6
6
6
6
6
6
6
6
6
6
6
6
6
6
6
6
6
6
6
6
6
6
6
6
6
6
6
6
6
6
6
6
6
6
6
6
6
6
6
6
6
6
6
6
6
6
6
6
6
6
6
6
6
6
6
6
6
6
6
6
6
6
6
6
6
6
6
6
6
6
6
6
6
6
6
6
6
6
6
6
6
6
6
6
6
6
6
6
6
6
6
6
6
6
6
6
6
6
6
6
6
6
6
6
6
6
6
6
6
6
6
6
6
6
6
6
6
6
6
6
6
6
6
6
6
6
6
6
6
6
6
6
6
6
6
6
6
6
6
6
6
6
6
6
6
6
6
6
6
6
6
6
6
6
6
6
6
6
6
6
6
6
6
6
6
6
6
6
6
6
6
6
6
6
6
6
6
6
6
6
6
6
6
6
6
6
6
6
6
6
6
6
6
6
6
6
6
6
6
6
6
6
6
6
6
6
6
6
6
6
6
6
6
6
6
6
6
6
6
6
6
6
6
6
6
6
6
6
6
6
6
6
6
6
6
6
6
6
6
6
6
6
6
6
6
6
6
6
6
6
6
6
6
6
6
6
6
6
6
6
6
6
6
6
6
6
6
6
6
6
6
6
6
6
6
6
6
6
6
6
6
6
6
6
6
6
6
6
6
6
6
6
6
6
6
6
6
6
6
6
6
6
6
6
6
6
6
6
6
6
6
6
6
6
6
6
6
6
6
6
6
6
6
6
6
6
6
6
6
6
6
6
6
6
6
6
6
6
6
6
6
6
7
7
7
7
7
7
7
7
7
7
7
7
7
7
7
7
7
7
7
7
7
7
7
7
7
7
7
7
7
7
7
7
7
7
7
7
7
7
7
7
7
7
7
7
7
7
7
7
7
7
7
7
7
7
7
7
7
7
7
7
7
7
7
7
7
7
7
7
7
7
7
7
7
7
7
7
7
7
7
7
7
7
7
7
7
7
7
7
7
7
7
7
7
7
7
7
7
7
7
7
7
7
7
7
7
7
7
7
7
7
7
7
7
7
7
7
7
7
7
7
7
7
7
7
7
7
7
7
7
7
7
7
7
7
7
7
7
7
7
7
7
7
7
7
7
7
7
7
7
7
7
7
7
7
7
7
7
7
7
7
7
7
7
7
7
7
7
7
7
7
7
7
7
7
7
7
7
7
7
7
7
7
7
7
7
7
7
7
7
7
7
7
7
7
7
7
7
7
7
7
7
7
7
7
7
7
7
7
7
7
7
7
7
7
7
7
7
7
7
7
7
7
7
7
7
7
7
7
7
7
7
7
7
7
7
7
7
7
7
7
7
7
7
7
7
7
7
7
7
7
7
7
7
7
7
7
7
7
7
7
7
7
7
7
7
7
7
7
7
7
7
7
7
7
7
7
7
7
7
7
7
7
7
7
7
7
7
7
7
7
7
7
7
7
7
7
7
7
7
7
7
7
7
7
7
7
7
7
7
7
7
7
7
7
7
7
7
7
7
7
7
7
7
7
7
7
7
7
7
7
7
7
7
7
7
7
7
7
7
7
7
7
7
7
7
7
7
7
7
7
7
7
7
7
7
7
7
7
7
7
7
7
7
7
7
7
7
7
7
7
7
7
7
7
7
7
7
7
7
7
7
7
7
7
7
7
7
7
7
7
7
7
7
7
7
7
7
7
7
7
7
7
7
7
7
7
7
7
7
7
7
7
7
7
7
7
7
7
7
7
7
7
7
7
7
7
7
7
7
7
7
7
7
7
7
7
7
7
7
7
7
7
7
7
7
7
7
7
7
7
7
7
7
7
7
7
7
7
7
7
7
7
7
7
7
7
7
7
7
7
7
7
7
7
7
7
7
7
7
7
7
7
7
7
7
7
7
7
7
7
7
7
7
7
7
7
7
7
7
7
7
7
7
7
7
7
7
7
7
7
7
7
7
7
7
7
7
7
7
7
7
7
7
7
7
7
7
7
7
7
7
7
7
7
7
7
7
7
7
7
7
7
7
7
7
7
7
7
7
7
7
7
7
7
7
7
7
7
7
7
7
7
7
7
7
7
7
7
7
7
7
7
7
7
7
7
7
7
7
7
7
7
7
7
7
7
7
7
7
7
7
7
7
7
7
7
7
7
7
7
7
7
7
7
7
7
7
7
7
7
7
7
7
7
7
7
7
7
7
7
7
7
7
7
7
7
7
7
7
7
7
7
7
7
7
7
7
7
7
7
7
7
7
7
7
7
7
7
7
7
7
7
7
7
7
7
7
7
7
7
7
7
7
7
7
7
7
7
7
7
7
7
7
7
7
7
7
7
7
7
7
7
7
7
7
7
7
7
7
7
7
7
7
7
7
7
7
7
7
7
7
7
7
7
7
7
7
7
7
7
7
7
7
7
7
7
7
7
7
7
7
7
7
7
7
7
7
7
7
7
7
7
7
7
7
7
7
7
7
7
7
7
7
7
7
7
7
7
7
7
7
7
7
7
7
7
7
7
7
7
7
7
7
7
7
7
7
7
7
7
7
7
7
7
7
7
7
7
7
7
7
7
7
7
7
7
7
7
7
7
7
7
7
7
7
7
7
7
7
7
7
7
7
7
7
7
7
7
7
7
7
7
7
7
7
7
7
7
7
7
7
7
7
7
7
7
7
7
7
7
7
7
7
7
7
7
7
7
7
7
7
7
7
7
7
7
7
7
7
7
7
7
7
7
7
7
7
7
7
7
7
7
7
7
7
7
7
7
7
7
7
7
7
7
7
7
7
7
7
7
7
7
7
7
7
7
7
7
7
7
7
7
7
7
7
7
7
7
7
7
7
7
7
7
7
7
7
7
7
7
7
7
7
7
7
7
7
7
7
7
7
7
7
7
7
7
7
7
7
7
7
7
7
7
7
7
7
7
7
7
7
7
7
7
7
7
7
7
7
7
7
7
7
7
7
7
7
7
7
7
7
7
7
7
7
7
7
7
7
7
7
7
7
7
7
7
7
7
7
7
7
7
7
7
7
7
7
7
7
7
7
7
7
7
7
7
7
7
7
7
7
7
7
7
7
7
7
7
7
7
7
7
7
7
7
7
7
7
7
7
7
7
7
7
7
7
7
7
7
7
7
7
7
7
7
7
7
7
7
7
7
7
7
7
7
7
7
7
7
7
7
7
7
7
7
7
7
7
7
7
7
7
7
7
7
7
7
7
7
7
7
7
7
7
7
7
7
7
7
7
7
7
7
7
7
7
7
7
7
7
7
7
7
7
7
7
7
7
7
7
7
7
7
7
7
7
7
7
7
7
7
7
7
7
7
7
7
7
7
7
7
7
7
7
7
7
7
7
7
7
7
7
7
7
7
7
7
7
7
7
7
7
7
7
7
7
7
7
7
7
7
7
7
7
7
7
7
7
7
7
7
7
7
7
7
7
7
7
7
7
7
7
7
7
7
7
7
7
7
7
7
7
7
7
7
7
7
7
7
7
7
7
7
7
7
7
7
7
7
7
7
7
7
7
7
7
7
7
7
7
7
7
7
7
7
7
7
7
7
7
7
7
7
7
7
7
7
7
7
7
7
7
7
7
7
7
7
7
7
7
7
7
7
7
7
7
7
7
7
7
7
7
7
7
7
7
7
7
7
7
7
7
7
7
7
7
7
7
7
7
7
7
7
7
7
7
7
7
7
7
7
7
7
7
7
7
7
7
7
7
7
7
7
7
7
7
7
7
7
7
7
7
7
7
7
7
7
7
7
7
7
7
7
7
7
7
7
7
7
7
7
7
7
7
7
7
7
7
7
7
7
7
7
7
7
7
7
7
7
7
7
7
7
7
7
7
7
7
7
7
7
7
7
7
7
7
7
7
7
7
7
7
7
7
7
7
7
7
7
7
7
7
7
7
7
7
7
7
7
7
7
7
7
7
7
7
7
7
7
7
7
7
7
7
7
7
7
7
7
7
7
7
7
7
7
7
7
7
7
7
7
7
7
7
7
7
7
7
7
7
7
7
7
7
7
7
7
7
7
7
7
7
7
7
7
7
7
7
7
7
7
7
7
7
7
7
7
7
7
7
7
7
7
7
7
7
7
7
7
7
7
7
7
7
7
7
7
7
7
7
7
7
7
7
7
7
7
7
7
7
7
7
7
7
7
7
7
7
7
7
7
7
7
7
7
7
7
7
7
7
7
7
7
7
7
7
7
7
7
7
7
7
7
7
7
7
7
7
7
7
7
7
7
7
7
7
7
7
7
7
7
7
7
7
7
7
7
7
7
7
7
7
7
7
7
7
7
7
7
7
7
7
7
7
7
7
7
7
7
7
7
7
7
7
7
7
7
7
7
7
7
7
7
7
7
7
7
7
7
7
7
7
7
7
7
7
7
7
7
7
7
7
7
7
7
7
7
7
7
7
7
7
7
7
7
7
7
7
7
7
7
7
7
7
7
7
7
7
7
7
7
7
7
7
7
7
7
7
7
7
7
7
7
7
7
7
7
7
7
7
7
7
7
7
7
7
7
7
7
7
7
7
7
7
7
7
7
7
7
7
7
7
7
7
7
7
7
7
7
7
7
7
7
7
7
7
7
7
7
7
7
7
7
7
7
7
7
7
7
7
7
7
7
7
7
7
7
7
7
7
7
7
7
7
7
7
7
7
7
7
7
7
7
7
7
7
7
7
7
7
7
7
7
7
7
7
7
7
7
7
7
7
7
7
7
7
7
7
7
7
7
7
7
7
7
7
7
7
7
7
7
7
7
7
7
7
7
7
7
7
7
7
7
7
7
7
7
7
7
7
7
7
7
7
7
7
7
7
7
7
7
7
7
7
7
7
7
7
7
7
7
7
7
7
7
7
7
7
7
7
7
7
7
7
7
7
7
7
7
7
7
7
7
7
7
7
7
7
7
7
7
7
7
7
7
7
7
7
7
7
7
7
7
7
7
7
7
7
7
7
7
7
7
7
7
7
7
8
8
8
8
8
8
8
8
8
8
8
8
8
8
8
8
8
8
8
8
8
8
8
8
8
8
8
8
8
8
8
8
8
8
8
8
8
8
8
8
8
8
8
8
8
8
8
8
8
8
8
8
8
8
8
8
8
8
8
8
8
8
8
8
8
8
8
8
8
8
8
8
8
8
8
8
8
8
8
8
8
8
8
8
8
8
8
8
8
8
8
8
8
8
8
8
8
8
8
8
8
8
8
8
8
8
8
8
8
8
8
8
8
8
8
8
8
8
8
8
8
8
8
8
8
8
8
8
8
8
8
8
8
8
8
8
8
8
8
8
8
8
8
8
8
8
8
8
8
8
8
8
8
8
8
8
8
8
8
8
8
8
8
8
8
8
8
8
8
8
8
8
8
8
8
8
8
8
8
8
8
8
8
8
8
8
8
8
8
8
8
8
8
8
8
8
8
8
8
8
8
8
8
8
8
8
8
8
8
8
8
8
8
8
8
8
8
8
8
8
8
8
8
8
8
8
8
8
8
8
8
8
8
8
8
8
8
8
8
8
8
8
8
8
8
8
8
8
8
8
8
8
8
8
8
8
8
8
8
8
8
8
8
8
8
8
8
8
8
8
8
8
8
8
8
8
8
8
8
8
8
8
8
8
8
8
8
8
8
8
8
8
8
8
8
8
8
8
8
8
8
8
8
8
8
8
8
8
8
8
8
8
8
8
8
8
8
8
8
8
8
8
8
8
8
8
8
8
8
8
8
8
8
8
8
8
8
8
8
8
8
8
8
8
8
8
8
8
8
8
8
8
8
8
8
8
8
8
8
8
8
8
8
8
8
8
8
8
8
8
8
8
8
8
8
8
8
8
8
8
8
8
8
8
8
8
8
8
8
8
8
8
8
8
8
8
8
8
8
8
8
8
8
8
8
8
8
8
8
8
8
8
8
8
8
8
8
8
8
8
8
8
8
8
8
8
8
8
8
8
8
8
8
8
8
8
8
8
8
8
8
8
8
8
8
8
8
8
8
8
8
8
8
8
8
8
8
8
8
8
8
8
8
8
8
8
8
8
8
8
8
8
8
8
8
8
8
8
8
8
8
8
8
8
8
8
8
8
8
8
8
8
8
8
8
8
8
8
8
8
8
8
8
8
8
8
8
8
8
8
8
8
8
8
8
8
8
8
8
8
8
8
8
8
8
8
8
8
8
8
8
8
8
8
8
8
8
8
8
8
8
8
8
8
8
8
8
8
8
8
8
8
8
8
8
8
8
8
8
8
8
8
8
8
8
8
8
8
8
8
8
8
8
8
8
8
8
8
8
8
8
8
8
8
8
8
8
8
8
8
8
8
8
8
8
8
8
8
8
8
8
8
8
8
8
8
8
8
8
8
8
8
8
8
8
8
8
8
8
8
8
8
8
8
8
8
8
8
8
8
8
8
8
8
8
8
8
8
8
8
8
8
8
8
8
8
8
8
8
8
8
8
8
8
8
8
8
8
8
8
8
8
8
8
8
8
8
8
8
8
8
8
8
8
8
8
8
8
8
8
8
8
8
8
8
8
8
8
8
8
8
8
8
8
8
8
8
8
8
8
8
8
8
8
8
8
8
8
8
8
8
8
8
8
8
8
8
8
8
8
8
8
8
8
8
8
8
8
8
8
8
8
8
8
8
8
8
8
8
8
8
8
8
8
8
8
8
8
8
8
8
8
8
8
8
8
8
8
8
8
8
8
8
8
8
8
8
8
8
8
8
8
8
8
8
8
8
8
8
8
8
8
8
8
8
8
8
8
8
8
8
8
8
8
8
8
8
8
8
8
8
8
8
8
8
8
8
8
8
8
8
8
8
8
8
8
8
8
8
8
8
8
8
8
8
8
8
8
8
8
8
8
8
8
8
8
8
8
8
8
8
8
8
8
8
8
8
8
8
8
8
8
8
8
8
8
8
8
8
8
8
8
8
8
8
8
8
8
8
8
8
8
8
8
8
8
8
8
8
8
8
8
8
8
8
8
8
8
8
8
8
8
8
8
8
8
8
8
8
8
8
8
8
8
8
8
8
8
8
8
8
8
8
8
8
8
8
8
8
8
8
8
8
8
8
8
8
8
8
8
8
8
8
8
8
8
8
8
8
8
8
8
8
8
8
8
8
8
8
8
8
8
8
8
8
8
8
8
8
8
8
8
8
8
8
8
8
8
8
8
8
8
8
8
8
8
8
8
8
8
8
8
8
8
8
8
8
8
8
8
8
8
8
8
8
8
8
8
8
8
8
8
8
8
8
8
8
8
8
8
8
8
8
8
8
8
8
8
8
8
8
8
8
8
8
8
8
8
8
8
8
8
8
8
8
8
8
8
8
8
8
8
8
8
8
8
8
8
8
8
8
8
8
8
8
8
8
8
8
8
8
8
8
8
8
8
8
8
8
8
8
8
8
8
8
8
8
8
8
8
8
8
8
8
8
8
8
8
8
8
8
8
8
8
8
8
8
8
8
8
8
8
8
8
8
8
8
8
8
8
8
8
8
8
8
8
8
8
8
8
8
8
8
8
8
8
8
8
8
8
8
8
8
8
8
8
8
8
8
8
8
8
8
8
8
8
8
8
8
8
8
8
8
8
8
8
8
8
8
8
8
8
8
8
8
8
8
8
8
8
8
8
8
8
8
8
8
8
8
8
8
8
8
8
8
8
8
8
8
8
8
8
8
8
8
8
8
8
8
8
8
8
8
8
8
8
8
8
8
8
8
8
8
8
8
8
8
8
8
8
8
8
8
8
8
8
8
8
8
8
8
8
8
8
8
8
8
8
8
8
8
8
8
8
8
8
8
8
8
8
8
8
8
8
8
8
8
8
8
8
8
8
8
8
8
8
8
8
8
8
8
8
8
8
8
8
8
8
8
8
8
8
8
8
8
8
8
8
8
8
8
8
8
8
8
8
8
8
8
8
8
8
8
8
8
8
8
8
8
8
8
8
8
8
8
8
8
8
8
8
8
8
8
8
8
8
8
8
8
8
8
8
8
8
8
8
8
8
8
8
8
8
8
8
8
8
8
8
8
8
8
8
8
8
8
8
8
8
8
8
8
8
8
8
8
8
8
8
8
8
8
8
8
8
8
8
8
8
8
8
8
8
8
8
8
8
8
8
8
8
8
8
8
8
8
8
8
8
8
8
8
8
8
8
8
8
8
8
8
8
8
8
8
8
8
8
8
8
8
8
8
8
8
8
8
8
8
8
8
8
8
8
8
8
8
8
8
8
8
8
8
8
8
8
8
8
8
8
8
8
8
8
8
8
8
8
8
8
8
8
8
8
8
8
8
8
8
8
8
8
8
8
8
8
8
8
8
8
8
8
8
8
8
8
8
8
8
8
8
8
8
8
8
8
8
8
8
8
8
8
8
8
8
8
8
8
8
8
8
8
8
8
8
8
8
8
8
8
8
8
8
8
8
8
8
8
8
8
8
8
8
8
8
8
8
8
8
8
8
8
8
8
8
8
8
8
8
8
8
8
8
8
8
8
8
8
8
8
8
8
8
8
8
8
8
8
8
8
8
8
8
8
8
8
8
8
8
8
8
8
8
8
8
8
8
8
8
8
8
8
8
8
8
8
8
8
8
8
8
8
8
8
8
8
8
8
8
8
8
8
8
8
8
8
8
8
8
8
8
8
8
8
8
8
8
8
8
8
8
8
8
8
8
8
8
8
8
8
8
8
8
8
8
8
8
8
8
8
8
8
8
8
8
8
8
8
8
8
8
8
8
8
8
8
8
8
8
8
8
8
8
8
8
8
8
8
8
8
8
8
8
8
8
8
8
8
8
8
8
8
8
8
8
8
8
8
8
8
8
8
8
8
8
8
8
8
8
8
8
8
8
8
8
8
8
8
8
8
8
8
8
8
8
8
8
8
8
8
8
8
8
8
8
8
8
8
8
8
8
8
8
8
8
8
8
8
8
8
8
8
8
8
8
8
8
8
8
8
8
8
8
8
8
8
8
8
8
8
8
8
8
8
8
8
8
8
8
8
8
8
8
8
8
8
8
8
8
8
8
8
8
8
8
9
9
9
9
9
9
9
9
9
9
9
9
9
9
9
9
9
9
9
9
9
9
9
9
9
9
9
9
9
9
9
9
9
9
9
9
9
9
9
9
9
9
9
9
9
9
9
9
9
9
9
9
9
9
9
9
9
9
9
9
9
9
9
9
9
9
9
9
9
9
9
9
9
9
9
9
9
9
9
9
9
9
9
9
9
9
9
9
9
9
9
9
9
9
9
9
9
9
9
9
9
9
9
9
9
9
9
9
9
9
9
9
9
9
9
9
9
9
9
9
9
9
9
9
9
9
9
9
9
9
9
9
9
9
9
9
9
9
9
9
9
9
9
9
9
9
9
9
9
9
9
9
9
9
9
9
9
9
9
9
9
9
9
9
9
9
9
9
9
9
9
9
9
9
9
9
9
9
9
9
9
9
9
9
9
9
9
9
9
9
9
9
9
9
9
9
9
9
9
9
9
9
9
9
9
9
9
9
9
9
9
9
9
9
9
9
9
9
9
9
9
9
9
9
9
9
9
9
9
9
9
9
9
9
9
9
9
9
9
9
9
9
9
9
9
9
9
9
9
9
9
9
9
9
9
9
9
9
9
9
9
9
9
9
9
9
9
9
9
9
9
9
9
9
9
9
9
9
9
9
9
9
9
9
9
9
9
9
9
9
9
9
9
9
9
9
9
9
9
9
9
9
9
9
9
9
9
9
9
9
9
9
9
9
9
9
9
9
9
9
9
9
9
9
9
9
9
9
9
9
9
9
9
9
9
9
9
9
9
9
9
9
9
9
9
9
9
9
9
9
9
9
9
9
9
9
9
9
9
9
9
9
9
9
9
9
9
9
9
9
9
9
9
9
9
9
9
9
9
9
9
9
9
9
9
9
9
9
9
9
9
9
9
9
9
9
9
9
9
9
9
9
9
9
9
9
9
9
9
9
9
9
9
9
9
9
9
9
9
9
9
9
9
9
9
9
9
9
9
9
9
9
9
9
9
9
9
9
9
9
9
9
9
9
9
9
9
9
9
9
9
9
9
9
9
9
9
9
9
9
9
9
9
9
9
9
9
9
9
9
9
9
9
9
9
9
9
9
9
9
9
9
9
9
9
9
9
9
9
9
9
9
9
9
9
9
9
9
9
9
9
9
9
9
9
9
9
9
9
9
9
9
9
9
9
9
9
9
9
9
9
9
9
9
9
9
9
9
9
9
9
9
9
9
9
9
9
9
9
9
9
9
9
9
9
9
9
9
9
9
9
9
9
9
9
9
9
9
9
9
9
9
9
9
9
9
9
9
9
9
9
9
9
9
9
9
9
9
9
9
9
9
9
9
9
9
9
9
9
9
9
9
9
9
9
9
9
9
9
9
9
9
9
9
9
9
9
9
9
9
9
9
9
9
9
9
9
9
9
9
9
9
9
9
9
9
9
9
9
9
9
9
9
9
9
9
9
9
9
9
9
9
9
9
9
9
9
9
9
9
9
9
9
9
9
9
9
9
9
9
9
9
9
9
9
9
9
9
9
9
9
9
9
9
9
9
9
9
9
9
9
9
9
9
9
9
9
9
9
9
9
9
9
9
9
9
9
9
9
9
9
9
9
9
9
9
9
9
9
9
9
9
9
9
9
9
9
9
9
9
9
9
9
9
9
9
9
9
9
9
9
9
9
9
9
9
9
9
9
9
9
9
9
9
9
9
9
9
9
9
9
9
9
9
9
9
9
9
9
9
9
9
9
9
9
9
9
9
9
9
9
9
9
9
9
9
9
9
9
9
9
9
9
9
9
9
9
9
9
9
9
9
9
9
9
9
9
9
9
9
9
9
9
9
9
9
9
9
9
9
9
9
9
9
9
9
9
9
9
9
9
9
9
9
9
9
9
9
9
9
9
9
9
9
9
9
9
9
9
9
9
9
9
9
9
9
9
9
9
9
9
9
9
9
9
9
9
9
9
9
9
9
9
9
9
9
9
9
9
9
9
9
9
9
9
9
9
9
9
9
9
9
9
9
9
9
9
9
9
9
9
9
9
9
9
9
9
9
9
9
9
9
9
9
9
9
9
9
9
9
9
9
9
9
9
9
9
9
9
9
9
9
9
9
9
9
9
9
9
9
9
9
9
9
9
9
9
9
9
9
9
9
9
9
9
9
9
9
9
9
9
9
9
9
9
9
9
9
9
9
9
9
9
9
9
9
9
9
9
9
9
9
9
9
9
9
9
9
9
9
9
9
9
9
9
9
9
9
9
9
9
9
9
9
9
9
9
9
9
9
9
9
9
9
9
9
9
9
9
9
9
9
9
9
9
9
9
9
9
9
9
9
9
9
9
9
9
9
9
9
9
9
9
9
9
9
9
9
9
9
9
9
9
9
9
9
9
9
9
9
9
9
9
9
9
9
9
9
9
9
9
9
9
9
9
9
9
9
9
9
9
9
9
9
9
9
9
9
9
9
9
9
9
9
9
9
9
9
9
9
9
9
9
9
9
9
9
9
9
9
9
9
9
9
9
9
9
9
9
9
9
9
9
9
9
9
9
9
9
9
9
9
9
9
9
9
9
9
9
9
9
9
9
9
9
9
9
9
9
9
9
9
9
9
9
9
9
9
9
9
9
9
9
9
9
9
9
9
9
9
9
9
9
9
9
9
9
9
9
9
9
9
9
9
9
9
9
9
9
9
9
9
9
9
9
9
9
9
9
9
9
9
9
9
9
9
9
9
9
9
9
9
9
9
9
9
9
9
9
9
9
9
9
9
9
9
9
9
9
9
9
9
9
9
9
9
9
9
9
9
9
9
9
9
9
9
9
9
9
9
9
9
9
9
9
9
9
9
9
9
9
9
9
9
9
9
9
9
9
9
9
9
9
9
9
9
9
9
9
9
9
9
9
9
9
9
9
9
9
9
9
9
9
9
9
9
9
9
9
9
9
9
9
9
9
9
9
9
9
9
9
9
9
9
9
9
9
9
9
9
9
9
9
9
9
9
9
9
9
9
9
9
9
9
9
9
9
9
9
9
9
9
9
9
9
9
9
9
9
9
9
9
9
9
9
9
9
9
9
9
9
9
9
9
9
9
9
9
9
9
9
9
9
9
9
9
9
9
9
9
9
9
9
9
9
9
9
9
9
9
9
9
9
9
9
9
9
9
9
9
9
9
9
9
9
9
9
9
9
9
9
9
9
9
9
9
9
9
9
9
9
9
9
9
9
9
9
9
9
9
9
9
9
9
9
9
9
9
9
9
9
9
9
9
9
9
9
9
9
9
9
9
9
9
9
9
9
9
9
9
9
9
9
9
9
9
9
9
9
9
9
9
9
9
9
9
9
9
9
9
9
9
9
9
9
9
9
9
9
9
9
9
9
9
9
9
9
9
9
9
9
9
9
9
9
9
9
9
9
9
9
9
9
9
9
9
9
9
9
9
9
9
9
9
9
9
9
9
9
9
9
9
9
9
9
9
9
9
9
9
9
9
9
9
9
9
9
9
9
9
9
9
9
9
9
9
9
9
9
9
9
9
9
9
9
9
9
9
9
9
9
9
9
9
9
9
9
9
9
9
9
9
9
9
9
9
9
9
9
9
9
9
9
9
9
9
9
9
9
9
9
9
9
9
9
9
9
9
9
9
9
9
9
9
9
9
9
9
9
9
9
9
9
9
9
9
9
9
9
9
9
9
9
9
9
9
9
9
9
9
9
9
9
9
9
9
9
9
9
9
9
9
9
9
9
9
9
9
9
9
9
9
9
9
9
9
9
9
9
9
9
9
9
9
9
9
9
9
9
9
9
9
9
9
9
9
9
9
9
9
9
9
9
9
9
9
9
9
9
9
9
9
9
9
9
9
9
9
9
9
9
9
9
9
9
9
9
9
9
9
9
9
9
9
9
9
9
9
9
9
9
9
9
9
9
9
9
9
9
9
9
9
9
9
9
9
9
9
9
9
9
9
9
9
9
9
9
9
9
9
9
9
9
9
9
9
9
9
9
9
9
9
9
9
9
9
9
9
9
9
9
9
9
9
9
9
9
9
9
9
9
9
9
9
9
9
9
9
9
9
9
9
9
9
9
9
9
9
9
9
9
9
9
9
9
9
9
9
9
9
9
9
9
9
9
9
9
9
9
9
9
9
9
9
9
9
10
10
10
10
10
10
10
10
10
10
10
10
10
10
10
10
10
10
10
10
10
10
10
10
10
10
10
10
10
10
10
10
10
10
10
10
10
10
10
10
10
10
10
10
10
10
10
10
10
10
10
10
10
10
10
10
10
10
10
10
10
10
10
10
10
10
10
10
10
10
10
10
10
10
10
10
10
10
10
10
10
10
10
10
10
10
10
10
10
10
10
10
10
10
10
10
10
10
10
10
10
10
10
10
10
10
10
10
10
10
10
10
10
10
10
10
10
10
10
10
10
10
10
10
10
10
10
10
10
10
10
10
10
10
10
10
10
10
10
10
10
10
10
10
10
10
10
10
10
10
10
10
10
10
10
10
10
10
10
10
10
10
10
10
10
10
10
10
10
10
10
10
10
10
10
10
10
10
10
10
10
10
10
10
10
10
10
10
10
10
10
10
10
10
10
10
10
10
10
10
10
10
10
10
10
10
10
10
10
10
10
10
10
10
10
10
10
10
10
10
10
10
10
10
10
10
10
10
10
10
10
10
10
10
10
10
10
10
10
10
10
10
10
10
10
10
10
10
10
10
10
10
10
10
10
10
10
10
10
10
10
10
10
10
10
10
10
10
10
10
10
10
10
10
10
10
10
10
10
10
10
10
10
10
10
10
10
10
10
10
10
10
10
10
10
10
10
10
10
10
10
10
10
10
10
10
10
10
10
10
10
10
10
10
10
10
10
10
10
10
10
10
10
10
10
10
10
10
10
10
10
10
10
10
10
10
10
10
10
10
10
10
10
10
10
10
10
10
10
10
10
10
10
10
10
10
10
10
10
10
10
10
10
10
10
10
10
10
10
10
10
10
10
10
10
10
10
10
10
10
10
10
10
10
10
10
10
10
10
10
10
10
10
10
10
10
10
10
10
10
10
10
10
10
10
10
10
10
10
10
10
10
10
10
10
10
10
10
10
10
10
10
10
10
10
10
10
10
10
10
10
10
10
10
10
10
10
10
10
10
10
10
10
10
10
10
10
10
10
10
10
10
10
10
10
10
10
10
10
10
10
10
10
10
10
10
10
10
10
10
10
10
10
10
10
10
10
10
10
10
10
10
10
10
10
10
10
10
10
10
10
10
10
10
10
10
10
10
10
10
10
10
10
10
10
10
10
10
10
10
10
10
10
10
10
10
10
10
10
10
10
10
10
10
10
10
10
10
10
10
10
10
10
10
10
10
10
10
10
10
10
10
10
10
10
10
10
10
10
10
10
10
10
10
10
10
10
10
10
10
10
10
10
10
10
10
10
10
10
10
10
10
10
10
10
10
10
10
10
10
10
10
10
10
10
10
10
10
10
10
10
10
10
10
10
10
10
10
10
10
10
10
10
10
10
10
10
10
10
10
10
10
10
10
10
10
10
10
10
10
10
10
10
10
10
10
10
10
10
10
10
10
10
10
10
10
10
10
10
10
10
10
10
10
10
10
10
10
10
10
10
10
10
10
10
10
10
10
10
10
10
10
10
10
10
10
10
10
10
10
10
10
10
10
10
10
10
10
10
10
10
10
10
10
10
10
10
10
10
10
10
10
10
10
10
10
10
10
10
10
10
10
10
10
10
10
10
10
10
10
10
10
10
10
10
10
10
10
10
10
10
10
10
10
10
10
10
10
10
10
10
10
10
10
10
10
10
10
10
10
10
10
10
10
10
10
10
10
10
10
10
10
10
10
10
10
10
10
10
10
10
10
10
10
10
10
10
10
10
10
10
10
10
10
10
10
10
10
10
10
10
10
10
10
10
10
10
10
10
10
10
10
10
10
10
10
10
10
10
10
10
10
10
10
10
10
10
10
10
10
10
10
10
10
10
10
10
10
10
10
10
10
10
10
10
10
10
10
10
10
10
10
10
10
10
10
10
10
10
10
10
10
10
10
10
10
10
10
10
10
10
10
10
10
10
10
10
10
10
10
10
10
10
10
10
10
10
10
10
10
10
10
10
10
10
10
10
10
10
10
10
10
10
10
10
10
10
10
10
10
10
10
10
10
10
10
10
10
10
10
10
10
10
10
10
10
10
10
10
10
10
10
10
10
10
10
10
10
10
10
10
10
10
10
10
10
10
10
10
10
10
10
10
10
10
10
10
10
10
10
10
10
10
10
10
10
10
10
10
10
10
10
10
10
10
10
10
10
10
10
10
10
10
10
10
10
10
10
10
10
10
10
10
10
10
10
10
10
10
10
10
10
10
10
10
10
10
10
10
10
10
10
10
10
10
10
10
10
10
10
10
10
10
10
10
10
10
10
10
10
10
10
10
10
10
10
10
10
10
10
10
10
10
10
10
10
10
10
10
10
10
10
10
10
10
10
10
10
10
10
10
10
10
10
10
10
10
10
10
10
10
10
10
10
10
10
10
10
10
10
10
10
10
10
10
10
10
10
10
10
10
10
10
10
10
10
10
10
10
10
10
10
10
10
10
10
10
10
10
10
10
10
10
10
10
10
10
10
10
10
10
10
10
10
10
10
10
10
10
10
10
10
10
10
10
10
10
10
10
10
10
10
10
10
10
10
10
10
10
10
10
10
10
10
10
10
10
10
10
10
10
10
10
10
10
10
10
10
10
10
10
10
10
10
10
10
10
10
10
10
10
10
10
10
10
10
10
10
10
10
10
10
10
10
10
10
10
10
10
10
10
10
10
10
10
10
10
10
10
10
10
10
10
10
10
10
10
10
10
10
10
10
10
10
10
10
10
10
10
10
10
10
10
10
10
10
10
10
10
10
10
10
10
10
10
10
10
10
10
10
10
10
10
10
10
10
10
10
10
10
10
10
10
10
10
10
10
10
10
10
10
10
10
10
10
10
10
10
10
10
10
10
10
10
10
10
10
10
10
10
10
10
10
10
10
10
10
10
10
10
10
10
10
10
10
10
10
10
10
10
10
10
10
10
10
10
10
10
10
10
10
10
10
10
10
10
10
10
10
10
10
10
10
10
10
10
10
10
10
10
10
10
10
10
10
10
10
10
10
10
10
10
10
10
10
10
10
10
10
10
10
10
10
10
10
10
10
10
10
10
10
10
10
10
10
10
10
10
10
10
10
10
10
10
10
10
10
10
10
10
10
10
10
10
10
10
10
10
10
10
10
10
10
10
10
10
10
10
10
10
10
10
10
10
10
10
10
10
10
10
10
10
10
10
10
10
10
10
10
10
10
10
10
10
10
10
10
10
10
10
10
10
10
10
10
10
10
10
10
10
10
10
10
10
10
10
10
10
10
10
10
10
10
10
10
10
10
10
10
10
10
10
10
10
10
10
10
10
10
10
10
10
10
10
10
10
10
10
10
10
10
10
10
10
10
10
10
10
10
10
10
10
10
10
10
10
10
10
10
10
10
10
10
10
10
10
10
10
10
10
10
10
10
10
10
10
10
10
10
10
10
10
10
10
10
10
10
10
10
10
10
10
10
10
10
10
10
10
10
10
10
10
10
10
10
10
10
10
10
10
10
10
10
10
10
10
10
10
10
10
10
10
10
10
10
10
10
10
10
10
10
10
10
10
10
10
10
10
10
10
10
10
10
10
10
10
10
10
10
10
10
10
10
10
10
10
10
10
10
10
10
10
10
10
10
10
10
10
10
10
10
10
10
10
10
10
10
10
10
10
10
10
10
10
10
10
10
10
10
10
10
10
10
10
10
10
10
10
10
10
10
10
10
10
10
10
10
10
10
10
10
10
10
10
10
10
10
10
10
10
10
10
10
10
10
10
10
10
10
10
10
10
10
10
10
10
10
10
10
10
10
10
10
10
10
10
10
10
10
10
10
10
10
10
10
10
10
10
10
10
10
10
10
10
10
10
10
10
10
10
10
10
10
10
10
10
10
10
10
10
10
10
10
10
10
10
10
10
10
10
10
10
10
10
10
10
10
10
10
10
10
10
10
10
10
10
10
10
10
10
10
10
10
10
10
10
10
10
10
10
10
10
10
10
10
10
10
10
10
10
10
10
10
10
10
10
10
10
10
10
10
10
10
10
10
10
10
10
10
10
10
10
10
10
10
10
10
10
10
10
10
10
10
10
10
10
10
10
10
10
10
10
10
10
10
10
10
10
10
10
10
10
10
10
10
10
10
10
10
10
10
10
10
10
10
10
10
10
10
10
10
10
10
10
10
10
10
10
10
10
10
10
10
10
10
10
10
10
10
10
10
10
10
10
10
10
10
10
10

0
0
1
1
2
4
4
7
10
11
12
14
16
17
18
19
20
21
21
22
26
28
29
31
34
34
36
42
43
44
45
47
47
47
48
48
48
49
50
51
51
54
57
58
59
59
60
61
62
62
62
63
63
63
64
64
64
64
65
67
68
70
71
71
71
73
73
74
74
76
76
78
79
81
82
82
82
84
84
84
88
89
89
90
91
91
91
91
94
94
94
96
96
99
99
100
101
101
102
105
106
107
109
109
109
110
111
112
113
114
114
114
114
114
115
116
116
117
117
122
123
125
127
127
128
130
131
133
133
135
137
137
137
137
138
141
143
145
146
146
148
150
150
151
152
153
153
154
155
157
158
160
160
160
165
165
168
168
168
168
168
171
171
171
171
172
172
176
176
177
177
177
179
179
180
181
181
181
182
183
183
184
185
185
187
188
189
189
189
190
190
190
190
192
193
193
195
197
197
199
199
200
200
202
203
203
204
205
206
206
209
209
209
210
210
211
212
214
214
214
214
215
217
222
225
225
225
226
226
226
227
227
229
233
233
235
235
235
235
238
241
241
243
243
247
248
249
251
251
252
253
253
253
255
256
257
258
259
261
264
265
266
267
267
268
268
269
270
270
272
273
274
278
279
282
283
284
285
286
286
287
287
288
290
293
296
296
297
297
300
300
303
303
306
309
310
311
314
315
317
317
319
320
321
323
324
325
326
327
327
327
328
328
332
332
333
335
336
337
337
337
337
338
339
339
339
340
340
342
342
345
347
348
349
349
349
350
353
353
354
356
356
356
358
359
363
364
364
365
367
367
368
368
369
369
369
371
371
373
375
375
375
377
378
380
381
381
384
386
388
388
389
390
392
392
395
397
398
399
399
403
404
404
405
405
407
408
409
409
410
411
411
412
413
413
413
414
414
416
416
418
419
420
423
427
428
429
429
430
431
433
433
433
434
435
436
437
437
437
437
437
438
438
439
440
440
442
443
443
443
445
446
446
450
450
452
453
454
455
458
460
460
461
462
464
465
467
467
468
468
471
471
472
474
475
475
476
476
477
478
480
480
484
484
484
485
485
486
486
487
488
489
490
490
492
494
494
494
495
495
496
497
498
498
501
504
505
506
509
509
511
511
512
514
514
517
517
517
517
518
519
519
520
520
520
524
524
525
527
528
528
529
530
531
531
532
533
533
534
534
535
537
539
540
541
543
543
545
546
546
547
548
550
551
551
553
555
556
557
560
561
561
563
564
565
567
568
569
570
570
571
572
573
575
575
575
577
578
580
582
583
585
587
587
590
591
592
592
592
593
594
595
595
595
596
598
599
602
604
607
607
608
609
609
609
612
617
619
619
619
620
621
621
621
623
624
625
625
626
627
629
630
632
632
633
634
635
635
636
638
638
638
640
641
642
643
644
645
646
648
648
652
653
654
654
655
655
656
659
659
662
662
664
665
666
668
668
669
670
672
672
672
673
673
674
675
678
679
680
681
682
682
683
683
684
684
685
686
688
688
688
688
693
695
695
695
695
698
698
698
700
700
701
703
705
705
706
706
708
709
709
709
710
710
711
712
713
714
714
716
717
717
718
719
719
721
722
723
726
728
728
729
730
731
732
732
732
732
732
733
736
738
741
742
745
746
750
751
753
755
757
759
762
763
763
765
766
766
766
767
769
770
772
772
772
773
773
774
774
775
775
779
779
780
780
782
782
783
784
785
785
785
786
787
788
792
796
796
797
798
799
799
802
802
802
804
807
808
809
810
812
812
812
813
813
814
814
815
819
820
820
823
823
824
824
825
825
825
826
827
829
831
831
831
834
834
838
838
841
841
843
844
845
847
848
849
850
851
854
854
855
856
860
860
861
861
862
862
863
863
866
870
873
874
874
874
875
875
875
877
878
879
880
880
880
882
882
883
883
884
885
886
886
887
888
888
889
889
889
890
890
891
893
893
894
895
895
898
898
899
900
900
901
902
906
906
907
910
911
913
914
915
915
916
917
918
918
919
921
922
924
924
925
925
925
926
927
929
929
930
931
932
933
933
933
934
935
935
939
940
942
945
945
945
946
947
949
949
949
950
951
951
951
951
953
955
956
959
959
960
961
963
963
963
964
964
964
964
965
965
967
968
969
969
970
972
973
975
975
976
976
976
976
978
979
981
981
981
981
985
988
988
989
990
995
996
996
997
997
997
1001
1002
1002
1004
1004
1006
1008
1008
1010
1010
1010
1011
1011
1012
1013
1013
1013
1014
1014
1015
1016
1016
1018
1018
1018
1019
1019
1021
1021
1022
1022
1023
1025
1025
1027
1027
1029
1029
1029
1031
1032
1032
1032
1035
1035
1035
1035
1035
1036
1037
1037
1039
1041
1041
1041
1044
1046
1047
1047
1047
1048
1050
1051
1051
1051
1052
1054
1055
1055
1057
1059
1059
1060
1060
1063
1063
1066
1066
1067
1068
1068
1071
1072
1074
1075
1076
1077
1077
1081
1082
1082
1082
1086
1086
1087
1087
1088
1088
1089
1092
1093
1093
1094
1098
1098
1100
1100
1100
1101
1106
1106
1107
1108
1109
1109
1110
1115
1117
1118
1121
1122
1123
1123
1124
1125
1125
1126
1126
1128
1129
1130
1131
1131
1131
1132
1133
1133
1134
1135
1136
1136
1136
1138
1140
1141
1141
1143
1145
1145
1146
1149
1150
1150
1152
1153
1154
1155
1155
1156
1157
1157
1159
1162
1162
1163
1163
1163
1164
1166
1166
1167
1169
1169
1169
1175
1176
1177
1177
1177
1178
1178
1179
1179
1179
1180
1181
1181
1181
1182
1182
1184
1184
1187
1187
1187
1188
1189
1190
1191
1191
1193
1194
1194
1197
1197
1197
1197
1198
1200
1200
1202
1203
1203
1203
1204
1204
1207
1207
1211
1211
1211
1211
1213
1213
1215
1216
1219
1223
1224
1224
1225
1226
1226
1226
1227
1228
1230
1230
1230
1231
1233
1235
1235
1236
1236
1238
1238
1238
1239
1240
1241
1243
1243
1244
1245
1246
1246
1247
1248
1249
1251
1253
1255
1255
1255
1256
1259
1259
1259
1261
1261
1262
1263
1263
1266
1268
1272
1272
1275
1276
1277
1278
1279
1280
1282
1284
1284
1285
1285
1285
1286
1286
1286
1287
1287
1288
1288
1292
1292
1292
1293
1295
1297
1297
1299
1300
1300
1301
1302
1303
1303
1303
1304
1305
1306
1308
1310
1310
1311
1311
1312
1312
1315
1315
1315
1316
1316
1319
1319
1320
1320
1321
1324
1325
1325
1328
1328
1329
1329
1334
1335
1336
1337
1338
1339
1342
1344
1345
1345
1347
1349
1349
1352
1353
1354
1355
1356
1356
1357
1358
1359
1359
1359
1361
1363
1364
1366
1367
1367
1368
1369
1370
1371
1371
1371
1371
1371
1372
1372
1372
1376
1378
1379
1380
1380
1384
1386
1387
1389
1389
1390
1394
1395
1396
1398
1399
1400
1400
1402
1403
1403
1403
1403
1405
1406
1407
1407
1409
1410
1411
1412
1413
1413
1414
1416
1419
1419
1420
1421
1423
1423
1424
1426
1426
1427
1428
1428
1434
1435
1435
1435
1437
1437
1438
1440
1440
1440
1440
1441
1441
1442
1443
1443
1445
1446
1448
1448
1448
1449
1452
1452
1452
1454
1455
1455
1462
1463
1463
1463
1464
1464
1465
1465
1466
1470
1471
1471
1473
1477
1478
1478
1479
1479
1481
1486
1486
1486
1487
1487
1490
1492
1494
1496
1496
1498
1501
1502
1507
1508
1508
1511
1511
1512
1512
1514
1514
1515
1517
1517
1517
1518
1519
1519
1520
1521
1521
1521
1524
1524
1526
1527
1528
1528
1528
1529
1531
1532
1533
1533
1533
1533
1534
1536
1538
1538
1540
1541
1543
1544
1544
1545
1545
1547
1549
1549
1549
1550
1551
1552
1553
1553
1553
1553
1553
1555
1555
1555
1555
1556
1556
1556
1557
1557
1558
1559
1560
1561
1563
1563
1564
1564
1565
1565
1565
1566
1566
1567
1567
1568
1568
1571
1572
1572
1573
1573
1575
1576
1576
1578
1578
1579
1580
1581
1581
1581
1582
1582
1582
1583
1583
1585
1586
1586
1586
1587
1587
1588
1590
1590
1592
1592
1593
1595
1595
1595
1598
1598
1599
1599
1600
1602
1604
1605
1605
1606
1606
1608
1611
1612
1612
1617
1619
1619
1620
1621
1624
1629
1629
1630
1631
1632
1632
1633
1633
1634
1635
1635
1636
1637
1639
1639
1640
1642
1643
1643
1644
1644
1645
1645
1646
1647
1648
1651
1651
1652
1653
1653
1654
1655
1655
1656
1658
1659
1666
1669
1670
1672
1672
1684
1685
1685
1685
1687
1688
1691
1692
1693
1693
1693
1694
1695
1695
1697
1698
1701
1701
1702
1702
1702
1702
1705
1705
1706
1708
1711
1712
1713
1714
1715
1720
1720
1721
1722
1722
1722
1724
1725
1725
1726
1727
1728
1729
1730
1730
1732
1733
1734
1734
1735
1737
1739
1739
1740
1742
1743
1743
1744
1744
1746
1747
1748
1748
1749
1749
1749
1751
1752
1752
1753
1756
1757
1758
1759
1760
1760
1760
1761
1762
1763
1764
1767
1768
1769
1770
1771
1771
1773
1773
1774
1774
1774
1776
1776
1778
1780
1781
1782
1783
1784
1784
1784
1784
1784
1786
1786
1787
1788
1788
1788
1789
1791
1792
1793
1795
1795
1796
1796
1797
1798
1800
1801
1802
1802
1804
1804
1806
1806
1807
1807
1808
1808
1808
1808
1808
1808
1808
1809
1810
1810
1810
1810
1812
1814
1814
1814
1815
1816
1817
1817
1817
1818
1821
1822
1822
1823
1824
1825
1825
1825
1825
1827
1827
1828
1829
1829
1831
1834
1836
1837
1837
1838
1838
1839
1840
1843
1844
1847
1847
1849
1851
1851
1853
1855
1855
1855
1857
1858
1861
1862
1863
1864
1866
1867
1867
1868
1870
1871
1872
1874
1876
1876
1877
1877
1879
1881
1884
1884
1884
1885
1885
1886
1886
1886
1886
1887
1888
1889
1891
1892
1892
1893
1893
1893
1896
1898
1901
1905
1906
1907
1907
1908
1908
1910
1910
1911
1912
1912
1913
1913
1914
1915
1916
1916
1917
1917
1918
1919
1921
1921
1921
1923
1924
1924
1927
1928
1930
1932
1932
1933
1933
1934
1935
1936
1938
1939
1941
1941
1943
1946
1947
1950
1950
1951
1952
1954
1955
1955
1956
1956
1956
1956
1957
1957
1958
1959
1960
1961
1962
1962
1964
1964
1964
1965
1965
1965
1966
1966
1969
1970
1970
1971
1973
1974
1976
1977
1981
1982
1983
1985
1990
1990
1991
1991
1991
1992
1993
1993
1993
1994
1994
1995
1997
1998
1998
1999
1999
2000
2001
2004
2006
2010
2011
2013
2015
2015
2015
2016
2017
2017
2018
2018
2018
2019
2020
2023
2023
2024
2024
2025
2028
2028
2030
2031
2031
2032
2033
2033
2034
2036
2036
2037
2038
2040
2041
2042
2042
2045
2046
2048
2049
2050
2055
2063
2064
2064
2065
2066
2066
2071
2071
2074
2075
2076
2076
2076
2076
2080
2082
2082
2082
2083
2083
2084
2084
2085
2087
2088
2090
2090
2091
2095
2095
2095
2095
2095
2098
2099
2100
2100
2101
2102
2103
2103
2104
2106
2108
2108
2109
2109
2109
2110
2111
2112
2112
2114
2114
2115
2115
2115
2115
2116
2116
2118
2118
2120
2124
2124
2125
2127
2127
2127
2129
2131
2131
2131
2132
2133
2134
2134
2137
2138
2138
2139
2140
2140
2141
2145
2147
2148
2149
2151
2151
2152
2152
2153
2154
2155
2156
2157
2159
2160
2160
2160
2160
2161
2161
2163
2165
2167
2170
2170
2171
2171
2174
2175
2175
2176
2176
2177
2178
2178
2181
2182
2182
2183
2183
2186
2186
2186
2187
2187
2188
2190
2190
2190
2193
2193
2194
2196
2196
2198
2199
2203
2204
2204
2204
2205
2208
2210
2210
2211
2213
2213
2214
2214
2215
2217
2217
2219
2219
2224
2224
2225
2226
2229
2231
2232
2233
2234
2234
2235
2236
2237
2237
2238
2241
2242
2243
2244
2246
2247
2249
2249
2250
2251
2252
2253
2254
2255
2255
2260
2261
2261
2263
2264
2264
2265
2266
2267
2268
2268
2270
2271
2272
2273
2274
2275
2275
2277
2277
2277
2277
2279
2280
2281
2281
2282
2283
2285
2286
2286
2287
2288
2290
2294
2294
2296
2296
2297
2298
2298
2298
2298
2300
2301
2303
2304
2308
2311
2312
2314
2314
2316
2318
2320
2320
2320
2321
2323
2323
2325
2326
2327
2329
2329
2331
2332
2335
2338
2342
2342
2343
2343
2344
2344
2344
2344
2347
2347
2348
2348
2349
2349
2351
2352
2352
2352
2353
2353
2353
2354
2356
2357
2358
2358
2358
2360
2363
2363
2364
2364
2365
2367
2368
2369
2372
2375
2375
2375
2376
2376
2377
2379
2379
2380
2380
2381
2383
2384
2385
2387
2387
2387
2388
2388
2388
2388
2389
2390
2391
2391
2391
2391
2391
2392
2394
2397
2397
2397
2399
2401
2402
2404
2405
2406
2408
2408
2408
2408
2410
2410
2412
2415
2415
2415
2416
2416
2418
2419
2422
2423
2426
2427
2429
2430
2432
2432
2435
2437
2437
2437
2438
2438
2439
2445
2445
2446
2449
2449
2450
2451
2453
2453
2453
2454
2455
2455
2458
2460
2464
2468
2471
2471
2471
2473
2474
2475
2475
2475
2478
2479
2481
2482
2482
2483
2484
2485
2485
2485
2487
2488
2488
2488
2489
2490
2492
2493
2495
2495
2496
2497
2497
2500
2501
2501
2503
2504
2508
2509
2509
2510
2511
2513
2514
2514
2515
2515
2516
2516
2517
2517
2519
2520
2522
2527
2528
2528
2530
2531
2533
2534
2534
2535
2536
2538
2539
2539
2539
2540
2541
2541
2542
2542
2546
2546
2547
2548
2549
2549
2551
2552
2554
2554
2555
2555
2555
2556
2556
2557
2557
2557
2557
2559
2561
2562
2562
2562
2564
2564
2564
2566
2566
2567
2567
2567
2568
2569
2571
2571
2571
2573
2574
2574
2575
2575
2576
2577
2581
2582
2582
2584
2584
2585
2586
2587
2587
2589
2589
2590
2590
2591
2593
2593
2594
2595
2595
2596
2597
2598
2599
2600
2601
2601
2601
2601
2601
2602
2602
2602
2603
2604
2604
2604
2605
2606
2607
2607
2609
2609
2609
2610
2610
2611
2612
2612
2612
2615
2616
2616
2617
2617
2617
2619
2623
2624
2625
2626
2628
2632
2632
2633
2633
2633
2634
2634
2636
2638
2638
2638
2638
2639
2644
2644
2646
2647
2647
2648
2649
2649
2649
2650
2650
2650
2651
2652
2653
2654
2657
2659
2660
2662
2662
2662
2662
2662
2663
2664
2665
2667
2667
2668
2669
2669
2670
2670
2671
2671
2671
2671
2672
2672
2672
2676
2676
2678
2679
2679
2681
2681
2683
2683
2683
2685
2687
2690
2691
2691
2692
2692
2694
2695
2697
2698
2700
2700
2700
2701
2703
2703
2703
2704
2708
2709
2709
2711
2712
2713
2714
2716
2716
2717
2717
2718
2720
2720
2720
2720
2723
2724
2724
2725
2726
2729
2729
2729
2730
2731
2733
2733
2736
2738
2740
2741
2742
2742
2742
2744
2744
2745
2749
2750
2750
2750
2750
2751
2753
2754
2755
2755
2756
2756
2756
2756
2758
2758
2758
2759
2760
2760
2760
2764
2765
2766
2767
2768
2771
2772
2774
2774
2775
2778
2778
2779
2780
2780
2780
2781
2782
2783
2783
2784
2785
2788
2789
2795
2795
2797
2799
2800
2804
2804
2805
2806
2806
2807
2810
2811
2812
2812
2813
2813
2813
2814
2815
2816
2817
2820
2820
2821
2821
2822
2822
2823
2823
2823
2825
2826
2826
2828
2829
2829
2830
2830
2830
2831
2833
2834
2834
2834
2835
2835
2835
2836
2838
2840
2840
2841
2842
2842
2843
2850
2852
2852
2855
2857
2858
2858
2858
2859
2861
2861
2861
2862
2862
2862
2863
2864
2865
2865
2866
2866
2869
2869
2869
2870
2871
2871
2871
2871
2872
2872
2873
2877
2877
2877
2879
2881
2881
2882
2883
2884
2885
2886
2886
2886
2888
2888
2891
2892
2896
2897
2898
2900
2901
2901
2905
2906
2907
2908
2908
2909
2909
2911
2913
2913
2914
2915
2917
2917
2918
2920
2922
2923
2923
2923
2925
2926
2927
2929
2929
2930
2931
2931
2933
2934
2935
2936
2936
2937
2937
2939
2939
2939
2941
2943
2944
2945
2946
2947
2947
2948
2951
2951
2952
2953
2953
2954
2955
2956
2957
2958
2960
2961
2961
2962
2963
2963
2963
2965
2965
2966
2966
2967
2968
2969
2970
2972
2973
2973
2974
2975
2975
2976
2976
2976
2976
2977
2981
2982
2984
2984
2986
2987
2987
2988
2989
2990
2991
2991
2993
2993
2993
2994
2997
2997
2997
2997
2999
2999
3000
3000
3001
3001
3002
3004
3004
3005
3005
3006
3006
3007
3007
3007
3008
3009
3009
3009
3009
3010
3011
3012
3012
3014
3016
3016
3018
3020
3020
3020
3021
3022
3025
3025
3026
3026
3026
3027
3030
3031
3031
3032
3033
3033
3034
3036
3036
3036
3038
3038
3041
3041
3041
3042
3042
3042
3043
3043
3044
3044
3044
3045
3049
3050
3050
3051
3051
3051
3052
3054
3057
3059
3060
3060
3060
3060
3061
3061
3061
3061
3061
3063
3064
3064
3065
3065
3066
3066
3066
3066
3068
3072
3072
3073
3074
3075
3077
3079
3079
3079
3080
3080
3081
3081
3081
3081
3082
3083
3084
3086
3089
3089
3089
3091
3092
3092
3092
3093
3093
3094
3095
3097
3097
3099
3099
3100
3100
3100
3101
3103
3103
3104
3104
3105
3106
3106
3107
3109
3109
3109
3110
3110
3111
3112
3113
3114
3115
3115
3115
3116
3116
3118
3119
3119
3121
3121
3122
3123
3124
3124
3125
3126
3126
3127
3127
3131
3132
3133
3134
3134
3135
3135
3135
3136
3139
3139
3139
3140
3141
3142
3142
3143
3145
3145
3145
3148
3148
3149
3149
3151
3152
3154
3154
3155
3155
3156
3156
3157
3157
3160
3160
3161
3162
3162
3164
3166
3166
3169
3171
3172
3174
3174
3175
3175
3175
3176
3176
3177
3177
3177
3178
3178
3178
3179
3181
3181
3181
3182
3183
3183
3184
3184
3184
3185
3186
3187
3188
3189
3189
3189
3190
3190
3191
3192
3192
3193
3194
3194
3195
3196
3196
3197
3200
3201
3202
3203
3204
3204
3205
3206
3206
3206
3207
3209
3211
3211
3212
3212
3212
3213
3213
3215
3215
3218
3221
3223
3223
3224
3225
3226
3227
3227
3227
3228
3229
3229
3231
3232
3233
3235
3235
3236
3236
3236
3237
3237
3238
3240
3240
3241
3242
3244
3245
3245
3248
3248
3249
3249
3249
3250
3252
3253
3253
3256
3257
3258
3258
3259
3261
3261
3265
3265
3267
3268
3272
3274
3275
3276
3276
3276
3277
3278
3278
3279
3280
3283
3284
3285
3285
3288
3289
3289
3289
3290
3291
3291
3292
3293
3294
3295
3296
3296
3296
3297
3299
3300
3302
3302
3302
3303
3304
3306
3307
3308
3309
3309
3311
3311
3312
3313
3313
3315
3315
3316
3318
3320
3321
3321
3321
3322
3324
3324
3325
3326
3327
3327
3327
3328
3328
3328
3329
3329
3331
3332
3332
3332
3333
3334
3335
3335
3335
3337
3341
3344
3346
3347
3347
3348
3348
3349
3349
3351
3356
3357
3358
3358
3359
3361
3361
3361
3362
3363
3363
3363
3366
3366
3370
3371
3372
3373
3376
3376
3377
3377
3378
3378
3379
3380
3380
3381
3382
3382
3382
3384
3386
3386
3386
3386
3387
3388
3390
3390
3391
3392
3393
3394
3394
3396
3396
3399
3399
3400
3401
3401
3401
3402
3405
3406
3406
3407
3407
3407
3408
3408
3409
3411
3411
3412
3412
3413
3413
3414
3414
3416
3416
3418
3418
3418
3421
3423
3423
3427
3427
3430
3431
3431
3432
3433
3433
3434
3434
3435
3435
3436
3436
3438
3439
3439
3441
3444
3444
3446
3446
3447
3448
3449
3449
3451
3451
3452
3454
3456
3459
3460
3462
3462
3465
3469
3469
3470
3471
3472
3472
3473
3473
3475
3475
3477
3479
3480
3483
3483
3484
3486
3486
3487
3487
3487
3487
3488
3488
3489
3491
3493
3493
3493
3496
3498
3502
3505
3505
3506
3507
3508
3511
3512
3512
3513
3513
3513
3513
3515
3516
3518
3518
3518
3520
3521
3522
3523
3524
3524
3527
3527
3527
3528
3529
3532
3532
3533
3533
3534
3534
3534
3535
3536
3536
3537
3542
3544
3545
3546
3546
3547
3547
3548
3549
3550
3551
3551
3552
3553
3553
3553
3553
3554
3555
3558
3558
3559
3560
3563
3563
3564
3564
3566
3566
3566
3569
3569
3569
3569
3570
3572
3573
3573
3573
3574
3574
3576
3578
3578
3579
3580
3581
3584
3584
3586
3586
3588
3589
3591
3591
3595
3597
3599
3600
3600
3600
3601
3601
3605
3607
3610
3610
3611
3614
3615
3616
3617
3617
3620
3620
3622
3624
3624
3625
3625
3625
3626
3626
3627
3627
3627
3627
3627
3628
3629
3630
3635
3636
3637
3637
3637
3638
3641
3641
3642
3645
3645
3646
3647
3647
3647
3648
3650
3650
3650
3651
3652
3656
3657
3657
3657
3657
3658
3658
3662
3662
3663
3664
3667
3667
3668
3668
3668
3668
3672
3672
3674
3674
3674
3674
3676
3677
3678
3679
3680
3680
3680
3681
3683
3684
3684
3686
3688
3689
3690
3690
3690
3690
3691
3693
3695
3696
3697
3699
3699
3699
3699
3700
3700
3701
3703
3703
3703
3703
3704
3707
3707
3708
3709
3709
3709
3710
3710
3712
3712
3712
3713
3714
3714
3714
3716
3716
3717
3717
3717
3720
3720
3721
3721
3721
3725
3725
3726
3729
3729
3729
3730
3731
3732
3733
3733
3734
3734
3736
3737
3738
3738
3739
3740
3742
3742
3744
3744
3745
3745
3746
3746
3747
3750
3752
3753
3754
3755
3756
3756
3757
3759
3759
3760
3761
3761
3763
3763
3764
3765
3766
3768
3769
3770
3771
3771
3772
3772
3774
3775
3776
3776
3778
3779
3783
3784
3786
3789
3789
3790
3791
3792
3793
3794
3795
3796
3796
3798
3798
3798
3801
3801
3801
3803
3804
3804
3806
3808
3809
3809
3810
3811
3812
3813
3814
3815
3816
3816
3817
3819
3820
3820
3821
3822
3823
3825
3825
3825
3828
3829
3829
3830
3830
3831
3833
3834
3834
3834
3836
3836
3837
3838
3839
3839
3840
3842
3843
3843
3845
3845
3846
3847
3847
3848
3848
3849
3850
3851
3854
3855
3857
3857
3857
3859
3860
3860
3862
3863
3868
3868
3868
3868
3869
3869
3871
3872
3872
3873
3874
3876
3876
3877
3877
3878
3879
3880
3881
3883
3884
3885
3887
3887
3888
3888
3889
3889
3892
3892
3894
3896
3896
3897
3898
3901
3902
3904
3905
3905
3906
3906
3907
3908
3908
3909
3910
3912
3913
3914
3915
3919
3919
3920
3921
3922
3922
3922
3922
3923
3923
3925
3925
3926
3927
3927
3928
3928
3929
3930
3930
3930
3930
3930
3931
3932
3932
3932
3933
3935
3938
3939
3940
3942
3943
3944
3947
3947
3948
3948
3952
3952
3952
3953
3954
3954
3956
3956
3958
3958
3959
3959
3959
3960
3960
3961
3963
3963
3965
3965
3969
3969
3970
3971
3973
3973
3974
3975
3976
3976
3976
3977
3977
3979
3979
3979
3984
3984
3984
3986
3986
3988
3990
3990
3992
3992
3993
3994
3995
3997
3998
3998
4001
4001
4002
4003
4003
4004
4005
4005
4005
4006
4006
4007
4007
4008
4008
4009
4009
4010
4011
4016
4017
4018
4018
4019
4020
4024
4024
4026
4027
4027
4027
4027
4028
4029
4029
4030
4030
4031
4033
4034
4034
4037
4038
4039
4041
4042
4043
4044
4046
4047
4048
4048
4048
4051
4051
4054
4056
4056
4056
4057
4058
4059
4061
4063
4065
4066
4067
4068
4069
4069
4073
4077
4080
4082
4083
4084
4084
4085
4088
4088
4090
4090
4090
4090
4091
4091
4092
4093
4093
4093
4094
4094
4094
4095
4096
4097
4098
4099
4100
4100
4100
4101
4102
4103
4104
4104
4104
4105
4107
4108
4108
4112
4112
4113
4115
4117
4117
4119
4124
4124
4125
4125
4127
4128
4128
4129
4130
4134
4135
4135
4138
4138
4141
4142
4142
4144
4144
4144
4144
4145
4147
4153
4153
4154
4155
4155
4156
4156
4158
4158
4159
4161
4162
4164
4164
4164
4165
4168
4169
4169
4171
4173
4174
4174
4174
4174
4178
4178
4179
4181
4181
4183
4184
4184
4185
4185
4185
4186
4187
4189
4189
4189
4190
4190
4191
4191
4193
4194
4195
4195
4196
4198
4199
4200
4202
4203
4206
4206
4206
4206
4208
4208
4210
4211
4214
4216
4217
4217
4217
4218
4220
4221
4221
4223
4224
4224
4225
4228
4228
4228
4229
4230
4231
4232
4233
4233
4233
4235
4236
4236
4236
4236
4236
4237
4237
4238
4239
4240
4243
4243
4244
4244
4245
4246
4247
4249
4249
4250
4250
4250
4253
4255
4255
4257
4257
4258
4258
4260
4261
4262
4264
4264
4265
4266
4267
4267
4269
4269
4270
4271
4271
4274
4276
4276
4279
4280
4283
4284
4284
4287
4288
4289
4289
4289
4290
4292
4292
4293
4295
4295
4296
4296
4298
4300
4300
4300
4301
4302
4303
4304
4306
4308
4313
4315
4316
4317
4318
4319
4319
4324
4324
4326
4326
4328
4329
4329
4332
4335
4336
4337
4338
4338
4340
4344
4345
4346
4347
4348
4348
4348
4348
4349
4350
4352
4354
4355
4355
4357
4359
4359
4360
4360
4362
4364
4365
4366
4366
4366
4366
4367
4370
4370
4371
4372
4374
4374
4375
4376
4377
4379
4380
4380
4380
4381
4382
4386
4386
4386
4387
4387
4392
4392
4395
4395
4396
4397
4397
4399
4399
4400
4400
4401
4402
4403
4404
4406
4406
4407
4407
4407
4407
4408
4408
4408
4408
4410
4411
4413
4413
4415
4415
4418
4419
4420
4423
4424
4424
4425
4425
4426
4426
4427
4427
4428
4429
4430
4431
4432
4432
4433
4433
4435
4436
4438
4439
4441
4444
4445
4445
4446
4447
4448
4448
4450
4452
4453
4453
4454
4455
4458
4459
4460
4463
4465
4465
4465
4466
4466
4467
4468
4470
4471
4472
4474
4475
4478
4481
4481
4482
4482
4484
4486
4486
4486
4487
4488
4489
4490
4491
4491
4492
4492
4492
4493
4496
4497
4499
4499
4499
4500
4501
4501
4502
4504
4505
4506
4506
4507
4509
4510
4511
4513
4516
4516
4517
4520
4521
4521
4522
4524
4528
4529
4530
4530
4531
4531
4531
4531
4533
4534
4535
4535
4536
4536
4536
4537
4538
4538
4539
4539
4541
4541
4542
4548
4549
4550
4551
4553
4553
4553
4556
4559
4559
4560
4560
4563
4565
4568
4569
4569
4570
4571
4573
4574
4575
4576
4577
4577
4580
4581
4581
4581
4582
4582
4586
4586
4587
4587
4590
4590
4591
4591
4592
4593
4596
4596
4596
4598
4599
4602
4602
4603
4606
4607
4607
4608
4608
4608
4610
4610
4616
4617
4617
4617
4618
4618
4619
4619
4621
4623
4625
4625
4626
4626
4627
4628
4629
4629
4629
4630
4630
4631
4631
4632
4632
4632
4634
4637
4640
4640
4641
4641
4641
4643
4643
4643
4643
4644
4648
4649
4650
4650
4651
4651
4653
4653
4653
4654
4655
4656
4656
4657
4659
4659
4659
4659
4661
4662
4664
4664
4668
4670
4670
4670
4671
4671
4674
4676
4676
4676
4677
4680
4680
4681
4682
4682
4683
4683
4684
4684
4687
4689
4692
4693
4694
4696
4700
4700
4702
4704
4704
4705
4705
4705
4707
4708
4709
4709
4710
4710
4711
4711
4711
4711
4712
4712
4713
4714
4714
4715
4715
4717
4720
4720
4720
4720
4721
4722
4724
4724
4727
4728
4728
4729
4729
4730
4732
4734
4734
4736
4736
4736
4737
4737
4739
4740
4740
4740
4740
4740
4741
4743
4744
4745
4745
4746
4746
4747
4750
4753
4753
4753
4754
4755
4756
4758
4758
4761
4762
4762
4763
4767
4767
4769
4769
4770
4770
4771
4772
4772
4773
4773
4774
4775
4779
4782
4782
4784
4785
4787
4787
4788
4794
4794
4795
4797
4798
4806
4806
4807
4808
4808
4809
4809
4809
4810
4813
4815
4815
4818
4819
4819
4819
4820
4820
4822
4823
4823
4824
4825
4827
4827
4827
4828
4828
4828
4829
4831
4835
4835
4836
4836
4836
4837
4837
4843
4845
4845
4845
4845
4845
4846
4846
4848
4849
4851
4854
4854
4857
4858
4858
4859
4859
4860
4861
4864
4864
4865
4866
4867
4868
4868
4868
4869
4869
4873
4875
4876
4876
4879
4880
4882
4884
4885
4886
4889
4890
4890
4893
4896
4898
4898
4898
4898
4899
4899
4900
4902
4902
4902
4903
4903
4904
4908
4909
4909
4910
4910
4911
4911
4914
4914
4914
4915
4915
4915
4916
4916
4917
4919
4919
4919
4920
4922
4923
4924
4925
4925
4926
4926
4928
4930
4931
4934
4934
4935
4936
4937
4938
4939
4940
4941
4942
4944
4944
4944
4945
4945
4945
4948
4949
4950
4951
4952
4953
4953
4954
4954
4958
4958
4959
4959
4962
4962
4962
4962
4962
4963
4965
4966
4967
4968
4969
4969
4969
4969
4970
4970
4971
4971
4971
4973
4973
4975
4975
4975
4977
4978
4978
4978
4978
4979
4979
4980
4981
4982
4982
4984
4984
4988
4990
4991
4993
4993
4994
4994
4996
4996
4996
4997
4997
4998
5000
5000
5000
5000
5000
5000
5001
5004
5005
5005
5005
5006
5006
5007
5007
5009
5010
5013
5014
5014
5014
5015
5018
5018
5019
5020
5020
5021
5021
5021
5022
5023
5024
5024
5024
5025
5025
5025
5026
5028
5031
5034
5034
5034
5038
5038
5041
5041
5041
5041
5042
5045
5045
5046
5046
5046
5046
5046
5049
5051
5051
5051
5052
5053
5057
5058
5061
5061
5061
5062
5063
5064
5065
5065
5065
5066
5067
5067
5068
5070
5071
5073
5073
5074
5075
5076
5077
5079
5079
5080
5080
5081
5083
5084
5086
5089
5089
5090
5090
5090
5093
5094
5094
5096
5096
5096
5098
5099
5100
5106
5106
5107
5107
5110
5111
5112
5115
5115
5115
5115
5115
5116
5117
5117
5117
5117
5119
5120
5123
5123
5127
5127
5129
5130
5130
5131
5131
5133
5134
5134
5136
5138
5140
5140
5141
5142
5143
5144
5145
5147
5147
5147
5148
5150
5151
5153
5154
5154
5154
5155
5156
5156
5162
5162
5164
5164
5164
5166
5167
5167
5167
5168
5169
5170
5175
5176
5177
5178
5180
5181
5182
5185
5186
5186
5187
5189
5189
5190
5191
5193
5195
5196
5197
5197
5198
5198
5199
5200
5202
5203
5206
5206
5207
5207
5208
5209
5210
5210
5211
5212
5214
5214
5216
5216
5217
5217
5217
5218
5219
5221
5221
5222
5223
5224
5224
5224
5224
5225
5226
5226
5228
5228
5228
5229
5230
5232
5232
5232
5236
5241
5244
5245
5245
5246
5247
5250
5252
5252
5252
5253
5255
5255
5256
5256
5260
5265
5265
5265
5270
5271
5271
5272
5272
5273
5274
5276
5277
5279
5279
5280
5280
5280
5281
5283
5283
5284
5285
5287
5288
5288
5288
5289
5290
5290
5291
5293
5294
5294
5296
5297
5298
5301
5301
5304
5304
5305
5306
5307
5307
5308
5309
5309
5310
5312
5315
5319
5319
5319
5320
5320
5320
5322
5323
5323
5325
5325
5326
5326
5328
5328
5328
5329
5329
5329
5330
5331
5331
5336
5336
5336
5337
5337
5338
5338
5339
5343
5343
5343
5344
5346
5348
5348
5348
5350
5352
5353
5353
5354
5356
5356
5358
5358
5359
5359
5361
5361
5364
5365
5366
5367
5368
5368
5368
5369
5370
5370
5373
5374
5374
5377
5377
5377
5378
5379
5380
5380
5381
5382
5382
5382
5384
5385
5387
5389
5391
5393
5393
5394
5397
5397
5399
5400
5401
5401
5402
5402
5402
5404
5405
5406
5408
5408
5408
5409
5411
5413
5413
5414
5415
5416
5417
5417
5417
5417
5418
5419
5421
5422
5424
5424
5425
5426
5427
5427
5428
5431
5431
5432
5433
5433
5434
5434
5435
5436
5440
5441
5441
5443
5445
5446
5446
5447
5448
5448
5449
5450
5452
5452
5453
5454
5454
5455
5455
5460
5460
5464
5469
5471
5471
5472
5473
5473
5474
5474
5475
5475
5476
5476
5480
5480
5481
5482
5482
5483
5483
5483
5484
5484
5484
5485
5485
5486
5488
5490
5490
5490
5491
5492
5492
5492
5493
5494
5495
5495
5497
5498
5498
5499
5499
5499
5500
5500
5501
5501
5503
5505
5506
5506
5509
5510
5510
5511
5512
5512
5512
5512
5514
5515
5516
5516
5516
5518
5519
5521
5521
5522
5524
5524
5525
5527
5527
5528
5529
5530
5531
5535
5535
5535
5535
5539
5539
5539
5539
5539
5539
5541
5544
5545
5545
5546
5547
5549
5551
5551
5552
5553
5553
5554
5554
5555
5556
5557
5557
5557
5557
5558
5558
5559
5560
5561
5562
5562
5562
5562
5563
5563
5564
5564
5564
5565
5565
5565
5569
5572
5573
5575
5576
5576
5577
5578
5579
5580
5580
5582
5582
5583
5583
5584
5585
5586
5586
5586
5587
5588
5588
5591
5592
5592
5592
5593
5593
5594
5594
5595
5595
5596
5596
5596
5596
5597
5597
5598
5598
5600
5600
5602
5602
5604
5605
5606
5607
5609
5610
5611
5611
5612
5613
5614
5615
5618
5620
5621
5622
5623
5623
5629
5631
5633
5634
5635
5636
5636
5637
5638
5639
5639
5639
5640
5641
5641
5641
5641
5642
5644
5645
5647
5648
5650
5652
5654
5654
5654
5655
5656
5657
5657
5657
5660
5660
5661
5664
5665
5665
5669
5670
5671
5672
5674
5674
5675
5675
5675
5676
5678
5678
5678
5681
5686
5689
5689
5690
5691
5694
5694
5697
5698
5701
5701
5702
5703
5704
5704
5704
5705
5706
5707
5708
5710
5710
5712
5712
5712
5713
5715
5715
5716
5716
5717
5717
5718
5718
5719
5720
5721
5721
5722
5722
5726
5727
5728
5729
5730
5731
5731
5732
5733
5734
5735
5735
5737
5739
5739
5740
5742
5743
5746
5747
5747
5748
5749
5750
5752
5752
5752
5753
5755
5755
5755
5757
5758
5759
5759
5763
5763
5764
5767
5769
5770
5771
5771
5772
5775
5776
5777
5778
5778
5779
5780
5780
5783
5785
5786
5788
5788
5789
5790
5791
5791
5793
5795
5796
5797
5798
5799
5801
5802
5804
5804
5805
5807
5807
5809
5812
5813
5814
5815
5815
5817
5818
5818
5819
5819
5820
5822
5824
5824
5824
5824
5824
5825
5825
5826
5826
5826
5827
5829
5831
5831
5832
5833
5834
5835
5835
5837
5837
5838
5838
5838
5840
5843
5844
5844
5844
5844
5846
5846
5848
5848
5849
5849
5849
5850
5850
5851
5851
5852
5854
5855
5855
5858
5858
5859
5859
5861
5863
5864
5864
5865
5866
5867
5868
5869
5869
5869
5869
5872
5873
5873
5874
5875
5875
5877
5878
5879
5879
5880
5881
5882
5884
5884
5887
5887
5888
5891
5892
5892
5895
5896
5897
5897
5897
5898
5901
5901
5901
5905
5907
5907
5908
5908
5908
5909
5910
5911
5911
5912
5914
5914
5914
5914
5914
5916
5917
5917
5918
5918
5919
5920
5920
5923
5923
5924
5924
5925
5925
5926
5929
5930
5931
5931
5933
5937
5937
5939
5941
5943
5944
5946
5947
5947
5948
5948
5948
5949
5949
5951
5953
5953
5954
5956
5957
5959
5961
5962
5962
5963
5963
5963
5964
5964
5966
5969
5971
5971
5973
5976
5977
5977
5979
5980
5980
5982
5982
5984
5986
5988
5989
5990
5991
5991
5994
5994
5994
5995
5995
5995
5998
5998
5999
6000
6003
6004
6005
6006
6007
6007
6008
6008
6011
6011
6011
6012
6012
6012
6013
6013
6016
6017
6017
6019
6020
6021
6021
6021
6022
6027
6028
6029
6031
6031
6032
6034
6035
6036
6037
6039
6040
6040
6041
6042
6044
6045
6046
6048
6050
6050
6050
6051
6051
6052
6052
6056
6056
6058
6059
6060
6061
6062
6063
6063
6063
6064
6066
6067
6068
6070
6070
6070
6070
6070
6075
6078
6082
6083
6084
6084
6084
6084
6085
6085
6085
6086
6086
6086
6087
6089
6090
6090
6094
6094
6095
6095
6097
6108
6111
6111
6114
6116
6118
6118
6119
6120
6120
6123
6123
6124
6125
6126
6127
6128
6129
6129
6130
6130
6131
6131
6132
6133
6135
6135
6136
6139
6140
6141
6141
6142
6143
6144
6147
6148
6149
6151
6152
6154
6154
6154
6155
6156
6157
6157
6157
6157
6158
6163
6164
6164
6165
6167
6170
6171
6171
6171
6172
6172
6173
6174
6176
6176
6182
6182
6183
6184
6184
6185
6187
6188
6188
6189
6191
6191
6192
6192
6193
6193
6193
6195
6197
6198
6200
6201
6206
6206
6206
6207
6208
6210
6212
6213
6213
6213
6215
6215
6215
6216
6217
6218
6218
6219
6220
6220
6220
6221
6222
6222
6223
6224
6225
6226
6227
6227
6228
6229
6229
6232
6232
6234
6234
6234
6235
6235
6235
6235
6236
6236
6236
6237
6237
6237
6238
6238
6238
6239
6239
6240
6242
6243
6243
6243
6245
6245
6245
6246
6247
6247
6248
6248
6251
6252
6253
6253
6253
6254
6255
6258
6260
6261
6262
6265
6265
6268
6270
6271
6271
6275
6275
6276
6278
6278
6278
6279
6279
6279
6281
6281
6282
6284
6288
6289
6289
6290
6291
6291
6292
6292
6293
6294
6297
6297
6297
6299
6299
6299
6299
6300
6305
6306
6307
6309
6309
6310
6310
6312
6312
6314
6314
6316
6317
6320
6320
6320
6321
6323
6324
6325
6325
6325
6325
6325
6326
6327
6328
6328
6329
6330
6331
6332
6334
6335
6337
6337
6337
6337
6338
6338
6338
6338
6338
6338
6339
6339
6340
6341
6342
6342
6342
6343
6347
6347
6347
6349
6351
6351
6351
6354
6359
6359
6360
6360
6362
6362
6362
6364
6365
6366
6367
6367
6368
6369
6370
6372
6372
6374
6375
6376
6377
6380
6382
6382
6383
6383
6385
6386
6389
6391
6392
6393
6399
6400
6400
6403
6403
6403
6404
6405
6405
6407
6408
6408
6409
6410
6412
6414
6414
6414
6417
6418
6418
6418
6418
6419
6419
6420
6420
6420
6421
6422
6423
6423
6424
6424
6424
6425
6425
6428
6429
6431
6431
6433
6434
6435
6435
6435
6435
6437
6437
6437
6437
6438
6440
6440
6441
6441
6441
6443
6443
6443
6444
6444
6445
6446
6447
6447
6448
6448
6450
6450
6452
6452
6453
6453
6454
6455
6459
6461
6463
6464
6465
6465
6466
6467
6468
6470
6470
6471
6472
6473
6473
6474
6475
6475
6479
6480
6483
6483
6484
6484
6485
6486
6488
6488
6488
6489
6491
6492
6493
6493
6495
6495
6496
6497
6497
6499
6499
6499
6500
6500
6500
6501
6503
6503
6504
6504
6506
6506
6507
6507
6508
6509
6509
6510
6511
6511
6512
6512
6514
6514
6516
6516
6517
6519
6520
6520
6521
6522
6524
6528
6532
6532
6532
6536
6537
6537
6537
6537
6538
6539
6539
6543
6548
6548
6548
6549
6550
6551
6551
6552
6552
6553
6554
6558
6558
6559
6561
6563
6563
6564
6564
6565
6566
6566
6567
6567
6568
6568
6569
6571
6572
6573
6573
6573
6575
6575
6578
6578
6578
6579
6580
6581
6582
6584
6584
6585
6585
6586
6587
6589
6589
6590
6591
6593
6594
6595
6596
6597
6597
6600
6600
6602
6602
6605
6605
6607
6612
6613
6613
6616
6617
6619
6622
6622
6622
6622
6623
6624
6624
6625
6625
6626
6626
6628
6629
6629
6629
6630
6636
6636
6640
6641
6642
6645
6645
6646
6648
6650
6651
6652
6653
6654
6654
6656
6658
6658
6659
6660
6661
6663
6665
6665
6665
6665
6665
6667
6667
6669
6671
6671
6672
6673
6673
6673
6674
6674
6676
6678
6679
6679
6680
6680
6683
6683
6684
6685
6686
6690
6690
6690
6690
6691
6691
6691
6692
6692
6692
6693
6694
6696
6697
6700
6703
6704
6707
6708
6708
6709
6711
6712
6714
6714
6715
6715
6718
6720
6720
6722
6725
6727
6728
6731
6733
6736
6736
6738
6738
6739
6740
6745
6745
6746
6746
6746
6747
6750
6750
6750
6751
6751
6752
6753
6754
6757
6757
6759
6761
6761
6764
6765
6766
6767
6769
6770
6770
6771
6771
6772
6773
6774
6776
6777
6780
6780
6781
6782
6784
6787
6789
6789
6790
6791
6791
6793
6794
6794
6795
6796
6797
6797
6798
6798
6798
6798
6799
6800
6800
6801
6801
6802
6802
6803
6804
6805
6806
6806
6807
6808
6808
6809
6809
6812
6812
6814
6814
6815
6816
6816
6816
6817
6819
6819
6820
6820
6821
6822
6822
6823
6823
6823
6825
6827
6827
6827
6829
6830
6832
6833
6835
6837
6837
6838
6847
6848
6850
6851
6852
6858
6858
6859
6860
6860
6861
6861
6862
6862
6863
6864
6865
6865
6866
6867
6867
6867
6868
6869
6869
6870
6870
6870
6871
6872
6872
6873
6873
6875
6880
6881
6882
6883
6885
6887
6888
6891
6894
6895
6895
6895
6897
6899
6900
6901
6903
6903
6904
6904
6904
6904
6906
6906
6906
6907
6908
6910
6910
6910
6911
6912
6912
6912
6913
6915
6916
6916
6916
6918
6919
6919
6919
6919
6920
6920
6921
6922
6925
6925
6926
6926
6930
6931
6932
6932
6932
6932
6933
6934
6935
6937
6945
6947
6947
6948
6948
6950
6950
6953
6954
6954
6954
6954
6955
6957
6958
6958
6959
6960
6960
6961
6962
6963
6963
6963
6964
6965
6965
6967
6969
6969
6970
6970
6971
6972
6972
6973
6974
6975
6976
6978
6979
6981
6982
6984
6984
6985
6986
6988
6988
6990
6990
6992
6995
6995
6997
6997
6999
7001
7002
7003
7004
7004
7009
7009
7010
7010
7010
7011
7015
7016
7017
7019
7022
7028
7028
7030
7031
7032
7033
7035
7036
7036
7037
7037
7037
7038
7038
7040
7040
7041
7041
7042
7042
7042
7043
7044
7045
7046
7047
7048
7049
7051
7052
7052
7054
7057
7058
7061
7062
7062
7064
7064
7065
7065
7065
7066
7067
7067
7067
7068
7068
7068
7073
7073
7076
7077
7078
7079
7079
7080
7083
7084
7085
7086
7087
7088
7088
7090
7090
7091
7091
7093
7094
7094
7094
7095
7095
7095
7096
7099
7100
7101
7102
7103
7104
7104
7105
7106
7106
7111
7111
7116
7120
7120
7122
7122
7122
7122
7122
7124
7125
7126
7127
7129
7130
7130
7131
7131
7131
7131
7132
7133
7134
7135
7136
7137
7138
7139
7139
7142
7144
7145
7145
7148
7148
7150
7151
7152
7152
7154
7155
7155
7159
7161
7161
7162
7162
7163
7165
7167
7168
7169
7173
7175
7178
7178
7179
7180
7182
7184
7185
7187
7188
7189
7192
7194
7199
7199
7199
7199
7200
7201
7201
7201
7202
7202
7202
7206
7208
7208
7208
7209
7210
7210
7210
7210
7211
7211
7213
7214
7216
7217
7220
7220
7220
7220
7221
7222
7223
7225
7226
7226
7227
7227
7227
7228
7229
7232
7235
7236
7237
7238
7238
7239
7239
7240
7241
7242
7243
7245
7246
7247
7248
7249
7249
7250
7253
7255
7255
7255
7256
7257
7258
7258
7259
7259
7259
7260
7262
7262
7263
7265
7266
7267
7267
7267
7269
7269
7269
7271
7271
7275
7276
7278
7280
7281
7282
7282
7284
7289
7289
7289
7290
7290
7291
7291
7293
7293
7294
7294
7294
7295
7295
7296
7297
7297
7299
7300
7303
7303
7305
7305
7305
7308
7308
7309
7310
7312
7313
7313
7315
7315
7315
7316
7316
7316
7318
7318
7318
7320
7320
7322
7322
7326
7327
7327
7328
7328
7328
7329
7330
7331
7332
7332
7334
7334
7334
7335
7335
7336
7337
7338
7339
7340
7341
7343
7344
7348
7352
7354
7354
7354
7355
7356
7356
7357
7357
7360
7361
7361
7362
7366
7367
7368
7369
7370
7370
7371
7374
7376
7377
7378
7378
7378
7378
7379
7379
7379
7382
7383
7383
7383
7384
7384
7392
7392
7392
7393
7394
7396
7399
7400
7402
7403
7404
7404
7405
7406
7406
7407
7407
7408
7410
7411
7412
7412
7412
7415
7416
7416
7416
7418
7418
7419
7421
7422
7422
7423
7423
7426
7427
7428
7428
7429
7429
7432
7432
7432
7433
7433
7433
7433
7434
7436
7436
7436
7437
7437
7438
7441
7441
7442
7444
7446
7447
7449
7450
7450
7451
7451
7452
7452
7452
7453
7454
7455
7456
7456
7456
7460
7461
7461
7461
7465
7465
7466
7467
7467
7468
7471
7472
7472
7473
7473
7476
7476
7478
7481
7481
7485
7485
7485
7487
7487
7493
7493
7495
7496
7496
7496
7497
7497
7498
7498
7500
7500
7500
7501
7503
7506
7507
7507
7510
7513
7514
7514
7514
7515
7517
7519
7520
7521
7521
7522
7524
7528
7529
7531
7531
7532
7535
7535
7536
7537
7537
7538
7539
7540
7540
7543
7545
7546
7546
7548
7549
7549
7551
7552
7552
7553
7554
7554
7555
7556
7557
7557
7560
7560
7561
7561
7562
7562
7563
7563
7564
7568
7570
7570
7571
7572
7573
7574
7575
7577
7578
7578
7579
7579
7581
7581
7583
7584
7584
7584
7586
7586
7587
7587
7587
7588
7588
7588
7588
7589
7589
7589
7590
7590
7592
7593
7593
7594
7594
7595
7596
7596
7597
7597
7600
7602
7602
7602
7603
7603
7603
7606
7606
7607
7607
7608
7608
7608
7609
7611
7612
7613
7615
7616
7619
7621
7621
7621
7621
7624
7627
7631
7632
7633
7633
7634
7634
7635
7637
7638
7638
7639
7639
7641
7642
7645
7645
7645
7646
7646
7646
7649
7650
7650
7652
7652
7653
7656
7658
7659
7659
7659
7660
7663
7664
7665
7666
7667
7668
7671
7671
7672
7672
7672
7673
7677
7677
7677
7678
7678
7679
7682
7683
7684
7688
7689
7690
7691
7691
7691
7692
7692
7694
7695
7696
7698
7698
7699
7699
7699
7704
7704
7704
7704
7707
7707
7708
7708
7709
7710
7710
7710
7711
7711
7711
7711
7712
7712
7713
7713
7714
7716
7718
7718
7719
7720
7721
7722
7723
7724
7724
7724
7725
7725
7727
7727
7727
7727
7728
7728
7729
7729
7730
7731
7734
7735
7736
7737
7739
7741
7742
7742
7743
7744
7747
7747
7748
7749
7749
7751
7751
7751
7752
7752
7753
7755
7756
7756
7757
7758
7761
7764
7764
7765
7765
7771
7773
7774
7774
7775
7776
7777
7778
7782
7783
7784
7784
7785
7788
7789
7790
7792
7793
7796
7797
7797
7797
7798
7801
7801
7801
7802
7803
7805
7806
7806
7806
7809
7809
7809
7809
7813
7814
7816
7816
7816
7816
7817
7818
7818
7818
7821
7822
7824
7825
7826
7827
7829
7831
7833
7833
7834
7835
7835
7835
7835
7835
7838
7838
7839
7840
7842
7842
7844
7844
7845
7845
7846
7847
7849
7849
7850
7850
7851
7852
7852
7853
7853
7854
7854
7854
7854
7855
7855
7855
7855
7856
7857
7857
7859
7859
7861
7862
7865
7866
7866
7867
7867
7867
7868
7868
7869
7869
7869
7870
7873
7873
7875
7875
7875
7876
7880
7881
7886
7887
7888
7889
7889
7889
7893
7893
7893
7893
7893
7894
7895
7897
7899
7901
7902
7903
7906
7908
7908
7908
7909
7909
7911
7911
7912
7913
7915
7919
7920
7920
7920
7927
7930
7934
7936
7937
7937
7939
7941
7944
7944
7945
7945
7948
7948
7949
7949
7949
7950
7953
7955
7955
7955
7956
7958
7959
7959
7960
7964
7965
7969
7970
7971
7972
7972
7973
7974
7974
7976
7977
7977
7978
7980
7980
7981
7982
7983
7983
7986
7986
7987
7988
7988
7988
7989
7989
7990
7990
7990
7991
7993
7993
7993
7994
7994
7994
7995
7997
7998
7998
7999
7999
8000
8000
8000
8001
8003
8004
8005
8005
8005
8006
8006
8007
8007
8010
8011
8012
8013
8014
8016
8016
8017
8019
8020
8020
8021
8023
8023
8024
8025
8026
8026
8026
8028
8028
8029
8029
8030
8030
8031
8032
8033
8034
8035
8037
8037
8038
8040
8040
8042
8042
8042
8043
8044
8044
8044
8044
8045
8045
8045
8045
8046
8046
8048
8048
8049
8049
8049
8052
8055
8056
8057
8058
8058
8059
8061
8062
8062
8063
8063
8064
8064
8065
8065
8068
8068
8069
8070
8070
8071
8071
8072
8072
8074
8074
8075
8076
8076
8079
8080
8082
8083
8084
8084
8086
8086
8088
8090
8090
8092
8093
8093
8095
8095
8095
8096
8096
8096
8097
8099
8099
8100
8101
8102
8103
8105
8107
8107
8111
8113
8117
8119
8120
8122
8122
8122
8124
8125
8125
8128
8129
8131
8132
8133
8133
8133
8137
8138
8140
8143
8143
8144
8144
8146
8147
8147
8148
8150
8151
8151
8152
8153
8153
8153
8159
8159
8160
8163
8164
8165
8168
8169
8170
8171
8172
8172
8174
8174
8174
8177
8178
8178
8179
8180
8180
8181
8181
8182
8184
8184
8185
8185
8185
8186
8187
8187
8188
8188
8189
8189
8189
8191
8191
8192
8194
8194
8194
8195
8196
8197
8198
8202
8202
8203
8207
8208
8209
8209
8209
8210
8210
8212
8212
8213
8213
8213
8215
8217
8218
8219
8220
8222
8223
8226
8227
8227
8227
8229
8231
8231
8232
8234
8235
8235
8235
8235
8236
8238
8239
8239
8240
8242
8243
8243
8244
8244
8245
8245
8245
8245
8247
8247
8248
8248
8249
8249
8250
8250
8250
8252
8253
8253
8254
8254
8254
8255
8255
8256
8257
8257
8257
8258
8258
8258
8259
8261
8262
8262
8264
8268
8270
8272
8272
8273
8273
8276
8280
8281
8282
8283
8284
8284
8286
8288
8288
8289
8290
8290
8291
8292
8293
8293
8293
8294
8296
8296
8296
8297
8298
8299
8299
8299
8299
8300
8300
8300
8306
8306
8306
8307
8310
8310
8311
8314
8315
8315
8316
8317
8319
8320
8323
8324
8325
8325
8328
8328
8328
8330
8331
8332
8335
8336
8338
8338
8338
8342
8342
8343
8343
8343
8344
8345
8345
8346
8349
8351
8352
8352
8353
8353
8356
8357
8357
8357
8358
8358
8358
8359
8359
8361
8363
8366
8367
8368
8369
8370
8372
8373
8374
8376
8377
8378
8379
8379
8382
8384
8385
8386
8387
8388
8388
8390
8390
8390
8393
8394
8397
8397
8397
8399
8403
8406
8407
8407
8408
8408
8410
8411
8412
8415
8417
8419
8420
8422
8425
8428
8429
8429
8430
8431
8432
8433
8433
8433
8433
8437
8438
8439
8440
8440
8444
8444
8446
8449
8449
8454
8455
8458
8459
8459
8459
8461
8461
8462
8462
8462
8463
8464
8466
8467
8468
8470
8470
8470
8471
8472
8473
8473
8474
8475
8476
8476
8476
8477
8480
8481
8481
8482
8483
8485
8489
8489
8489
8495
8495
8495
8496
8497
8497
8498
8499
8499
8500
8500
8502
8502
8502
8502
8504
8507
8509
8509
8510
8511
8512
8512
8513
8514
8515
8515
8516
8517
8518
8519
8519
8520
8520
8521
8522
8523
8523
8525
8526
8529
8529
8529
8530
8530
8531
8532
8535
8535
8535
8536
8538
8538
8539
8542
8544
8544
8544
8545
8550
8552
8552
8554
8554
8556
8557
8557
8559
8559
8560
8562
8562
8563
8564
8564
8565
8565
8566
8567
8567
8567
8570
8570
8570
8574
8574
8579
8579
8580
8580
8580
8581
8581
8582
8583
8584
8584
8586
8587
8587
8589
8590
8592
8592
8593
8594
8595
8595
8595
8596
8597
8598
8598
8599
8600
8600
8601
8602
8602
8604
8606
8606
8607
8609
8610
8610
8610
8613
8615
8619
8620
8621
8622
8623
8624
8628
8628
8630
8631
8634
8634
8635
8636
8638
8639
8639
8641
8642
8642
8643
8645
8646
8648
8650
8650
8650
8650
8655
8656
8656
8657
8658
8660
8661
8663
8663
8664
8664
8664
8664
8665
8666
8666
8666
8666
8667
8667
8668
8668
8668
8669
8670
8670
8671
8672
8673
8673
8675
8675
8677
8677
8677
8680
8680
8680
8680
8682
8683
8684
8685
8685
8687
8687
8687
8688
8688
8688
8690
8690
8693
8696
8696
8697
8697
8698
8698
8701
8701
8702
8703
8705
8705
8705
8706
8708
8711
8712
8713
8714
8715
8717
8718
8718
8719
8719
8720
8720
8721
8724
8725
8725
8726
8726
8727
8727
8727
8729
8729
8729
8731
8731
8731
8732
8732
8734
8736
8736
8738
8738
8739
8742
8742
8743
8744
8745
8746
8748
8748
8750
8750
8751
8751
8751
8751
8752
8754
8754
8756
8757
8759
8760
8764
8765
8766
8767
8768
8769
8770
8771
8771
8772
8773
8774
8776
8777
8780
8780
8782
8782
8783
8783
8786
8786
8787
8788
8788
8789
8790
8791
8795
8795
8796
8796
8797
8798
8799
8801
8802
8807
8807
8812
8812
8812
8815
8815
8816
8817
8819
8822
8822
8823
8823
8825
8826
8827
8828
8831
8831
8833
8833
8834
8835
8835
8836
8836
8837
8837
8837
8838
8839
8841
8843
8843
8843
8844
8844
8845
8846
8847
8848
8849
8850
8850
8850
8851
8851
8851
8852
8852
8853
8854
8856
8856
8856
8860
8863
8863
8864
8866
8867
8867
8867
8867
8868
8869
8869
8870
8872
8875
8876
8877
8877
8878
8878
8880
8880
8880
8880
8881
8881
8881
8884
8884
8885
8885
8887
8890
8891
8891
8894
8894
8894
8895
8896
8896
8900
8901
8901
8904
8904
8904
8906
8909
8910
8911
8911
8912
8912
8913
8915
8915
8915
8916
8919
8920
8920
8920
8921
8922
8923
8923
8926
8927
8928
8928
8929
8929
8930
8930
8930
8933
8933
8934
8934
8935
8935
8937
8938
8939
8941
8941
8941
8942
8943
8943
8944
8947
8948
8949
8951
8951
8952
8953
8958
8961
8961
8963
8965
8967
8967
8968
8972
8973
8973
8974
8976
8978
8979
8981
8981
8981
8982
8982
8983
8984
8989
8989
8993
8994
8994
8996
8996
8997
8997
8998
8998
8999
9000
9001
9003
9003
9004
9005
9009
9012
9012
9013
9014
9017
9019
9019
9019
9020
9021
9021
9022
9022
9026
9028
9029
9030
9032
9032
9033
9036
9037
9038
9039
9040
9041
9042
9043
9044
9044
9045
9045
9046
9046
9046
9047
9047
9048
9049
9051
9051
9054
9054
9055
9055
9055
9056
9056
9056
9057
9058
9058
9062
9062
9063
9064
9065
9065
9066
9068
9069
9071
9072
9072
9075
9075
9076
9077
9079
9080
9080
9082
9082
9083
9083
9085
9086
9087
9090
9091
9092
9092
9093
9093
9094
9095
9095
9096
9098
9098
9099
9101
9102
9104
9106
9107
9107
9107
9112
9112
9113
9114
9115
9115
9115
9115
9116
9117
9117
9118
9119
9119
9120
9120
9121
9122
9122
9123
9123
9123
9125
9125
9126
9126
9127
9128
9128
9130
9131
9133
9134
9134
9135
9136
9138
9139
9139
9140
9140
9141
9143
9143
9143
9144
9144
9146
9150
9150
9151
9151
9153
9153
9154
9154
9155
9156
9156
9157
9158
9159
9159
9160
9161
9161
9163
9164
9164
9164
9165
9165
9166
9171
9172
9173
9175
9177
9178
9180
9181
9182
9182
9183
9183
9185
9185
9186
9186
9187
9188
9188
9190
9190
9190
9191
9193
9193
9193
9194
9195
9195
9196
9196
9197
9198
9199
9199
9200
9201
9201
9201
9202
9202
9203
9204
9204
9204
9205
9206
9206
9206
9207
9209
9209
9211
9212
9212
9213
9215
9216
9216
9216
9218
9219
9220
9222
9225
9225
9226
9226
9229
9234
9235
9235
9237
9238
9238
9239
9239
9241
9241
9242
9242
9243
9243
9244
9245
9246
9247
9248
9249
9249
9249
9250
9252
9254
9254
9255
9256
9257
9257
9257
9258
9258
9259
9259
9262
9263
9264
9265
9265
9266
9267
9268
9269
9270
9271
9272
9272
9272
9272
9276
9276
9278
9279
9279
9279
9280
9280
9281
9283
9283
9284
9284
9286
9286
9287
9287
9287
9289
9291
9292
9292
9293
9293
9294
9296
9298
9298
9299
9301
9301
9302
9304
9306
9306
9307
9309
9310
9310
9310
9312
9312
9312
9313
9313
9315
9316
9316
9316
9317
9319
9323
9323
9324
9326
9327
9328
9329
9329
9330
9332
9332
9333
9335
9335
9337
9338
9338
9340
9341
9341
9342
9343
9343
9344
9344
9345
9346
9347
9347
9349
9350
9351
9351
9352
9352
9352
9352
9352
9353
9353
9354
9358
9358
9358
9359
9359
9361
9362
9362
9363
9364
9365
9365
9366
9368
9368
9368
9369
9370
9370
9372
9372
9373
9373
9375
9375
9376
9378
9378
9378
9378
9380
9381
9382
9384
9385
9386
9386
9387
9387
9388
9389
9391
9391
9393
9393
9395
9395
9403
9403
9404
9404
9407
9408
9408
9409
9409
9410
9411
9413
9415
9415
9416
9417
9418
9418
9418
9419
9419
9420
9421
9425
9426
9426
9427
9428
9429
9429
9430
9433
9433
9434
9436
9437
9439
9439
9439
9440
9440
9443
9443
9443
9444
9446
9446
9448
9450
9450
9450
9451
9451
9452
9452
9453
9453
9453
9454
9455
9455
9455
9456
9457
9458
9461
9461
9462
9463
9463
9464
9465
9465
9465
9465
9465
9465
9468
9468
9469
9471
9472
9475
9475
9477
9477
9477
9479
9484
9485
9486
9487
9488
9489
9491
9492
9494
9495
9496
9497
9497
9498
9498
9498
9498
9502
9503
9503
9503
9505
9506
9508
9508
9511
9516
9516
9516
9516
9518
9519
9520
9521
9522
9523
9523
9523
9524
9525
9525
9526
9526
9526
9529
9530
9530
9530
9530
9531
9532
9533
9533
9533
9534
9536
9537
9537
9537
9537
9539
9542
9542
9543
9546
9546
9546
9546
9547
9547
9547
9550
9550
9551
9551
9551
9553
9553
9553
9554
9554
9554
9555
9556
9559
9559
9560
9561
9562
9563
9564
9564
9566
9568
9569
9569
9571
9572
9572
9573
9573
9574
9575
9576
9577
9577
9580
9582
9583
9584
9584
9584
9585
9585
9587
9587
9587
9590
9597
9597
9598
9599
9599
9603
9603
9604
9606
9606
9606
9608
9610
9610
9611
9612
9612
9613
9614
9615
9615
9619
9619
9621
9621
9622
9623
9623
9625
9627
9628
9629
9630
9630
9630
9630
9632
9632
9632
9633
9633
9634
9636
9637
9637
9640
9641
9642
9643
9644
9646
9646
9646
9647
9648
9648
9649
9650
9651
9651
9653
9656
9658
9658
9658
9658
9658
9659
9660
9663
9663
9663
9664
9665
9665
9668
9671
9674
9675
9676
9676
9676
9677
9678
9678
9678
9678
9678
9679
9682
9684
9685
9687
9688
9689
9691
9694
9695
9695
9695
9695
9696
9697
9699
9702
9704
9704
9704
9704
9705
9707
9712
9714
9718
9719
9720
9720
9720
9721
9721
9722
9724
9724
9728
9728
9731
9732
9732
9732
9735
9735
9737
9737
9738
9738
9738
9740
9741
9741
9743
9743
9743
9745
9747
9747
9748
9750
9750
9751
9754
9755
9756
9757
9758
9758
9759
9760
9764
9765
9766
9768
9768
9769
9769
9771
9772
9776
9777
9777
9778
9779
9780
9780
9782
9782
9783
9784
9789
9789
9790
9791
9792
9794
9795
9797
9797
9798
9798
9799
9800
9803
9803
9804
9804
9807
9807
9809
9811
9812
9813
9814
9814
9817
9818
9819
9822
9823
9824
9824
9825
9825
9827
9827
9829
9831
9831
9831
9833
9833
9833
9835
9835
9835
9836
9837
9837
9837
9837
9837
9838
9841
9845
9847
9848
9848
9848
9848
9850
9850
9854
9854
9856
9856
9856
9857
9857
9857
9857
9857
9858
9859
9861
9862
9862
9863
9865
9866
9867
9869
9869
9869
9870
9870
9870
9871
9872
9873
9875
9875
9876
9877
9877
9877
9878
9880
9881
9883
9884
9885
9887
9888
9892
9893
9893
9895
9897
9897
9897
9899
9900
9900
9902
9904
9907
9907
9908
9908
9909
9909
9911
9911
9911
9912
9913
9913
9914
9914
9914
9915
9916
9917
9917
9917
9917
9917
9918
9918
9920
9920
9926
9926
9926
9928
9932
9932
9933
9933
9933
9933
9934
9934
9936
9936
9937
9939
9940
9940
9942
9942
9944
9944
9945
9948
9949
9950
9953
9955
9956
9956
9958
9958
9959
9960
9961
9962
9962
9965
9965
9966
9966
9969
9969
9970
9972
9973
9973
9975
9976
9977
9979
9980
9984
9984
9985
9985
9987
9987
9987
9987
9987
9988
9988
9989
9989
9990
9990
9990
9990
9995
9995
9998
10000
10000
10000
10000
10000
10001
10002
10002
10003
10003
10004
10005
10007
10008
10009
10010
10011
10011
10012
10013
10014
10017
10018
10019
10021
10022
10023
10023
10024
10024
10025
10026
10027
10027
10028
10032
10033
10037
10037
10037
10038
10038
10038
10039
10039
10043
10046
10047
10049
10050
10050
10051
10051
10052
10053
10054
10055
10056
10057
10057
10060
10063
10065
10065
10066
10068
10068
10069
10070
10071
10072
10072
10073
10073
10075
10076
10078
10078
10081
10084
10085
10086
10089
10089
10090
10090
10090
10092
10093
10094
10095
10096
10097
10097
10098
10098
10099
10099
10099
10099
10100
10100
10100
10102
10102
10102
10102
10105
10107
10109
10111
10112
10112
10114
10114
10115
10116
10116
10118
10118
10118
10120
10120
10120
10121
10121
10121
10121
10121
10122
10122
10123
10123
10124
10124
10125
10126
10127
10128
10129
10129
10129
10129
10130
10132
10132
10133
10133
10134
10136
10139
10140
10140
10140
10140
10141
10141
10141
10142
10142
10144
10145
10145
10148
10149
10151
10152
10158
10158
10160
10160
10162
10163
10166
10167
10168
10168
10168
10169
10170
10170
10172
10173
10173
10173
10174
10174
10175
10175
10176
10179
10179
10179
10181
10182
10183
10185
10185
10186
10187
10188
10188
10189
10190
10190
10191
10192
10194
10195
10195
10196
10196
10197
10197
10197
10197
10198
10198
10198
10199
10199
10200
10200
10200
10201
10202
10203
10203
10206
10206
10207
10208
10208
10208
10209
10211
10212
10212
10213
10214
10214
10214
10214
10216
10217
10219
10219
10220
10221
10221
10222
10226
10228
10228
10229
10230
10231
10231
10232
10233
10233
10234
10236
10236
10239
10240
10241
10241
10241
10243
10243
10244
10246
10248
10249
10249
10249
10252
10253
10254
10256
10257
10257
10258
10260
10261
10262
10264
10265
10266
10270
10272
10273
10273
10275
10276
10277
10277
10277
10281
10284
10285
10285
10285
10286
10286
10288
10289
10289
10290
10291
10291
10292
10293
10295
10296
10297
10297
10299
10300
10300
10300
10300
10306
10307
10309
10309
10310
10314
10314
10315
10316
10316
10317
10317
10318
10319
10319
10320
10320
10321
10322
10322
10323
10323
10323
10326
10329
10330
10333
10333
10333
10334
10335
10337
10338
10338
10339
10340
10341
10342
10342
10346
10346
10348
10348
10348
10349
10354
10356
10357
10357
10359
10360
10364
10369
10371
10371
10375
10375
10376
10378
10378
10379
10380
10380
10381
10382
10383
10383
10384
10385
10386
10386
10386
10389
10389
10393
10393
10395
10396
10397
10397
10397
10399
10399
10400
10403
10403
10403
10405
10405
10407
10410
10415
10416
10416
10417
10417
10418
10419
10420
10421
10422
10423
10428
10430
10432
10434
10435
10435
10435
10436
10437
10437
10437
10439
10441
10442
10443
10443
10444
10444
10446
10446
10447
10447
10448
10448
10448
10448
10452
10452
10452
10453
10453
10453
10454
10455
10456
10457
10460
10462
10462
10462
10463
10463
10465
10466
10467
10467
10468
10468
10469
10471
10472
10474
10474
10475
10475
10479
10481
10483
10483
10483
10483
10483
10485
10485
10486
10487
10487
10488
10489
10490
10490
10490
10491
10491
10491
10494
10494
10494
10494
10495
10496
10496
10498
10500
10500
10500
10501
10501
10501
10506
10508
10509
10512
10512
10514
10514
10516
10517
10518
10519
10520
10520
10520
10520
10521
10522
10522
10523
10523
10525
10526
10526
10526
10527
10527
10529
10529
10537
10537
10539
10539
10541
10542
10544
10545
10546
10548
10549
10549
10550
10550
10551
10555
10557
10557
10559
10560
10561
10563
10563
10564
10564
10565
10566
10567
10568
10569
10569
10571
10572
10573
10574
10574
10576
10576
10576
10576
10576
10577
10577
10578
10579
10580
10580
10582
10584
10585
10588
10588
10589
10590
10593
10593
10594
10595
10597
10597
10597
10599
10599
10599
10600
10600
10602
10605
10606
10607
10607
10608
10610
10610
10611
10611
10616
10619
10619
10622
10622
10623
10624
10625
10626
10629
10630
10632
10632
10633
10634
10637
10637
10637
10638
10638
10638
10641
10641
10642
10643
10643
10643
10645
10646
10646
10647
10648
10648
10650
10651
10651
10651
10652
10652
10653
10654
10654
10655
10657
10659
10659
10661
10662
10662
10663
10663
10663
10669
10670
10670
10671
10674
10675
10675
10678
10681
10683
10683
10687
10687
10688
10688
10688
10690
10691
10691
10694
10695
10695
10695
10696
10696
10697
10697
10698
10699
10699
10700
10700
10700
10700
10701
10701
10702
10705
10708
10710
10711
10711
10714
10716
10717
10718
10719
10723
10723
10725
10725
10726
10727
10727
10728
10730
10732
10732
10732
10733
10733
10735
10736
10736
10738
10738
10740
10743
10743
10743
10745
10747
10748
10749
10749
10751
10751
10752
10753
10753
10754
10754
10758
10758
10760
10763
10766
10767
10767
10768
10770
10770
10772
10772
10777
10778
10778
10780
10781
10781
10782
10782
10782
10783
10783
10785
10785
10786
10786
10786
10787
10787
10788
10789
10789
10789
10789
10790
10791
10791
10792
10793
10794
10795
10795
10796
10797
10798
10798
10798
10799
10800
10801
10803
10804
10804
10804
10805
10805
10805
10805
10805
10806
10810
10810
10814
10814
10816
10817
10819
10822
10822
10823
10823
10823
10824
10825
10825
10830
10830
10832
10832
10834
10839
10840
10840
10840
10841
10842
10843
10845
10846
10847
10847
10848
10848
10848
10850
10851
10852
10852
10853
10853
10853
10854
10854
10856
10858
10860
10860
10861
10863
10863
10864
10865
10865
10865
10866
10867
10868
10868
10872
10872
10873
10874
10875
10875
10877
10880
10881
10881
10883
10883
10883
10884
10884
10885
10886
10886
10886
10887
10890
10890
10890
10893
10897
10898
10898
10899
10901
10903
10904
10904
10905
10908
10908
10908
10909
10910
10911
10911
10911
10912
10913
10913
10915
10916
10916
10916
10917
10921
10925
10926
10927
10930
10933
10933
10936
10937
10938
10939
10940
10941
10942
10942
10943
10945
10945
10945
10945
10946
10947
10948
10950
10950
10951
10951
10952
10952
10955
10957
10957
10957
10957
10959
10959
10961
10962
10963
10963
10963
10964
10965
10967
10967
10968
10968
10975
10978
10978
10978
10979
10979
10982
10983
10985
10987
10988
10992
10995
10996
10996
10997
10998
11000
11001
11001
11002
11003
11003
11004
11005
11005
11006
11006
11008
11008
11009
11010
11011
11011
11011
11012
11013
11013
11014
11014
11015
11019
11021
11021
11024
11024
11024
11024
11025
11025
11026
11026
11027
11027
11027
11029
11029
11029
11029
11030
11032
11033
11033
11036
11036
11036
11038
11039
11040
11040
11044
11044
11044
11045
11045
11045
11047
11051
11051
11051
11052
11053
11053
11054
11055
11055
11055
11057
11057
11057
11059
11060
11060
11061
11062
11063
11064
11064
11065
11065
11065
11067
11070
11071
11072
11074
11074
11076
11077
11077
11078
11078
11079
11082
11083
11084
11084
11084
11085
11086
11088
11089
11091
11091
11094
11097
11097
11098
11098
11099
11099
11100
11100
11100
11102
11103
11103
11103
11106
11107
11109
11110
11110
11111
11112
11113
11115
11115
11117
11118
11120
11120
11120
11120
11123
11124
11126
11126
11126
11128
11129
11129
11130
11130
11132
11132
11133
11136
11136
11137
11137
11138
11138
11138
11141
11141
11143
11146
11147
11148
11150
11150
11150
11150
11152
11152
11154
11156
11156
11157
11157
11158
11159
11159
11159
11160
11161
11163
11163
11166
11167
11168
11168
11169
11169
11170
11171
11171
11173
11173
11176
11177
11178
11178
11178
11181
11182
11183
11183
11184
11188
11189
11190
11191
11192
11193
11194
11195
11196
11199
11199
11199
11199
11204
11205
11207
11207
11208
11208
11208
11210
11210
11212
11212
11212
11213
11218
11219
11220
11221
11222
11222
11225
11225
11225
11225
11226
11227
11228
11228
11229
11230
11231
11231
11232
11233
11235
11236
11236
11236
11238
11239
11240
11242
11242
11242
11244
11244
11246
11246
11247
11249
11249
11251
11251
11253
11253
11254
11255
11257
11259
11260
11262
11262
11262
11263
11264
11265
11265
11267
11268
11270
11271
11272
11273
11274
11275
11275
11278
11278
11279
11280
11281
11282
11283
11283
11283
11285
11285
11286
11287
11287
11288
11289
11289
11290
11290
11290
11292
11294
11295
11296
11296
11296
11296
11297
11298
11298
11299
11300
11301
11302
11302
11303
11303
11304
11305
11305
11309
11310
11311
11312
11315
11315
11318
11318
11318
11321
11321
11321
11321
11323
11324
11325
11326
11326
11328
11329
11331
11333
11333
11335
11335
11335
11337
11338
11338
11339
11339
11339
11341
11342
11342
11342
11342
11343
11344
11347
11348
11349
11349
11350
11352
11353
11353
11354
11354
11355
11355
11356
11356
11356
11356
11358
11360
11361
11362
11364
11364
11366
11366
11368
11368
11368
11371
11371
11372
11372
11375
11377
11377
11378
11380
11382
11384
11385
11385
11385
11386
11387
11387
11388
11388
11389
11390
11390
11391
11391
11393
11394
11395
11397
11398
11399
11401
11402
11402
11404
11405
11405
11406
11406
11407
11408
11408
11409
11410
11411
11411
11412
11413
11414
11414
11414
11415
11417
11418
11418
11421
11421
11423
11423
11424
11424
11424
11425
11426
11427
11428
11428
11429
11429
11430
11436
11436
11437
11438
11438
11438
11439
11441
11442
11443
11444
11444
11444
11447
11447
11447
11447
11448
11449
11449
11449
11453
11453
11454
11455
11455
11455
11455
11456
11459
11460
11461
11462
11464
11466
11466
11466
11469
11469
11469
11472
11475
11475
11476
11477
11478
11479
11479
11481
11482
11482
11482
11482
11483
11483
11484
11484
11485
11485
11487
11487
11488
11490
11492
11493
11494
11495
11495
11497
11501
11501
11501
11501
11503
11503
11503
11505
11507
11508
11508
11508
11509
11510
11510
11512
11514
11515
11515
11515
11516
11516
11518
11518
11519
11519
11520
11520
11520
11520
11522
11522
11523
11524
11524
11524
11525
11526
11526
11527
11527
11527
11529
11530
11531
11532
11533
11536
11537
11537
11538
11539
11539
11539
11542
11543
11544
11544
11549
11549
11552
11552
11553
11553
11555
11556
11557
11559
11562
11562
11563
11563
11564
11566
11566
11567
11567
11567
11568
11569
11570
11570
11570
11571
11571
11571
11571
11572
11574
11577
11578
11579
11579
11581
11581
11581
11582
11585
11585
11586
11587
11588
11588
11590
11590
11590
11591
11591
11591
11594
11596
11596
11597
11600
11604
11607
11611
11612
11613
11613
11614
11619
11620
11620
11622
11623
11624
11625
11625
11626
11626
11627
11627
11628
11629
11629
11629
11629
11631
11633
11633
11633
11634
11635
11635
11636
11637
11639
11640
11641
11641
11641
11642
11645
11645
11649
11650
11651
11653
11654
11654
11654
11655
11657
11658
11658
11659
11660
11661
11661
11661
11663
11663
11664
11665
11667
11668
11669
11669
11670
11670
11672
11673
11674
11675
11678
11681
11682
11682
11683
11683
11684
11689
11689
11690
11691
11695
11698
11698
11698
11699
11700
11701
11702
11702
11705
11705
11707
11707
11708
11708
11708
11709
11709
11709
11711
11712
11712
11714
11715
11716
11716
11716
11717
11718
11719
11722
11722
11724
11726
11727
11728
11731
11735
11735
11736
11738
11738
11739
11740
11741
11742
11744
11745
11746
11746
11747
11748
11748
11748
11749
11749
11753
11755
11758
11758
11760
11763
11764
11764
11765
11766
11766
11767
11768
11769
11769
11770
11770
11770
11770
11772
11773
11774
11774
11775
11775
11778
11778
11778
11778
11779
11780
11782
11784
11784
11784
11784
11787
11787
11788
11791
11793
11794
11794
11795
11796
11796
11797
11797
11798
11803
11807
11808
11808
11808
11808
11809
11812
11813
11814
11814
11814
11816
11817
11819
11821
11821
11822
11822
11823
11824
11824
11826
11827
11827
11830
11832
11833
11834
11836
11838
11838
11839
11840
11840
11841
11841
11843
11843
11844
11845
11846
11846
11847
11847
11848
11850
11852
11854
11854
11854
11855
11855
11855
11855
11856
11856
11856
11857
11857
11858
11859
11862
11865
11865
11866
11866
11866
11866
11869
11869
11869
11870
11871
11871
11872
11874
11875
11875
11877
11878
11878
11879
11880
11880
11881
11882
11883
11883
11883
11883
11883
11885
11885
11885
11886
11887
11888
11888
11889
11891
11891
11891
11892
11892
11894
11895
11895
11896
11897
11897
11897
11898
11898
11898
11899
11901
11906
11908
11910
11910
11912
11912
11912
11913
11915
11915
11916
11917
11917
11917
11918
11918
11919
11922
11922
11925
11925
11928
11929
11932
11932
11933
11934
11934
11934
11938
11938
11939
11940
11940
11941
11942
11942
11944
11945
11946
11947
11948
11949
11950
11950
11951
11952
11952
11954
11955
11958
11961
11963
11963
11963
11965
11965
11968
11968
11971
11972
11972
11974
11974
11977
11980
11981
11981
11982
11982
11983
11983
11987
11987
11988
11989
11989
11990
11990
11990
11992
11992
11994
11994
11994
11995
11996
11997
11997
11999
11999
12001
12001
12004
12007
12008
12008
12011
12011
12012
12014
12018
12018
12019
12019
12020
12020
12021
12022
12023
12024
12024
12028
12029
12031
12032
12037
12037
12037
12039
12039
12039
12042
12042
12043
12043
12046
12046
12046
12048
12050
12051
12052
12052
12054
12054
12055
12056
12059
12060
12061
12061
12062
12062
12063
12064
12064
12064
12066
12067
12067
12068
12068
12070
12070
12070
12071
12072
12072
12072
12072
12073
12073
12074
12077
12080
12081
12081
12082
12082
12083
12083
12084
12084
12084
12086
12086
12086
12087
12088
12089
12089
12092
12092
12093
12093
12094
12095
12102
12102
12103
12103
12104
12105
12106
12106
12106
12109
12110
12112
12112
12113
12116
12120
12121
12122
12122
12125
12125
12127
12128
12129
12131
12131
12133
12133
12134
12135
12136
12137
12138
12139
12141
12141
12142
12143
12143
12143
12144
12144
12145
12147
12148
12148
12150
12151
12151
12152
12153
12154
12154
12156
12158
12158
12160
12162
12162
12164
12165
12166
12167
12167
12167
12169
12170
12170
12171
12172
12172
12173
12173
12175
12176
12177
12178
12178
12179
12179
12180
12181
12181
12182
12184
12185
12186
12187
12188
12191
12191
12192
12192
12193
12196
12196
12197
12197
12199
12199
12199
12204
12205
12207
12207
12207
12208
12211
12212
12212
12212
12213
12213
12213
12214
12216
12216
12217
12218
12220
12221
12227
12227
12228
12228
12231
12231
12232
12232
12234
12237
12240
12240
12240
12241
12241
12244
12246
12246
12249
12250
12250
12250
12250
12251
12254
12254
12254
12254
12255
12256
12256
12257
12261
12261
12262
12262
12263
12263
12264
12264
12265
12266
12268
12268
12269
12269
12269
12269
12271
12274
12275
12278
12279
12279
12281
12282
12286
12286
12287
12288
12288
12289
12290
12292
12294
12297
12297
12298
12298
12298
12298
12298
12299
12300
12300
12301
12302
12303
12304
12304
12307
12308
12309
12309
12310
12310
12310
12310
12310
12310
12310
12311
12313
12313
12319
12319
12319
12319
12320
12322
12324
12325
12325
12326
12327
12327
12328
12329
12329
12333
12333
12334
12334
12334
12335
12335
12335
12335
12335
12335
12339
12341
12341
12342
12344
12344
12345
12349
12349
12350
12352
12355
12356
12360
12364
12365
12365
12365
12366
12367
12368
12370
12371
12371
12372
12373
12373
12373
12374
12374
12374
12375
12376
12376
12378
12380
12380
12381
12382
12383
12385
12385
12388
12389
12389
12391
12392
12393
12394
12395
12398
12400
12402
12403
12403
12403
12404
12405
12406
12407
12408
12409
12409
12409
12410
12412
12412
12413
12414
12414
12415
12418
12418
12418
12420
12421
12421
12422
12427
12427
12427
12432
12433
12434
12436
12437
12437
12438
12440
12440
12442
12443
12443
12445
12446
12446
12447
12449
12449
12450
12452
12452
12453
12456
12457
12457
12457
12459
12459
12461
12462
12462
12462
12464
12467
12467
12467
12468
12469
12470
12471
12471
12472
12472
12472
12474
12474
12474
12474
12475
12475
12475
12476
12476
12479
12480
12480
12481
12481
12483
12484
12484
12485
12486
12489
12489
12490
12491
12491
12492
12492
12493
12494
12495
12495
12495
12495
12496
12497
12499
12500
12501
12502
12504
12505
12505
12505
12506
12508
12510
12510
12511
12511
12511
12511
12512
12514
12515
12517
12518
12527
12528
12528
12530
12533
12536
12538
12541
12542
12542
12543
12546
12547
12548
12549
12549
12550
12551
12552
12553
12555
12555
12556
12557
12557
12560
12560
12560
12561
12562
12563
12564
12564
12565
12566
12567
12569
12569
12571
12573
12573
12575
12576
12576
12576
12579
12580
12580
12581
12582
12582
12582
12582
12583
12584
12585
12586
12587
12589
12589
12591
12591
12592
12592
12595
12595
12596
12596
12596
12598
12599
12600
12602
12603
12605
12606
12607
12608
12609
12612
12614
12614
12615
12615
12618
12623
12623
12626
12627
12627
12628
12630
12630
12631
12632
12634
12635
12635
12635
12637
12638
12638
12638
12639
12642
12643
12643
12644
12645
12645
12647
12651
12651
12652
12652
12653
12653
12654
12654
12657
12658
12659
12660
12660
12660
12660
12661
12662
12663
12663
12663
12665
12665
12666
12666
12666
12667
12668
12668
12669
12675
12677
12677
12678
12680
12680
12682
12683
12683
12684
12685
12685
12688
12688
12688
12688
12690
12690
12692
12696
12697
12698
12700
12701
12701
12702
12703
12703
12706
12707
12707
12707
12707
12710
12710
12710
12711
12713
12716
12717
12719
12719
12720
12720
12720
12722
12723
12723
12723
12723
12725
12726
12726
12727
12728
12729
12730
12730
12731
12731
12731
12732
12732
12733
12733
12733
12735
12737
12740
12740
12741
12742
12742
12742
12744
12747
12747
12747
12747
12748
12748
12749
12751
12751
12752
12752
12753
12754
12755
12755
12756
12758
12758
12762
12763
12764
12766
12768
12773
12774
12777
12777
12782
12783
12783
12786
12789
12789
12790
12791
12791
12791
12791
12792
12792
12793
12793
12794
12795
12796
12796
12797
12799
12800
12800
12800
12801
12802
12806
12806
12807
12807
12808
12808
12810
12810
12811
12811
12813
12813
12814
12815
12815
12816
12817
12818
12818
12818
12820
12821
12822
12823
12823
12824
12825
12826
12827
12831
12831
12831
12832
12833
12834
12834
12834
12836
12836
12837
12839
12840
12840
12842
12842
12842
12843
12844
12845
12845
12846
12847
12847
12847
12848
12850
12850
12851
12851
12852
12853
12855
12855
12856
12856
12856
12857
12858
12858
12858
12859
12861
12861
12862
12862
12862
12863
12866
12866
12866
12868
12868
12870
12871
12874
12876
12878
12878
12879
12880
12882
12882
12882
12883
12884
12885
12886
12889
12889
12891
12892
12895
12901
12902
12903
12903
12905
12905
12905
12906
12906
12908
12908
12909
12911
12913
12914
12915
12916
12916
12917
12918
12919
12920
12921
12922
12923
12923
12923
12923
12924
12924
12924
12924
12926
12927
12929
12929
12931
12931
12931
12936
12938
12940
12941
12941
12942
12943
12943
12944
12944
12945
12947
12948
12950
12950
12951
12952
12952
12953
12954
12955
12955
12957
12957
12957
12957
12958
12959
12960
12962
12965
12965
12967
12967
12967
12967
12969
12971
12972
12972
12974
12975
12976
12976
12977
12977
12978
12980
12982
12983
12983
12984
12984
12984
12985
12987
12987
12987
12989
12990
12991
12991
12993
12993
12994
12995
12995
12997
12997
12997
12997
12997
12997
12999
12999
12999
13000
13001
13003
13003
13003
13004
13007
13008
13008
13009
13010
13010
13015
13016
13016
13016
13017
13021
13022
13026
13026
13028
13028
13029
13030
13031
13032
13033
13033
13034
13035
13036
13038
13038
13039
13039
13041
13042
13042
13043
13043
13045
13046
13046
13047
13047
13047
13049
13049
13050
13050
13052
13052
13053
13056
13057
13058
13059
13061
13062
13064
13064
13064
13066
13067
13068
13070
13070
13071
13071
13072
13072
13077
13077
13079
13080
13081
13081
13082
13082
13083
13084
13088
13091
13094
13096
13097
13098
13102
13102
13105
13108
13108
13109
13112
13112
13113
13117
13118
13119
13119
13121
13122
13122
13122
13124
13125
13125
13126
13126
13129
13129
13130
13130
13130
13131
13131
13131
13133
13133
13134
13135
13136
13136
13138
13138
13140
13140
13143
13144
13145
13145
13145
13149
13149
13150
13153
13154
13154
13156
13158
13158
13159
13159
13160
13160
13163
13164
13167
13170
13171
13171
13171
13174
13174
13175
13177
13177
13177
13180
13181
13181
13183
13184
13185
13185
13186
13187
13187
13188
13189
13190
13190
13190
13190
13191
13191
13192
13195
13197
13197
13198
13199
13200
13201
13202
13206
13207
13208
13208
13208
13209
13210
13211
13212
13213
13214
13215
13216
13216
13217
13220
13220
13220
13222
13223
13225
13226
13228
13228
13229
13231
13231
13233
13233
13235
13236
13239
13239
13239
13240
13241
13242
13242
13244
13245
13247
13247
13250
13250
13251
13251
13252
13252
13253
13254
13254
13254
13255
13255
13260
13262
13263
13264
13266
13267
13268
13270
13270
13271
13272
13274
13275
13276
13277
13279
13281
13281
13282
13282
13283
13284
13284
13286
13286
13287
13288
13288
13289
13291
13291
13293
13293
13293
13295
13297
13297
13299
13299
13301
13302
13302
13302
13303
13303
13303
13305
13305
13307
13308
13310
13310
13310
13312
13312
13312
13316
13317
13318
13319
13319
13319
13320
13320
13321
13323
13324
13326
13327
13328
13329
13329
13329
13332
13333
13333
13336
13337
13337
13337
13338
13340
13341
13341
13343
13345
13348
13348
13348
13349
13351
13351
13352
13352
13353
13353
13354
13358
13358
13361
13362
13362
13363
13364
13364
13365
13366
13369
13369
13370
13370
13372
13373
13373
13375
13376
13376
13377
13378
13378
13380
13380
13381
13381
13383
13386
13386
13387
13387
13388
13389
13389
13390
13390
13391
13394
13395
13395
13395
13395
13395
13395
13397
13398
13399
13400
13400
13401
13401
13403
13404
13406
13406
13407
13408
13410
13410
13411
13412
13413
13414
13414
13415
13416
13419
13421
13421
13421
13422
13422
13423
13424
13425
13425
13425
13425
13427
13429
13429
13430
13430
13431
13431
13432
13433
13433
13433
13435
13436
13436
13439
13440
13440
13441
13444
13445
13445
13447
13448
13448
13450
13453
13453
13454
13454
13455
13456
13458
13459
13460
13461
13461
13462
13462
13462
13463
13465
13465
13466
13466
13466
13467
13467
13468
13469
13469
13469
13470
13470
13472
13472
13473
13473
13473
13476
13477
13477
13478
13479
13479
13479
13479
13479
13481
13483
13484
13484
13485
13485
13485
13486
13487
13487
13488
13488
13488
13489
13490
13492
13492
13492
13493
13493
13493
13494
13494
13495
13496
13496
13497
13500
13500
13500
13501
13501
13503
13503
13504
13504
13505
13505
13505
13506
13507
13507
13507
13511
13511
13512
13513
13515
13516
13516
13519
13519
13521
13523
13524
13525
13528
13530
13531
13531
13532
13534
13534
13535
13536
13537
13537
13538
13541
13541
13542
13542
13542
13543
13543
13543
13544
13545
13545
13547
13549
13551
13554
13555
13555
13556
13558
13558
13559
13559
13560
13560
13561
13562
13562
13562
13563
13564
13565
13568
13570
13575
13577
13578
13580
13580
13581
13581
13582
13583
13584
13584
13586
13588
13589
13591
13591
13592
13592
13594
13594
13596
13597
13598
13598
13601
13602
13602
13604
13605
13606
13606
13607
13609
13609
13610
13611
13611
13612
13613
13613
13613
13615
13616
13617
13617
13618
13619
13619
13619
13620
13621
13621
13621
13624
13626
13627
13627
13632
13633
13633
13634
13635
13637
13639
13639
13640
13641
13641
13641
13645
13648
13651
13653
13654
13654
13654
13655
13655
13655
13658
13658
13662
13663
13664
13665
13667
13667
13668
13669
13672
13672
13673
13674
13674
13674
13675
13676
13677
13678
13678
13679
13681
13682
13682
13682
13682
13685
13685
13686
13686
13686
13688
13689
13690
13691
13692
13695
13696
13696
13697
13697
13697
13698
13700
13701
13701
13702
13703
13703
13704
13705
13706
13706
13707
13708
13708
13709
13709
13709
13711
13715
13717
13718
13718
13719
13720
13720
13721
13722
13725
13726
13729
13730
13732
13735
13737
13737
13739
13741
13745
13745
13747
13750
13751
13753
13753
13755
13755
13756
13756
13756
13758
13758
13760
13763
13763
13763
13767
13769
13769
13769
13770
13770
13770
13771
13776
13777
13777
13778
13780
13781
13782
13784
13784
13786
13786
13788
13790
13790
13792
13792
13794
13795
13796
13797
13797
13798
13800
13801
13803
13806
13808
13811
13817
13818
13819
13819
13820
13822
13823
13823
13825
13825
13828
13830
13830
13830
13831
13832
13832
13833
13833
13833
13834
13835
13835
13835
13835
13837
13837
13838
13839
13840
13841
13843
13843
13845
13846
13847
13848
13849
13849
13850
13851
13852
13854
13855
13856
13857
13857
13858
13860
13863
13864
13864
13864
13865
13866
13866
13866
13869
13869
13869
13869
13871
13871
13872
13872
13874
13874
13874
13877
13877
13878
13878
13880
13883
13885
13886
13886
13887
13889
13889
13891
13891
13892
13893
13894
13897
13898
13898
13900
13901
13901
13902
13902
13903
13905
13905
13905
13907
13908
13909
13910
13914
13915
13915
13917
13920
13920
13921
13922
13922
13923
13925
13926
13928
13929
13930
13930
13933
13935
13936
13936
13937
13938
13939
13940
13940
13940
13940
13941
13942
13942
13943
13943
13944
13944
13944
13945
13948
13950
13951
13953
13954
13955
13955
13957
13959
13959
13961
13961
13961
13962
13965
13966
13966
13967
13967
13967
13968
13968
13971
13973
13973
13974
13974
13977
13978
13978
13979
13980
13982
13984
13986
13986
13986
13987
13988
13989
13990
13990
13993
13994
13994
13995
13996
13997
13997
13998
13998
14002
14003
14004
14005
14005
14007
14007
14009
14009
14009
14010
14011
14011
14013
14014
14017
14017
14018
14019
14021
14021
14022
14024
14026
14028
14028
14029
14029
14031
14032
14032
14033
14034
14034
14035
14036
14036
14036
14037
14037
14041
14041
14044
14046
14046
14046
14049
14050
14053
14053
14054
14055
14056
14056
14056
14056
14058
14058
14059
14059
14061
14062
14064
14064
14065
14066
14066
14066
14069
14069
14069
14070
14070
14071
14072
14072
14073
14074
14076
14080
14080
14082
14082
14082
14082
14083
14084
14084
14084
14086
14086
14088
14088
14090
14091
14091
14093
14094
14094
14096
14097
14098
14098
14099
14100
14101
14103
14104
14104
14105
14105
14106
14106
14107
14107
14107
14109
14109
14109
14110
14110
14110
14112
14113
14114
14115
14116
14116
14117
14117
14117
14118
14118
14119
14119
14120
14120
14120
14123
14123
14123
14125
14126
14126
14127
14129
14132
14133
14135
14135
14137
14137
14140
14140
14140
14142
14142
14145
14146
14147
14148
14148
14148
14151
14151
14152
14152
14152
14153
14155
14156
14157
14158
14158
14158
14160
14160
14163
14164
14165
14165
14165
14165
14165
14167
14168
14169
14170
14171
14172
14173
14174
14176
14177
14180
14180
14180
14180
14184
14184
14185
14185
14188
14192
14193
14193
14194
14194
14195
14197
14197
14197
14197
14198
14200
14201
14202
14202
14202
14203
14204
14204
14205
14207
14207
14210
14210
14211
14211
14213
14214
14214
14215
14215
14215
14217
14219
14219
14219
14221
14221
14221
14223
14223
14223
14224
14225
14225
14225
14226
14228
14228
14228
14229
14229
14231
14233
14233
14233
14235
14235
14238
14238
14239
14240
14240
14240
14244
14244
14245
14246
14247
14248
14249
14251
14251
14253
14253
14254
14254
14255
14255
14255
14255
14258
14258
14259
14259
14260
14260
14261
14264
14265
14267
14267
14267
14269
14270
14270
14272
14276
14279
14280
14281
14283
14285
14286
14286
14287
14287
14289
14289
14290
14291
14291
14294
14295
14296
14296
14298
14298
14299
14300
14300
14301
14302
14302
14303
14305
14307
14307
14309
14309
14311
14311
14311
14313
14314
14314
14316
14317
14317
14320
14321
14322
14323
14324
14326
14328
14329
14329
14330
14330
14331
14332
14336
14336
14337
14337
14337
14338
14339
14341
14341
14343
14343
14345
14345
14347
14347
14347
14348
14350
14350
14350
14351
14353
14353
14354
14354
14355
14355
14355
14355
14356
14360
14361
14363
14365
14366
14367
14367
14367
14368
14368
14370
14371
14374
14376
14376
14376
14377
14381
14382
14383
14384
14384
14385
14386
14386
14388
14389
14389
14391
14391
14392
14393
14393
14394
14396
14397
14399
14399
14400
14401
14401
14401
14401
14404
14405
14405
14406
14407
14410
14412
14412
14413
14413
14414
14414
14415
14415
14415
14416
14418
14419
14419
14420
14420
14422
14422
14423
14425
14426
14428
14428
14430
14430
14431
14431
14432
14433
14433
14434
14435
14437
14437
14437
14438
14438
14440
14440
14441
14443
14444
14444
14446
14447
14447
14450
14450
14451
14452
14452
14452
14456
14458
14459
14460
14460
14463
14467
14468
14470
14471
14473
14476
14477
14477
14477
14478
14478
14480
14480
14481
14481
14483
14484
14484
14485
14487
14488
14489
14490
14490
14490
14492
14494
14494
14497
14497
14499
14500
14501
14501
14504
14505
14508
14509
14510
14510
14511
14511
14512
14514
14514
14515
14516
14516
14517
14518
14520
14521
14522
14522
14524
14525
14525
14526
14527
14530
14530
14530
14530
14530
14531
14532
14533
14534
14534
14535
14535
14536
14537
14538
14539
14543
14543
14544
14544
14544
14544
14545
14545
14545
14548
14549
14553
14553
14554
14555
14555
14556
14557
14557
14558
14558
14560
14562
14562
14563
14563
14565
14565
14566
14567
14567
14568
14568
14568
14574
14576
14577
14577
14577
14578
14579
14580
14580
14584
14584
14587
14587
14588
14588
14590
14591
14591
14591
14595
14597
14597
14598
14598
14598
14599
14602
14604
14604
14604
14604
14605
14606
14606
14606
14607
14609
14609
14610
14610
14611
14611
14612
14612
14612
14613
14614
14614
14614
14618
14619
14620
14621
14623
14623
14623
14624
14625
14626
14626
14626
14627
14629
14632
14633
14635
14635
14636
14637
14638
14640
14641
14642
14643
14645
14646
14647
14647
14650
14650
14651
14651
14651
14651
14651
14651
14652
14652
14653
14656
14656
14657
14658
14658
14659
14659
14660
14662
14662
14663
14664
14664
14664
14666
14667
14667
14667
14669
14670
14671
14671
14672
14672
14672
14673
14674
14675
14676
14676
14676
14678
14679
14680
14681
14681
14682
14682
14684
14684
14684
14685
14685
14686
14688
14688
14689
14690
14691
14691
14693
14694
14697
14699
14702
14703
14703
14703
14704
14704
14707
14707
14710
14710
14711
14712
14712
14713
14716
14716
14718
14719
14720
14721
14721
14722
14723
14723
14725
14725
14725
14725
14727
14728
14730
14730
14731
14732
14733
14733
14733
14734
14734
14736
14739
14740
14740
14740
14742
14745
14748
14749
14750
14750
14750
14751
14752
14753
14756
14756
14757
14757
14759
14759
14760
14763
14765
14766
14766
14767
14767
14768
14768
14769
14769
14769
14771
14772
14772
14773
14774
14776
14777
14777
14777
14778
14781
14782
14784
14785
14787
14788
14788
14788
14789
14789
14789
14789
14789
14790
14790
14792
14792
14794
14796
14797
14798
14800
14800
14801
14801
14803
14804
14805
14805
14809
14810
14810
14810
14810
14811
14812
14813
14814
14814
14814
14816
14817
14817
14818
14820
14820
14820
14820
14821
14821
14823
14825
14825
14828
14830
14831
14834
14835
14835
14836
14836
14836
14837
14838
14839
14840
14841
14843
14843
14844
14847
14848
14849
14850
14850
14852
14853
14853
14853
14854
14855
14857
14857
14860
14861
14862
14862
14864
14864
14865
14867
14868
14868
14868
14869
14869
14870
14871
14874
14874
14875
14875
14875
14875
14876
14878
14879
14880
14880
14880
14881
14882
14883
14883
14883
14884
14885
14885
14886
14886
14887
14888
14890
14890
14891
14892
14893
14894
14894
14894
14895
14895
14897
14897
14897
14898
14898
14900
14904
14905
14905
14906
14909
14910
14910
14911
14912
14914
14914
14915
14916
14917
14918
14919
14920
14922
14924
14926
14927
14928
14929
14930
14931
14932
14932
14934
14934
14938
14938
14939
14940
14941
14942
14942
14943
14943
14945
14947
14947
14947
14948
14950
14951
14953
14954
14955
14956
14957
14957
14957
14957
14959
14960
14960
14960
14961
14961
14962
14962
14963
14963
14963
14963
14964
14966
14967
14970
14971
14972
14973
14976
14978
14978
14979
14980
14980
14981
14981
14981
14983
14984
14984
14986
14987
14988
14989
14989
14990
14990
14990
14990
14993
14994
14996
14996
14998
15000
15000
15001
15002
15004
15004
15004
15005
15006
15009
15011
15012
15016
15017
15017
15018
15018
15019
15019
15019
15022
15022
15026
15026
15026
15027
15029
15029
15030
15031
15032
15033
15034
15038
15038
15039
15040
15040
15041
15044
15044
15045
15045
15045
15045
15046
15046
15048
15048
15050
15052
15053
15055
15055
15056
15057
15058
15059
15060
15060
15060
15061
15063
15064
15065
15065
15066
15067
15068
15070
15070
15070
15071
15072
15073
15074
15076
15078
15078
15079
15079
15080
15081
15081
15082
15082
15083
15086
15086
15087
15088
15088
15091
15091
15092
15092
15094
15096
15096
15100
15101
15102
15102
15102
15102
15102
15104
15104
15104
15106
15107
15107
15109
15112
15112
15113
15115
15115
15115
15115
15116
15116
15118
15118
15119
15120
15121
15121
15122
15122
15122
15123
15123
15124
15125
15125
15126
15127
15127
15128
15128
15129
15132
15132
15132
15132
15133
15135
15137
15138
15139
15139
15141
15141
15142
15142
15143
15144
15145
15147
15148
15149
15150
15150
15150
15151
15154
15155
15157
15157
15157
15163
15165
15165
15166
15167
15171
15171
15172
15173
15173
15173
15174
15174
15174
15174
15177
15177
15177
15181
15182
15182
15183
15183
15186
15186
15187
15187
15188
15188
15188
15191
15192
15192
15192
15193
15193
15195
15197
15198
15199
15199
15200
15201
15203
15203
15204
15205
15206
15206
15207
15208
15208
15211
15211
15212
15214
15215
15216
15217
15218
15218
15218
15218
15219
15219
15220
15224
15224
15227
15227
15229
15229
15230
15232
15232
15232
15233
15235
15235
15236
15238
15238
15239
15240
15242
15242
15245
15246
15246
15247
15248
15249
15250
15251
15251
15252
15252
15253
15253
15253
15253
15254
15254
15255
15257
15259
15262
15263
15263
15265
15265
15267
15268
15272
15272
15273
15273
15274
15276
15276
15276
15277
15279
15280
15281
15282
15284
15286
15287
15289
15289
15292
15293
15295
15295
15297
15299
15299
15299
15301
15303
15303
15304
15305
15305
15305
15306
15307
15308
15309
15309
15309
15310
15314
15316
15316
15317
15317
15320
15321
15322
15323
15326
15326
15327
15328
15328
15328
15329
15329
15330
15331
15331
15333
15333
15335
15336
15336
15337
15337
15338
15338
15338
15339
15342
15343
15343
15345
15346
15346
15346
15347
15347
15349
15350
15351
15353
15353
15354
15356
15357
15357
15359
15359
15359
15362
15362
15363
15363
15366
15368
15368
15369
15370
15373
15376
15378
15378
15379
15380
15380
15380
15382
15382
15383
15384
15384
15387
15387
15388
15389
15390
15390
15393
15394
15394
15395
15398
15400
15403
15404
15404
15405
15406
15409
15410
15411
15413
15413
15413
15414
15414
15415
15415
15418
15419
15420
15424
15424
15426
15426
15428
15428
15430
15430
15431
15432
15432
15433
15439
15440
15440
15441
15442
15442
15444
15445
15445
15446
15446
15447
15450
15451
15452
15452
15453
15454
15455
15456
15459
15462
15462
15466
15467
15468
15469
15470
15471
15472
15472
15474
15476
15477
15477
15478
15480
15481
15482
15482
15483
15485
15485
15489
15491
15491
15495
15497
15498
15499
15499
15500
15501
15502
15503
15504
15505
15510
15511
15511
15512
15512
15513
15513
15514
15515
15516
15517
15518
15521
15523
15524
15524
15525
15525
15526
15526
15530
15531
15532
15532
15532
15535
15535
15535
15538
15539
15540
15544
15546
15547
15547
15548
15549
15554
15554
15555
15556
15556
15556
15557
15557
15559
15561
15562
15562
15564
15565
15566
15567
15567
15572
15572
15572
15573
15574
15574
15574
15575
15576
15577
15578
15579
15579
15579
15580
15581
15583
15583
15584
15584
15585
15587
15588
15588
15589
15590
15590
15592
15593
15594
15595
15595
15595
15596
15599
15599
15599
15600
15601
15601
15602
15603
15606
15606
15606
15607
15608
15609
15612
15613
15614
15616
15619
15620
15620
15622
15623
15623
15628
15629
15630
15630
15630
15635
15636
15636
15636
15636
15636
15637
15638
15640
15641
15642
15642
15642
15642
15643
15644
15645
15647
15647
15649
15649
15650
15651
15652
15652
15654
15656
15657
15658
15659
15660
15661
15661
15663
15664
15664
15669
15669
15670
15671
15671
15675
15676
15676
15678
15680
15680
15683
15684
15685
15685
15687
15687
15688
15688
15688
15692
15693
15694
15695
15695
15695
15696
15698
15703
15704
15705
15706
15706
15706
15707
15708
15708
15711
15712
15716
15716
15720
15721
15721
15725
15725
15728
15730
15730
15732
15734
15734
15734
15735
15736
15736
15737
15738
15740
15741
15743
15745
15745
15749
15752
15753
15753
15753
15754
15755
15755
15755
15757
15758
15760
15762
15763
15764
15764
15765
15767
15768
15769
15771
15771
15772
15772
15777
15777
15778
15778
15780
15781
15781
15781
15781
15782
15782
15784
15784
15785
15786
15786
15788
15789
15789
15790
15791
15793
15796
15799
15800
15801
15801
15803
15803
15803
15807
15808
15809
15809
15810
15811
15811
15811
15812
15813
15813
15814
15814
15815
15815
15815
15816
15817
15817
15818
15818
15819
15821
15821
15822
15822
15823
15824
15826
15826
15829
15831
15831
15832
15833
15834
15835
15835
15836
15837
15838
15838
15839
15839
15841
15845
15845
15845
15846
15846
15846
15846
15847
15848
15849
15849
15849
15850
15850
15851
15853
15855
15855
15855
15855
15857
15858
15858
15861
15861
15863
15864
15864
15864
15865
15865
15866
15867
15868
15868
15868
15869
15870
15871
15873
15874
15875
15876
15876
15876
15877
15880
15883
15885
15887
15888
15888
15889
15889
15889
15890
15893
15894
15894
15894
15895
15895
15895
15898
15900
15900
15900
15901
15902
15903
15903
15903
15906
15907
15909
15910
15910
15910
15911
15911
15912
15913
15913
15914
15915
15915
15916
15916
15918
15919
15921
15924
15925
15926
15927
15927
15929
15931
15933
15934
15934
15935
15935
15936
15937
15938
15939
15940
15941
15942
15942
15943
15944
15945
15945
15947
15947
15947
15948
15948
15949
15951
15952
15952
15953
15954
15955
15957
15957
15958
15960
15960
15961
15964
15964
15968
15970
15971
15973
15976
15978
15978
15981
15982
15983
15985
15986
15986
15986
15987
15987
15987
15991
15991
15993
15993
15994
15994
15996
15996
15996
15998
15998
15998
16001
16002
16002
16003
16003
16003
16003
16004
16006
16007
16007
16007
16008
16009
16009
16009
16009
16010
16010
16010
16011
16012
16012
16012
16014
16015
16015
16017
16017
16019
16019
16021
16022
16022
16025
16026
16028
16032
16035
16035
16038
16038
16039
16041
16041
16044
16044
16046
16046
16047
16048
16050
16050
16052
16054
16056
16056
16058
16058
16058
16063
16063
16064
16065
16066
16070
16070
16071
16072
16073
16073
16073
16075
16075
16077
16077
16078
16080
16080
16080
16081
16081
16082
16084
16085
16086
16086
16088
16090
16090
16091
16091
16092
16094
16095
16097
16098
16102
16102
16103
16103
16104
16104
16105
16106
16108
16109
16111
16113
16115
16115
16116
16117
16120
16121
16123
16124
16124
16124
16125
16126
16127
16127
16127
16127
16129
16129
16129
16130
16130
16132
16133
16135
16135
16137
16137
16138
16138
16140
16140
16142
16143
16145
16145
16148
16149
16149
16152
16154
16154
16156
16157
16157
16158
16163
16163
16164
16165
16167
16168
16168
16169
16171
16171
16172
16173
16173
16174
16174
16175
16177
16180
16180
16181
16181
16183
16183
16183
16183
16183
16183
16184
16184
16184
16185
16185
16186
16186
16186
16187
16187
16187
16187
16187
16188
16191
16192
16193
16194
16196
16198
16200
16200
16203
16203
16204
16205
16206
16208
16208
16208
16209
16209
16209
16210
16211
16211
16211
16211
16212
16212
16213
16214
16214
16215
16215
16216
16220
16221
16222
16222
16222
16223
16224
16224
16224
16225
16226
16226
16229
16229
16229
16229
16230
16231
16232
16232
16234
16236
16238
16238
16239
16239
16241
16242
16242
16242
16243
16243
16246
16246
16247
16251
16254
16255
16255
16257
16258
16258
16261
16262
16263
16263
16263
16264
16265
16267
16267
16268
16269
16269
16269
16270
16273
16273
16274
16275
16275
16275
16276
16276
16276
16277
16279
16282
16283
16283
16283
16285
16285
16286
16290
16292
16295
16296
16297
16298
16298
16300
16302
16304
16305
16305
16305
16305
16306
16306
16307
16308
16308
16310
16311
16312
16315
16315
16318
16318
16319
16322
16324
16325
16325
16327
16327
16328
16331
16331
16331
16331
16333
16334
16335
16335
16336
16336
16336
16337
16337
16340
16341
16342
16344
16344
16344
16345
16345
16347
16349
16351
16353
16354
16355
16355
16355
16358
16358
16359
16359
16364
16364
16364
16365
16365
16365
16368
16369
16369
16370
16371
16372
16373
16373
16374
16374
16374
16374
16375
16377
16378
16380
16380
16380
16381
16383
16384
16385
16386
16386
16386
16387
16387
16388
16388
16389
16389
16390
16390
16392
16394
16397
16397
16398
16400
16400
16401
16403
16404
16405
16405
16407
16409
16409
16411
16411
16411
16411
16412
16415
16415
16416
16418
16420
16424
16424
16425
16425
16427
16427
16428
16428
16429
16430
16432
16433
16433
16435
16438
16438
16439
16441
16442
16443
16447
16448
16449
16451
16451
16452
16453
16455
16456
16457
16460
16460
16461
16462
16463
16465
16465
16465
16467
16468
16472
16472
16474
16476
16478
16480
16480
16481
16484
16484
16486
16487
16488
16488
16493
16494
16494
16495
16497
16500
16502
16502
16503
16504
16506
16507
16509
16509
16509
16509
16511
16512
16513
16513
16514
16514
16516
16516
16516
16518
16519
16519
16520
16522
16522
16522
16523
16524
16527
16527
16527
16529
16531
16531
16531
16531
16533
16534
16534
16537
16538
16540
16540
16540
16542
16543
16543
16544
16546
16547
16547
16548
16548
16548
16548
16553
16554
16554
16554
16556
16558
16560
16561
16561
16562
16562
16563
16564
16564
16565
16565
16565
16566
16566
16566
16567
16568
16572
16572
16576
16578
16579
16579
16580
16581
16582
16588
16589
16589
16589
16590
16591
16591
16592
16593
16595
16596
16597
16597
16597
16600
16603
16603
16604
16604
16605
16606
16607
16608
16610
16613
16614
16615
16616
16620
16620
16623
16624
16625
16625
16625
16627
16627
16628
16630
16633
16633
16637
16637
16638
16639
16639
16640
16641
16641
16641
16642
16643
16645
16645
16650
16652
16654
16654
16654
16654
16655
16655
16657
16658
16659
16660
16661
16662
16663
16666
16667
16667
16667
16668
16668
16668
16672
16672
16674
16675
16675
16678
16679
16681
16681
16682
16683
16683
16683
16684
16687
16687
16687
16687
16690
16690
16693
16695
16695
16696
16696
16696
16696
16697
16697
16697
16698
16698
16700
16701
16702
16702
16703
16705
16706
16706
16707
16707
16707
16708
16709
16710
16710
16712
16712
16716
16717
16718
16718
16718
16719
16720
16720
16721
16722
16723
16723
16723
16724
16724
16724
16724
16726
16726
16727
16728
16729
16729
16729
16732
16733
16737
16739
16740
16741
16743
16745
16746
16748
16748
16748
16749
16750
16751
16752
16752
16752
16752
16757
16758
16759
16760
16760
16761
16763
16763
16765
16768
16768
16769
16770
16771
16771
16771
16772
16773
16774
16776
16776
16778
16782
16783
16785
16786
16786
16791
16792
16793
16793
16795
16797
16799
16799
16800
16801
16801
16802
16802
16802
16803
16804
16806
16806
16807
16809
16811
16811
16812
16812
16812
16814
16814
16815
16815
16815
16815
16817
16817
16817
16818
16819
16820
16820
16821
16821
16822
16822
16823
16823
16823
16824
16825
16826
16827
16828
16828
16828
16831
16831
16832
16833
16837
16837
16838
16839
16840
16841
16841
16842
16843
16845
16847
16847
16849
16849
16850
16850
16854
16856
16856
16858
16858
16859
16861
16862
16862
16862
16863
16865
16865
16866
16868
16868
16868
16869
16869
16870
16871
16872
16872
16873
16873
16873
16874
16874
16875
16877
16877
16877
16878
16878
16879
16880
16881
16881
16882
16883
16883
16884
16885
16886
16888
16889
16889
16892
16893
16896
16899
16900
16901
16902
16903
16905
16906
16907
16909
16910
16910
16910
16913
16913
16914
16914
16914
16915
16915
16916
16917
16917
16918
16918
16921
16924
16924
16924
16928
16929
16930
16931
16931
16931
16932
16933
16933
16934
16935
16935
16936
16938
16938
16938
16939
16939
16940
16941
16942
16943
16943
16944
16946
16947
16948
16950
16951
16951
16953
16953
16954
16957
16957
16959
16960
16961
16962
16962
16964
16964
16965
16965
16967
16968
16969
16971
16972
16974
16974
16975
16976
16977
16978
16978
16979
16980
16981
16985
16985
16986
16987
16988
16990
16990
16991
16993
16993
16994
16995
16996
16996
16997
16997
16998
16999
17001
17003
17007
17008
17008
17009
17009
17010
17011
17011
17012
17015
17015
17017
17022
17022
17023
17025
17028
17028
17028
17030
17034
17035
17035
17036
17038
17039
17039
17039
17041
17044
17047
17048
17048
17049
17049
17050
17050
17050
17051
17052
17053
17053
17053
17053
17055
17056
17057
17057
17059
17059
17060
17061
17062
17062
17062
17067
17067
17068
17068
17069
17071
17072
17074
17077
17077
17078
17079
17080
17080
17082
17083
17083
17087
17087
17089
17090
17090
17091
17091
17092
17092
17093
17094
17094
17096
17097
17098
17099
17100
17100
17101
17102
17103
17105
17106
17106
17106
17106
17106
17107
17109
17109
17110
17110
17112
17113
17113
17114
17114
17115
17115
17115
17116
17116
17116
17117
17117
17118
17118
17119
17120
17123
17123
17124
17125
17125
17126
17126
17129
17131
17132
17132
17134
17134
17135
17140
17140
17140
17140
17142
17142
17142
17143
17143
17144
17145
17146
17147
17154
17155
17158
17158
17159
17160
17160
17161
17161
17162
17162
17163
17163
17164
17166
17167
17169
17170
17171
17172
17173
17174
17175
17175
17177
17177
17178
17178
17179
17180
17180
17182
17183
17183
17184
17185
17186
17188
17188
17189
17190
17191
17191
17191
17192
17192
17194
17194
17195
17195
17196
17201
17201
17201
17202
17202
17202
17205
17206
17208
17212
17212
17212
17213
17214
17214
17214
17215
17216
17217
17217
17218
17218
17219
17220
17220
17222
17222
17223
17223
17226
17227
17227
17228
17229
17229
17230
17231
17231
17233
17234
17235
17236
17237
17237
17238
17239
17239
17240
17240
17243
17243
17245
17246
17247
17248
17248
17251
17251
17252
17255
17255
17255
17256
17256
17256
17256
17257
17259
17259
17261
17261
17263
17267
17267
17268
17270
17273
17273
17273
17274
17274
17274
17275
17275
17276
17281
17281
17282
17283
17283
17287
17288
17289
17289
17289
17290
17292
17292
17295
17295
17296
17298
17298
17298
17299
17299
17300
17300
17301
17302
17304
17304
17304
17305
17307
17307
17308
17309
17311
17311
17312
17313
17313
17314
17315
17315
17317
17317
17318
17320
17320
17320
17321
17322
17323
17327
17327
17327
17328
17331
17331
17333
17334
17334
17336
17336
17337
17339
17339
17340
17340
17341
17342
17342
17344
17346
17346
17347
17348
17350
17350
17351
17353
17354
17354
17354
17355
17355
17355
17355
17356
17358
17359
17361
17363
17364
17364
17364
17364
17365
17365
17369
17369
17372
17375
17376
17377
17379
17379
17379
17380
17380
17380
17381
17382
17383
17383
17384
17384
17387
17389
17389
17390
17391
17392
17393
17398
17398
17399
17399
17400
17400
17400
17402
17403
17403
17404
17404
17406
17407
17407
17408
17410
17411
17412
17413
17413
17415
17416
17416
17416
17418
17419
17420
17421
17423
17425
17426
17428
17428
17430
17431
17431
17431
17432
17433
17433
17434
17438
17439
17439
17439
17440
17440
17442
17443
17444
17444
17446
17447
17447
17448
17448
17450
17453
17455
17456
17457
17458
17458
17458
17461
17461
17465
17465
17465
17466
17466
17467
17468
17468
17468
17468
17470
17472
17473
17475
17476
17477
17478
17478
17480
17481
17481
17483
17483
17484
17485
17486
17488
17488
17489
17489
17490
17490
17491
17494
17495
17497
17499
17499
17500
17501
17501
17503
17503
17506
17507
17509
17510
17510
17510
17511
17512
17512
17513
17515
17518
17519
17521
17522
17523
17523
17524
17524
17525
17526
17526
17529
17529
17531
17532
17533
17533
17533
17533
17534
17534
17534
17536
17536
17537
17540
17540
17542
17543
17546
17547
17547
17547
17548
17549
17550
17551
17554
17555
17555
17557
17557
17558
17560
17561
17563
17565
17567
17567
17568
17569
17571
17571
17571
17572
17572
17574
17575
17576
17577
17578
17578
17579
17579
17581
17581
17582
17582
17583
17583
17583
17583
17583
17583
17584
17585
17586
17588
17588
17590
17592
17593
17593
17596
17597
17600
17600
17602
17604
17605
17605
17606
17607
17608
17609
17609
17610
17612
17613
17613
17613
17614
17616
17619
17619
17620
17621
17622
17622
17623
17623
17623
17630
17631
17631
17632
17633
17634
17634
17635
17635
17635
17635
17636
17637
17637
17638
17638
17639
17639
17640
17641
17642
17643
17644
17645
17647
17649
17652
17652
17652
17653
17653
17659
17659
17659
17660
17661
17661
17662
17662
17663
17664
17665
17665
17666
17667
17668
17669
17670
17671
17672
17675
17676
17676
17680
17681
17681
17682
17683
17684
17686
17686
17686
17687
17688
17690
17694
17694
17694
17696
17696
17697
17699
17699
17701
17702
17704
17704
17705
17707
17707
17709
17712
17714
17716
17718
17718
17719
17720
17720
17722
17724
17725
17725
17725
17726
17727
17728
17731
17732
17733
17733
17734
17734
17736
17736
17736
17737
17739
17739
17741
17742
17744
17744
17745
17746
17746
17746
17746
17746
17746
17748
17749
17749
17750
17751
17751
17753
17756
17758
17762
17762
17763
17763
17765
17766
17766
17767
17767
17767
17768
17768
17768
17769
17769
17771
17773
17773
17773
17775
17778
17779
17780
17780
17782
17782
17783
17785
17785
17787
17788
17788
17790
17791
17791
17791
17791
17794
17795
17795
17796
17796
17797
17797
17798
17798
17799
17800
17801
17801
17802
17802
17803
17804
17805
17805
17806
17808
17808
17810
17811
17813
17816
17818
17819
17820
17822
17822
17824
17824
17825
17825
17830
17830
17832
17833
17833
17834
17835
17835
17836
17836
17836
17838
17839
17840
17843
17844
17845
17852
17855
17855
17858
17859
17860
17860
17861
17861
17865
17866
17866
17866
17866
17869
17869
17870
17870
17871
17871
17872
17874
17875
17877
17878
17878
17879
17881
17883
17883
17884
17884
17885
17886
17888
17888
17890
17890
17891
17892
17893
17893
17893
17894
17895
17896
17900
17905
17905
17905
17907
17907
17908
17914
17915
17916
17916
17917
17917
17920
17920
17920
17920
17921
17926
17928
17929
17930
17930
17932
17933
17934
17937
17938
17938
17938
17941
17942
17942
17944
17945
17947
17948
17949
17949
17950
17952
17953
17953
17953
17954
17954
17955
17957
17958
17958
17958
17958
17959
17960
17962
17964
17964
17966
17967
17968
17969
17969
17972
17972
17974
17974
17974
17974
17975
17978
17978
17978
17979
17980
17981
17981
17981
17981
17981
17982
17984
17985
17985
17988
17991
17992
17992
17993
17993
17994
17995
18001
18001
18001
18003
18003
18004
18004
18005
18005
18007
18009
18009
18011
18011
18012
18015
18019
18020
18020
18021
18023
18023
18025
18026
18027
18028
18031
18033
18034
18034
18035
18035
18035
18035
18036
18037
18037
18038
18039
18040
18040
18041
18041
18045
18046
18046
18047
18048
18048
18048
18050
18050
18051
18051
18052
18053
18053
18055
18055
18057
18058
18059
18059
18061
18062
18062
18063
18064
18065
18065
18065
18065
18067
18071
18073
18073
18074
18074
18075
18077
18078
18081
18082
18083
18083
18084
18085
18086
18087
18092
18096
18096
18099
18101
18104
18105
18106
18106
18108
18109
18111
18112
18113
18114
18117
18118
18118
18120
18123
18124
18125
18126
18127
18127
18127
18130
18130
18131
18131
18133
18134
18135
18136
18137
18138
18139
18139
18139
18141
18141
18143
18143
18146
18147
18149
18150
18150
18150
18152
18153
18153
18160
18160
18161
18164
18165
18166
18166
18166
18168
18169
18169
18169
18170
18171
18172
18172
18173
18174
18175
18176
18178
18178
18181
18181
18181
18182
18183
18183
18185
18187
18188
18189
18189
18189
18190
18191
18191
18191
18192
18194
18196
18197
18198
18198
18199
18199
18202
18202
18202
18208
18210
18210
18210
18210
18211
18212
18212
18212
18213
18214
18215
18215
18216
18216
18217
18217
18218
18218
18218
18219
18221
18221
18221
18222
18222
18224
18224
18225
18226
18227
18227
18228
18230
18230
18230
18231
18231
18233
18234
18236
18236
18237
18238
18240
18243
18243
18243
18245
18247
18249
18250
18250
18255
18256
18258
18258
18258
18259
18259
18260
18261
18262
18262
18263
18265
18265
18268
18270
18271
18272
18273
18274
18276
18278
18278
18280
18280
18280
18281
18281
18282
18282
18282
18285
18287
18287
18287
18289
18293
18293
18294
18296
18297
18297
18298
18299
18304
18304
18305
18305
18307
18307
18308
18308
18308
18309
18309
18310
18312
18313
18315
18316
18316
18317
18317
18319
18325
18326
18327
18327
18328
18329
18330
18330
18332
18332
18336
18340
18340
18341
18341
18341
18345
18346
18346
18347
18347
18348
18348
18350
18352
18353
18353
18354
18354
18355
18355
18357
18357
18359
18360
18360
18361
18364
18364
18366
18368
18370
18372
18373
18374
18375
18377
18377
18378
18378
18380
18381
18381
18382
18382
18382
18382
18386
18386
18387
18393
18393
18394
18395
18396
18397
18401
18401
18403
18404
18404
18404
18408
18409
18412
18415
18415
18417
18420
18421
18422
18422
18422
18423
18423
18425
18426
18430
18432
18436
18437
18437
18438
18438
18438
18439
18439
18439
18439
18441
18443
18443
18443
18444
18445
18445
18446
18448
18448
18449
18452
18453
18453
18454
18455
18455
18455
18456
18458
18459
18460
18463
18464
18465
18465
18465
18466
18466
18467
18467
18467
18469
18471
18471
18475
18476
18478
18478
18479
18479
18480
18480
18480
18481
18482
18483
18484
18485
18485
18486
18486
18490
18490
18492
18492
18492
18493
18494
18494
18494
18494
18496
18498
18499
18499
18500
18501
18501
18502
18503
18506
18508
18508
18508
18510
18513
18514
18516
18516
18516
18516
18517
18520
18521
18524
18524
18525
18525
18526
18526
18527
18528
18528
18528
18531
18532
18533
18533
18534
18535
18535
18536
18536
18536
18538
18539
18539
18539
18539
18540
18540
18541
18546
18546
18546
18547
18548
18549
18550
18551
18552
18552
18552
18552
18555
18556
18557
18557
18558
18559
18559
18563
18563
18565
18566
18567
18568
18569
18569
18571
18571
18573
18573
18574
18574
18575
18575
18578
18578
18579
18579
18579
18581
18582
18586
18586
18587
18588
18590
18590
18591
18591
18592
18593
18593
18595
18596
18596
18597
18598
18599
18599
18600
18604
18604
18604
18605
18606
18607
18609
18610
18610
18610
18611
18613
18613
18614
18616
18617
18618
18619
18620
18621
18623
18623
18623
18623
18624
18625
18625
18626
18626
18628
18629
18629
18630
18630
18631
18635
18638
18638
18639
18640
18641
18642
18644
18645
18648
18649
18651
18654
18654
18655
18656
18656
18657
18658
18658
18659
18664
18666
18667
18667
18668
18671
18672
18672
18673
18673
18673
18673
18673
18675
18675
18676
18678
18679
18681
18682
18684
18686
18687
18689
18689
18691
18693
18693
18694
18696
18696
18698
18699
18699
18700
18700
18701
18701
18702
18702
18702
18704
18704
18704
18705
18710
18711
18711
18711
18714
18714
18715
18715
18718
18718
18719
18720
18721
18724
18725
18727
18728
18728
18729
18729
18729
18731
18731
18732
18734
18735
18736
18736
18739
18739
18740
18741
18744
18744
18744
18745
18751
18751
18756
18756
18758
18758
18759
18759
18759
18760
18760
18761
18762
18762
18764
18765
18767
18769
18772
18776
18776
18779
18783
18783
18786
18788
18788
18788
18790
18790
18790
18791
18791
18792
18792
18793
18794
18795
18796
18798
18798
18798
18800
18801
18801
18801
18801
18802
18802
18807
18808
18808
18809
18810
18812
18812
18815
18816
18816
18816
18817
18817
18820
18821
18825
18825
18827
18831
18831
18831
18832
18833
18833
18834
18835
18839
18839
18839
18839
18841
18841
18842
18843
18847
18847
18847
18850
18855
18856
18857
18858
18859
18861
18862
18863
18863
18863
18866
18868
18869
18870
18871
18872
18873
18873
18874
18875
18876
18878
18878
18879
18883
18884
18884
18885
18886
18886
18886
18887
18887
18887
18888
18888
18888
18888
18890
18890
18890
18890
18891
18891
18891
18892
18893
18894
18895
18895
18896
18897
18898
18898
18898
18899
18900
18902
18904
18905
18906
18906
18907
18907
18909
18913
18913
18914
18917
18917
18918
18918
18919
18921
18921
18922
18923
18928
18930
18931
18931
18932
18933
18933
18934
18934
18935
18936
18937
18937
18937
18941
18942
18944
18947
18948
18949
18950
18950
18950
18951
18951
18951
18952
18952
18953
18953
18955
18959
18960
18961
18961
18962
18965
18967
18967
18967
18969
18973
18974
18975
18976
18976
18978
18978
18978
18980
18981
18982
18982
18983
18984
18984
18985
18985
18987
18987
18990
18990
18991
18991
18991
18994
18994
18994
18994
18995
18995
18997
18998
18999
18999
19000
19000
19000
19001
19002
19002
19003
19005
19005
19005
19011
19012
19014
19016
19017
19017
19021
19021
19022
19022
19029
19030
19030
19032
19032
19035
19038
19038
19039
19040
19041
19041
19041
19042
19042
19043
19045
19045
19046
19046
19047
19048
19049
19049
19049
19050
19050
19051
19051
19053
19054
19055
19056
19057
19060
19060
19064
19067
19067
19069
19072
19072
19074
19075
19075
19076
19077
19077
19080
19082
19082
19086
19086
19088
19089
19090
19091
19093
19094
19095
19096
19099
19099
19099
19099
19099
19102
19104
19104
19104
19106
19107
19107
19107
19110
19110
19111
19112
19115
19117
19117
19118
19119
19120
19121
19122
19122
19123
19123
19126
19129
19130
19131
19131
19134
19134
19134
19135
19136
19138
19141
19141
19142
19143
19144
19144
19145
19147
19148
19150
19152
19152
19153
19155
19156
19160
19162
19162
19162
19164
19164
19164
19165
19165
19166
19167
19169
19171
19171
19172
19172
19173
19174
19175
19177
19178
19178
19179
19181
19182
19183
19185
19186
19187
19188
19189
19190
19196
19199
19199
19200
19203
19205
19206
19206
19207
19208
19208
19208
19209
19209
19212
19215
19216
19218
19219
19219
19220
19220
19222
19225
19228
19229
19234
19234
19235
19237
19237
19238
19239
19240
19242
19242
19242
19242
19243
19243
19243
19243
19245
19246
19247
19247
19247
19247
19250
19251
19255
19255
19259
19260
19260
19260
19261
19263
19264
19267
19267
19268
19270
19272
19275
19276
19277
19278
19278
19278
19278
19280
19280
19280
19281
19282
19282
19283
19283
19285
19286
19286
19287
19288
19290
19290
19291
19291
19291
19292
19292
19292
19293
19293
19295
19296
19297
19299
19299
19299
19300
19302
19304
19304
19305
19305
19307
19308
19309
19310
19310
19311
19312
19312
19313
19313
19314
19314
19315
19316
19319
19324
19325
19325
19328
19330
19331
19332
19333
19333
19333
19334
19335
19335
19338
19339
19343
19344
19345
19345
19345
19346
19346
19347
19347
19347
19347
19347
19350
19353
19353
19353
19358
19359
19359
19360
19360
19360
19360
19361
19361
19361
19363
19363
19365
19365
19366
19367
19367
19368
19368
19370
19371
19371
19372
19372
19373
19373
19373
19375
19376
19376
19376
19377
19378
19379
19380
19381
19382
19383
19387
19389
19393
19394
19395
19396
19396
19398
19398
19398
19399
19403
19403
19404
19404
19404
19405
19406
19406
19407
19409
19409
19410
19410
19411
19411
19411
19414
19414
19416
19418
19418
19419
19422
19423
19424
19424
19424
19427
19428
19428
19432
19432
19432
19433
19433
19436
19438
19438
19439
19439
19440
19441
19442
19442
19443
19443
19443
19443
19444
19444
19444
19446
19447
19449
19450
19451
19452
19457
19457
19457
19458
19459
19459
19459
19460
19460
19460
19462
19463
19466
19468
19468
19468
19469
19469
19470
19472
19472
19472
19473
19474
19474
19476
19476
19477
19477
19478
19478
19478
19479
19480
19481
19483
19484
19487
19488
19488
19488
19489
19489
19491
19494
19495
19496
19497
19498
19499
19501
19501
19504
19505
19506
19506
19507
19507
19507
19508
19508
19508
19508
19509
19510
19510
19511
19512
19513
19513
19517
19519
19519
19519
19520
19520
19521
19523
19523
19524
19524
19524
19527
19530
19531
19531
19531
19532
19532
19535
19537
19539
19541
19541
19541
19541
19543
19543
19545
19546
19546
19546
19546
19547
19547
19551
19551
19552
19552
19553
19554
19555
19555
19557
19558
19558
19560
19560
19560
19560
19561
19563
19565
19566
19568
19569
19574
19574
19575
19575
19576
19577
19577
19578
19579
19580
19581
19582
19583
19584
19585
19585
19585
19585
19587
19588
19589
19589
19589
19592
19592
19593
19593
19594
19597
19597
19599
19599
19600
19601
19601
19603
19605
19606
19606
19607
19608
19609
19610
19610
19611
19611
19612
19613
19614
19614
19616
19619
19620
19620
19621
19622
19622
19623
19623
19625
19626
19629
19629
19629
19631
19631
19631
19632
19634
19634
19638
19639
19639
19640
19640
19641
19641
19641
19645
19646
19648
19648
19648
19649
19650
19651
19651
19651
19651
19652
19652
19652
19654
19654
19656
19656
19657
19657
19660
19660
19662
19662
19664
19664
19665
19665
19667
19667
19667
19669
19670
19672
19673
19673
19674
19674
19675
19676
19678
19679
19680
19681
19681
19681
19682
19682
19683
19683
19684
19686
19686
19686
19688
19690
19691
19691
19692
19693
19694
19695
19696
19698
19701
19701
19702
19702
19702
19704
19705
19707
19707
19708
19709
19709
19710
19711
19712
19712
19713
19715
19715
19717
19717
19719
19720
19721
19722
19723
19725
19726
19727
19729
19729
19730
19731
19731
19733
19733
19734
19734
19734
19735
19736
19738
19738
19741
19742
19744
19744
19744
19746
19746
19747
19750
19750
19751
19751
19751
19754
19754
19757
19757
19758
19758
19758
19758
19759
19759
19760
19761
19762
19762
19763
19763
19763
19763
19764
19766
19766
19766
19768
19768
19769
19770
19770
19771
19772
19773
19774
19775
19775
19776
19778
19778
19782
19782
19782
19783
19783
19783
19784
19785
19785
19787
19787
19787
19788
19790
19790
19791
19792
19793
19794
19796
19797
19799
19800
19800
19800
19801
19801
19802
19802
19804
19809
19809
19811
19812
19812
19815
19816
19817
19817
19819
19821
19821
19821
19823
19824
19825
19827
19827
19828
19828
19829
19831
19831
19832
19833
19833
19836
19836
19836
19836
19837
19837
19838
19839
19840
19841
19841
19845
19846
19847
19849
19850
19850
19851
19852
19852
19853
19854
19855
19856
19857
19858
19858
19860
19863
19864
19865
19865
19865
19866
19866
19867
19868
19870
19872
19872
19874
19874
19875
19876
19877
19879
19879
19880
19880
19881
19881
19882
19883
19883
19886
19887
19889
19891
19891
19895
19895
19897
19898
19899
19900
19900
19901
19902
19903
19903
19904
19905
19907
19907
19908
19909
19909
19911
19911
19912
19912
19913
19913
19913
19916
19917
19919
19920
19920
19924
19925
19926
19926
19927
19928
19928
19929
19929
19930
19930
19930
19930
19931
19931
19932
19933
19934
19934
19934
19936
19936
19938
19939
19939
19940
19942
19943
19943
19945
19946
19947
19947
19947
19947
19951
19952
19952
19953
19954
19955
19960
19960
19961
19962
19963
19963
19964
19964
19965
19967
19969
19972
19973
19974
19974
19974
19975
19975
19976
19977
19979
19979
19979
19983
19983
19985
19985
19985
19986
19987
19987
19989
19989
19990
19990
19990
19991
19991
19992
19993
19994
19994
19995
19995
19997
19997
19999
20000
20000

1425
4530
12633
28756
75063
83144
90189
94764
97236
121327
145791
162145
232665
235326
236904
246256
246598
273491
285419
294229
301646
320920
340304
356257
371254
386859
387633
417238
427109
541570
547167
567751
580578
593380
610561
612918
618521
633121
666012
678540
683433
722690
750045
821348
887118
890626
935345
965142
967667
1008488
1016714
1026711
1034383
1053226
1060581
1063063
1094968
1109276
1125773
1139417
1154476
1205667
1206176
1247015
1247671
1294374
1310236
1320995
1321754
1326113
1327162
1394470
1439264
1473127
1482389
1489426
1509135
1510035
1562055
1584954
1600783
1604555
1615208
1621828
1631950
1645321
1705788
1732250
1733237
1745413
1749713
1784000
1833648
1834177
1836243
1866957
1907729
1918352
1927445
1965832
1979531
2030033
2047085
2048966
2062571
2065709
2075350
2083872
2100959
2101252
2108169
2109479
2119474
2129360
2169511
2193248
2213549
2224368
2226876
2243078
2247622
2251420
2266216
2273103
2281913
2295834
2298517
2304158
2325718
2352437
2388846
2394654
2480707
2490480
2506872
2532085
2555476
2566253
2594061
2652936
2668342
2670129
2691119
2702256
2742831
2769076
2833945
2925203
2953516
2961218
2963103
3010446
3019998
3034134
3041504
3060969
3107527
3127184
3128822
3130203
3131387
3146951
3185084
3205151
3222985
3224185
3231005
3264282
3287141
3300270
3337362
3343921
3365242
3366306
3392741
3442013
3464676
3465585
3476153
3483185
3486874
3499241
3504830
3513870
3514716
3515645
3549207
3601341
3656202
3662532
3668281
3727084
3746452
3769047
3808577
3821499
3826904
3834653
3845658
3881498
3896694
3897711
3932397
3944460
3969916
3980329
4005549
4030453
4042921
4047103
4067773
4079150
4090896
4094608
4098972
4154528
4171839
4195278
4234575
4237062
4275433
4299481
4310739
4358941
4363937
4378717
4389775
4392322
4427613
4429346
4432748
4436385
4451282
4463740
4475362
4494319
4582730
4610622
4613227
4614112
4620191
4630031
4632104
4643625
4659080
4723351
4726311
4729470
4748353
4771489
4788565
4807985
4810058
4830241
4856296
4884215
4891862
4892718
4899921
4904187
4925186
4932651
4940706
4949250
4952803
4992396
5009537
5010994
5015082
5047520
5128351
5153371
5178562
5192433
5208316
5224128
5226240
5248949
5261431
5270481
5311921
5322198
5337570
5366709
5385191
5412062
5423958
5432697
5443044
5443746
5476300
5486279
5489671
5531214
5546419
5556227
5557400
5559324
5568520
5581928
5605561
5623583
5645059
5686015
5703496
5703723
5719560
5722479
5745727
5749003
5757816
5776036
5807303
5818885
5826227
5826710
5837599
5838373
5839916
5846937
5858331
5862070
5879741
5901250
5930894
5935189
5937073
5939537
5960399
5986380
6014163
6016901
6024720
6032685
6039142
6091007
6096956
6128530
6143673
6172459
6177504
6179262
6196595
6255979
6281029
6308798
6315360
6318322
6421005
6437714
6451922
6467329
6472386
6478061
6495729
6514125
6516172
6520456
6524427
6574295
6574628
6630588
6661444
6662944
6667851
6674539
6685729
6696917
6697335
6710037
6749406
6769420
6772853
6775249
6787695
6803567
6808809
6822797
6828485
6839501
6900921
6912697
6926257
6948608
6952390
6955540
6976956
6989275
6993685
6998744
7004062
7006427
7050411
7086986
7118238
7139348
7142467
7165982
7166467
7185642
7190344
7191251
7198123
7208707
7239816
7248093
7271469
7278275
7281614
7299497
7309485
7310199
7323393
7327765
7347171
7410433
7420006
7433967
7435126
7448055
7465821
7486940
7496724
7503536
7504395
7509045
7513235
7515280
7523388
7527673
7577786
7600622
7605944
7634177
7661015
7677493
7706587
7710130
7710806
7748943
7760093
7824219
7890811
7905684
7909365
7947831
7962666
7994929
7997768
7999322
8044853
8062139
8089937
8105077
8136602
8165185
8170313
8177571
8184391
8190367
8218742
8228907
8239690
8242901
8258346
8279705
8286437
8315720
8317650
8332908
8342256
8377277
8381375
8384775
8386935
8418587
8437214
8443431
8494253
8535926
8552844
8554562
8557384
8573350
8619908
8688307
8688368
8692743
8713648
8724630
8761613
8762883
8764089
8788549
8828494
8843202
8860242
8872567
8880039
8911659
8914525
8934801
8982265
8986448
9058596
9064609
9065550
9090538
9092347
9092377
9142856
9156058
9159262
9168513
9184382
9191070
9226325
9228394
9240801
9258092
9266413
9277120
9318283
9368036
9442063
9447902
9448637
9457092
9487068
9487809
9536015
9539686
9554318
9555615
9581295
9589815
9595507
9617085
9643774
9677641
9678555
9704019
9704446
9716309
9718087
9724214
9724997
9748983
9763450
9771339
9786828
9789912
9798213
9837706
9839023
9907435
9926200
9926458
9942421
9983233
10013344
10049210
10051685
10069628
10110173
10114180
10120933
10121080
10138126
10156850
10158290
10160500
10163207
10189602
10211830
10238702
10239700
10251094
10251852
10274899
10283030
10292635
10340742
10342707
10359510
10371673
10376132
10406458
10420050
10426243
10428883
10429708
10450965
10457333
10457481
10459110
10473397
10509552
10597167
10613922
10644892
10658570
10694801
10698248
10733951
10755033
10767560
10808453
10815716
10833856
10838507
10880892
10895753
10896776
10911034
10945690
10967593
10984467
10989800
10994229
10996696
11020812
11023038
11028590
11035574
11045231
11051961
11100647
11104685
11117288
11124685
11132235
11181103
11204112
11219646
11243372
11253256
11285070
11301447
11304073
11308101
11311879
11327205
11330804
11337032
11380032
11390160
11416292
11431328
11439061
11459534
11469820
11485659
11492656
11506894
11515827
11545544
11578079
11687793
11690925
11731575
11742449
11742560
11781800
11803462
11808469
11815623
11825181
11834335
11836122
11844620
11850541
11871394
11884668
11888608
11922028
11938528
11945775
11954694
11965449
12000958
12002579
12019882
12036689
12068946
12149054
12150864
12171983
12177696
12194006
12196900
12239745
12258324
12290308
12330803
12345364
12355975
12365569
12376450
12393555
12406048
12418120
12418285
12438335
12457118
12458873
12495798
12497324
12523930
12526433
12526943
12537970
12548017
12561458
12605348
12619992
12634392
12651491
12674621
12718342
12766040
12801621
12844479
12844552
12864254
12890857
12894818
12904729
12906293
12929123
12935725
12948324
12953318
12955362
12962750
12980294
12998244
12998424
13001163
13002316
13014962
13018923
13022365
13059411
13072624
13077923
13082289
13091450
13124184
13128770
13190381
13193923
13195897
13228074
13242324
13254999
13268648
13270176
13279302
13280036
13289136
13322607
13369196
13370898
13386206
13386552
13393191
13403678
13444641
13467986
13475972
13486453
13493089
13502273
13506354
13507406
13511833
13537172
13564291
13564426
13625557
13686904
13695292
13712989
13722463
13727335
13734157
13748435
13788108
13800520
13805108
13813263
13826337
13847564
13882226
13894876
13897664
13924526
13937380
13953854
13953971
13963506
14033060
14054409
14089693
14091548
14115542
14118325
14124011
14144525
14159165
14191724
14228984
14233614
14241908
14299123
14303683
14305705
14318505
14332256
14342960
14355860
14378537
14379563
14384060
14416825
14455199
14475950
14497121
14533407
14540849
14563891
14583201
14622469
14624950
14628727
14629205
14630278
14639191
14651012
14668524
14670432
14707080
14712988
14716109
14747680
14778357
14790573
14808401
14870727
14876660
14982932
14992342
15030922
15037747
15058569
15072113
15082063
15124864
15137176
15146649
15162493
15186082
15204479
15209920
15218846
15219641
15219863
15220364
15245920
15271491
15283776
15292579
15292641
15297832
15311270
15315471
15326943
15359604
15404700
15423052
15440350
15440578
15441632
15444059
15448332
15465075
15472254
15492472
15532858
15552600
15554634
15567668
15568992
15615025
15625421
15634686
15665348
15676477
15683764
15700456
15704080
15721516
15741078
15755850
15762933
15802392
15808847
15838196
15841081
15847585
15867636
15884358
15886461
15886963
15888682
15981004
16022039
16046738
16057629
16074305
16088146
16118533
16131374
16171551
16194912
16212739
16231401
16309198
16314769
16327320
16342926
16364658
16381049
16462851
16463200
16471634
16472541
16479273
16489259
16507208
16517999
16536421
16537863
16567226
16595081
16603097
16603880
16612563
16631547
16643224
16645578
16674363
16713252
16768043
16776822
16821460
16825811
16858492
16918348
16930948
16960096
16993721
16994501
17002890
17011532
17012685
17018674
17033082
17036603
17039015
17061190
17088008
17094686
17103178
17117082
17132034
17159252
17174170
17197925
17210165
17217461
17227161
17239892
17267650
17268760
17288520
17295083
17299285
17301825
17315206
17316040
17333105
17343350
17357874
17383328
17413265
17418565
17427834
17438287
17450247
17503376
17533762
17560321
17568121
17570643
17571637
17589995
17591168
17596553
17616786
17622640
17684317
17689878
17701722
17709621
17710483
17736274
17781845
17805011
17809422
17825897
17836577
17839356
17839693
17925837
17932168
17952125
17974955
17997765
17998832
18001117
18016188
18026197
18040940
18062455
18065730
18070863
18113217
18147566
18147841
18177701
18178159
18179139
18192520
18197328
18214642
18217664
18231094
18239298
18318939
18319813
18336156
18352731
18359697
18365570
18367527
18368196
18371531
18382523
18409510
18450129
18454275
18477881
18485675
18505360
18508662
18512203
18559649
18567792
18591930
18646886
18680145
18680237
18690543
18692952
18698962
18716988
18738453
18751606
18771990
18773705
18807792
18819048
18824611
18873459
18891028
18914112
18919574
18949656
18963872
18982513
19003680
19039514
19070185
19086263
19086861
19095914
19104256
19115198
19174800
19195302
19204029
19205746
19230601
19261453
19301408
19326009
19352977
19363507
19370195
19395929
19399423
19404680
19411434
19439953
19506197
19532624
19537268
19538552
19562292
19564237
19569829
19571874
19592256
19643504
19655277
19786405
19800089
19809364
19818829
19838581
19844778
19845359
19847916
19872744
19901770
19904149
19918787
19943508
19964760
19990380
19993140
20002031
20002964
20007261
20024274
20028914
20076965
20087534
20103098
20116221
20148029
20264413
20277744
20280701
20338248
20346261
20350160
20364590
20373238
20378654
20380947
20387803
20404087
20439829
20452323
20557932
20578054
20609138
20630663
20636232
20677214
20729235
20773174
20775061
20777594
20814499
20827496
20831319
20848755
20855534
20860961
20869339
20874163
20878444
20897818
20909282
20938754
20978578
21068891
21071587
21093885
21110118
21112453
21129212
21137716
21168765
21169553
21173596
21190617
21216994
21230697
21232984
21237650
21247469
21249895
21267914
21272636
21286727
21332767
21333569
21355725
21369944
21391436
21410906
21416961
21422822
21429249
21432118
21434056
21439771
21461667
21475088
21485654
21496319
21517274
21570917
21578653
21594107
21602787
21631106
21631915
21632968
21668406
21680330
21686154
21695796
21710035
21742387
21765721
21769837
21777890
21791390
21812622
21828535
21835351
21890116
21896589
21927247
21943934
22095579
22107457
22123420
22128840
22141938
22159780
22175797
22189021
22192788
22207393
22208326
22244509
22274723
22277526
22301724
22325740
22374986
22388961
22414377
22414941
22426202
22428577
22448395
22471124
22484746
22507105
22513206
22544978
22546121
22563533
22588759
22605189
22631798
22669253
22697300
22698459
22704257
22720067
22722475
22731325
22758933
22788623
22870039
22875314
22883630
22894253
22913745
22915395
22930962
22942290
22947167
22952499
22976209
22982542
22999433
23041757
23045042
23070079
23112601
23115992
23128434
23135011
23161284
23189563
23211562
23211708
23244042
23304083
23321444
23328090
23362821
23373737
23380905
23382569
23403924
23409869
23419422
23421116
23423367
23426705
23446774
23447145
23539147
23576406
23582463
23588970
23591417
23596767
23600291
23646766
23658956
23669730
23676790
23680861
23681559
23688815
23691095
23737102
23738838
23749395
23750243
23792281
23818517
23820974
23826833
23848807
23862846
23927697
23932909
23949975
23966852
23970542
24003475
24010557
24015326
24028114
24042874
24046128
24094623
24099619
24103412
24139056
24167735
24223353
24248775
24248861
24254621
24280516
24307409
24331617
24349951
24358006
24395835
24404165
24413425
24416532
24435900
24462032
24473577
24486331
24496066
24503561
24509458
24518438
24535008
24538628
24571648
24582678
24609494
24622487
24636549
24638565
24650832
24662296
24676716
24691708
24760654
24783234
24792511
24797630
24832635
24850906
24871313
24872149
24890339
24896662
24904459
24922313
24936373
24961758
24973723
25040489
25050131
25062609
25067803
25082643
25117811
25120429
25130553
25134090
25144148
25158400
25163071
25206166
25224437
25229032
25265406
25286522
25296953
25304212
25330325
25354172
25356888
25357740
25428424
25431211
25438192
25463171
25529106
25537280
25538500
25544107
25571919
25602308
25616381
25656356
25706647
25718112
25731000
25739761
25748565
25758296
25768870
25801400
25803830
25812233
25827743
25827786
25834292
25867143
25896039
25915917
25931264
25954847
25955774
25971289
25983993
25995664
25999930
26019002
26028615
26033592
26065353
26070510
26086097
26128868
26179665
26203050
26213021
26218740
26225085
26236622
26341917
26349642
26361697
26402039
26415744
26430711
26431435
26437130
26477889
26483597
26488703
26490702
26491548
26492983
26501344
26537008
26540114
26552887
26566714
26574737
26643141
26645406
26682953
26700115
26705833
26724868
26739672
26752439
26761761
26774017
26778236
26835963
26847735
26851708
26855838
26886613
26898493
26909565
26924809
26958749
26977045
26980825
27023551
27024824
27051947
27056819
27059261
27079953
27094622
27145113
27213776
27224411
27228254
27244371
27280510
27347937
27351620
27381234
27393763
27424830
27487963
27500240
27508540
27509267
27535020
27542860
27569401
27574756
27575186
27589294
27650651
27652495
27675070
27676576
27678471
27683986
27702210
27741126
27747376
27757990
27775272
27779048
27785872
27833046
27867572
27925236
27970987
27971244
27972423
28014586
28053836
28076764
28095607
28109714
28114981
28133113
28160015
28180255
28184490
28186475
28189656
28215140
28229297
28232193
28249086
28271244
28271888
28272317
28317054
28318898
28323058
28338626
28393207
28398976
28415715
28437992
28462622
28467861
28476308
28479472
28514755
28520048
28521189
28532626
28541658
28542197
28584876
28674308
28689062
28692489
28732293
28737257
28751280
28751392
28759962
28763007
28769977
28784898
28821359
28826685
28845257
28875844
28878329
28883516
28896754
28907189
28931883
28953608
28955157
28973602
28975513
28991923
28994215
29000126
29023564
29054169
29067214
29108228
29114149
29122362
29142713
29153040
29163593
29178280
29181451
29195293
29200311
29203972
29239587
29259081
29275068
29293590
29312053
29322432
29323031
29406587
29415505
29434138
29438103
29441777
29442427
29467312
29515527
29525657
29539767
29555992
29589410
29601477
29605793
29611394
29640499
29646082
29656777
29658564
29667053
29670006
29685590
29687913
29689803
29699191
29703188
29713068
29724256
29728849
29746897
29746939
29766736
29846114
29848358
29864195
29867995
29868091
29892168
29904662
29904759
29905483
29925532
29943259
29956307
29963751
30000709
30002649
30009662
30047932
30115586
30150607
30206809
30231819
30279872
30282437
30301237
30322918
30332235
30341312
30355466
30358748
30367060
30387813
30407627
30432027
30461314
30465967
30478521
30491827
30501057
30513792
30551342
30577520
30592134
30598228
30619016
30619501
30620489
30643088
30700158
30720672
30726733
30747469
30774492
30788637
30840867
30849677
30872533
30894416
30903220
30930782
30954667
30978692
31055589
31060173
31069029
31071969
31075051
31122715
31125514
31170576
31198486
31221464
31225527
31228705
31245125
31308999
31321977
31338726
31346853
31359182
31364303
31437040
31462842
31478556
31495817
31532318
31535667
31536760
31555677
31564866
31574567
31585052
31586816
31599447
31604249
31642290
31649076
31679801
31681670
31716222
31722006
31732699
31751149
31751726
31793118
31794815
31796828
31800829
31803958
31814451
31891157
31898399
31963757
32012250
32014944
32025753
32038031
32093632
32120684
32141931
32148407
32148871
32149568
32150271
32162246
32178486
32199816
32242012
32248437
32249949
32265625
32270681
32288899
32291020
32304259
32313690
32333095
32345331
32350115
32359348
32394197
32407877
32422317
32426334
32436424
32467348
32477497
32508643
32522913
32557764
32573525
32574973
32583988
32604953
32641508
32642782
32661580
32662278
32668255
32706040
32707545
32711182
32742237
32745385
32749402
32762241
32803799
32809494
32809616
32818068
32832871
32853994
32860260
32918834
32924009
32936872
32949441
32985468
32986974
33002766
33050031
33057119
33082396
33151967
33204693
33221383
33284875
33292024
33296817
33297926
33329619
33332031
33335219
33360740
33387851
33401308
33414746
33440352
33463813
33497385
33506187
33552231
33579554
33628101
33632702
33673957
33698543
33731428
33752140
33778965
33783771
33797258
33807365
33818079
33895347
33928528
33959355
33959672
34011576
34011667
34035422
34053449
34061153
34108539
34117121
34122187
34131773
34140036
34143461
34151160
34171721
34178256
34180776
34181816
34206213
34220910
34228746
34251122
34258262
34265305
34369153
34376341
34380495
34387754
34387820
34391126
34402960
34403620
34410611
34443751
34443957
34454463
34480504
34481265
34481695
34483389
34487651
34564180
34572013
34585974
34597460
34688501
34737660
34742233
34746291
34746671
34760484
34774128
34783097
34789881
34803759
34822570
34823803
34855985
34871183
34884781
34896706
34900627
34907523
34909559
34911990
34941567
34958321
34974043
34999818
35008248
35041392
35044785
35075997
35081229
35107596
35120025
35137995
35148936
35178911
35182053
35184518
35206283
35209408
35220656
35238251
35257760
35259650
35282718
35287664
35337370
35342142
35355781
35372485
35402459
35415484
35425509
35462027
35484844
35514160
35537672
35544967
35549256
35562953
35617564
35641465
35652384
35652596
35659687
35667639
35682756
35689966
35725701
35738164
35774300
35793501
35807079
35819828
35820070
35917801
35943235
35947244
35947946
35956592
35960439
35964512
35985094
36026131
36027056
36028528
36044442
36094467
36099028
36124438
36164736
36211346
36212368
36224306
36226539
36262660
36263681
36265827
36338169
36341595
36352585
36387884
36394730
36413142
36423220
36428972
36454797
36585942
36610774
36617867
36627921
36646163
36669998
36670064
36675225
36690870
36693838
36696148
36714524
36754044
36757391
36781520
36787863
36789699
36819822
36861105
36874427
36921303
36932572
36936977
36941176
36964216
36982893
37100902
37108592
37118383
37120431
37124255
37136993
37189169
37239041
37244190
37249158
37252667
37260091
37261949
37308138
37323210
37332042
37380053
37382302
37391461
37405375
37407051
37481839
37505873
37507782
37542922
37545355
37570548
37589752
37607041
37613801
37659411
37694708
37773846
37778548
37785777
37797478
37822234
37832548
37833742
37834944
37864081
37875558
37891156
37894876
37933628
37933955
37942965
37944982
37957865
37964197
37992415
38008002
38066998
38079837
38104856
38122135
38133166
38166748
38175711
38192242
38213977
38217564
38222408
38234088
38238407
38240780
38295291
38322605
38331316
38364827
38403838
38405401
38414824
38415525
38436928
38447336
38482086
38487310
38503931
38517862
38525296
38544509
38561918
38576050
38601202
38601394
38603709
38611178
38635798
38636056
38675781
38679916
38703523
38735469
38771535
38779379
38781591
38814363
38817203
38832330
38859888
38884897
38907798
38916272
38928269
38931293
38941712
38966853
38986899
39005235
39007570
39040147
39138325
39142247
39180714
39210314
39213096
39217316
39271424
39280693
39297720
39315456
39326852
39337037
39338596
39353237
39357599
39360200
39383561
39392064
39394583
39411347
39435034
39435568
39437715
39443991
39478975
39538718
39545709
39597226
39615889
39632372
39643320
39686486
39701859
39703739
39713945
39720974
39721200
39785576
39795894
39801816
39815003
39834211
39843116
39853787
39855057
39881561
39920981
39973953
39981872
40018536
40019392
40025850
40029931
40044983
40051958
40086914
40089053
40126044
40149999
40162733
40165488
40176646
40191017
40200683
40201749
40223800
40255318
40277744
40288921
40305832
40346078
40347350
40363879
40392625
40393664
40393909
40406545
40419095
40441277
40466210
40474854
40488233
40499617
40517967
40524078
40532213
40532605
40532915
40536644
40540356
40541532
40556405
40574780
40585327
40595824
40620301
40667534
40706217
40707316
40710864
40721480
40733869
40752942
40768207
40805562
40808166
40824769
40833024
40850995
40904504
40924779
40932075
40944781
40957820
40995147
41017839
41033230
41066996
41067627
41067771
41068273
41072936
41094319
41154511
41158655
41217593
41218640
41229535
41229893
41234555
41242615
41254980
41261076
41293493
41321387
41354784
41365269
41369074
41379974
41385583
41396635
41428902
41445153
41462366
41477230
41533788
41558263
41565598
41598661
41603204
41607322
41616140
41649473
41664042
41678272
41692304
41703721
41712059
41735194
41740321
41747789
41773117
41779441
41829512
41927149
41932031
41941750
41949921
41960461
42020468
42028042
42038191
42041188
42042063
42081013
42105949
42164510
42185822
42201146
42201559
42275439
42292632
42338363
42369192
42376117
42424796
42446550
42505805
42517655
42534092
42564065
42567677
42577279
42577853
42602827
42613898
42615141
42635260
42641867
42660336
42685723
42696002
42706890
42708698
42709649
42733305
42734897
42737260
42776672
42800008
42810146
42836995
42843798
42869060
42875543
43017077
43082912
43093619
43114266
43140520
43158108
43184579
43185268
43189198
43206955
43220553
43240945
43289303
43294572
43328814
43355531
43375326
43385041
43402653
43411992
43421776
43427067
43455603
43468593
43483381
43502468
43506849
43521150
43544984
43564935
43571562
43589267
43614296
43646008
43664950
43706664
43744894
43760763
43765227
43778917
43797098
43797625
43811211
43832155
43840690
43843150
43881487
43897716
43921180
43933580
43938362
43963027
43969957
43981209
44012386
44016213
44031841
44048271
44088390
44151961
44172719
44187153
44192082
44221791
44244304
44252356
44271569
44349913
44358518
44359535
44379145
44391520
44435029
44487969
44488045
44509220
44539699
44544413
44544825
44561781
44567849
44577954
44594056
44609416
44610214
44626142
44674041
44686823
44702551
44707214
44708215
44716508
44742566
44751547
44757366
44767167
44769895
44794669
44817890
44827741
44831980
44834268
44857769
44877904
44912207
44923065
44971790
44977543
44980274
44987859
45006596
45028558
45032992
45048995
45049160
45106663
45126779
45132216
45136926
45138645
45145010
45149730
45156051
45182486
45185343
45264834
45273095
45278140
45315341
45342297
45358868
45366876
45379707
45393846
45436668
45450805
45494070
45497830
45521735
45534566
45555429
45596896
45628782
45630411
45635430
45649745
45651530
45683278
45689996
45721575
45816594
45822005
45857578
45896377
45899832
45904711
45922445
45934862
45964765
45991816
46050718
46068152
46087321
46091865
46103768
46111167
46131451
46166548
46179613
46188682
46206977
46213033
46220457
46224023
46245299
46261583
46272826
46288949
46293660
46336286
46336602
46341443
46342621
46350708
46365318
46378415
46398718
46409960
46420808
46425146
46450780
46465883
46466592
46478426
46482294
46505458
46541092
46547695
46564509
46592226
46601335
46605069
46627420
46630112
46637203
46660754
46701705
46736049
46739187
46755905
46765549
46770283
46787767
46806991
46826349
46832174
46835266
46859459
46864644
46877095
46882855
46885328
46888602
46901969
46924123
46928979
46935262
46936392
46948563
46953596
46971893
46972695
46976754
47042878
47049730
47072744
47077732
47113159
47132819
47134335
47137333
47158410
47181868
47289579
47311896
47312856
47358348
47371346
47373412
47404272
47407711
47442635
47462873
47465223
47512244
47551518
47591072
47624479
47634116
47638980
47642661
47653821
47660267
47715487
47719029
47721562
47734076
47749744
47761093
47775183
47791187
47794666
47806653
47846155
47880903
47902071
47927337
47941815
47986991
48003530
48014289
48021690
48044360
48073654
48088059
48088862
48111238
48118826
48127470
48133599
48174191
48233711
48237415
48240981
48249916
48253835
48254662
48272534
48277928
48312177
48323689
48343918
48352972
48375226
48394613
48408570
48467527
48517196
48543100
48556951
48598986
48606256
48626234
48635577
48661409
48674016
48677065
48685161
48695307
48743989
48754238
48756583
48763061
48777347
48781878
48826737
48834904
48840165
48871553
48877306
48886582
48932736
48944440
48953732
48979195
48999100
49066597
49115677
49115746
49118206
49177761
49185634
49186808
49192544
49209367
49246293
49261022
49267350
49337490
49358789
49374860
49377003
49378262
49398726
49408418
49476109
49517557
49547411
49551433
49589904
49602410
49612293
49619766
49622853
49641501
49661123
49719738
49747353
49804968
49814491
49814707
49878786
49886064
49904043
49923744
49933579
49963465
49975089
49982445
49993270
49994290
50061354
50080478
50091879
50109894
50115724
50116309
50125743
50136328
50162239
50168040
50197563
50201171
50205466
50207694
50220561
50231748
50269894
50296509
50333810
50360753
50369575
50374875
50410745
50413117
50420192
50448570
50463352
50475607
50482282
50484944
50521815
50525364
50551314
50570205
50596565
50609481
50630455
50634987
50668295
50704529
50710101
50727528
50749176
50779342
50791831
50800544
50807092
50807679
50808134
50816904
50818623
50835092
50835820
50844907
50849787
50856531
50863884
50903849
50934620
50946009
50946674
50969928
50974232
50995897
51002964
51021532
51036759
51049481
51082345
51106090
51155702
51169384
51193001
51200200
51203547
51207638
51215202
51223197
51305622
51313584
51324370
51403764
51405381
51423570
51426834
51429004
51444578
51453559
51492387
51538623
51582482
51590938
51628614
51630846
51633376
51644588
51700391
51702111
51703592
51748653
51752014
51753067
51753998
51765996
51770430
51779969
51783665
51808702
51814215
51817861
51877364
51879440
51893936
51947135
51965691
51994578
51995101
52045258
52051619
52053512
52073295
52100710
52108888
52112455
52120541
52139284
52148275
52169611
52169617
52187574
52198489
52217157
52224094
52224826
52235918
52241944
52252625
52253238
52263383
52274160
52279213
52302332
52313232
52315332
52401375
52405749
52413805
52435930
52439108
52478904
52516203
52526419
52583540
52608564
52626070
52629038
52639592
52641067
52665484
52757550
52762586
52770827
52773934
52805527
52825046
52853902
52863497
52868954
52875829
52879969
52915180
52938267
52953818
52971330
52976730
52999817
53035603
53038565
53046613
53054372
53059502
53067659
53069004
53084297
53092226
53138549
53210014
53222153
53257428
53311058
53311090
53320286
53323131
53392767
53411919
53462161
53462889
53468829
53536378
53551343
53561460
53568409
53582405
53583241
53597063
53630032
53653008
53657421
53667204
53671724
53679182
53681909
53783446
53785330
53788740
53792379
53793767
53806065
53819524
53827740
53832784
53842220
53876361
53889326
53908836
53918672
53930120
53955081
53973469
54003947
54009768
54044691
54095371
54125581
54143325
54161079
54171234
54183017
54195388
54219352
54235791
54238159
54244783
54254591
54256855
54266249
54272045
54275729
54278340
54292470
54309993
54337857
54345379
54363344
54383082
54408029
54408879
54455705
54467119
54500045
54500974
54523261
54559027
54645215
54718869
54723494
54754056
54797982
54838665
54842864
54855946
54885335
54897174
54898937
54899790
54931062
54942215
54950647
54956115
54988604
55015639
55016755
55019156
55021714
55036214
55059489
55077432
55086875
55095118
55111852
55147352
55181676
55188746
55271623
55275790
55299595
55308212
55315902
55325931
55336884
55350559
55351257
55364986
55413395
55416745
55485687
55520481
55550542
55658503
55718303
55724763
55745762
55751034
55760742
55797143
55805017
55810937
55823787
55851068
55899863
55908522
55925218
55928976
55941598
55984451
55988846
56018037
56021780
56039144
56043536
56050607
56053014
56053579
56054651
56065971
56097667
56103882
56144385
56163296
56166875
56173458
56225608
56231667
56280243
56281290
56285009
56287829
56293093
56302543
56310480
56330688
56331456
56389087
56444795
56451520
56506198
56507112
56512578
56581430
56591944
56595209
56599276
56659810
56660639
56686978
56697764
56704850
56707174
56745281
56774625
56792665
56795262
56822423
56826980
56835173
56875921
56883866
56893693
56911500
56915636
56919838
56939154
57048597
57066866
57092070
57103322
57129396
57139221
57172406
57177808
57202737
57210563
57287959
57339446
57344995
57364189
57377713
57383298
57428833
57432947
57462991
57474909
57476175
57512284
57529562
57542227
57579462
57585337
57599206
57613447
57619221
57626148
57637099
57653558
57678448
57682122
57737681
57784236
57805101
57820227
57852381
57862203
57891357
57901925
57935082
57938084
57943488
57961383
57966016
57974009
57994987
58056440
58059083
58065283
58077655
58085562
58098032
58104867
58126151
58130852
58134063
58134129
58188064
58195872
58210253
58210653
58237816
58253309
58264448
58265145
58282064
58300700
58319093
58358604
58401025
58411424
58418808
58451605
58472565
58486528
58492805
58526742
58528612
58541220
58548425
58557587
58559733
58581384
58634689
58645209
58656893
58682274
58692697
58753702
58883028
58887213
58888259
58925526
58968792
58976504
58982930
58986472
59043041
59054114
59057649
59072328
59085852
59098201
59121728
59153604
59158711
59198792
59202072
59221963
59226350
59249414
59305008
59343083
59354075
59383701
59387398
59419926
59430784
59434042
59474405
59483240
59496012
59522598
59549467
59550950
59555199
59563234
59626184
59651570
59664419
59694835
59755770
59779565
59782448
59783349
59794576
59809374
59837345
59853193
59866641
59891133
59918685
59919510
59945253
59948244
59953275
59965319
59994652
60013238
60036218
60051894
60063259
60068378
60100583
60100790
60113422
60113977
60139368
60147646
60179655
60194848
60215857
60223923
60238732
60257340
60280842
60284260
60287974
60302470
60314679
60339494
60341489
60380598
60381298
60409456
60410653
60417081
60423107
60467451
60512007
60530124
60531636
60545691
60554274
60557231
60562641
60574623
60593583
60604287
60604734
60614422
60626172
60626585
60647779
60666280
60667123
60705348
60705386
60734587
60738949
60777134
60782383
60806254
60807952
60811576
60812672
60824612
60828439
60831395
60845393
60942922
60953496
60970442
60994605
61070981
61078436
61084798
61114870
61131074
61145389
61150867
61152310
61157182
61164509
61212749
61232319
61254364
61273638
61298824
61374541
61379746
61413027
61419195
61446547
61446795
61458645
61511593
61544990
61548619
61554117
61556572
61564506
61593015
61607079
61642677
61647923
61658156
61669537
61680324
61687944
61703492
61745845
61748514
61786271
61787303
61861442
61881975
61882670
61893027
61919510
61922481
61925084
61946046
61968835
61973146
61976752
61985547
62057077
62058569
62060217
62069688
62073284
62093299
62120932
62128531
62146437
62188787
62193345
62206564
62211817
62222796
62228580
62231556
62242155
62268316
62277954
62291092
62293218
62302835
62330672
62359019
62363356
62383242
62388867
62453731
62468508
62490454
62492365
62495838
62527078
62542593
62547200
62551909
62563549
62574206
62575093
62575218
62577547
62580890
62583633
62599061
62612656
62616583
62636121
62657576
62664794
62695109
62751644
62756599
62817290
62824714
62835642
62849518
62854000
62862774
62871130
62875940
62879929
62901831
62919636
62932501
62935520
62940679
62944608
62962302
62971308
62976393
63001875
63022921
63046206
63067725
63074559
63086282
63122695
63123182
63181635
63195018
63208594
63229346
63263982
63322815
63386461
63396260
63409458
63437721
63441447
63448203
63460281
63505172
63510174
63526070
63533330
63556115
63569406
63572059
63650481
63651602
63663378
63667215
63676937
63697328
63702747
63736293
63747457
63753526
63753565
63767962
63773466
63789051
63805225
63810404
63812292
63891518
63922362
63930809
63937679
63941990
63955379
63966403
63974357
63989220
63993124
63993504
63996613
64030439
64050566
64110623
64127256
64164413
64176239
64184757
64219650
64226576
64330400
64330733
64364680
64380911
64381912
64426185
64444645
64460952
64462065
64462991
64493014
64504140
64510844
64521334
64523626
64582060
64590707
64599241
64629793
64655160
64665289
64671302
64714236
64724314
64752681
64754765
64772145
64806443
64842692
64872474
64875597
64877567
64881634
64885163
64917915
64933781
64943296
64944836
64947772
64962885
64965740
64968671
64998615
65008627
65016350
65016811
65054461
65062616
65077371
65110154
65148100
65174912
65196612
65210668
65214297
65221184
65222263
65222781
65223891
65229733
65252067
65262243
65267238
65297739
65307189
65309231
65328900
65333273
65374173
65397408
65402005
65433059
65433913
65435310
65456169
65508812
65511512
65542176
65549185
65581567
65596258
65605219
65633273
65662787
65670112
65687483
65717236
65722483
65737973
65743119
65749818
65788211
65794345
65817610
65818497
65822396
65843355
65893788
65902084
65906973
65931296
65932125
65941139
65959816
65963361
65976858
66006448
66030507
66053960
66069654
66077223
66092575
66096727
66129392
66129533
66135578
66136010
66140995
66150523
66188119
66210842
66263838
66294578
66303359
66345245
66345505
66350774
66358879
66375181
66381288
66390044
66409621
66431036
66447897
66455145
66503942
66532826
66540877
66542663
66551157
66587839
66606253
66616693
66618169
66659377
66685975
66710421
66760492
66770241
66784851
66813583
66813851
66822672
66829226
66834994
66842330
66868343
66896544
66938970
66950094
66969929
67001079
67004693
67048818
67061211
67066541
67071587
67100666
67104245
67112150
67113799
67115164
67115423
67120173
67135225
67164827
67179043
67225682
67231793
67265287
67299925
67308316
67312285
67333492
67347986
67352213
67360358
67397584
67442716
67478499
67479375
67485237
67523902
67572531
67574472
67644828
67682318
67684735
67686017
67689410
67714460
67749258
67751066
67768654
67772614
67796380
67817640
67817975
67835931
67870157
67884277
67886267
67903706
67914628
67920452
67920700
67927714
67934979
67938355
67939931
67973275
67979837
67980305
67988014
68000186
68012513
68037516
68079166
68084478
68110615
68113795
68125255
68131766
68143207
68146805
68152104
68155426
68174241
68175889
68187896
68199479
68207547
68209255
68228149
68230563
68245117
68261809
68268311
68274235
68274424
68278165
68283240
68301140
68330183
68335961
68371650
68381447
68415316
68434427
68476587
68478206
68513848
68560952
68594853
68640592
68652299
68653005
68672820
68721409
68728610
68734473
68736643
68738847
68792573
68809681
68811237
68818097
68837345
68879110
68892362
68899462
68910121
68950556
68979050
68984568
69017822
69026332
69034934
69036088
69043220
69052262
69070271
69081290
69100889
69161393
69213580
69213950
69240873
69242687
69258330
69273180
69293238
69301653
69316553
69319444
69328176
69345805
69351857
69357621
69357962
69449885
69513540
69528921
69531480
69541279
69548673
69588161
69666535
69672823
69681668
69690126
69698997
69699363
69702583
69750792
69799766
69818440
69845558
69850278
69867830
69913110
69948652
69969190
69989242
69990523
70000374
70007609
70019070
70067764
70082284
70086842
70095132
70123207
70125968
70137546
70164466
70172203
70178383
70181238
70192020
70211680
70234904
70239906
70248623
70268647
70272611
70334996
70345933
70352954
70363414
70382809
70426672
70446425
70448547
70474956
70497311
70503610
70520287
70553867
70563534
70573622
70604692
70619600
70642847
70655898
70679025
70690276
70690489
70693285
70702402
70744363
70758246
70769560
70785223
70841950
70848892
70875670
70877080
70890033
70915815
70931038
70951208
70954769
71008012
71008668
71053078
71079340
71090994
71106846
71115058
71117020
71158813
71161623
71218511
71236618
71265717
71297827
71312972
71337408
71377130
71382044
71446766
71489153
71493767
71509004
71511101
71551793
71565090
71580178
71587514
71609076
71645590
71717367
71725340
71742926
71776608
71799291
71856607
71867893
71887015
71895170
71903840
71976408
71989064
71994705
72002326
72011756
72017286
72018074
72034498
72049207
72089293
72097150
72115920
72123101
72133069
72183288
72192364
72205735
72219608
72247075
72252850
72315263
72327168
72342385
72343805
72354727
72359141
72367705
72368840
72374124
72433271
72451251
72453347
72536771
72544156
72552009
72561569
72576171
72587170
72597246
72599836
72600209
72602873
72614855
72663039
72675024
72706752
72707069
72773769
72779887
72790963
72798799
72799289
72868711
72900874
72939707
72963659
72988401
73012791
73097362
73099907
73123219
73180111
73185195
73191767
73196105
73204250
73226578
73253870
73284342
73295110
73295724
73297133
73297240
73311603
73315947
73362939
73371605
73378434
73383151
73405711
73410913
73479565
73522170
73536057
73538976
73540641
73560947
73569590
73585224
73590761
73606426
73610986
73660611
73693321
73709079
73725103
73736221
73744801
73749365
73757957
73780646
73799215
73813455
73814523
73851494
73855096
73856084
73858904
73867030
73878930
73893464
73916721
73922214
73926346
73955393
73960075
73993734
73997749
74049205
74054152
74054503
74077229
74078141
74088328
74161114
74161972
74192374
74209423
74210735
74249086
74256063
74278940
74290141
74299006
74299727
74315839
74317207
74320804
74349246
74365195
74421052
74439401
74442488
74449413
74458572
74494562
74535189
74540237
74578974
74583104
74591093
74607032
74637420
74671246
74683251
74702897
74766064
74811861
74821406
74826478
74845188
74856622
74872112
74879892
74907256
74943475
74993217
75010524
75049396
75070040
75091008
75108339
75126188
75150678
75160930
75164934
75170072
75199525
75200872
75210104
75217405
75221315
75225326
75239995
75249385
75292159
75299030
75304680
75311156
75311668
75329285
75329807
75355622
75360816
75363574
75365841
75387559
75387622
75399190
75402476
75404062
75424840
75435846
75437005
75472237
75472958
75536501
75538385
75540086
75585788
75604374
75608633
75677304
75712580
75734431
75737492
75749849
75750054
75750948
75757301
75793750
75889471
75890955
75891469
75906545
75910826
75921807
75925309
75943181
75944734
75947100
76015514
76053150
76056505
76065913
76082901
76124486
76136434
76138306
76148000
76151221
76159870
76166635
76255975
76288596
76328183
76339858
76343610
76344798
76349595
76362989
76439377
76468215
76481528
76491517
76519239
76534702
76580106
76601437
76602696
76605495
76609008
76617627
76622801
76634107
76682272
76697326
76711466
76715201
76741003
76751451
76755336
76758416
76794336
76800699
76837822
76871200
76913224
76925955
76929716
76953632
76973824
76985927
77012302
77030163
77054538
77077511
77081531
77097536
77105323
77112379
77142760
77167402
77170880
77177775
77198608
77214408
77232285
77233210
77265569
77288825
77293067
77297692
77304531
77337154
77340310
77343567
77394866
77427297
77427357
77432253
77459001
77470444
77474620
77513563
77515276
77573965
77622696
77624128
77688305
77701625
77736187
77746285
77755989
77769219
77778226
77783118
77821132
77828823
77830267
77832916
77837152
77865942
77925306
77943857
77945909
77947431
77948497
77962574
77966714
77967711
77969239
77972588
77989988
78016749
78050408
78054869
78065342
78068513
78076085
78079453
78087015
78129321
78167981
78196150
78200294
78203239
78242982
78251446
78284734
78338827
78363229
78388636
78399821
78421554
78433091
78440715
78504807
78508335
78513996
78515098
78537745
78550639
78558584
78574039
78588110
78615937
78624174
78674458
78678126
78746832
78817127
78818360
78828073
78831840
78832278
78843837
78856260
78860034
78868960
78906447
78913443
78934622
78968016
78986959
78999053
79010337
79021165
79027736
79044910
79070507
79102556
79110971
79122703
79125476
79144313
79164548
79176135
79178319
79182734
79238623
79257307
79259954
79260477
79286208
79293047
79305486
79330251
79342274
79378727
79381498
79454338
79481479
79498337
79504325
79514696
79526343
79527560
79552034
79585813
79601238
79610512
79660393
79687742
79749842
79753400
79764078
79840047
79854400
79860119
79861345
79868711
79869319
79881645
79928316
79946522
79971358
79979958
80009086
80033764
80034180
80072168
80120153
80125513
80143356
80185140
80196353
80200712
80210466
80214811
80252073
80283563
80299857
80315640
80361390
80373106
80384045
80386497
80407411
80419929
80431742
80456698
80491545
80507233
80517547
80536116
80536147
80544838
80546300
80546889
80554266
80576873
80597693
80619188
80637400
80676192
80730383
80757643
80790854
80826089
80839675
80854770
80869678
80885060
80887864
80888461
80906824
80906854
80914896
80984043
81082831
81083649
81106372
81117353
81125036
81156331
81173751
81205850
81219410
81227743
81233715
81233771
81245874
81252806
81254190
81268575
81270840
81271730
81282079
81302810
81324893
81330023
81340258
81357583
81368448
81377777
81392882
81410281
81422647
81428093
81451168
81465413
81494890
81500446
81526034
81538032
81552519
81565253
81573062
81581247
81581883
81591292
81604776
81628080
81638410
81696426
81702747
81726458
81745225
81748463
81759104
81771281
81805942
81828187
81838559
81859024
81910464
81916704
81929044
81937856
81946284
81952065
81956615
81983465
81991299
82026966
82067498
82069213
82107762
82116669
82174445
82206505
82237860
82238227
82240371
82265859
82279654
82280626
82281440
82282555
82287864
82328441
82352863
82360184
82365930
82381897
82390210
82393278
82397718
82411488
82417475
82427284
82445713
82459608
82513739
82517105
82539395
82544595
82556686
82559052
82559080
82561065
82561291
82568403
82571447
82589970
82596781
82602572
82610729
82611723
82620288
82623598
82658799
82685003
82727447
82731287
82746244
82764070
82790843
82802994
82803280
82825829
82842472
82843590
82845851
82861818
82877350
82880772
82883759
82888967
82894261
82900007
82924980
82926286
82929228
82941713
82962812
82971268
83015961
83031806
83044530
83053427
83056742
83084901
83104318
83127197
83132291
83144333
83144750
83217078
83234538
83249398
83285008
83304507
83304797
83325195
83358208
83366496
83376114
83396873
83421412
83466490
83480336
83484174
83487261
83502846
83528586
83529572
83558704
83568607
83576297
83601428
83687827
83727456
83730091
83735284
83743172
83749720
83767334
83788751
83808838
83844595
83853482
83853876
83856437
83860964
83862350
83903989
83920430
83947130
83972001
83978561
83984584
83991944
83998030
84004526
84010710
84012270
84040997
84095400
84105584
84143110
84152420
84179044
84191817
84196079
84217801
84258617
84279256
84290606
84304777
84323718
84341468
84349626
84386305
84398632
84399544
84425343
84438341
84438909
84439741
84441997
84445226
84453475
84463545
84491666
84515528
84516417
84560458
84585945
84602611
84608538
84620886
84642829
84652294
84663114
84668268
84677025
84678294
84705487
84735460
84768880
84778624
84895982
84904765
84910281
84912255
84948460
84968772
84978643
85001603
85010218
85065834
85093071
85101523
85127432
85171482
85177183
85184011
85273388
85275405
85279421
85281307
85290473
85299008
85327389
85403412
85415715
85417154
85466697
85468152
85504476
85512503
85519877
85522843
85548334
85640674
85650690
85663443
85693618
85703205
85703985
85708141
85715415
85727324
85757346
85766113
85810703
85820446
85830665
85849448
85857982
85861724
85879785
85975203
85981677
85999052
86009544
86021465
86046485
86063037
86094186
86101015
86110953
86126908
86129782
86152957
86167759
86171819
86175489
86224606
86247141
86254132
86260224
86281947
86291955
86294010
86297399
86323268
86329195
86463838
86546811
86564820
86581374
86582664
86618367
86619075
86626868
86627039
86635416
86641304
86648797
86718249
86724369
86726925
86736754
86741270
86762948
86782549
86877405
86915576
86957956
86966287
86981143
87013885
87033017
87066697
87076807
87125968
87144904
87184969
87188275
87219896
87237472
87253413
87260683
87292410
87302339
87321630
87328684
87354336
87370327
87371425
87376892
87392025
87397536
87409618
87478418
87515540
87524046
87570468
87630604
87647937
87657438
87680368
87690691
87733876
87750004
87772819
87776966
87778392
87778958
87820768
87826301
87846367
87858942
87893888
87914209
87934450
87946710
87952273
87967903
87975449
87981860
87987574
88019261
88023151
88030071
88034061
88037983
88064171
88070830
88092500
88097007
88100007
88116949
88125785
88131804
88140366
88166605
88167333
88173653
88175168
88199302
88215003
88219969
88261547
88278279
88284259
88292316
88313551
88316569
88325642
88332376
88360057
88362384
88375843
88408196
88466391
88494099
88498734
88504346
88519074
88554380
88556350
88590358
88600360
88603598
88611798
88671074
88674677
88695141
88700942
88716461
88726563
88777574
88783524
88787973
88790513
88809743
88912051
88922049
88931737
88958585
88972699
88973511
88975133
88978954
88982566
88991707
89010349
89013592
89031768
89043702
89051837
89084442
89087171
89100802
89111045
89116204
89118102
89125252
89139461
89151158
89156786
89159652
89164463
89184779
89192460
89205743
89219500
89226746
89269180
89281536
89287262
89300422
89306098
89311828
89334410
89362628
89388843
89390648
89526454
89538741
89550983
89559695
89572270
89592171
89662761
89703212
89705178
89713592
89732216
89766084
89788056
89805423
89810885
89824575
89836676
89837964
89856881
89878744
89897392
89903763
89917341
89938538
89943622
89982515
89986673
89999485
90002443
90006725
90023361
90037736
90058537
90065509
90074209
90075196
90078955
90100799
90123698
90130681
90142119
90162601
90172223
90172417
90213639
90215510
90240704
90278808
90292129
90318315
90353650
90388753
90429946
90436866
90439064
90477688
90480217
90490194
90508482
90547679
90570053
90593565
90624858
90626465
90643879
90664859
90683769
90694602
90700105
90702315
90710224
90800427
90827917
90839629
90859375
90884874
90916859
90937737
90948874
90997655
91026767
91061640
91081376
91083701
91090526
91117394
91119919
91149244
91185395
91210025
91215738
91233449
91254913
91260891
91283891
91287641
91318526
91363908
91364891
91401462
91457212
91470870
91478939
91487792
91488573
91502542
91513675
91519630
91535731
91541929
91584183
91585974
91640868
91650514
91742585
91748852
91751799
91758968
91781188
91813143
91828361
91837433
91842291
91843413
91847150
91852470
91866272
91875695
91879911
91899489
91919051
91932292
91936869
91949866
91962691
91966078
91980579
91994767
92087195
92090679
92110148
92114705
92135223
92150637
92181609
92183151
92188729
92191803
92226579
92240519
92263048
92282024
92292513
92296959
92299384
92309010
92316677
92332078
92334247
92342262
92357485
92361591
92373763
92374860
92385250
92391180
92402263
92435372
92445693
92493454
92494059
92520079
92539633
92561023
92563014
92566977
92586630
92592823
92649726
92714847
92714870
92751394
92757626
92785844
92790857
92822711
92853100
92856858
92864350
92876404
92885619
92926070
92948543
92960957
92962151
92987202
92993999
92994587
93013172
93055646
93082922
93114413
93141584
93150785
93167611
93185042
93186986
93245655
93264826
93272368
93344865
93356128
93359914
93365919
93370184
93410824
93414510
93437025
93439974
93475733
93480933
93494113
93495505
93509637
93525424
93542816
93552978
93560911
93594251
93603382
93610950
93617594
93621093
93632569
93650956
93690639
93703097
93705429
93708156
93730057
93743368
93751736
93754685
93789170
93823929
93834302
93865610
93916752
93917828
93935222
93961797
93976499
93982659
94007501
94019453
94034020
94055689
94079472
94097908
94101694
94122282
94132441
94138323
94161764
94162463
94175567
94186295
94200004
94242560
94261104
94261327
94276566
94278667
94326291
94327998
94332606
94334837
94417913
94434503
94435726
94455370
94457038
94535228
94546450
94551403
94599155
94629353
94676158
94686060
94686979
94687698
94693986
94703631
94732343
94796052
94800974
94816878
94832627
94883172
94912713
94952594
94968506
95001801
95006161
95011514
95038393
95119969
95148041
95164718
95177634
95207721
95221637
95228447
95247799
95269396
95283134
95373925
95399346
95422215
95430855
95432979
95441105
95446295
95447033
95457327
95516235
95521376
95560018
95566672
95575296
95586052
95604535
95618612
95621201
95638138
95639555
95644718
95671516
95675159
95692787
95695646
95703863
95707653
95743633
95756962
95780365
95795681
95801522
95821555
95824450
95835015
95856042
95863102
95874412
95885378
95907167
95944698
95958978
95979165
95996617
96018317
96042297
96044953
96049038
96055302
96059903
96067593
96067979
96102088
96102875
96109035
96145833
96177760
96180172
96187482
96197965
96208309
96219510
96225738
96233755
96262384
96280355
96297717
96317152
96329479
96331243
96334552
96355682
96390339
96409805
96420839
96427138
96435935
96442957
96443565
96450332
96459762
96462192
96466250
96473535
96511069
96524038
96548915
96564977
96588577
96620530
96631068
96632875
96709995
96728629
96744697
96744878
96756073
96758012
96826410
96896346
96906850
96946036
96962015
96965665
96973632
96983897
96990874
97008371
97013255
97013557
97065373
97073473
97098553
97098941
97102085
97114880
97164355
97165895
97175974
97201245
97211933
97214378
97223168
97241359
97286116
97306128
97310471
97365920
97381870
97384388
97448147
97462904
97470083
97474528
97481822
97506567
97541544
97549042
97555486
97561900
97565075
97588416
97596100
97600493
97601501
97629034
97641029
97651413
97652884
97654640
97663152
97678456
97710338
97748680
97764897
97774425
97782717
97787827
97799060
97808703
97846180
97865294
97877197
97882677
97925069
97938998
97980240
97999407
98014296
98014960
98056164
98125079
98154553
98159668
98163711
98189419
98195721
98225818
98233567
98235281
98255587
98269683
98273588
98283330
98287897
98316583
98322874
98368764
98386445
98426195
98445880
98450012
98454548
98526473
98554083
98554174
98648403
98662611
98674695
98687621
98701189
98747893
98799289
98812258
98813592
98860659
98873997
98874568
98899114
98902786
98921791
98936912
98953233
98954221
98980021
98990042
98991097
99001149
99028917
99036306
99059404
99111876
99143860
99167973
99186408
99199971
99229451
99350268
99431142
99472155
99518118
99521132
99563464
99582260
99614095
99626355
99670497
99689616
99749774
99752142
99756462
99792913
99794926
99797563
99813694
99821033
99823364
99847960
99857918
99860984
99887059
99909472
99925224
99953875
99984440
100015808
100018712
100061502
100069174
100079593
100082020
100084554
100088017
100089713
100110260
100147827
100158622
100164773
100206209
100212741
100219573
100221082
100248683
100255070
100301006
100302828
100306546
100320404
100323545
100332700
100359914
100364801
100365737
100379749
100410870
100419615
100434890
100460762
100496950
100504629
100508406
100515857
100529458
100535745
100541043
100551383
100566664
100567376
100587359
100618737
100680530
100711210
100713073
100836178
100845484
100849156
100851138
100890173
100910852
100913896
100927712
100935356
100967001
100996416
101000113
101013249
101018190
101027735
101034419
101051562
101052451
101149121
101190591
101211862
101216368
101251979
101274601
101284590
101296370
101361860
101373719
101383391
101430865
101434618
101451999
101468429
101490733
101493940
101524571
101533626
101562865
101578605
101585227
101590803
101684342
101697399
101703120
101721879
101754984
101757384
101784702
101794967
101828247
101840435
101875814
101879214
101891978
101913024
101921734
102001784
102019719
102025140
102030096
102069838
102070796
102094881
102120630
102147052
102170361
102170922
102186508
102209741
102227900
102233899
102243526
102245483
102246224
102256643
102288856
102292041
102315811
102324202
102325034
102331259
102333180
102350178
102363558
102372804
102380062
102382496
102391335
102394151
102403378
102404187
102413019
102451595
102468163
102470214
102473643
102494005
102519318
102524148
102524418
102527908
102528158
102538519
102553385
102559680
102609295
102616141
102625533
102663895
102685766
102691589
102705428
102729445
102738448
102741860
102746207
102778126
102780711
102818134
102836462
102860058
102867748
102875099
102892743
102893169
102937207
102939697
102970827
102980337
103004986
103051010
103070456
103097849
103101375
103102077
103110534
103158325
103193344
103206521
103226406
103233020
103242070
103247210
103257407
103264455
103266870
103290746
103305363
103310831
103388238
103388498
103400364
103411516
103413162
103414859
103419586
103427436
103434106
103449656
103453107
103460081
103481699
103495005
103552312
103598431
103648729
103654890
103660454
103711016
103724463
103735344
103743667
103758684
103762430
103800027
103847043
103849491
103860348
103863164
103872186
103873766
103901830
103902604
103908320
103936471
103947216
103957404
103976338
103980301
103994620
104016364
104017107
104048248
104055773
104080997
104083263
104097609
104102479
104145230
104188835
104191509
104242661
104249903
104254277
104254338
104259251
104269354
104291687
104383096
104398799
104409442
104427899
104435854
104441371
104459342
104477403
104572233
104584446
104591814
104592388
104636376
104646575
104648830
104648979
104654888
104655695
104707955
104708214
104741766
104795249
104797061
104803663
104806218
104818463
104823482
104834342
104849550
104861884
104875184
104879490
104885392
104902040
104921742
104944085
104949576
104970689
104983998
104989396
105060995
105073936
105107069
105110328
105118281
105137483
105162570
105205284
105224673
105237096
105240099
105259825
105286735
105289832
105319827
105335420
105348128
105361089
105394178
105410621
105449575
105455579
105514048
105593907
105600678
105602064
105621751
105623972
105660066
105688711
105748840
105757205
105811966
105830933
105852090
105853020
105854765
105863512
105865382
105872023
105894376
105896489
105903266
105919307
105932360
105937459
105938539
105993083
106040091
106046494
106088127
106092025
106118379
106132786
106143270
106154635
106213457
106224013
106228807
106242759
106273131
106289432
106303032
106306730
106320329
106357759
106364995
106463351
106487246
106532620
106546559
106553554
106568732
106572678
106578721
106609969
106659611
106664638
106668261
106681113
106710284
106777733
106788993
106822115
106859071
106867098
106869261
106945558
106948934
106959553
106963642
107042668
107094511
107094650
107096590
107099064
107100752
107121994
107137420
107147733
107166540
107179189
107202091
107209436
107214377
107232315
107245670
107260168
107308318
107329795
107361049
107369143
107426824
107429519
107442017
107449546
107476581
107477081
107497952
107552912
107557405
107567355
107629923
107639929
107640415
107653180
107654843
107660350
107685170
107727385
107737209
107754447
107759517
107777535
107778545
107792610
107800313
107824059
107829383
107831415
107832163
107835227
107854740
107858760
107863134
107885618
107905889
107921578
107937643
107939310
107950608
107960147
107967306
107971324
107999201
108014453
108035978
108052908
108056439
108059495
108062589
108079026
108092642
108096202
108096933
108101191
108105491
108138458
108139299
108144456
108206951
108223004
108268641
108292136
108308599
108344314
108354936
108363890
108366159
108379440
108412993
108414086
108430358
108431594
108526261
108622174
108630170
108658719
108664878
108669069
108682140
108691282
108697068
108710082
108715624
108745852
108777116
108781959
108838115
108858665
108864982
108866610
108917161
108917232
108923971
108947465
108974300
109008420
109021526
109048596
109081620
109083670
109088235
109090278
109105096
109126630
109137114
109146765
109155015
109157742
109195173
109212207
109274763
109300018
109314411
109315216
109320015
109329892
109365675
109370191
109451532
109460916
109476914
109478117
109484593
109509271
109533225
109554560
109563583
109586759
109720413
109720542
109747775
109757946
109761129
109761833
109779493
109782014
109797865
109832954
109839824
109845089
109848976
109849368
109875934
109897552
109928814
109932950
109946731
109980436
109989609
109991097
109993076
110003688
110011410
110055631
110088895
110092054
110106086
110115539
110115937
110126309
110130036
110130676
110137669
110186809
110193297
110231995
110234134
110238027
110257123
110264331
110279383
110281973
110286272
110286812
110288132
110291740
110306790
110306906
110369376
110376122
110389119
110407729
110431434
110436580
110455653
110456956
110458582
110466437
110469338
110477690
110486411
110503295
110549829
110601289
110649494
110654578
110656244
110665792
110686379
110700141
110722582
110729819
110756905
110785844
110797982
110841783
110876965
110881466
110893493
110910780
110972714
111031912
111048600
111066329
111083564
111087727
111093711
111120394
111140619
111148843
111150841
111167221
111192996
111209264
111264109
111286553
111310933
111346020
111348289
111352691
111354180
111361741
111364247
111366574
111387093
111388945
111419776
111432574
111487066
111492330
111525934
111549486
111581741
111629103
111634477
111645237
111739704
111766955
111803873
111821300
111874538
111940244
111952016
111996443
112000687
112020951
112027655
112053354
112054199
112081744
112098551
112117503
112131053
112168580
112215630
112249890
112277221
112306230
112318918
112342081
112355803
112356027
112366704
112374924
112376851
112394815
112404666
112440238
112476032
112492706
112493743
112501376
112507922
112524039
112530784
112586850
112608157
112611476
112640721
112653742
112655279
112676642
112695624
112706246
112723182
112729226
112746385
112749509
112753539
112790339
112808652
112810483
112823180
112854111
112864099
112886062
112896848
112900550
112902372
112914892
112915555
112918398
112922390
112935048
112936503
112945444
112946887
113042896
113079258
113100227
113100974
113106075
113110308
113131088
113146049
113175238
113181940
113185776
113250858
113257619
113264989
113297904
113311066
113323532
113346335
113352087
113366813
113369347
113393341
113404503
113408130
113417394
113461342
113464988
113469755
113490236
113550397
113567255
113594273
113601150
113613999
113616769
113621411
113643478
113709569
113748608
113752141
113772086
113775135
113800944
113801597
113808441
113838217
113845534
113845766
113848112
113853516
113871969
113878865
113886961
113893889
113923177
113927698
113938053
113967332
113969429
113980355
114023938
114028961
114077724
114118153
114152161
114187528
114232895
114235014
114258697
114282432
114328554
114348833
114375038
114401685
114408079
114606897
114613614
114617311
114656158
114670574
114672277
114674586
114675714
114681405
114704358
114719565
114774746
114777108
114827174
114852009
114852175
114881288
114881907
114883333
114893004
114920885
114950756
114967183
114993453
114999274
115000044
115064500
115081846
115094049
115096853
115098790
115111865
115135089
115144015
115149614
115184673
115187125
115196529
115199448
115233894
115256681
115273288
115274773
115342949
115345197
115375526
115386454
115401017
115428032
115428247
115483809
115486298
115516057
115537552
115542845
115554214
115567423
115633347
115635816
115668922
115674035
115682938
115710892
115729378
115738041
115741858
115743057
115748465
115758686
115767018
115818606
115861448
115866449
115873895
115874216
115877229
115880465
115902859
115904125
115943924
115944679
115957798
115961175
115969665
115977309
115978581
116000633
116018772
116024113
116026459
116033069
116035165
116035355
116044359
116055610
116072674
116079772
116082153
116091376
116097150
116124257
116173472
116203844
116206761
116212296
116215964
116254001
116270425
116319084
116319140
116329259
116342465
116361558
116373210
116378730
116403804
116405181
116407420
116439152
116462482
116468126
116502540
116507025
116546720
116566635
116575015
116584338
116601480
116603647
116632954
116660003
116670462
116691712
116706246
116722104
116742866
116753024
116772093
116799308
116840525
116890545
116908587
116942826
116981669
116991996
116994925
117002560
117005865
117034374
117035155
117092031
117127449
117184515
117209368
117250033
117296356
117301941
117317517
117326099
117338259
117341869
117343359
117349569
117365535
117381547
117395334
117406990
117414573
117430929
117462024
117467341
117476470
117534103
117556283
117579166
117581464
117583565
117619936
117622807
117648995
117652665
117655612
117660503
117661913
117682322
117721406
117723507
117726261
117748570
117770294
117808031
117808855
117818730
117843095
117859088
117885196
117912479
117912629
117914483
117925857
117927024
117963935
117981862
118075058
118099172
118157426
118176987
118221276
118250842
118251172
118252975
118255819
118270870
118280262
118286727
118303956
118307709
118312839
118329765
118347886
118354194
118392450
118410756
118415534
118424654
118429902
118459898
118499935
118503863
118531570
118536880
118562329
118593093
118605182
118616247
118648997
118654523
118673475
118705270
118717510
118718601
118805946
118816359
118816851
118821270
118879922
118902459
118905352
118909702
118912097
118917946
118922951
118999607
119003238
119006299
119011897
119035405
119055063
119073462
119105309
119119084
119135287
119142409
119150602
119157135
119159895
119178506
119205566
119212111
119242609
119279609
119283181
119295887
119300121
119302031
119333240
119336710
119344044
119373877
119395335
119397544
119407340
119425482
119444009
119448435
119457120
119468702
119526417
119535172
119565874
119576034
119578403
119581836
119591955
119612100
119618373
119622201
119627449
119677140
119677984
119714086
119739533
119740671
119749180
119750374
119762250
119762728
119765622
119768092
119818275
119823500
119828555
119836292
119854809
119869910
119882937
119898881
119942811
119943372
119956364
119956994
119961072
119977836
120003500
120035985
120078440
120101547
120130339
120154639
120184633
120185161
120185826
120228209
120231236
120234800
120244668
120244895
120251223
120261211
120269761
120280380
120317296
120326467
120339664
120363950
120393595
120428486
120450790
120453526
120475739
120486931
120500749
120561143
120565130
120586253
120588500
120600099
120603882
120628473
120644522
120652171
120663474
120663591
120685326
120707030
120727458
120745087
120747106
120751212
120774658
120798861
120803431
120810915
120811105
120840047
120840368
120841245
120849086
120852555
120873061
120886058
120906423
120909408
120947767
120953696
120986146
120998856
121004447
121017511
121034526
121053455
121103134
121126461
121127004
121168998
121194101
121201954
121209441
121244783
121256734
121282232
121307817
121313229
121328207
121341859
121345629
121346253
121376182
121379753
121384278
121391272
121463757
121464435
121474976
121492589
121513881
121578312
121594464
121597171
121599661
121607725
121630957
121681398
121687126
121688511
121734799
121756054
121763141
121768036
121770305
121819856
121833171
121837233
121837335
121839607
121845396
121879821
121881684
121902744
121910703
121924877
121967911
122008729
122011607
122048095
122075610
122105692
122106608
122107019
122136864
122145234
122170153
122198488
122203083
122212337
122216031
122216159
122252980
122279856
122284365
122301279
122313371
122343493
122346858
122351979
122366072
122370650
122372741
122412458
122423334
122485250
122530840
122531905
122533138
122543172
122545167
122582323
122598285
122598294
122605786
122612256
122633018
122634147
122647600
122655391
122676360
122679320
122728289
122741743
122747076
122775937
122830987
122835316
122842942
122844401
122870095
122876156
122876910
122901845
122902475
122915139
122917636
122919432
122930940
122941800
122967079
122990074
122993251
123012900
123018898
123032764
123046008
123055764
123083201
123095775
123102669
123112441
123122058
123136816
123146223
123149471
123149894
123154058
123164450
123187180
123193666
123194377
123195110
123213975
123214582
123222556
123226114
123229452
123231408
123259092
123280072
123280173
123318720
123325932
123326573
123344989
123350622
123364211
123381444
123384625
123396260
123438718
123449626
123449653
123458740
123460712
123480113
123489731
123491539
123514104
123514855
123553080
123571875
123582152
123643968
123677147
123720466
123769212
123820297
123823870
123832762
123836689
123865407
123886425
123902331
123910573
123988846
123995085
123995334
124002019
124002569
124013278
124019861
124049918
124066860
124068174
124085132
124102971
124123140
124149401
124159199
124172192
124180047
124184899
124187566
124193931
124211277
124244973
124253474
124275003
124301655
124310841
124316438
124319711
124333649
124340499
124399422
124416947
124429114
124432810
124473249
124473780
124493035
124500425
124519095
124535761
124550267
124573039
124577864
124579751
124580077
124586530
124587390
124596517
124629313
124630584
124643049
124650927
124657105
124660775
124661386
124691053
124741990
124751527
124764912
124789262
124826772
124836259
124860884
124879412
124899085
124915076
124919427
124925175
124983216
124989192
124990374
124994427
125001624
125006708
125007076
125010957
125060948
125064471
125069363
125094475
125111280
125131285
125158075
125189287
125191394
125197935
125211998
125228372
125247400
125259713
125273573
125279966
125280535
125286373
125296298
125305570
125320117
125331559
125362742
125376725
125388256
125393066
125394708
125400208
125415672
125445667
125462104
125464219
125467158
125488864
125501037
125506776
125507871
125519462
125656982
125668701
125680941
125684006
125689478
125696235
125699227
125702623
125722912
125725307
125748880
125760664
125780803
125787818
125806696
125809812
125835098
125869030
125872104
125875869
125921990
125928395
125945622
125961352
125964031
125997357
126019654
126023264
126029306
126029824
126033519
126066945
126067484
126079797
126081293
126101810
126109681
126116618
126152436
126183659
126191580
126203444
126224614
126239659
126275880
126286504
126303369
126304025
126311429
126327911
126336881
126351923
126363947
126367223
126397220
126400838
126424883
126429437
126446836
126451224
126456921
126472976
126511935
126552590
126576818
126603205
126610360
126612038
126625096
126655534
126690570
126722654
126724375
126732158
126742487
126746414
126775561
126780100
126796405
126816974
126823327
126841600
126847643
126856690
126866489
126875636
126886533
126922306
126926888
126950965
126960884
126968346
126968374
126977648
126980477
126998958
127007567
127113483
127116696
127139873
127163411
127165207
127171286
127183958
127187495
127198736
127212237
127215138
127216111
127272637
127290836
127293988
127297289
127318473
127323514
127345346
127357930
127412184
127421487
127442093
127461244
127467357
127471270
127483463
127491656
127579455
127581856
127586124
127591943
127647827
127655877
127706255
127707179
127740015
127770744
127783405
127788951
127799902
127803636
127809682
127813536
127844429
127853248
127883285
127884392
127885637
127893976
127903292
127915657
127918899
127922579
127931874
127984421
127984939
128004103
128006772
128008393
128024745
128083000
128089024
128106949
128117675
128119091
128119933
128122308
128124692
128133791
128150563
128160207
128191902
128201749
128204859
128210795
128262785
128341996
128405769
128426326
128444972
128452628
128457019
128492140
128502378
128614860
128627783
128628284
128642590
128654515
128728984
128754925
128781725
128800060
128818281
128821796
128822533
128841405
128857372
128885445
128886930
128887424
128922964
128924615
128931838
128958251
128958728
128968071
128970662
129007712
129041167
129057363
129090803
129123250
129155386
129176512
129193872
129228437
129244776
129248444
129271745
129285450
129319114
129357420
129357884
129402214
129402415
129428160
129523110
129570493
129597163
129600899
129603929
129605591
129613159
129624709
129641402
129666567
129666859
129668619
129669964
129673103
129678064
129697018
129715100
129731003
129761675
129765537
129765542
129770321
129782620
129805467
129834286
129890998
129902156
129902973
129906423
129910736
129921426
129939292
129940289
129948475
129979625
130010232
130025264
130028052
130052752
130060750
130113775
130123558
130125534
130133474
130133549
130139130
130154301
130155604
130160650
130163597
130163763
130267953
130273780
130278872
130289039
130292298
130312354
130313163
130368757
130382191
130410533
130422280
130472281
130502278
130515151
130527758
130533242
130567097
130616409
130670462
130698387
130698660
130715068
130715807
130726330
130789584
130811409
130812849
130827949
130840588
130841215
130859747
130869296
130905132
130911681
130916142
130917277
130939037
130952460
130952676
130961127
131014680
131026624
131030932
131044910
131049047
131055406
131081086
131090842
131102846
131130237
131140947
131150791
131172818
131177182
131185700
131201599
131209297
131239516
131243486
131292114
131306926
131316652
131346955
131366352
131384443
131410991
131454492
131467169
131470417
131504402
131510243
131564712
131579086
131580373
131626339
131636910
131640523
131646780
131653898
131668316
131697707
131699239
131723617
131725705
131729548
131738495
131746960
131748626
131777256
131800870
131816707
131835777
131836314
131898187
131946612
131981337
132013438
132014226
132073993
132085735
132119696
132141298
132143475
132195921
132204238
132206892
132215651
132217191
132235260
132238630
132259217
132271197
132341944
132363644
132397481
132400612
132419189
132452739
132456336
132466864
132470313
132473334
132485479
132489975
132545953
132548554
132554399
132560912
132569522
132581674
132613097
132621222
132627253
132639316
132674460
132676266
132677370
132678721
132684254
132715310
132726162
132734142
132750865
132789451
132789791
132794354
132802293
132820326
132820518
132828915
132879357
132882668
132885519
132885615
132888846
132895420
132967785
132975668
132990058
133012708
133021365
133077988
133102780
133105609
133121301
133150387
133159458
133170203
133186618
133199759
133209550
133222753
133255312
133322777
133326251
133361035
133368268
133372044
133391475
133409795
133433916
133455937
133461142
133466111
133472336
133472702
133543084
133548235
133554311
133556252
133577399
133609796
133615204
133640132
133676694
133688426
133700090
133719277
133719892
133727872
133730638
133806140
133844611
133865982
133972463
134023569
134054381
134056891
134064932
134105049
134126686
134126747
134134083
134166606
134177101
134209381
134213549
134249484
134249903
134289843
134304304
134304562
134308860
134346702
134366618
134378592
134392672
134394279
134408343
134411772
134449807
134453588
134462175
134495223
134563278
134569114
134578959
134583944
134605628
134640818
134641607
134671592
134693338
134695713
134703880
134715979
134739745
134757382
134763950
134779971
134780243
134788055
134797207
134819252
134845072
134849397
134858137
134875991
134879758
134899699
134919966
134931908
134956474
134958817
134959690
134989176
134998860
135007836
135015083
135031923
135047307
135092467
135092947
135145128
135164907
135171705
135187122
135196882
135223638
135228528
135245809
135282365
135319277
135332522
135348614
135354186
135354622
135361997
135363530
135366525
135398260
135466220
135488407
135492342
135500636
135500812
135505271
135540055
135550249
135608459
135610057
135620561
135629340
135651145
135668849
135677474
135688683
135758059
135768220
135776457
135786303
135807605
135833169
135851043
135870534
135918851
135919972
135921263
135935890
135966881
135977484
135981620
136001691
136012335
136023354
136025396
136040469
136096817
136113029
136114817
136115389
136118686
136173478
136197894
136209689
136215337
136223263
136245528
136289192
136310836
136323504
136348460
136366718
136386155
136407163
136455616
136457700
136463992
136475194
136476367
136480269
136483673
136553774
136570230
136581661
136591743
136606669
136622274
136622782
136626104
136710071
136746949
136752588
136757285
136793537
136794668
136799702
136816398
136832890
136883975
136939764
136967404
136968100
136968378
136997864
137009869
137020711
137021718
137047984
137069033
137076304
137094788
137124885
137170493
137174537
137204176
137206301
137261203
137262974
137267030
137275634
137283433
137295012
137315876
137330023
137339641
137344566
137360321
137360424
137379232
137439553
137508538
137519882
137524045
137533087
137535891
137555919
137613618
137630393
137639522
137647686
137681150
137727327
137735751
137747445
137756643
137787907
137804055
137807968
137825667
137826569
137854264
137887537
137899124
137906754
137907957
137934409
137935174
137962305
137983612
137991542
138000870
138005003
138031303
138039457
138106206
138117924
138135812
138137058
138146075
138152051
138154369
138163662
138168461
138191211
138194668
138197191
138205296
138207419
138266522
138280124
138300448
138341752
138352016
138459964
138468990
138483974
138529011
138547399
138571680
138631058
138679818
138702312
138709797
138724660
138746304
138753986
138776274
138795083
138796094
138802146
138812194
138815572
138825528
138855973
138861213
138861773
138893722
138897363
138897641
138906340
138983874
138999356
139004609
139012599
139018819
139034260
139035602
139051082
139075846
139097206
139143360
139145527
139146088
139182788
139192672
139204907
139227069
139340142
139362924
139376532
139379714
139393778
139412026
139449489
139538611
139574810
139590767
139617831
139647013
139648585
139656466
139657360
139707767
139716718
139720457
139739462
139746405
139776587
139792406
139808714
139844435
139862860
139883403
139892072
139912016
139929550
139946692
139954085
140000373
140004989
140015198
140030904
140031116
140038749
140043243
140055142
140061483
140073720
140121391
140133302
140165378
140182470
140193740
140195764
140200233
140217185
140243621
140265928
140269678
140272387
140340444
140379182
140387170
140408309
140411999
140467516
140477659
140492175
140495491
140504221
140518622
140544463
140549674
140557474
140579483
140596349
140600919
140602434
140603540
140608462
140619646
140632797
140636958
140642204
140649374
140668757
140697485
140758140
140759394
140759851
140795491
140832234
140839317
140853882
140869404
140882233
140905227
140905459
140944412
140964759
140980497
140981467
140982291
141041635
141041921
141100648
141116339
141131181
141135209
141195724
141196792
141202211
141243244
141255223
141266588
141282502
141303235
141343661
141358301
141367944
141377946
141397268
141399672
141445116
141454345
141495812
141510823
141511718
141515385
141519099
141548438
141550363
141561468
141587936
141591460
141631417
141673220
141677002
141724235
141726884
141733368
141754417
141777986
141817838
141853621
141889096
141891995
141901777
141908562
141920532
141923700
141944259
141980456
141998055
142003286
142004601
142018809
142050513
142121746
142131824
142202195
142207505
142235324
142236600
142251875
142252259
142256741
142259556
142262493
142288485
142303651
142308350
142346015
142350624
142352450
142371232
142382450
142400502
142482006
142489176
142492684
142493337
142501146
142512604
142533958
142568548
142581407
142590989
142599572
142607461
142610172
142668884
142685960
142716126
142734893
142763168
142766657
142777085
142779098
142791588
142817397
142841747
142852544
142857072
142861317
142871323
142871558
142898010
142931176
142938101
142988853
143010981
143034253
143050710
143086801
143119332
143155994
143156463
143156741
143158699
143175637
143178623
143222619
143259483
143298366
143402927
143455074
143495352
143496805
143514095
143524931
143525506
143555387
143586413
143587657
143589219
143611816
143648684
143667963
143681746
143698512
143728944
143735997
143739444
143747687
143770183
143791995
143804673
143807910
143808713
143849166
143857824
143861639
143930013
143940900
143995426
143996622
144000909
144014839
144086666
144091668
144096444
144096612
144104139
144111357
144114583
144127621
144132763
144164287
144194000
144254480
144256816
144279360
144288484
144307487
144308862
144351420
144380560
144390697
144415207
144421920
144431052
144439351
144464325
144469219
144522073
144547219
144558543
144583438
144601022
144602531
144625224
144632836
144637871
144645998
144661233
144672137
144675453
144713993
144742727
144757352
144776189
144780974
144809141
144823074
144848658
144878498
144884611
144921299
144922807
144923480
144935248
144938816
144949828
144966085
145007862
145016033
145064219
145098596
145103316
145110297
145148494
145173011
145191406
145195314
145196465
145221874
145248406
145256775
145270788
145273904
145292595
145305434
145316365
145355478
145368161
145374509
145382108
145390060
145410692
145433830
145489406
145496605
145532189
145543854
145550798
145580268
145620615
145646215
145666884
145673925
145686944
145699332
145813737
145847868
145853301
145889605
145896165
145904489
145919609
145952494
145968189
146009447
146010074
146013339
146057620
146087615
146090035
146127624
146150729
146164887
146178404
146249033
146253782
146274331
146297244
146297250
146301507
146331742
146349121
146350681
146354065
146384576
146395289
146466377
146482622
146512128
146513751
146534049
146538759
146562868
146575120
146583064
146586956
146601881
146628663
146636345
146675629
146689589
146725324
146757805
146786357
146788649
146804267
146822639
146898936
146920713
146957449
146979085
146982004
146985445
146985538
146989824
146998026
146999255
147008576
147058591
147059608
147064996
147071129
147166993
147178471
147198363
147206643
147268979
147293926
147309225
147311532
147318342
147349487
147352522
147401183
147423308
147439951
147491845
147530068
147542271
147555406
147566057
147578114
147596013
147653345
147659962
147699680
147704333
147708117
147733900
147739153
147767491
147778202
147780382
147787834
147817963
147881939
147895774
147904004
147929777
147929898
147939382
147978645
147995439
148011900
148012846
148062552
148072329
148075362
148087574
148119530
148132381
148147837
148151644
148177384
148184141
148189921
148198653
148201956
148233290
148246117
148280918
148316550
148328126
148329567
148331851
148343673
148344272
148345443
148349542
148436965
148458010
148458703
148497652
148503553
148530554
148547386
148547856
148561603
148569816
148592327
148596490
148620200
148635078
148651796
148678741
148699623
148702940
148708496
148746669
148751003
148777238
148784733
148831925
148871895
148938543
148979826
149026868
149033774
149038687
149062196
149106579
149132971
149147573
149158924
149165866
149170378
149172184
149172602
149194614
149222299
149231606
149238607
149249554
149281130
149302551
149321271
149340270
149358798
149363867
149386858
149403405
149449732
149507567
149554712
149590011
149615144
149627685
149666863
149690828
149759874
149784539
149846612
149867892
149913472
149915757
149917049
149917522
149927136
149930977
149938239
149963524
150007336
150023376
150046101
150089829
150164185
150180783
150191626
150300083
150303146
150310964
150328934
150342346
150352962
150361991
150362311
150376791
150389859
150401950
150490096
150533689
150550468
150622151
150670481
150684234
150725508
150739282
150741816
150743203
150770661
150844018
150927136
150939318
150969944
151011653
151034943
151104507
151126993
151133639
151141704
151156425
151182223
151190069
151193183
151198381
151217722
151246974
151263944
151269177
151282409
151290296
151335998
151341340
151342999
151343790
151350788
151356673
151383730
151466882
151478164
151488434
151501215
151518230
151522543
151527654
151602640
151636377
151657273
151673811
151678735
151686322
151711425
151716528
151734784
151736124
151773212
151848327
151881302
151912959
151918979
151945047
151946656
151957511
152042058
152054111
152070679
152101877
152103085
152105406
152107447
152118694
152121312
152128627
152145510
152203991
152249962
152279400
152391045
152468405
152470557
152481130
152485179
152505727
152510538
152529254
152537093
152593793
152606331
152610918
152676922
152693033
152812792
152826013
152850742
152865636
152894250
152912398
152920936
152940003
152941749
152960973
152975580
152981591
152987485
153004561
153022444
153029624
153031775
153061704
153089105
153092156
153095642
153105253
153153092
153153111
153184030
153192481
153196763
153244667
153261639
153286455
153289557
153321201
153386207
153439253
153461876
153466682
153477229
153487125
153505646
153516393
153520730
153520748
153601257
153718577
153738486
153744690
153756322
153783083
153797481
153799748
153811149
153830083
153883339
153889061
153902469
153914248
153929175
153943042
153989316
153994154
154045980
154065184
154134328
154145998
154185787
154188731
154200185
154205895
154224380
154226027
154316177
154317379
154321674
154331817
154372867
154417419
154427405
154428241
154451817
154457822
154484375
154485967
154536650
154536877
154556332
154572499
154582087
154582614
154620284
154633582
154647722
154747050
154751272
154760371
154833977
154847713
154872930
154912656
154988405
155035929
155041527
155064750
155077996
155079047
155080386
155113252
155193896
155274596
155278900
155279927
155309048
155312666
155312669
155315303
155316910
155339607
155341959
155357304
155383492
155385649
155434915
155453707
155469690
155473454
155558711
155583792
155595361
155605649
155653826
155660884
155668983
155681480
155688141
155708595
155715415
155725751
155728694
155745846
155754866
155754917
155766439
155776936
155785289
155820589
155844819
155846832
155885719
155914584
155955459
155977853
156005990
156034827
156042620
156049324
156063084
156089028
156133104
156139474
156158194
156170408
156189524
156190809
156201379
156240936
156272426
156272489
156292563
156323372
156330305
156346503
156353761
156389535
156393051
156450960
156451833
156452897
156465332
156481270
156531111
156553368
156560512
156567521
156573708
156623264
156632391
156638848
156645538
156675486
156711480
156716524
156748031
156805220
156808563
156821833
156910007
156910728
156931725
157011187
157094380
157129637
157136326
157157562
157172443
157184060
157199689
157211824
157212274
157226173
157285689
157293582
157299578
157300410
157314817
157395341
157415718
157426755
157454757
157458344
157459666
157484724
157492107
157499502
157508551
157521170
157553337
157556995
157559365
157573507
157583617
157645991
157655360
157682131
157702790
157717146
157755801
157762466
157766367
157778002
157818916
157833563
157834870
157839683
157854768
157903891
157911807
157911948
157931989
157956265
158005530
158018279
158036771
158075339
158082841
158108535
158145625
158156821
158178795
158197052
158212766
158243925
158246699
158267074
158269872
158294101
158330934
158349983
158434233
158451082
158500083
158548159
158589862
158603343
158603920
158608716
158624229
158633419
158644618
158688944
158797792
158829774
158862025
158887154
158924273
158927468
158936121
158941295
158942132
158995809
159017876
159064322
159096722
159101733
159143909
159152036
159236625
159262839
159274544
159293052
159340398
159364485
159365481
159376245
159396024
159399021
159430747
159433219
159485793
159509962
159543160
159548423
159614994
159636709
159646089
159649637
159653741
159655546
159668228
159668396
159668812
159673826
159678445
159686106
159707937
159709317
159742713
159794562
159800963
159804832
159805820
159806053
159931712
159935411
159950485
159953437
159954961
160005398
160010752
160043097
160101358
160111024
160150728
160166465
160182286
160193711
160204908
160217569
160240973
160256530
160258370
160275894
160291630
160304491
160315034
160338250
160370435
160377764
160407079
160416761
160468914
160491156
160503214
160539261
160562809
160569598
160577774
160611058
160623590
160634378
160686974
160692282
160735715
160748808
160789473
160803058
160811306
160817756
160825456
160860398
160887149
160927757
160938214
160982645
161012061
161022064
161037419
161068969
161119778
161139151
161140283
161175218
161180583
161181359
161191174
161193146
161208235
161237137
161246171
161246785
161247592
161261947
161262710
161310988
161326366
161348788
161373300
161379612
161425395
161427905
161520499
161585113
161586490
161601633
161610420
161636935
161676133
161719338
161727699
161791272
161798121
161805291
161832696
161850398
161861009
161865606
161873864
161896838
161930153
161939377
161955703
161987570
161999024
162099166
162127466
162158337
162165430
162167302
162172169
162202573
162237314
162339404
162352472
162356682
162392781
162402301
162473764
162476178
162487761
162491404
162508645
162545996
162601369
162610229
162641974
162642211
162648717
162688380
162691731
162698015
162698954
162712097
162791931
162809472
162810869
162823729
162853087
162874580
162882628
162895914
162900190
162930712
162951806
162955698
162972090
163021103
163033553
163040347
163146796
163181812
163194770
163207600
163215211
163215580
163218465
163259079
163295753
163311956
163328350
163336656
163342972
163404239
163418661
163418931
163454481
163456529
163470086
163490185
163510003
163514999
163538834
163557966
163594267
163611936
163641162
163685437
163694041
163712293
163726694
163727758
163753744
163756504
163794495
163845599
163847050
163881914
163921297
163923188
163950078
163953527
163954468
164005574
164068774
164079895
164096566
164098441
164146207
164167155
164174184
164197175
164218308
164236526
164241965
164280269
164289963
164311030
164312663
164319799
164321797
164343706
164370962
164407371
164411183
164436874
164446207
164454080
164562492
164577157
164602018
164623972
164633519
164638516
164663687
164672995
164711564
164734027
164741000
164861928
164913136
164916916
164919398
164969756
164972066
164982502
165003690
165007399
165014843
165018112
165050509
165063217
165101313
165104112
165178696
165182382
165228655
165258695
165307719
165311474
165322519
165336608
165365789
165370269
165371139
165374924
165409294
165427806
165487322
165489813
165496056
165535857
165594764
165641520
165673626
165680652
165712736
165723666
165760541
165778532
165780293
165781271
165820462
165843503
165854271
165879923
165910909
166011039
166082682
166107267
166131254
166133206
166138018
166138671
166155824
166210838
166211602
166216224
166239341
166258243
166288390
166310125
166342916
166383780
166415249
166460141
166481596
166497378
166519143
166523967
166542828
166552119
166563666
166601937
166623444
166635322
166648885
166656372
166664937
166676696
166684994
166689487
166694232
166739320
166763786
166769304
166782151
166787848
166836839
166896933
166972977
167028785
167040935
167076086
167080400
167100026
167100272
167101740
167136613
167139255
167161526
167190554
167193246
167205364
167236871
167249826
167262880
167277681
167298366
167312893
167342217
167357773
167359491
167365172
167384599
167389930
167396875
167397176
167461981
167526552
167574476
167582034
167587546
167605094
167617349
167710929
167728248
167760804
167801123
167804820
167830365
167836002
167853717
167854122
167855631
167863442
167891159
167953831
167983583
167993082
168000100
168153317
168158406
168171000
168177620
168209193
168218438
168222252
168223380
168259556
168262070
168263152
168283621
168286805
168356198
168409541
168435091
168447628
168449341
168482521
168521958
168578307
168600426
168628791
168660301
168703355
168732050
168741758
168747564
168752487
168755319
168778270
168792448
168817765
168826931
168865773
168872286
168875879
168891466
168904556
168907304
168917923
168998465
169006085
169012290
169019922
169057257
169097077
169117847
169119352
169134499
169135135
169155426
169166734
169177917
169206709
169219474
169246066
169261317
169263186
169271931
169271953
169282471
169291302
169310726
169316781
169321555
169323885
169387216
169422505
169452594
169463799
169471288
169491804
169515485
169531644
169547008
169555914
169617218
169636146
169656193
169692033
169737210
169753283
169765762
169833527
169916538
169918965
169920427
169961173
169975660
169993523
170000258
170009288
170029740
170047507
170052109
170059150
170059490
170091582
170092635
170098251
170144011
170151125
170155612
170167701
170178689
170182431
170192347
170207846
170210915
170218111
170232633
170237989
170329352
170333737
170339264
170345182
170353208
170367421
170382682
170382802
170415918
170416232
170446033
170452468
170454615
170464029
170498146
170558933
170561515
170567510
170570973
170578761
170624746
170667600
170688031
170697991
170710766
170768501
170782912
170846967
170902485
170933140
170933888
170951541
170967611
170992364
171007593
171029416
171055639
171055817
171056978
171072232
171098752
171106758
171108256
171114967
171148907
171157726
171167461
171220762
171222784
171302208
171339890
171346596
171353684
171357295
171378394
171409553
171426891
171437431
171437827
171441384
171468121
171473974
171533084
171574605
171609939
171636270
171637673
171688537
171698726
171735628
171761690
171783042
171807736
171811947
171824430
171864080
171875040
171884148
171937995
171938032
171939080
171969566
171978619
171998695
172001193
172023172
172031414
172040835
172044878
172044956
172057335
172067819
172157969
172161240
172178842
172240748
172241598
172246001
172255373
172268170
172287827
172306891
172315356
172330841
172352823
172359445
172361925
172377051
172390917
172402959
172422952
172597342
172621261
172643215
172668622
172700617
172729886
172739461
172803146
172821568
172851053
172914647
172922840
172952780
172953402
173007745
173045221
173050135
173090170
173103534
173132054
173202463
173207527
173207856
173232977
173267850
173287066
173307886
173308027
173318473
173322774
173359742
173361489
173381881
173438365
173452016
173476861
173489594
173496589
173505609
173515884
173525654
173542492
173568575
173569158
173644059
173665974
173668184
173682083
173688060
173717234
173726147
173728334
173734574
173754448
173775028
173834738
173875671
173907739
173914269
173937459
173960475
173973161
173981657
173986186
173994162
174027886
174051294
174086225
174127529
174202415
174252136
174281027
174296746
174310383
174330997
174347330
174360969
174361342
174379538
174418799
174483536
174500031
174505650
174520311
174537529
174551576
174551627
174560219
174579287
174596828
174616572
174647112
174653774
174684301
174699004
174713576
174721500
174756140
174757529
174803184
174812492
174823751
174871518
174889168
174889549
174915882
174948667
174983877
175018131
175033995
175068872
175169917
175176468
175199049
175275831
175304221
175332676
175356040
175360511
175370983
175381674
175448532
175462671
175470967
175478441
175526235
175539606
175540987
175583909
175621991
175624836
175627920
175661093
175690485
175782077
175792548
175818537
175819297
175838942
175854223
175858677
175886460
175889495
175914443
175937545
175946524
176041100
176044613
176064142
176114512
176114828
176121531
176123678
176143837
176168207
176195997
176220413
176234373
176247516
176287483
176307160
176317407
176322032
176348272
176356375
176365224
176386308
176406776
176427475
176462356
176544340
176555397
176564018
176578722
176614543
176636200
176693093
176710959
176734038
176772934
176773829
176837922
176853721
176870382
176940633
176987107
177007896
177010028
177050203
177065042
177069422
177089597
177094286
177101389
177119175
177119944
177149779
177155256
177160080
177167940
177169026
177239981
177296680
177324981
177349100
177349523
177357241
177369046
177380187
177406611
177445142
177448067
177532156
177537619
177577545
177613492
177616738
177639283
177640438
177662162
177678867
177679684
177682115
177692579
177693955
177721404
177769021
177783151
177791423
177831263
177852718
177861788
177869929
177912688
177962637
177967587
177969535
177989093
178003308
178009641
178012145
178028851
178039977
178040583
178106797
178141422
178142260
178153977
178237482
178251933
178254954
178318746
178335281
178337425
178365871
178414909
178437680
178478659
178485006
178499723
178528077
178537418
178550803
178559904
178590422
178612601
178640450
178649183
178653545
178654160
178685896
178694269
178697747
178715945
178724851
178796168
178837878
178842024
178872519
178879911
178890081
178933759
178951127
178981126
178991691
179075107
179086599
179104391
179121676
179128692
179144553
179155945
179162026
179192404
179216294
179230574
179241845
179245776
179253616
179265237
179274144
179278551
179285649
179304057
179321393
179326137
179336210
179387779
179412698
179477972
179480984
179506957
179508520
179529932
179568273
179571829
179582181
179600545
179628134
179641730
179678701
179729182
179739846
179752561
179784218
179827004
179843209
179853470
179866420
179879248
179888776
179907617
179916152
179918054
179931712
179938667
179954009
179966281
180103459
180104162
180112511
180133404
180143105
180171756
180212471
180216174
180229865
180229951
180293677
180295163
180319129
180335308
180386013
180405824
180415786
180415814
180434244
180484138
180505477
180517479
180519265
180572107
180579574
180606023
180624550
180627825
180652535
180658558
180662641
180684765
180699849
180716134
180778376
180828895
180831748
180841253
180848533
180859383
180861956
180885895
180893207
180911922
180927938
180951708
180972476
180974562
181010022
181036004
181057893
181073617
181089060
181125187
181127651
181135783
181157255
181159900
181187140
181209557
181219467
181259005
181263229
181279249
181279308
181283677
181285968
181301215
181302546
181310713
181312662
181327213
181352104
181362487
181367139
181401932
181469827
181473246
181559702
181565201
181565867
181576225
181602313
181633360
181643195
181651026
181664737
181683441
181686648
181706584
181724823
181759061
181765900
181785193
181786403
181790526
181796932
181800856
181853063
181862800
181869581
181913004
181915030
181919466
181991227
182002871
182029787
182034006
182042625
182046681
182062577
182070776
182126277
182187318
182217732
182221053
182228030
182240240
182269080
182298661
182314646
182320284
182351833
182367669
182373333
182386915
182416010
182420811
182451223
182456268
182456306
182468063
182469194
182504312
182512789
182518337
182531939
182561399
182585526
182630993
182640606
182651326
182657463
182658179
182682276
182682824
182692878
182708700
182739445
182801472
182814130
182818596
182823093
182840340
182852916
182887095
182899593
182937861
182942193
182989433
183102823
183123574
183133785
183139361
183139705
183147526
183184827
183203739
183224466
183235254
183256614
183280572
183295860
183364127
183381989
183397961
183412262
183482556
183484525
183522780
183547416
183559867
183559941
183584203
183610829
183624178
183742008
183760085
183819486
183906473
183991569
183998372
184012287
184033701
184036930
184082931
184196269
184204722
184214119
184227992
184259965
184262612
184296295
184319031
184342369
184364371
184395998
184414816
184466022
184485095
184507362
184539950
184545798
184546752
184558607
184586902
184605881
184619274
184628898
184657891
184661341
184670209
184698975
184705605
184730299
184788824
184826796
184869807
184893212
184931772
184941104
184993060
184998665
185047583
185055166
185062378
185065454
185079683
185081384
185102106
185112063
185145368
185162147
185170307
185182676
185193597
185201041
185274151
185278149
185310011
185343867
185348213
185365243
185367299
185381215
185385678
185400890
185406703
185438821
185450784
185458343
185479344
185482943
185486165
185497114
185511846
185526458
185533217
185592424
185596609
185628524
185640847
185666290
185715574
185718555
185748910
185758994
185770169
185775287
185799902
185812781
185923041
185945929
185948672
185976534
185985895
185998224
186005619
186012957
186022216
186039034
186045055
186060730
186074827
186095966
186132094
186132605
186132943
186166407
186174460
186191216
186214884
186220604
186276247
186283910
186287634
186300895
186319926
186336552
186352949
186355108
186380404
186389868
186403608
186404591
186428689
186436239
186448202
186452713
186456382
186457977
186459214
186494539
186509368
186529550
186544781
186557021
186583434
186623346
186668028
186729114
186762761
186777886
186797754
186804936
186809130
186813881
186821067
186821259
186837949
186862755
186864337
186873665
186880512
186915331
186986344
186994069
187000573
187010511
187016899
187042170
187056483
187098133
187123412
187138368
187144905
187195036
187202720
187210793
187217528
187221085
187236597
187270694
187288254
187297248
187305729
187327011
187331591
187336548
187340202
187345863
187349666
187419064
187460534
187465041
187466178
187484836
187520997
187571490
187574173
187645384
187648739
187664781
187671436
187689971
187719332
187726637
187733236
187733460
187733619
187769757
187804723
187825680
187829833
187843411
187845467
187846629
187847120
187895827
187895881
187905801
187969160
188028532
188063544
188089597
188124073
188124726
188131002
188132157
188172210
188174214
188200268
188201097
188206867
188267433
188268670
188282050
188300620
188340623
188363976
188369157
188371333
188394891
188418413
188424300
188437019
188443708
188491963
188515962
188516106
188524170
188533236
188627513
188632666
188633101
188644131
188662581
188666080
188680508
188775942
188809534
188810675
188831223
188859717
188868471
188875019
188885221
188887158
188965061
188967008
188973540
188974000
189003771
189015888
189057104
189066740
189103617
189115602
189134514
189152095
189160075
189161031
189175029
189194507
189254763
189269346
189304815
189336861
189419803
189421484
189433641
189441979
189449839
189461305
189472300
189494592
189525247
189539607
189541010
189567362
189579849
189616395
189643378
189653710
189658409
189660132
189664619
189680687
189686814
189689033
189704253
189732200
189769444
189778235
189810730
189813274
189816391
189857180
189869680
189873220
189879096
189966987
189998702
190003268
190009504
190050878
190053263
190085862
190121753
190125254
190183919
190185693
190189597
190207026
190235292
190240570
190380640
190398755
190407543
190413649
190415689
190421078
190467449
190475923
190488137
190501283
190529986
190551320
190560638
190562236
190588879
190595379
190650112
190670537
190688682
190702953
190713498
190730444
190738868
190752258
190759279
190759468
190794850
190843334
190846923
190877970
190940839
190949413
190974938
190999543
191073827
191076364
191137470
191139769
191144625
191159937
191168823
191180724
191241172
191274389
191313653
191319718
191329726
191354896
191390132
191418824
191443059
191443105
191444140
191490110
191501752
191634176
191635552
191658195
191715564
191735859
191738271
191747597
191823810
191840364
191866655
191885936
191900601
191905665
191928553
191946755
191969885
191992262
192015732
192025209
192062059
192068972
192091928
192107812
192119095
192120789
192129390
192144871
192165772
192304490
192325460
192330192
192369749
192388267
192401001
192409678
192448001
192459788
192592647
192610676
192660992
192674876
192697869
192703234
192746455
192751445
192763557
192769829
192790460
192793967
192822589
192842562
192874427
192921349
192926258
192931567
192933783
192946411
192971951
192975468
193021691
193022986
193029484
193100819
193126995
193135907
193164800
193208304
193232985
193246969
193276966
193283727
193330905
193391510
193402311
193468772
193470092
193488644
193511369
193580792
193602026
193618319
193628672
193646753
193677165
193691604
193695442
193712015
193766884
193772866
193777845
193794279
193794315
193814073
193814821
193819408
193849089
193875011
193917252
193934392
193945683
193953772
193955679
193957673
193966872
193992442
194000927
194033603
194085181
194097078
194111289
194111298
194150667
194170640
194179896
194217024
194253659
194259251
194272846
194274988
194295904
194305122
194310172
194368397
194386916
194406692
194410416
194448297
194467775
194472701
194508912
194514958
194529368
194558046
194568081
194580735
194639909
194644587
194652104
194654136
194656793
194665970
194707558
194715434
194718078
194745084
194782448
194885529
194915846
194935376
195025747
195037675
195038380
195040694
195081824
195107824
195113056
195146352
195167973
195178995
195181277
195294924
195311909
195319495
195328165
195338587
195370738
195439543
195449477
195463172
195475816
195495847
195524099
195533453
195576893
195592995
195629429
195656454
195661570
195670906
195674005
195675156
195683113
195690129
195729964
195825578
195945088
195957867
195973243
195996343
196020415
196036516
196039505
196045149
196085516
196118950
196156637
196158345
196164650
196204551
196220289
196222888
196243697
196253205
196297535
196329764
196344325
196346942
196352373
196360244
196376747
196383833
196415610
196426955
196438876
196453662
196469521
196471866
196473518
196557908
196598096
196627632
196652088
196667318
196684313
196715676
196723272
196748990
196768455
196780159
196794909
196849494
196853239
196871398
196891871
196914489
196919846
196938171
196974295
196976150
196979893
196990567
196992933
197008008
197031172
197066657
197101983
197104313
197148517
197163875
197164631
197169704
197184134
197241783
197241860
197256136
197289354
197327643
197350136
197365503
197391018
197395336
197402386
197426967
197463698
197464106
197464325
197475172
197489890
197587926
197620262
197651637
197663741
197667932
197677423
197711624
197805024
197810768
197827589
197828949
197868035
197888665
197896435
197959726
197969265
197974741
197981571
197988388
197992591
197997043
198015423
198015652
198034542
198045571
198087158
198104136
198116148
198132584
198140058
198157296
198212510
198218892
198221844
198259056
198285384
198286684
198306765
198353187
198433507
198480098
198496590
198503233
198543784
198549731
198551025
198562643
198579204
198594972
198607695
198610803
198676535
198683795
198711341
198722665
198814538
198838201
198848075
198866868
198876376
198877353
198896766
198953416
198966856
199060463
199098771
199167926
199188629
199207179
199230007
199248951
199273346
199292281
199298471
199334474
199403363
199430434
199433801
199439371
199462429
199496308
199514665
199530270
199625608
199627841
199629050
199646048
199730464
199730874
199731942
199750058
199759285
199815730
199817027
199895096
199920828
199925853
199939790
199940553
199948107
199983100
199991979
200029785
200054401
200081571
200090306
200091634
200098614
200119336
200123025
200138147
200139205
200177996
200210546
200300761
200307555
200330070
200337477
200352030
200381577
200391991
200407714
200440455
200461446
200516860
200555650
200580857
200583532
200603592
200615592
200676365
200692169
200704904
200706010
200741568
200759042
200806760
200813033
200835165
200837107
200869407
200879286
200883972
200947401
201032743
201065920
201082728
201129978
201144946
201163806
201165997
201182993
201187371
201189389
201209152
201217799
201236580
201241514
201255514
201267834
201276065
201301082
201314633
201334364
201338590
201339545
201340711
201357930
201361945
201392868
201471252
201471667
201481122
201494833
201511660
201523142
201524537
201529600
201539694
201549725
201557850
201562237
201567798
201573101
201589471
201638311
201638429
201650199
201731154
201734311
201756791
201756880
201768447
201786168
201858801
201861085
201877712
201877724
201888697
201890477
201898835
201931087
201960296
201970206
201994041
202021090
202029731
202041043
202057007
202065920
202076627
202106126
202106530
202122607
202172006
202175872
202179532
202269124
202277904
202314521
202320109
202333961
202337328
202342001
202348023
202358551
202392336
202399420
202403096
202403760
202405395
202430682
202444555
202460302
202471044
202481673
202507353
202521981
202534977
202553377
202573133
202581192
202633750
202638211
202642439
202645936
202647064
202658069
202704217
202720442
202770816
202775348
202803380
202855296
202908929
203003165
203006695
203033305
203040311
203044412
203083718
203096504
203109886
203150381
203215625
203238170
203288328
203288753
203329514
203369175
203379026
203390232
203402007
203500990
203535620
203540992
203546386
203549949
203563833
203582304
203585475
203589509
203659579
203673017
203693239
203694693
203730155
203795837
203797476
203812487
203827021
203828155
203835258
203836156
203906274
203926861
203931723
203954623
203966653
204033304
204050833
204083961
204088106
204206076
204243458
204271920
204276353
204295852
204306572
204308188
204340607
204345592
204351389
204352812
204354674
204386299
204394882
204420172
204425950
204430206
204442898
204473824
204477310
204491607
204491786
204505525
204543489
204568703
204572231
204599062
204600315
204610601
204611592
204626811
204627022
204627565
204686427
204698520
204724148
204766512
204787686
204807819
204825001
204847894
204850693
204862541
204875787
204878917
204888745
204936411
204979109
204994730
205056469
205065500
205079722
205092307
205102712
205110449
205115006
205115144
205117910
205177555
205202749
205216697
205225652
205308285
205320986
205323935
205365692
205378037
205379039
205397578
205413918
205419250
205438647
205460906
205463833
205474187
205489740
205498919
205555340
205555494
205570783
205583162
205596597
205662059
205673663
205701765
205705993
205711555
205722683
205761341
205766574
205798869
205827546
205880741
205881310
205891241
205894303
205938047
205989595
205999166
206001253
206038797
206076718
206147865
206156977
206201138
206262160
206291464
206299475
206301180
206315623
206334646
206347004
206388057
206469610
206541962
206542251
206561623
206603076
206622259
206643340
206643659
206659694
206659866
206669788
206687326
206715783
206715798
206731295
206731297
206755425
206760819
206768447
206777649
206781009
206828783
206833885
206869405
206899153
206918878
206927006
206949009
206954973
206960820
206964120
206973170
206999470
207012598
207054531
207057128
207084614
207158185
207174527
207180364
207181140
207240698
207245427
207247953
207253093
207276895
207279444
207290890
207299431
207403652
207403676
207407097
207422913
207478789
207501478
207544803
207549830
207556489
207564974
207565401
207585599
207637499
207640431
207668275
207670431
207673318
207738453
207755566
207782516
207820043
207832524
207839475
207866799
207877838
207909383
207933245
207942959
207958971
208009330
208015546
208094743
208109154
208114253
208169716
208181165
208188984
208214067
208320445
208342263
208359407
208370322
208422439
208432883
208523661
208530324
208547991
208553671
208631750
208636669
208656871
208692226
208697567
208723774
208738322
208746047
208756505
208784666
208786873
208792377
208808839
208832592
208858599
208887419
208900246
208998051
209005521
209044143
209069911
209079795
209095259
209127835
209143656
209170837
209171572
209183231
209212608
209299672
209301553
209356848
209368384
209388176
209389318
209470092
209510549
209512502
209521978
209523823
209574399
209580097
209583209
209618189
209652651
209662695
209696190
209728025
209734105
209771535
209788362
209800061
209847231
209866205
209876377
209888902
209894983
209899773
209975124
209976099
209977589
209994012
210054686
210124604
210132367
210136328
210147458
210171175
210183145
210189028
210193467
210216745
210251863
210313848
210332711
210351772
210351890
210354685
210412624
210428463
210470335
210561995
210599814
210604188
210635949
210666234
210668585
210674903
210706043
210706326
210709416
210714555
210722469
210776602
210796919
210868808
210886588
210913122
210944468
210945012
210955608
210988995
211037714
211050772
211086452
211093000
211099898
211111855
211147678
211147811
211175067
211197929
211249649
211264203
211287168
211298754
211302194
211316506
211322391
211336619
211361025
211400193
211424646
211426940
211433364
211436568
211437075
211451039
211465232
211478650
211486236
211498674
211500369
211540893
211541295
211555963
211579854
211620655
211673660
211703310
211718480
211739123
211746776
211797076
211833949
211880788
211899094
211919917
211971396
211976839
212012805
212028966
212031750
212035458
212053952
212073006
212125776
212133991
212147747
212148713
212169565
212247980
212251490
212267679
212284564
212290790
212296800
212308146
212310611
212322993
212329383
212333931
212336584
212348071
212348327
212364134
212425562
212469665
212508449
212523819
212549730
212557596
212570601
212588348
212613417
212623115
212638868
212649508
212685057
212691679
212694017
212733699
212737240
212757644
212777847
212801795
212802269
212825201
212834439
212839983
212877081
212890281
212939335
212943621
212968648
212972841
212976717
212999682
213012353
213039200
213046050
213049193
213078214
213079080
213088155
213095089
213101894
213134315
213174686
213191749
213208010
213246248
213263342
213284369
213350424
213362144
213365110
213393052
213396516
213398967
213484696
213531206
213534654
213555871
213560592
213563206
213602730
213634268
213643040
213653683
213666043
213673520
213682441
213693217
213697011
213701856
213733698
213750219
213760601
213926310
213936377
213951180
214007451
214013420
214039968
214063790
214104527
214123450
214123845
214127141
214137179
214139813
214182969
214227478
214229283
214231039
214285790
214289574
214342281
214366611
214366794
214366960
214396804
214406599
214409318
214415999
214433288
214527866
214543790
214552219
214585399
214602751
214614470
214670152
214679773
214768103
214771778
214778045
214787093
214829284
214837917
214851914
214867449
214869168
214876047
214878150
214893988
214913773
214932216
214934196
214998225
215069967
215079264
215107874
215139876
215147452
215156108
215179006
215181307
215197602
215214862
215242567
215253664
215284135
215341563
215351471
215358176
215365350
215384592
215416128
215428284
215474196
215519054
215523468
215540024
215568172
215624778
215634117
215657320
215725072
215728967
215734544
215758287
215807906
215817269
215875727
215879086
215890185
215892011
215913093
215936841
215958622
215971904
215972582
216017150
216042631
216053786
216077685
216093797
216111132
216116382
216177127
216207364
216207386
216209730
216236853
216285395
216285870
216301325
216324621
216350513
216364950
216373072
216391238
216397541
216412019
216430000
216443242
216443296
216451538
216485180
216492751
216494008
216582997
216589789
216599713
216601617
216635951
216680235
216715337
216746097
216793142
216825139
216829221
216863673
216900017
216909328
216925952
216945349
216974697
217067396
217072841
217085945
217111584
217235828
217256918
217274258
217289245
217311783
217314074
217318552
217329886
217333739
217408777
217422736
217432700
217444537
217452387
217491718
217496968
217503591
217514172
217561510
217570418
217583050
217598979
217626636
217636076
217648781
217661875
217693370
217703658
217714616
217727315
217728793
217739507
217752148
217822334
217871498
217872773
217915106
217920995
217931739
217957579
217977477
217985118
218041403
218056947
218067618
218084091
218110275
218141278
218145320
218145988
218171947
218184316
218213436
218224195
218230318
218289397
218297347
218304233
218315001
218335562
218338491
218348986
218373655
218391248
218406276
218419967
218464327
218482298
218544252
218545248
218551802
218616884
218634266
218653564
218667799
218691096
218694759
218702013
218702296
218712747
218716995
218746023
218751974
218786531
218792345
218801521
218808955
218809733
218839035
218852185
218898466
218908111
218945255
218952667
218973958
219002233
219019745
219025124
219043315
219063007
219071938
219115104
219157398
219173583
219230965
219235013
219243248
219253253
219259767
219264325
219272035
219286685
219307806
219313442
219316392
219332229
219341687
219368345
219384949
219396990
219414581
219433391
219441609
219483311
219496945
219515885
219533632
219556717
219557335
219613373
219630539
219655725
219673560
219675179
219675700
219702456
219717565
219771126
219794653
219801132
219814747
219823790
219833606
219841400
219861198
219893573
219894088
219916788
219955928
219964850
219972386
219980034
220017085
220025336
220031239
220048517
220048561
220108736
220142962
220213267
220228830
220265887
220297831
220309074
220349798
220358565
220366318
220369526
220407489
220413199
220420180
220448265
220482593
220510133
220513447
220568315
220630639
220636793
220668258
220694401
220713150
220718187
220752265
220811399
220899154
220924559
220927696
220944914
220945467
220977067
221082637
221134905
221145063
221148185
221149355
221150730
221152693
221166309
221178973
221244770
221245085
221274155
221289756
221295175
221300171
221345708
221348215
221417112
221476070
221494111
221499284
221516700
221565013
221575036
221593221
221677383
221686468
221698791
221708392
221721271
221733624
221762456
221770582
221783865
221790507
221802073
221811810
221825886
221845677
221848032
221873456
221940772
221966448
221982378
222007273
222074663
222078581
222093194
222098923
222101874
222108478
222153576
222153988
222162324
222212146
222245753
222274710
222277888
222281996
222353198
222355088
222392614
222398698
222403446
222485645
222494533
222515014
222522930
222558042
222600368
222634820
222647147
222666779
222704999
222720353
222731427
222775274
222853357
222866964
222885527
222886873
222918394
222922890
222967468
223070091
223074867
223093899
223116115
223131292
223138632
223166555
223174312
223184560
223192030
223202746
223213603
223250495
223285558
223300861
223327508
223341062
223343553
223347530
223445812
223473671
223500688
223500741
223502259
223504433
223523285
223553554
223557707
223564313
223570394
223592096
223621962
223655111
223674477
223690764
223705589
223709038
223726281
223743221
223761446
223804099
223806472
223900931
223905981
223963230
223975072
223991018
224001721
224028207
224048366
224079342
224092524
224102012
224123043
224128875
224136753
224152078
224153647
224164101
224188480
224204998
224209904
224271684
224277992
224373954
224380230
224424545
224425852
224468363
224491095
224510094
224537015
224545802
224557615
224584842
224587324
224655906
224659767
224660627
224665477
224667309
224771443
224859175
224870303
224877289
224890912
224940208
224985514
224988164
224997582
225028582
225056362
225064792
225089192
225133127
225152178
225165709
225177352
225184218
225186664
225201831
225247197
225295848
225366066
225371210
225377078
225382452
225391709
225421506
225426136
225451749
225455108
225458513
225472670
225498743
225514775
225556009
225558893
225565592
225583269
225597182
225613026
225651696
225662153
225669601
225685165
225706958
225709099
225711271
225772755
225774528
225776931
225789000
225800629
225809260
225816027
225829831
225881342
225905487
225918401
226014678
226015021
226028963
226044888
226050562
226071501
226096490
226100821
226117334
226128301
226148832
226192879
226196811
226196864
226203388
226225970
226230169
226231880
226249352
226289960
226301108
226341202
226342166
226361589
226390535
226393475
226428301
226455491
226455762
226457274
226470153
226475709
226482882
226523430
226533187
226540810
226554157
226560516
226568066
226596557
226613687
226627872
226636892
226647624
226661759
226670180
226673454
226680479
226700736
226774153
226805843
226837742
226845230
226854933
226862669
226930050
226955722
226968142
226971499
226979447
226992437
226999476
227041728
227060704
227066474
227089855
227094539
227100437
227148293
227160624
227184148
227228280
227236175
227252947
227269270
227324121
227357225
227361221
227369190
227386104
227404601
227415241
227421034
227437373
227442488
227447880
227536300
227536528
227556147
227576600
227590605
227633066
227648366
227649982
227679905
227683275
227701578
227709873
227742215
227799477
227828095
227840351
227843949
227863078
227919068
227954372
227958820
227976892
227979065
227989447
228000399
228031969
228042640
228044368
228051761
228066849
228119830
228125979
228182228
228183211
228186852
228228828
228243795
228260839
228312972
228350208
228372591
228378642
228415165
228442840
228446321
228467612
228507351
228527526
228533271
228538289
228558518
228573770
228609370
228660018
228668702
228732271
228739697
228740509
228756302
228759798
228775080
228823560
228826294
228840894
228844700
228859064
228885904
228902271
228914693
228954165
228959096
228962603
228985717
228988723
229025659
229027858
229031746
229046357
229060245
229091539
229097963
229107836
229134965
229138268
229175793
229182890
229191100
229201597
229215160
229219260
229223137
229235478
229248386
229256390
229262198
229268800
229270739
229284967
229287296
229292154
229368390
229380882
229397674
229402205
229409824
229415485
229424546
229434394
229479217
229486919
229552214
229569396
229652282
229665761
229726243
229732292
229752561
229758263
229766526
229778713
229816341
229827159
229831324
229847804
229893944
229946141
230006918
230016996
230021018
230032602
230043589
230057439
230183581
230237316
230247156
230315178
230397906
230427354
230429634
230455858
230483265
230530957
230557652
230599219
230607394
230624092
230646262
230646494
230678949
230731250
230805946
230832809
230839222
230844153
230869242
230883493
230896637
230912779
230913343
230929581
230965945
230967620
230968692
230973719
231011130
231059262
231098360
231115274
231124715
231177764
231182451
231196162
231201940
231223925
231246993
231256090
231268992
231271673
231282552
231315763
231317410
231331376
231332103
231332124
231375868
231389922
231414451
231433962
231481367
231484252
231485793
231546129
231558259
231571617
231580595
231637663
231641723
231648018
231705333
231713021
231719066
231731419
231732616
231749816
231766510
231777322
231852912
231890371
231907920
231941146
231957385
231973975
231996595
232005695
232007562
232018170
232080028
232082932
232099962
232140024
232154915
232165936
232188885
232206438
232209948
232233398
232264396
232299381
232316225
232317521
232342923
232344396
232414321
232440902
232461439
232474259
232486049
232489516
232506791
232515567
232525105
232525140
232535391
232545406
232549764
232577827
232581583
232590729
232591970
232608823
232644211
232644958
232653271
232762530
232764689
232792664
232818031
232908851
232916443
232949502
232993703
233029358
233030356
233069305
233113243
233155606
233156281
233164495
233165290
233172748
233220172
233221008
233268560
233301494
233302439
233332563
233334507
233335529
233342224
233357602
233372791
233377559
233383273
233386104
233404263
233423670
233425116
233430467
233467481
233481019
233495138
233507744
233518735
233521721
233602568
233603938
233629149
233643877
233652147
233659334
233693644
233705836
233716479
233747118
233799255
233805132
233813874
233821393
233829974
233834699
233849739
233859416
233860917
233875260
233920412
233934085
233940273
233953859
233960291
233998763
234010526
234021793
234027229
234095851
234183427
234196711
234228567
234231382
234248948
234258610
234273300
234292911
234298850
234308087
234340386
234344666
234354678
234383381
234394797
234404833
234424587
234547921
234561862
234647249
234669521
234707359
234777263
234777827
234791818
234792250
234796207
234804328
234923149
234934390
234976339
235049918
235052830
235056936
235063170
235070274
235084428
235102244
235128147
235140219
235167639
235195882
235211151
235215022
235233283
235234560
235241827
235352157
235373258
235379366
235430213
235443733
235476349
235522587
235539267
235543229
235570226
235605014
235674560
235679405
235724635
235759661
235762034
235781310
235818970
235820480
235867570
235872715
235876880
235879389
235925303
235980320
236005853
236052848
236064478
236073780
236094695
236145821
236157952
236162564
236214008
236225625
236262935
236325931
236327484
236334631
236380368
236401153
236440275
236505207
236527198
236534093
236536694
236536798
236559036
236602930
236604186
236675798
236706289
236729433
236770629
236772386
236774390
236801293
236880921
236891204
236928516
236941541
237010856
237031641
237036684
237065096
237109383
237110030
237141303
237152451
237191492
237265189
237273174
237298191
237332111
237337025
237365765
237366889
237372332
237419564
237422771
237430355
237463456
237468485
237473310
237486580
237498836
237514880
237533333
237635880
237635935
237642620
237744137
237787591
237834724
237857954
237875753
237897760
237901631
237941481
237945403
237956143
237972925
238050496
238063215
238091591
238103751
238118293
238140937
238153064
238184609
238189797
238198617
238240575
238259879
238313280
238332747
238348784
238387698
238394652
238396278
238416337
238420804
238423198
238427069
238434323
238465123
238483099
238491423
238510216
238513606
238518643
238525308
238556526
238582545
238637259
238638324
238771495
238797487
238818561
238827451
238872219
238931546
238958873
238967754
239030084
239033225
239056600
239064660
239064957
239094380
239173861
239217976
239220052
239249978
239320955
239332663
239336345
239336949
239371660
239391978
239423244
239450054
239455083
239469000
239507096
239529468
239537778
239560897
239568352
239637805
239666462
239707993
239708162
239738996
239743067
239746636
239750212
239751589
239760926
239784748
239802058
239823093
239823237
239838136
239920523
239932392
239946270
239971186
239981945
240003116
240011543
240019588
240035011
240058730
240066777
240082746
240084130
240106196
240119552
240166314
240167019
240180113
240195309
240212216
240283861
240333321
240350710
240435111
240454568
240460926
240467162
240481300
240511772
240523703
240534620
240594735
240604218
240644277
240661724
240665152
240684561
240697450
240757969
240761856
240841186
240846948
240901510
240905837
240909409
240914781
240938508
241012192
241019538
241028301
241035360
241038400
241099834
241100625
241173249
241190200
241208077
241214094
241223036
241237613
241290425
241297026
241302163
241303345
241314028
241344564
241352822
241352861
241427586
241452521
241454540
241479031
241484288
241502808
241510806
241524873
241525806
241588645
241611267
241614355
241656190
241671736
241683686
241692154
241706871
241747983
241792260
241818140
241823834
241844786
241859366
241883968
241915632
241917607
241950438
241971623
241994375
242024838
242027060
242027181
242054169
242065726
242071803
242109351
242118779
242122505
242131555
242151376
242172700
242208654
242228182
242239727
242247794
242252479
242271542
242279669
242301178
242317890
242342516
242350742
242392240
242400108
242403911
242421458
242423842
242437647
242534213
242541094
242574156
242588285
242600663
242604977
242673972
242679608
242701567
242711378
242724691
242750818
242773324
242828950
242829779
242831541
242836925
242884405
242892768
242914869
242918319
242920682
242935541
242951888
242991710
242994763
242997172
243045049
243058843
243062356
243072550
243076044
243107942
243178865
243190696
243231620
243232289
243303473
243353513
243370896
243404794
243451939
243494604
243504306
243515000
243525971
243654718
243659499
243681564
243684267
243761154
243777944
243828556
243901657
243902708
243918446
243978698
244069777
244076868
244101047
244103884
244129286
244138776
244146234
244175792
244177843
244222706
244254548
244261621
244274476
244339858
244362401
244372906
244395430
244427688
244470370
244498537
244552851
244571188
244583450
244597115
244635208
244638057
244648414
244671451
244714460
244732629
244738688
244738872
244756706
244757902
244765941
244793099
244811541
244886517
244901633
244916801
244928492
244956704
244974879
245066304
245098725
245160069
245169051
245183830
245195301
245216580
245224423
245229671
245231588
245266283
245270691
245286760
245343900
245379027
245385995
245388239
245396091
245411157
245422230
245428064
245458450
245478188
245507704
245516420
245561543
245616125
245635645
245649350
245649460
245649788
245673185
245703000
245732980
245737759
245749845
245777804
245794381
245813254
245837774
245854463
245863132
245900509
245912036
245921152
245956225
245983922
246000831
246030221
246058170
246091343
246103372
246103872
246117321
246151838
246168908
246201331
246201451
246238386
246241769
246249793
246274503
246290647
246306503
246332190
246345555
246352841
246370156
246414500
246462691
246470092
246477944
246490608
246520291
246520718
246564748
246591140
246614206
246624435
246657318
246671042
246689000
246740190
246741779
246742651
246742936
246762099
246768709
246773982
246806926
246810128
246823998
246829358
246831277
246858222
246883455
246884434
246896963
246914420
246930688
246951026
246973050
246983757
247076670
247130135
247154836
247171325
247215227
247228175
247231451
247286565
247288469
247320192
247419955
247428713
247442635
247464737
247551081
247560821
247568201
247592221
247597217
247619531
247625133
247653538
247659410
247684869
247692204
247694443
247707523
247708694
247740822
247767422
247769122
247782247
247811034
247812541
247830296
247851903
247901538
247926991
247928535
247938979
247981675
248011256
248037662
248062242
248078279
248102257
248132099
248142923
248159064
248160174
248173129
248177720
248178581
248211321
248215018
248222890
248250141
248257782
248261409
248295839
248304685
248324234
248358738
248369096
248371320
248395873
248396236
248407111
248451889
248459579
248466078
248492649
248519470
248550102
248555902
248582669
248582696
248631051
248631991
248679875
248699808
248738538
248755078
248783395
248793398
248859262
248866262
248881167
248889969
248896854
248941164
248953614
248967335
248982321
249011824
249025633
249046009
249056708
249059970
249097213
249124823
249131093
249135626
249164461
249177853
249183319
249184173
249184505
249195625
249235805
249241456
249242198
249262836
249284589
249292594
249294611
249328942
249379872
249407898
249410744
249481473
249492527
249536331
249599843
249631792
249694803
249709930
249755955
249808585
249843288
249878056
249878443
249895122
249910066
249919633
249926609
249959690
249982206
250036696
250047095
250058386
250069813
250096245
250098547
250099270
250143046
250167597
250214674
250227609
250281302
250310346
250316206
250318375
250334920
250385020
250394028
250440496
250532145
250541552
250558188
250598955
250623918
250628320
250655469
250660093
250699557
250723560
250741401
250751149
250770191
250777874
250790164
250791246
250792351
250808437
250834244
250875678
250877934
250880244
250928177
250937123
250944003
250953523
250994413
251034784
251086348
251112608
251115963
251122621
251166307
251168330
251170209
251180811
251185899
251187848
251205655
251208562
251242969
251314659
251319401
251342435
251365094
251375567
251387404
251408869
251413685
251435823
251469338
251476390
251487138
251493493
251496922
251505495
251527013
251544057
251548522
251578649
251578864
251606745
251613201
251633046
251641692
251651539
251667826
251669830
251674239
251702265
251751849
251790582
251869138
251878929
251939390
251947024
251955284
251956479
251976050
251999231
252033381
252053900
252055194
252072199
252135520
252162672
252224359
252279894
252285947
252312713
252326267
252379270
252384386
252404332
252462389
252470006
252504484
252512139
252524885
252554215
252554939
252572185
252582081
252617695
252633608
252694936
252698554
252714274
252719627
252726108
252730938
252750123
252826700
252870269
252876113
252910804
252912055
252929977
252954437
252961831
252968278
252988827
253021525
253063564
253082435
253087528
253165913
253168397
253181553
253184611
253187377
253193132
253216815
253241811
253254049
253255736
253259000
253313001
253334563
253336718
253339604
253341403
253355654
253366002
253373644
253421681
253423635
253425402
253439053
253467308
253520621
253544795
253568750
253586779
253592820
253610953
253618331
253643525
253648674
253671682
253692844
253737054
253748262
253766613
253773442
253776117
253794388
253802584
253811448
253891434
253899965
253908746
253924060
253938257
253949067
253995314
253998972
254011314
254017420
254035122
254038762
254059974
254066103
254068868
254099477
254120113
254122105
254125713
254127225
254141076
254155804
254161452
254198131
254206969
254211772
254252736
254292639
254296732
254393152
254455107
254473770
254490009
254496259
254536823
254610435
254627471
254636235
254652125
254654245
254709430
254711657
254731694
254748135
254751524
254755388
254804473
254844845
254857888
254897101
254898793
254954218
254970998
255038652
255040094
255081749
255155380
255170380
255263690
255265173
255273890
255277608
255289466
255302841
255304127
255309496
255310160
255334530
255353941
255358194
255369268
255375869
255391717
255439128
255439587
255455569
255461572
255473732
255476743
255489666
255500139
255533530
255564690
255589798
255605323
255639916
255667782
255696885
255774304
255788336
255812320
255820223
255841482
255857962
255875381
255886521
255906522
255924777
255972496
256007441
256019490
256037231
256048281
256066015
256088227
256097374
256115951
256116882
256122649
256131721
256142702
256152356
256155124
256245257
256256926
256314419
256326452
256350719
256396654
256398142
256400319
256443482
256474125
256544659
256578924
256621552
256644647
256661252
256674996
256691064
256758866
256820608
256829635
256831578
256849834
256851713
256858034
256859511
256901849
256916677
256924535
256945678
256958409
256963824
256966354
257024830
257033700
257046705
257061446
257072159
257115679
257190731
257199803
257229896
257244546
257256562
257269845
257278325
257281552
257282427
257296742
257297765
257326663
257328809
257344725
257358102
257363362
257442949
257461890
257472353
257521404
257524780
257541141
257553922
257580549
257605157
257615990
257628473
257635127
257640397
257709795
257718194
257731250
257801154
257809344
257855365
257885376
257891485
257921070
257936445
258004829
258014066
258034801
258070073
258078018
258080860
258083728
258114248
258132319
258171122
258189581
258201128
258203244
258215438
258266211
258268409
258340212
258344131
258404642
258413893
258443814
258537281
258544232
258576898
258581092
258583945
258592680
258624912
258627107
258628006
258630642
258654869
258691651
258704086
258734687
258740786
258774637
258783176
258884053
258889308
258891948
258905943
258931643
258970104
258991900
259003611
259027192
259028703
259044227
259051527
259066876
259082365
259087374
259107391
259118681
259128188
259159903
259162284
259191391
259195711
259205455
259223311
259261686
259262924
259266714
259286323
259293728
259318003
259352972
259356230
259360038
259380323
259381396
259383637
259398960
259428163
259434126
259441223
259575534
259580191
259585792
259640267
259680542
259683113
259713364
259734786
259766257
259838052
259838337
259865059
259902837
259923403
259938918
259954676
259979083
259994647
259995711
260011380
260011446
260015461
260060722
260102386
260126705
260153253
260176551
260183112
260196443
260210741
260227566
260238139
260260480
260272573
260326679
260342496
260344046
260361474
260401165
260448290
260456732
260471049
260474147
260498487
260506443
260508263
260512404
260514936
260529521
260533830
260589811
260619595
260634800
260677631
260733275
260744538
260745778
260750508
260796026
260868451
260950116
260958469
260989033
261010808
261059633
261077314
261097410
261171105
261183424
261186263
261300030
261304739
261377064
261399710
261445326
261453530
261482348
261484159
261484519
261505980
261516488
261521400
261571975
261617082
261617961
261662620
261705312
261715701
261733487
261738227
261764048
261772900
261792175
261795397
261798003
261820381
261883842
261906009
261913741
261928522
261981317
262036939
262089556
262104356
262184917
262185621
262228845
262234949
262249524
262272600
262284725
262324434
262353172
262395894
262399767
262409949
262463310
262475559
262475595
262478700
262516092
262529929
262538146
262544632
262547017
262563233
262570946
262599407
262601009
262606239
262627266
262634641
262659728
262676557
262695873
262708382
262712751
262724339
262724841
262733285
262745126
262750742
262751150
262763181
262763199
262845807
262891259
262933783
262938644
262963501
262970817
262988966
262992652
262992881
262998552
263015557
263015667
263100065
263120367
263121399
263125195
263149876
263183975
263218363
263268465
263289003
263299629
263305639
263308925
263319163
263322202
263337524
263347602
263371632
263375492
263402096
263409311
263424122
263426167
263433382
263471967
263486799
263487103
263521536
263531640
263577079
263604508
263628243
263714120
263724341
263740818
263742599
263747053
263766914
263808598
263811498
263828136
263848060
263852955
263856693
263870716
263877928
263923763
263947807
263974861
263975746
264040140
264091376
264156574
264156940
264159579
264187122
264210348
264222144
264245571
264292699
264313154
264334497
264340512
264341144
264344682
264363977
264432961
264467321
264483986
264592164
264602905
264629462
264641730
264642910
264694482
264698779
264704845
264723124
264727602
264763349
264784437
264803314
264810830
264815963
264933773
264949384
264961259
265014508
265031917
265040293
265041799
265045271
265062512
265080735
265114177
265118537
265125474
265131292
265178110
265179799
265204350
265219184
265220303
265250502
265254313
265256944
265266013
265278021
265281460
265307965
265345291
265357030
265395142
265438530
265488189
265508284
265513984
265532846
265536468
265641926
265677235
265709192
265726584
265748535
265780157
265783212
265794694
265854105
265866655
265880325
265900005
265904796
265914799
265934980
265985339
266009559
266060117
266063960
266109154
266114527
266119753
266119847
266135947
266164511
266173114
266194638
266216718
266225183
266229425
266261349
266310364
266316283
266322882
266333656
266341723
266363854
266387003
266425743
266448279
266496353
266500275
266505683
266563533
266580077
266651168
266657372
266701024
266704517
266714883
266716778
266738630
266739767
266813552
266856562
266871389
266950474
266964801
266968385
266981535
266988208
267034379
267051381
267052024
267116157
267126274
267180910
267206136
267224983
267234373
267243926
267261703
267325627
267329604
267364104
267394599
267405107
267420279
267420855
267432746
267437102
267472853
267483524
267518149
267529957
267537197
267579578
267647714
267698247
267734781
267767152
267779333
267781354
267785136
267817417
267841846
267846024
267850397
267853255
267856720
267873228
267879334
267917248
267943248
267949950
267965548
267987780
268008041
268030558
268035086
268055036
268080993
268090813
268092097
268123372
268127812
268159337
268169391
268172399
268175817
268204549
268259573
268265336
268275589
268298433
268309568
268318206
268338893
268376558
268377733
268383635
268389223
268396356
268399374
268417299
268480521
268485493
268488310
268495191
268497883
268521757
268553966
268554127
268568323
268585900
268607725
268617956
268667237
268701939
268730380
268868802
268869753
268894949
268947338
268951327
269002930
269034358
269043838
269067782
269105468
269125009
269219155
269238952
269239114
269262165
269267409
269267581
269269747
269292980
269297197
269358383
269429699
269440820
269467399
269509322
269516596
269561608
269565624
269599653
269605636
269655634
269667447
269673453
269679186
269713871
269716250
269717115
269718358
269726353
269759941
269763052
269773748
269778795
269811955
269831749
269865718
269867455
269909556
269959866
269966773
269974375
269976308
269986546
270001030
270050275
270080784
270165887
270177046
270196062
270233910
270254294
270279986
270351734
270391273
270405109
270409712
270409960
270414413
270446917
270513752
270555703
270560452
270565771
270586258
270596450
270642550
270652394
270694761
270727849
270743238
270764164
270785186
270787699
270795341
270810511
270826123
270829848
270869853
270877214
270895617
270947817
270949707
270970487
270991768
271021787
271024728
271050492
271095067
271132803
271141815
271147412
271172130
271177264
271191614
271228268
271275371
271301894
271307525
271315384
271381601
271390289
271423987
271435101
271497062
271498412
271532371
271535419
271543200
271545370
271552195
271552284
271554166
271555195
271555519
271564743
271598626
271601969
271607066
271655048
271691901
271750086
271752696
271765165
271767710
271821345
271853078
271855688
271866701
271883309
271908518
271998857
272030644
272068017
272069609
272119630
272152272
272159159
272181876
272186704
272209379
272224722
272276269
272331092
272345101
272387198
272394246
272449797
272475769
272491661
272493126
272498135
272510611
272543197
272558520
272574028
272597724
272615352
272616446
272628413
272660620
272661681
272686339
272764636
272765521
272773911
272784306
272789013
272789885
272823394
272823828
272833671
272840016
272897600
272933127
272960558
273007468
273051505
273083249
273107832
273108689
273129941
273144255
273155613
273165931
273168169
273198979
273204811
273211093
273211238
273220329
273224466
273225274
273237350
273284412
273285499
273300052
273398674
273437859
273466162
273489354
273551422
273580530
273599030
273599475
273610907
273617164
273619994
273642871
273665587
273667072
273671013
273679929
273700799
273724158
273736436
273773197
273779513
273779879
273784847
273816754
273859270
273889498
273890950
273897856
273907866
273923601
273957861
273991391
274003500
274010216
274015104
274024246
274067519
274119256
274138066
274139158
274141121
274155197
274171397
274208438
274220142
274235511
274249436
274278205
274288295
274296289
274311099
274324195
274330680
274343352
274352776
274363570
274365099
274367480
274379919
274386686
274423445
274429240
274500260
274531619
274578238
274580256
274580495
274589208
274612781
274656117
274666416
274667148
274720542
274723493
274775540
274775939
274794631
274805938
274860090
274869704
274884396
274911267
274930202
274933525
274961332
274999308
275013340
275026620
275040452
275045310
275079451
275082880
275102744
275118416
275128157
275150300
275150314
275171161
275182513
275189279
275203400
275220525
275225534
275256151
275286843
275306738
275310710
275313815
275314391
275378674
275380643
275470813
275474222
275502728
275611631
275700929
275707153
275724185
275725346
275741377
275746600
275769447
275773954
275789800
275804417
275805710
275815489
275816086
275844271
275912909
275977735
276002043
276073181
276145320
276209082
276289316
276315278
276319550
276329056
276341541
276342093
276370141
276394017
276404762
276430615
276433092
276457312
276458782
276458797
276462823
276474002
276501532
276503928
276515701
276550647
276570713
276597604
276630621
276649776
276680493
276737050
276841716
276853817
276866692
276881026
276889373
276902469
276937332
276981112
276984974
277060850
277072075
277145664
277150285
277158474
277161245
277165743
277171014
277171143
277229945
277242812
277252933
277260131
277324479
277352273
277396635
277410597
277415338
277442651
277461223
277463468
277478515
277506963
277511907
277524863
277527112
277527309
277530349
277557149
277584100
277597922
277619633
277650010
277679375
277686030
277699693
277751412
277815624
277843410
277862960
277866571
277883257
277908836
277919036
277921861
277921994
277946737
277958047
277968693
278010647
278032527
278071178
278089040
278171769
278277407
278292340
278302216
278310335
278321022
278350380
278378524
278381846
278391299
278416947
278423931
278456176
278527587
278532224
278571845
278586015
278593581
278618176
278620988
278621321
278623047
278627436
278675520
278694989
278723085
278732206
278827068
278874532
278916042
278949105
278957299
278966745
278977754
278997850
279035765
279058388
279064720
279072927
279089447
279097946
279141447
279183555
279186657
279204619
279205214
279208572
279214986
279244921
279315304
279323463
279338790
279349317
279357613
279362234
279388433
279421154
279446992
279516982
279524144
279553784
279565686
279575668
279576988
279594163
279639546
279653413
279671885
279693737
279711577
279714013
279716435
279803146
279884493
279957517
279988072
279993385
280062659
280065142
280109915
280110702
280122430
280125150
280138651
280141359
280178251
280190215
280201680
280233500
280255782
280259802
280263989
280265916
280384794
280432384
280438567
280452673
280462941
280480523
280484753
280487521
280488065
280491666
280505027
280509183
280516353
280545647
280553605
280558287
280569357
280569528
280582867
280595077
280642843
280650519
280673748
280680456
280693541
280717298
280737057
280754936
280756845
280773264
280775345
280794964
280811472
280897696
280926191
280929427
280935479
280944069
280966524
280982348
280983427
280998214
281035905
281039266
281047671
281065377
281083445
281166899
281199438
281232598
281250620
281258711
281260304
281288247
281290606
281296621
281309007
281309782
281326830
281327177
281330876
281336195
281347221
281365981
281373807
281379838
281390066
281436200
281453088
281472031
281526786
281531463
281533086
281568426
281583631
281586787
281590333
281621530
281661934
281665536
281687469
281750155
281760672
281786139
281796838
281797586
281836016
281907970
281912064
281928694
281942818
281960013
282038161
282073297
282095333
282165675
282182946
282185737
282192577
282224024
282235952
282236428
282251599
282314718
282336233
282339238
282370030
282430894
282431072
282478155
282632531
282634200
282650388
282689227
282702784
282710984
282711628
282713672
282763461
282766466
282814087
282847793
282864267
282887515
282900900
282967350
282980737
282985396
282994310
283008528
283033865
283035390
283058942
283069267
283074841
283092260
283106279
283107732
283108928
283138733
283147479
283221056
283237156
283256882
283273893
283281772
283321190
283324221
283353482
283381200
283381332
283487827
283518444
283548916
283564574
283587037
283603579
283645063
283647515
283691766
283692454
283716026
283746012
283752261
283752725
283753177
283790361
283828003
283834739
283845642
283846241
283855416
283878638
283901895
283903297
283911408
283915365
283925119
283933051
283948894
283962843
284012932
284035599
284059593
284089885
284115536
284133161
284163089
284182136
284212495
284263167
284264281
284271354
284284844
284312619
284317146
284407669
284407784
284414555
284416767
284426153
284428361
284443507
284467849
284473937
284480517
284483488
284508988
284514790
284559054
284565278
284571328
284571958
284618904
284658774
284699634
284732353
284772545
284775538
284785184
284792397
284795542
284848712
284855882
284864977
284875743
284905207
284911220
284931129
284936126
284943115
284982013
285030539
285092929
285103152
285182362
285202349
285234365
285253065
285263278
285380917
285400631
285400873
285408205
285479193
285522414
285534914
285546429
285554464
285599666
285657859
285680718
285685578
285701742
285714003
285775346
285777699
285778397
285778592
285782964
285789942
285794921
285801018
285883201
285928884
285940890
285961909
285971942
285990201
285996022
286023832
286029905
286040554
286062039
286092761
286095083
286115238
286197797
286270285
286302520
286307004
286403134
286406798
286409227
286419804
286423083
286473585
286482968
286516590
286540286
286602497
286625996
286642911
286678936
286709279
286727057
286751635
286759491
286771563
286786499
286844826
286845024
286880067
286880345
286885460
286912349
286920291
286933338
287003074
287046371
287048210
287076289
287084337
287131371
287142521
287142772
287165680
287174609
287176450
287237111
287282654
287316167
287373831
287384020
287398474
287408522
287427993
287433448
287442568
287478335
287492001
287503837
287519149
287524954
287534702
287538534
287548709
287553379
287572245
287577939
287584891
287590469
287594257
287602040
287614352
287622758
287623446
287640683
287663838
287671264
287709978
287715120
287750816
287754475
287763814
287805648
287806692
287827385
287839273
287854285
287872767
287875727
287920630
287941095
287972030
288004236
288010801
288037718
288097855
288099937
288101800
288146916
288166000
288167231
288188139
288287986
288321775
288332296
288352811
288364073
288412482
288421726
288434454
288444762
288503684
288557406
288571163
288598760
288600904
288607634
288666389
288674579
288691084
288698207
288720765
288733799
288746082
288763557
288787305
288806893
288841088
288866684
288869708
288871173
288877171
288878633
288895671
288927123
288975022
289020295
289034773
289038766
289040730
289090284
289122218
289171868
289244728
289255701
289261950
289264891
289286726
289338622
289360017
289370511
289399509
289428843
289435119
289440788
289448535
289453414
289482935
289506381
289518208
289549773
289560504
289610553
289621537
289632697
289685240
289723193
289739664
289758126
289771563
289773341
289778839
289780565
289793240
289798879
289915432
289917737
289923280
290032627
290053725
290081266
290084337
290110580
290117514
290118178
290138977
290204620
290207763
290254055
290262708
290296637
290329026
290332760
290351255
290356219
290376030
290419654
290420648
290427512
290444560
290466483
290471522
290528150
290534000
290534723
290537649
290567149
290569333
290574260
290607571
290621514
290627943
290651678
290662627
290664959
290688375
290689325
290706331
290706991
290716552
290722120
290799286
290823613
290844754
290904744
290948769
290975798
291036458
291073492
291078082
291124867
291126927
291154854
291190951
291222497
291241218
291398053
291407250
291453224
291470484
291470563
291489198
291495327
291511613
291550618
291553079
291570517
291586037
291627211
291644946
291657904
291669099
291708805
291776998
291815272
291839445
291870608
291896548
291933667
291955132
291969435
291975726
291979492
291993394
292051324
292124037
292133878
292144364
292192287
292208557
292221779
292230181
292244789
292277017
292282843
292292692
292345494
292351170
292397921
292410404
292413389
292424536
292448954
292466409
292502177
292515277
292543191
292543433
292563909
292601820
292644053
292644133
292645140
292659535
292675605
292689929
292694678
292716975
292727640
292761658
292767001
292768726
292812157
292821157
292821839
292837746
292849377
292907949
292917669
292948849
292969480
293037478
293130292
293137160
293151405
293171991
293192256
293213199
293311089
293317581
293343828
293345184
293380656
293420474
293424888
293435451
293443385
293515234
293535383
293550474
293555780
293572432
293612691
293617058
293647592
293665964
293666620
293667349
293671211
293672222
293677682
293739025
293772165
293877876
293900231
293906426
293916897
293927165
293951414
293955071
294004473
294005597
294017678
294039933
294044052
294049732
294054513
294086517
294106616
294134778
294171949
294182528
294193656
294200421
294221826
294222331
294224055
294232130
294237540
294254668
294257623
294260110
294344907
294347366
294369058
294392457
294437506
294442695
294480309
294486860
294488350
294519483
294527840
294531501
294548124
294576165
294584601
294593862
294594850
294608093
294609188
294610648
294610712
294612199
294625756
294698811
294729689
294730224
294742471
294771635
294811099
294813766
294818281
294824241
294831425
294840717
294847407
294855549
294873595
294875100
294877794
294886199
294889659
294924056
294932972
294965597
294973924
294984022
294997478
295018433
295039024
295049061
295050099
295058186
295062776
295070631
295071241
295075138
295083581
295129126
295151322
295175198
295252616
295254592
295282199
295285997
295305866
295339297
295356181
295367442
295380026
295487760
295496896
295521623
295521624
295556986
295647097
295680609
295682744
295701473
295710909
295714489
295735165
295745616
295787805
295805845
295816914
295820367
295834339
295839832
295854378
295892876
295906387
295915857
295942492
295950090
295997888
296002883
296005018
296021598
296027848
296067851
296087781
296088983
296097100
296133153
296151474
296181171
296198466
296232927
296245716
296308597
296319443
296325305
296370259
296377645
296422630
296470094
296475556
296488265
296498105
296503309
296511616
296529655
296548871
296557146
296565701
296586703
296588811
296618496
296630823
296713415
296734454
296749310
296771605
296799490
296821648
296838568
296859796
296869318
296882649
296891805
296900784
296931308
296963003
296978094
296978792
297004848
297019014
297056860
297058899
297062835
297069983
297092572
297101983
297105399
297142470
297188237
297238555
297252295
297269023
297270598
297272145
297278948
297391884
297446303
297459994
297490456
297559520
297571343
297591899
297647104
297699828
297730176
297737130
297754221
297793600
297836326
297838316
297866511
297873877
297888043
297889606
297897658
297988227
298050752
298090173
298120499
298147445
298172878
298251899
298300721
298316071
298350165
298366928
298378816
298390855
298415991
298480609
298507428
298524560
298525875
298532617
298534154
298541305
298578505
298591864
298729410
298730818
298771752
298796495
298798642
298799150
298800575
298800704
298808257
298840666
298878771
298880768
298919077
298927243
298950512
298965625
298973731
299052797
299094582
299123043
299178517
299190349
299208072
299219462
299252382
299278186
299280682
299282954
299345089
299364656
299402712
299444706
299453272
299462559
299474212
299524604
299539005
299559332
299560323
299580841
299585193
299588568
299591806
299609623
299619953
299636427
299683534
299690196
299726476
299727458
299773929
299795067
299801930
299825178
299835451
299946140
299956198
299957444
299973259
299974033
299979996
299986580
300016398
300054269
300154021
300155569
300172332
300173908
300190171
300195318
300209264
300255738
300258008
300259457
300268162
300295711
300303451
300331038
300336401
300361416
300370813
300380934
300399502
300423048
300446856
300458223
300471788
300471971
300477883
300535477
300539682
300541647
300573393
300585357
300599442
300633150
300657279
300666196
300775232
300792538
300807394
300881176
300912451
300936374
300949318
300971922
300973463
300973726
300982705
300987601
300997111
301000601
301011274
301015548
301019137
301025436
301049172
301068911
301093357
301096616
301134684
301151880
301152904
301159315
301169481
301178225
301190423
301249165
301267136
301288152
301296221
301304380
301314130
301320946
301345868
301411847
301427832
301459872
301487596
301498736
301500027
301541039
301549578
301553543
301564311
301590904
301595943
301604233
301607590
301615874
301743547
301761380
301884298
301890276
301900785
301913011
301962452
301962657
302011183
302011415
302057001
302057369
302085070
302135309
302147119
302162999
302196704
302207856
302262996
302309511
302369934
302381494
302431307
302445814
302461700
302462700
302471427
302494959
302510454
302527246
302534503
302552796
302573412
302583327
302622313
302639247
302689141
302726790
302731391
302757448
302832481
302834814
302856762
302906702
302907296
302912931
302964276
302975400
303001551
303004617
303034325
303035446
303065470
303068772
303113486
303156681
303158609
303190753
303213934
303222296
303239351
303241857
303251459
303282244
303294248
303337881
303349560
303384832
303420957
303446515
303477441
303487505
303493850
303495496
303519699
303547204
303570350
303581538
303596470
303602935
303637488
303667605
303706244
303710696
303712526
303774955
303804482
303810929
303814849
303823167
303904360
303908725
303914609
303948152
303961097
303961882
303968944
303995946
304013268
304036899
304054145
304081399
304090695
304096562
304142089
304225293
304248846
304252478
304279370
304283154
304307233
304312483
304387523
304391701
304396535
304410988
304475090
304495647
304547827
304597642
304618753
304629729
304633880
304638462
304685516
304702579
304739911
304749464
304782839
304839767
304856074
304870361
304896301
304934152
304948930
304957131
304960985
304981774
304986749
304997454
305009372
305009962
305013361
305019645
305070434
305113779
305160242
305186553
305293712
305327992
305337982
305344745
305382758
305425569
305436649
305441234
305479483
305481754
305494706
305526376
305528882
305536119
305544059
305633549
305722830
305728737
305740519
305742101
305774018
305792281
305811189
305901409
306000384
306027508
306045948
306051059
306053818
306082934
306125618
306149895
306157015
306161799
306167299
306169751
306200344
306255567
306295529
306330784
306347582
306349478
306361730
306369987
306402511
306442213
306457207
306485823
306507736
306578540
306581149
306591733
306617809
306628620
306642679
306648751
306653000
306705866
306713933
306758636
306759924
306782628
306789412
306794712
306804593
306814088
306817927
306837871
306842859
306850266
306856976
306878247
306881677
306928243
306938213
306970950
306992339
306992363
306992629
307027807
307031592
307046251
307047877
307059067
307063756
307066341
307082016
307103024
307111303
307115562
307134590
307134921
307146369
307158092
307179074
307195693
307203445
307236384
307265322
307281446
307316054
307319723
307358962
307412915
307425706
307425807
307425862
307452475
307471715
307472895
307530722
307583957
307634060
307635367
307675725
307689405
307694790
307700045
307704820
307754694
307763525
307790572
307812593
307883368
307902903
307913026
307915625
307949373
307960587
308004930
308015245
308069500
308071718
308083300
308120663
308126619
308137003
308137682
308211267
308223757
308260735
308260948
308275244
308302261
308305158
308337087
308345140
308374478
308374537
308382078
308409966
308439119
308440445
308454476
308460041
308460130
308475567
308494685
308510815
308528792
308585044
308599669
308616078
308652368
308723737
308737451
308744833
308790787
308816530
308835589
308858567
308904381
308938543
308940062
308958723
308993661
309005450
309023292
309028142
309043306
309061251
309070505
309074223
309087321
309093475
309105917
309128429
309149769
309160674
309163787
309179315
309192418
309235376
309236233
309236952
309243462
309308629
309351925
309400074
309486193
309488621
309503823
309514271
309528949
309538286
309544896
309575537
309584607
309607008
309633924
309663623
309666753
309675933
309681639
309706571
309709427
309728574
309798832
309803587
309815047
309823486
309871845
309871951
309882010
309887129
309916635
309933419
309943551
309953659
309964123
309983854
310005262
310023779
310066012
310068412
310074630
310111043
310115800
310119269
310150082
310162298
310164396
310201708
310212835
310224497
310228880
310251206
310253894
310257960
310308024
310311495
310321681
310324626
310366166
310375293
310378726
310379093
310386855
310399588
310402958
310437992
310448857
310459314
310472024
310539454
310547696
310640366
310647461
310648036
310755679
310835243
310848284
310848860
310865230
310872035
310937368
310987512
310989197
311061889
311065039
311074452
311146730
311203499
311217406
311230285
311243045
311337783
311355788
311355843
311368623
311376583
311398734
311401925
311452663
311488507
311563819
311588658
311654082
311654414
311658852
311681250
311686646
311692279
311704092
311734483
311769649
311778816
311785876
311804086
311814675
311819424
311837739
311847095
311851752
311905839
311909568
311924857
311933573
312008503
312009253
312024295
312050055
312064541
312074370
312079701
312088438
312108827
312117466
312120232
312186770
312198532
312215013
312224332
312237795
312247073
312250859
312252378
312279085
312290098
312298339
312395288
312401035
312403779
312421601
312449152
312463232
312481931
312503676
312506675
312511984
312588871
312597996
312598346
312647453
312650246
312774240
312809714
312886842
312890965
312939488
312961745
313084483
313085416
313173388
313221584
313260044
313320227
313336061
313340586
313356656
313377190
313401196
313418395
313426185
313456724
313509488
313536218
313539444
313547701
313618011
313687012
313690253
313712461
313713129
313713496
313715759
313720395
313732041
313770274
313783240
313835709
313848698
313907654
313924961
313927664
313988160
313989449
314025368
314055129
314064548
314087132
314092215
314133381
314150768
314170522
314223048
314245182
314274157
314312494
314377093
314427438
314430111
314435264
314453800
314462805
314472088
314476217
314484604
314490249
314526354
314538046
314553098
314565635
314570812
314572548
314579310
314590389
314607148
314628500
314630785
314656137
314676770
314687841
314690642
314705708
314755086
314807443
314898178
314920608
314929337
314958947
314965663
314981993
315057834
315126014
315182846
315212102
315227492
315243543
315246919
315258336
315279732
315285693
315319572
315328875
315338219
315338682
315398559
315447319
315466672
315506732
315548760
315583299
315598391
315611140
315613985
315645363
315679976
315709339
315715740
315717565
315740322
315749311
315787344
315806164
315806520
315812685
315821236
315827792
315839025
315845199
315894461
315923948
315934195
315936697
315945536
315947561
315954104
315954875
315978649
315985058
315986521
316004321
316028483
316075615
316158338
316161343
316172193
316179525
316205677
316235178
316240296
316242558
316281586
316336917
316339893
316483820
316486542
316498321
316531148
316534974
316545904
316549105
316557386
316608582
316641736
316665213
316698543
316761782
316764843
316770191
316802373
316823187
316843675
316907150
316939130
316954227
316980703
316994180
317007846
317008028
317059191
317071802
317073849
317077629
317078269
317082179
317102971
317172025
317187050
317199177
317324661
317327146
317369776
317372893
317378280
317395242
317414616
317422813
317427072
317465344
317490786
317491369
317515053
317528402
317529477
317553675
317564528
317566668
317590656
317593250
317623829
317634906
317639984
317649879
317710762
317750627
317812361
317826658
317857926
317862179
317881442
317887584
317890113
317891907
317910448
317913083
317917585
317946140
317958658
317967306
318035065
318070427
318070533
318071160
318090886
318094481
318099607
318114972
318148607
318163657
318171013
318184443
318224623
318243646
318259335
318274310
318277166
318298323
318398941
318401808
318419542
318424531
318425694
318438912
318442501
318452268
318471207
318503326
318561393
318563601
318568879
318603611
318618282
318667126
318719729
318733744
318735160
318750234
318754071
318762578
318780335
318788266
318807117
318812589
318827451
318855473
318874142
318874469
318910669
318924966
318948140
318954375
318954941
318959066
318983419
318984932
318994371
319008546
319009361
319013706
319014419
319019451
319028204
319102701
319120351
319171282
319172486
319238666
319245075
319250168
319265920
319279953
319329049
319345487
319354439
319373014
319394939
319395685
319402297
319409589
319460081
319529872
319559647
319571927
319594427
319648202
319677332
319684452
319690244
319726308
319731263
319769028
319770034
319780612
319790627
319791863
319801474
319868902
319869119
319870052
319891594
319911772
319913846
319924999
319938786
319972534
320033395
320059505
320110344
320112757
320120655
320131658
320148515
320149375
320161010
320168841
320217167
320219895
320220466
320226179
320227173
320243400
320281668
320284156
320285661
320290641
320315088
320357504
320396309
320425465
320446708
320450809
320480330
320530935
320535949
320598508
320601074
320619884
320620334
320621719
320668879
320672971
320675995
320680348
320682356
320684410
320736783
320767562
320770725
320787843
320792407
320814272
320834140
320841738
320852008
320853964
320881504
320884379
320985604
321039638
321052362
321071355
321107280
321124757
321185580
321211665
321268837
321274320
321293731
321344793
321350662
321357313
321369601
321374229
321375063
321393591
321395739
321397815
321431340
321437265
321466139
321468905
321504023
321518599
321595060
321625831
321679838
321786444
321804949
321808219
321837142
321862924
321887831
321902938
321919409
321931914
321954521
321962455
321965754
321972269
321972296
321978216
322002000
322033021
322081741
322083716
322092608
322107498
322135024
322159312
322174898
322175455
322242424
322262497
322295989
322334054
322341301
322351885
322352598
322373935
322378182
322395545
322417448
322453275
322481170
322497822
322554488
322593722
322601865
322605521
322662907
322665236
322682758
322698079
322712005
322727335
322734935
322815870
322830250
322843116
322855675
322864796
322898100
322927531
322931367
322971891
322977205
323014106
323025259
323043790
323088347
323115900
323118275
323143155
323196973
323213971
323216952
323223798
323230308
323247247
323299114
323316952
323319498
323322622
323339252
323349331
323390825
323411512
323430030
323436714
323438402
323449263
323490179
323490567
323558699
323632887
323654413
323686517
323703377
323786166
323796871
323801138
323811931
323835643
323885282
323886167
323898099
323958926
323966521
323983537
323986024
324002549
324032048
324085067
324091382
324098076
324104522
324134649
324171286
324184179
324192677
324216422
324227628
324239170
324260292
324264266
324266888
324268342
324268638
324277527
324298731
324313550
324318220
324328405
324336005
324382362
324399375
324399733
324402982
324438132
324438832
324467932
324469404
324482300
324491919
324519766
324540622
324544978
324555943
324564410
324589975
324594826
324602580
324625478
324630088
324648533
324648642
324680984
324686913
324757579
324757894
324790398
324794637
324823788
324829346
324833096
324844164
324893725
324936283
324938205
324938917
324942033
324955141
324967666
324978395
324978962
325034921
325049946
325071577
325073458
325077791
325131210
325143646
325161825
325173276
325198104
325211707
325215755
325241889
325276089
325299863
325316663
325341734
325406958
325407718
325433479
325439668
325440977
325447345
325487254
325500738
325504472
325518043
325561534
325563350
325569555
325593875
325610730
325633215
325651066
325656359
325660526
325665106
325676542
325682843
325696222
325706887
325743269
325749924
325756975
325760988
325785181
325801992
325851523
325875389
325960792
326029845
326106866
326109022
326148893
326156337
326167496
326178144
326186771
326230751
326235990
326255578
326271637
326294621
326298371
326325060
326331021
326374363
326380454
326467367
326470620
326486900
326548132
326619952
326632176
326662925
326672484
326676645
326695990
326798458
326815440
326894107
326904853
326912245
326932428
326945004
326975936
326985019
326985147
326987681
327020433
327025647
327032679
327126494
327128606
327144782
327145867
327159086
327166276
327248674
327264132
327272137
327299517
327319689
327328536
327336237
327380593
327399444
327438340
327471087
327503805
327517333
327569558
327579058
327583181
327598878
327671881
327676951
327685098
327699594
327708853
327711427
327738569
327764207
327800491
327810009
327823416
327837472
327871902
327872638
327873164
327913795
327918883
327929806
327946930
327948422
327984124
328023612
328046627
328076823
328093198
328096030
328096312
328109062
328137203
328146129
328214104
328243173
328260889
328274502
328284040
328302663
328324010
328346944
328357293
328371816
328438711
328550388
328551472
328555594
328561985
328601971
328603031
328613816
328621456
328622326
328632706
328635367
328653348
328674659
328676940
328701062
328757376
328764353
328770311
328771126
328800377
328802490
328853483
328904772
328930770
328937425
328940373
328958984
328989386
329021882
329030015
329087317
329094932
329109111
329124592
329146369
329167816
329203943
329218346
329219753
329227683
329235585
329261489
329277834
329286183
329337273
329383493
329398850
329448629
329468146
329505514
329541883
329595624
329598143
329639293
329677568
329698344
329782245
329792613
329804032
329809488
329820207
329872879
329891061
329908147
329972956
329978871
330007326
330015395
330020200
330029047
330036049
330041092
330051937
330082387
330112627
330118772
330171490
330225682
330250158
330255947
330266385
330314144
330345716
330378650
330403240
330417673
330474969
330475429
330488619
330537428
330542977
330601351
330643730
330672430
330693496
330741892
330806088
330818125
330879961
330902618
330902626
330916631
330932141
330939480
330981180
330989217
330995860
330998266
331017931
331020659
331027159
331039784
331043300
331061623
331150042
331159199
331175750
331178769
331201647
331215018
331223315
331227417
331232250
331236446
331310095
331359730
331391744
331504089
331509986
331526315
331615312
331617850
331632010
331644734
331659795
331665942
331674292
331697008
331710802
331751177
331762878
331775236
331788900
331825827
331845643
331852757
331871693
331897176
331911075
331917988
331918519
331938922
331958737
332008403
332057023
332065068
332115811
332123116
332138061
332144762
332174670
332179156
332204350
332208339
332230829
332277895
332310920
332328076
332328282
332335887
332382951
332391700
332393672
332398389
332417690
332448730
332463130
332468079
332476996
332527775
332551993
332557244
332582319
332584858
332611246
332625355
332626219
332643246
332643712
332656201
332703004
332713489
332749878
332808865
332810296
332829545
332839850
332875855
332936793
332943170
332946997
332967199
332967416
332972927
332974541
332980220
332980497
332984900
332995845
333010039
333021150
333024264
333050432
333086489
333096141
333100812
333109168
333131432
333132936
333146117
333179686
333186554
333189704
333200879
333207158
333210344
333216146
333223991
333254797
333298929
333315555
333323694
333335615
333341662
333361097
333368620
333388285
333416410
333443974
333450107
333465627
333480958
333510677
333511430
333526785
333554804
333578364
333591454
333593969
333673017
333714448
333717445
333743363
333744907
333802634
333835661
333839603
333860071
333880004
334023706
334048866
334054405
334129345
334161670
334208876
334239595
334245276
334254148
334271245
334281398
334336830
334411172
334449567
334456686
334456870
334494451
334506697
334549795
334555665
334557174
334567783
334582050
334583276
334602590
334612427
334660860
334681781
334703929
334741557
334744999
334769632
334796655
334802221
334843198
334845240
334898956
334934811
334938457
334982612
334989233
335000973
335017348
335051322
335057772
335058881
335094095
335111683
335118704
335122189
335126596
335130766
335169574
335188736
335220144
335235939
335281943
335296029
335303903
335332292
335345968
335349118
335362373
335371907
335380748
335397278
335413100
335431724
335460272
335474788
335515489
335527632
335551597
335565513
335601995
335604480
335634353
335638259
335672761
335701099
335709922
335723313
335739170
335769870
335772969
335775706
335777924
335805043
335823401
335833438
335842739
335869125
335875368
335878206
335906463
335934206
335940913
335948569
335970021
335979750
335984033
336004682
336021601
336033996
336050628
336087169
336096878
336114013
336137200
336138161
336140097
336176103
336194216
336212153
336219939
336247629
336275634
336276174
336277809
336279409
336322160
336345405
336349717
336356803
336409121
336413062
336417189
336429387
336461185
336482850
336511141
336537959
336562195
336605271
336631499
336654299
336659163
336691980
336698214
336705904
336720533
336720675
336743426
336743949
336818993
336822164
336885475
336911870
336924038
336928200
336929364
336947867
336963199
337026164
337037926
337056440
337064309
337070468
337144582
337150411
337157648
337180197
337194322
337198204
337245050
337331827
337339121
337381258
337387155
337389204
337390615
337392605
337397830
337408154
337411509
337448327
337461486
337480120
337512979
337552564
337570848
337578835
337591714
337619131
337631915
337640477
337666080
337701777
337719242
337732541
337759309
337767356
337776207
337789914
337814871
337859376
337886430
337910969
337915164
338007769
338040550
338061674
338115843
338142090
338222599
338251959
338265783
338270124
338284669
338292065
338305688
338354429
338365544
338369380
338376770
338382973
338388779
338412510
338424441
338427846
338446584
338450470
338632122
338633344
338640693
338641409
338653554
338659281
338683833
338696720
338764194
338764404
338784351
338837956
338871642
338887254
338897698
338904486
338923630
338929191
338967642
338979880
339006672
339007433
339007861
339039894
339040329
339059565
339067407
339094297
339112285
339128196
339153503
339163588
339165140
339187621
339212103
339249672
339252521
339303497
339313189
339347882
339357025
339371782
339375100
339409607
339441902
339459932
339460021
339507599
339512232
339517571
339539311
339546832
339551235
339595334
339623063
339631581
339632957
339644451
339647473
339651770
339655389
339665707
339774807
339780670
339783202
339799900
339815229
339890288
339931599
339952225
339959775
339971653
339991349
339999586
340015155
340037471
340074859
340085549
340117925
340119906
340129450
340150504
340152185
340178644
340205539
340218104
340266116
340288892
340336574
340357230
340399076
340399202
340428966
340432547
340461808
340474855
340519961
340524183
340553845
340581804
340637689
340656988
340683824
340738324
340793942
340794828
340802886
340841871
340848257
340850545
340877049
340910744
340913000
340925531
340930145
340953266
340957209
340981796
340983746
341005292
341028158
341063160
341065473
341067111
341070379
341151137
341184874
341235000
341257796
341262083
341298175
341334783
341377411
341392518
341395322
341422228
341463459
341471279
341480647
341484796
341509013
341513947
341523395
341540687
341541334
341562575
341774963
341792225
341796024
341816162
341823954
341868398
341877121
341895359
341900778
341934770
341950113
341957461
341973575
342007009
342019758
342028609
342039077
342041245
342052690
342060786
342065796
342086049
342103799
342128786
342178323
342205681
342209114
342212524
342304337
342319582
342342438
342367423
342405974
342412953
342432776
342434178
342462680
342552184
342560753
342561774
342600567
342643872
342646443
342670064
342682897
342688144
342689500
342699480
342741478
342760301
342837893
342840072
342849548
342891322
342892268
342893985
342907119
342933393
342965024
342977266
342990569
343014394
343021368
343024592
343048270
343061333
343072988
343078148
343188454
343202900
343263568
343281387
343295264
343297066
343302971
343313513
343359625
343379284
343380998
343461730
343608815
343659281
343719599
343722511
343724358
343766221
343804986
343855363
343891487
343911770
344017841
344039854
344043975
344044787
344068606
344081960
344126341
344139600
344154464
344159722
344164870
344173827
344190094
344205753
344209833
344234882
344241949
344295382
344306133
344329517
344353610
344395608
344427865
344440142
344458106
344461698
344472944
344473784
344516935
344564318
344571062
344594394
344621236
344647743
344667984
344673998
344699507
344728690
344733133
344763209
344776173
344794338
344824157
344841565
344896911
344922782
344924198
344934032
344954134
344976637
344979221
345008848
345032408
345042260
345056631
345056969
345083317
345112767
345145827
345167135
345176723
345187627
345217822
345243934
345301156
345324377
345328480
345340683
345393027
345400098
345431101
345451645
345455123
345457710
345482859
345482997
345483100
345490903
345519354
345527057
345533756
345542142
345561116
345575490
345576991
345583769
345591618
345606926
345621390
345637601
345648684
345653347
345653942
345655354
345668136
345694752
345772806
345791109
345793782
345822427
345844202
345844270
345899773
345905926
345915203
345917237
345917378
345920191
346033370
346047426
346057021
346084517
346101889
346155453
346159526
346183248
346204437
346205147
346205172
346222147
346237043
346238176
346279749
346309846
346319767
346326199
346326520
346411293
346435277
346436606
346449792
346514800
346516470
346535600
346549881
346554754
346576814
346581893
346591357
346607230
346644573
346674904
346703815
346732474
346763568
346800271
346820056
346861266
346870781
346873459
346875846
346884484
346901542
346918280
346965572
346979203
346988959
346997824
347093371
347095746
347100950
347132314
347137540
347148074
347156838
347175848
347185192
347230604
347235085
347272533
347274066
347280741
347301026
347346355
347349494
347352412
347360176
347381715
347483377
347535238
347550024
347555143
347615803
347648445
347678505
347734866
347753235
347758732
347777540
347795735
347842674
347845380
347958442
347963573
347976534
348041166
348042882
348083801
348086311
348145881
348147987
348159539
348173010
348187022
348254756
348275380
348292693
348324311
348368247
348451104
348460970
348486364
348507233
348508642
348514872
348515081
348542568
348547686
348571735
348587003
348592315
348673932
348681919
348725619
348755310
348757936
348760966
348787490
348826954
348879752
348898351
348927123
348930177
348980974
349063541
349092423
349102664
349180849
349222965
349232609
349236706
349245463
349281404
349285119
349287686
349294287
349351693
349363749
349403818
349436656
349453050
349541165
349583513
349607168
349610005
349617639
349624478
349643876
349644988
349672334
349677168
349687592
349695793
349703027
349722954
349750120
349751213
349777308
349834086
349846122
349861206
349870110
349888029
349925726
349937327
349950408
349975715
349983948
349987516
349991703
349997132
350008675
350014560
350027661
350049663
350053493
350070652
350094908
350136754
350162501
350172140
350176623
350181021
350190985
350194410
350230730
350236033
350258012
350272551
350293482
350356895
350363809
350371851
350417851
350435801
350448678
350457359
350468934
350472450
350483970
350511040
350523473
350568741
350593451
350606664
350610627
350620290
350634452
350712611
350829746
350881869
350883865
350917635
350920243
350932687
350938750
350946593
350978598
350988756
351006030
351011925
351029201
351050771
351066449
351070063
351082340
351083610
351141889
351178475
351206553
351222920
351263688
351273936
351291168
351297687
351310974
351316798
351321856
351329443
351347128
351350418
351367778
351398229
351536246
351551187
351555343
351556585
351578613
351590342
351611748
351612300
351620470
351636697
351641214
351661796
351685166
351700911
351716758
351726375
351791215
351811674
351837547
351848713
351858759
351868766
351911641
351916971
351917459
351951854
351964100
351993134
352000159
352000974
352008420
352016243
352066778
352094462
352098536
352107216
352108341
352121326
352125834
352171845
352181220
352184873
352207029
352213024
352216482
352256672
352261215
352285089
352346295
352385290
352394879
352427891
352459414
352475924
352532897
352533651
352542296
352587289
352594928
352610461
352671268
352672457
352676088
352690755
352712285
352739622
352762491
352769612
352785662
352842738
352863202
352884382
352894079
352895342
352925894
352960491
352975001
352978580
353013358
353026820
353088386
353090918
353100422
353106145
353118301
353122855
353131027
353140870
353141822
353163360
353213874
353251934
353259446
353275628
353304257
353327874
353328356
353338078
353376633
353402938
353403226
353435092
353491422
353491825
353506637
353525616
353535807
353536319
353542281
353547466
353597685
353624555
353659647
353698990
353715089
353725523
353728126
353744769
353755877
353834588
353852263
353893346
353910393
353960879
354016392
354027480
354029732
354054012
354068289
354080469
354085087
354124523
354160080
354195510
354218650
354257600
354285485
354355684
354356739
354379804
354413994
354450852
354482355
354520249
354549498
354558367
354562223
354600789
354633849
354658532
354673788
354711404
354720162
354761060
354769937
354776395
354857397
354898321
354918823
354919565
354942454
354959879
354961308
354995839
355010563
355020107
355026242
355034655
355075378
355078839
355094599
355133048
355154453
355158031
355159752
355166465
355171653
355206669
355229087
355259815
355266359
355273108
355290065
355291609
355304603
355304902
355320742
355325478
355348487
355369473
355374737
355384632
355421739
355479321
355520263
355536371
355557960
355596072
355633289
355736655
355756362
355777861
355796158
355802271
355895814
355928785
355938460
355945556
356011860
356013181
356072051
356086155
356184121
356201145
356203043
356244607
356292527
356299065
356360430
356368038
356382754
356400712
356440429
356493508
356513016
356532078
356552372
356573891
356586339
356594884
356595993
356599024
356611324
356626407
356628990
356637562
356684994
356741591
356775288
356807230
356840200
356849149
356865896
356877498
356881214
356903131
356934064
356970427
356997948
357036995
357068227
357101703
357139216
357156593
357161955
357176214
357221497
357254470
357308856
357392321
357399798
357462691
357497275
357503113
357540857
357541287
357547328
357563171
357596704
357598253
357608753
357609522
357630330
357634897
357654238
357714797
357745917
357772900
357789035
357790093
357794273
357796364
357797221
357809034
357831339
357844825
357864717
357869989
357935488
357959269
357963221
357966273
357970805
357982036
357983508
357997151
358010176
358010434
358013943
358039656
358044134
358045060
358081545
358110658
358123408
358154087
358208179
358224513
358245172
358251549
358262790
358271199
358297511
358331861
358342022
358362919
358366624
358371317
358445863
358502033
358550679
358564109
358571837
358618993
358632150
358634488
358647063
358648823
358657597
358662510
358663800
358674934
358676427
358684958
358686796
358690565
358717874
358723447
358723531
358729482
358737570
358753795
358755598
358786216
358824275
358828293
358849535
358865131
358927329
359011710
359048600
359053133
359062283
359089234
359130381
359145428
359146875
359164476
359221836
359241132
359249210
359262272
359262332
359272966
359282190
359325554
359332668
359347938
359368476
359371841
359435376
359497811
359506052
359519627
359536249
359552392
359561087
359566613
359597595
359600528
359612939
359613703
359686784
359714693
359764476
359779963
359799639
359812361
359837293
359840280
359843315
359850962
359892036
359923971
360000248
360006865
360025124
360025964
360040622
360063547
360069498
360136887
360141449
360162003
360188748
360192475
360228298
360243267
360250367
360251242
360257086
360292731
360309750
360329450
360332231
360334693
360346741
360357758
360378321
360470876
360478360
360528970
360564953
360593735
360596711
360604217
360607855
360625061
360697038
360697501
360698738
360718164
360719443
360757590
360773696
360777987
360779224
360781162
360801874
360807224
360854527
360880469
360953460
360999082
361066248
361077961
361078957
361095896
361096280
361145853
361155812
361157012
361175149
361190643
361207581
361228470
361355263
361364162
361367694
361380309
361385285
361386609
361409723
361420088
361427531
361438017
361444365
361453966
361474929
361486345
361527873
361534285
361539212
361591944
361601574
361623527
361660525
361680874
361689424
361703015
361736173
361742889
361767704
361773746
361796313
361802616
361839775
361859068
361864896
361868471
361912804
361945868
362050512
362079867
362087419
362098441
362113832
362124480
362198100
362199110
362218771
362244743
362267901
362317447
362319216
362321017
362327087
362352484
362353142
362435784
362449561
362485998
362522242
362560913
362585211
362594446
362682681
362707241
362748543
362749746
362794963
362807680
362817564
362836525
362852699
362871562
362896675
362917672
362920688
362931126
362962069
362963111
363003123
363003998
363074879
363090297
363096139
363108232
363126308
363127763
363173631
363190370
363192854
363196776
363221313
363316016
363329650
363338536
363400045
363401010
363427839
363434851
363463794
363467628
363482393
363484181
363504138
363513344
363563578
363576809
363583640
363586061
363592731
363691769
363698933
363717018
363721343
363723994
363744039
363779097
363785168
363794809
363801616
363835611
363887525
363891441
363906217
363913295
363928986
363937482
363940913
363942216
364025268
364026772
364038782
364043545
364062184
364091792
364098689
364147074
364193863
364201722
364207833
364293425
364312395
364391916
364419481
364420693
364421701
364427548
364444474
364485100
364531605
364551453
364600564
364613707
364627249
364629283
364666908
364687067
364697240
364726017
364788653
364825787
364847723
364873808
364945808
364963057
364964208
364991389
365000176
365003590
365003677
365005989
365034658
365069022
365094578
365127577
365132397
365138819
365168412
365184519
365188376
365189501
365203432
365216397
365256690
365281342
365295789
365310266
365314357
365328758
365350091
365356670
365361889
365380868
365402171
365402640
365412288
365480079
365492577
365514017
365520273
365529514
365557803
365561331
365563436
365564500
365570639
365575876
365632885
365633380
365638801
365641721
365684136
365686221
365690796
365705290
365770797
365785910
365789796
365806748
365831667
365849910
365866152
365928045
365947732
365953329
365978062
365982200
365996711
366039350
366068773
366075137
366126790
366133141
366137087
366155760
366189438
366212859
366218886
366226149
366232546
366291588
366309670
366379373
366397597
366433474
366506782
366510218
366535745
366605601
366631081
366659395
366724804
366737433
366758448
366859372
366957729
366979967
366988140
367011124
367023534
367025216
367066738
367100703
367106017
367106945
367128268
367133131
367159359
367183031
367217569
367220469
367223150
367295747
367312388
367321155
367325932
367343711
367345838
367370256
367381967
367390904
367403509
367410544
367427827
367460397
367461812
367519320
367529887
367570793
367587129
367628589
367629137
367647654
367653635
367656594
367674406
367700929
367717664
367751532
367772165
367780235
367785768
367790650
367810952
367814137
367815207
367818632
367828268
367831874
367836751
367868033
367871730
367895215
367933579
367950157
367970668
367974794
367994218
368128102
368156058
368162478
368166038
368205491
368258348
368332734
368414758
368454026
368458724
368465503
368473497
368559262
368559355
368567190
368577081
368656380
368660179
368663818
368680954
368707129
368755447
368761680
368766821
368808517
368813491
368820919
368822143
368844131
368868601
368956324
368998492
369006920
369007893
369025993
369026762
369027368
369031433
369052159
369081475
369095340
369101256
369109479
369129624
369158783
369178154
369196524
369219017
369258526
369295377
369299786
369322603
369327048
369335066
369346205
369358660
369391188
369454309
369466823
369524951
369531881
369543295
369544085
369558259
369609491
369697632
369765352
369806509
369831838
369860113
369862521
369893722
369920889
369925578
369934766
369950146
369997672
370049752
370067938
370088646
370092118
370108817
370133651
370144997
370178128
370194534
370200789
370292189
370312339
370335665
370345453
370370742
370379642
370382433
370383451
370404863
370432125
370453989
370468703
370476776
370487034
370504711
370521579
370541359
370575773
370602625
370637339
370638328
370706521
370789808
370808188
370812752
370893048
370903286
370912410
370922831
370941650
370942170
370943151
370951484
370970603
370974108
371030862
371036235
371068528
371139888
371221808
371255101
371265597
371283141
371311740
371379256
371414344
371420407
371446649
371447444
371452501
371463116
371521873
371528935
371556785
371612793
371613266
371628075
371656270
371680059
371684172
371689448
371697435
371706651
371732073
371733558
371744278
371768254
371783392
371797451
371810547
371819115
371953190
371954750
371956165
372054124
372066394
372116083
372151506
372168677
372186776
372208427
372221923
372247962
372254145
372267788
372276982
372297332
372305251
372315236
372332045
372366151
372367976
372419032
372461099
372464609
372469903
372493857
372502037
372504638
372537578
372586328
372603027
372629217
372666408
372683444
372685124
372695315
372721314
372737854
372754130
372755938
372769172
372770494
372810261
372823765
372836490
372867518
372882740
372912207
372916143
372916214
372943331
372948740
372952534
372955540
372978074
373008145
373019537
373019918
373023655
373049369
373075374
373080443
373086716
373096562
373125857
373159039
373188618
373202539
373264692
373293113
373332233
373380250
373410839
373445879
373474571
373484885
373485132
373509561
373572160
373581837
373612394
373640083
373649505
373689863
373690634
373715525
373748745
373787661
373794046
373827214
373879236
373897621
373922649
373939752
373946454
373946901
373977658
374016363
374032738
374083014
374084608
374090588
374097949
374120762
374175292
374184524
374192928
374213633
374215518
374236067
374251215
374280502
374286363
374302712
374311816
374343919
374392941
374401690
374431517
374439897
374441954
374485241
374486928
374546651
374558849
374619948
374620693
374637394
374641197
374700786
374708126
374747884
374749577
374797027
374802810
374817132
374820335
374847110
374849745
374849990
374850874
374862579
374864228
374877051
374900492
374906972
374913129
374940594
374942996
374943395
374950368
374961928
374969627
374990421
375028422
375046850
375122333
375130506
375130621
375144096
375146836
375191427
375291684
375302167
375328191
375345557
375366231
375380429
375438810
375448994
375454836
375478051
375489437
375506012
375526519
375580888
375632484
375675434
375687744
375696397
375719513
375748655
375754171
375763873
375786570
375803221
375841655
375844032
375854125
375859957
375918083
375922196
375945564
375979737
375987577
375990691
375993051
375994941
376021803
376034491
376058844
376081068
376092616
376101226
376194090
376236115
376251230
376260102
376263306
376269633
376312098
376320413
376332531
376342259
376344697
376370720
376374037
376380917
376386150
376389661
376409831
376413765
376517735
376525576
376528778
376541826
376557436
376565660
376569515
376588962
376605094
376617987
376654577
376671982
376707703
376748941
376753251
376756936
376841691
376847343
376860362
376871378
376877709
376906182
376924655
376955558
376997740
376998155
377010958
377033774
377035861
377039722
377052014
377098793
377106412
377112463
377121039
377127387
377154392
377156610
377167147
377167477
377220801
377226540
377250752
377293069
377320288
377374309
377399472
377413176
377424848
377440335
377458250
377466592
377475456
377504872
377524895
377535649
377564999
377581708
377630781
377657308
377662623
377666929
377671868
377701242
377729399
377755915
377765025
377771069
377806406
377835379
377842455
377842750
377856631
377888676
377894707
377910867
377917633
377927002
377935164
377940537
377944528
377969846
378007128
378081827
378094433
378106427
378109158
378110075
378111737
378123714
378192181
378199793
378240219
378245744
378282054
378309126
378314148
378347596
378349839
378359078
378382813
378431994
378450837
378476311
378480321
378528508
378528961
378541517
378560474
378562732
378578061
378645330
378684391
378707025
378718843
378751432
378771908
378793327
378804989
378829779
378864753
378869805
378898103
378956927
378970361
379033397
379055130
379096148
379099423
379105421
379129087
379162667
379172698
379206832
379210628
379257633
379282945
379330496
379331448
379353511
379363234
379370389
379460854
379508493
379540961
379541066
379545970
379602046
379674065
379676307
379752269
379775460
379775670
379797985
379826436
379868527
379875540
379905946
379912029
380001649
380008197
380031762
380035933
380055352
380070286
380076952
380095843
380103846
380112107
380123608
380158993
380166684
380175999
380208320
380215742
380232688
380239392
380269370
380278599
380280497
380281060
380292144
380366946
380419604
380447589
380476686
380486881
380491128
380492065
380495861
380529019
380544284
380547378
380591869
380616299
380639377
380644711
380701527
380718380
380730132
380755952
380777233
380782249
380804560
380822251
380852438
380900957
380916827
380957752
380958293
380992095
381011486
381015470
381030533
381041519
381043318
381061094
381072023
381121826
381193708
381221554
381238276
381249191
381263445
381274129
381284771
381291417
381303622
381346058
381366951
381372885
381379469
381381360
381394113
381401735
381426229
381461243
381488264
381513973
381518833
381532915
381536451
381553189
381595465
381602438
381602685
381605585
381629669
381667765
381670831
381680261
381684404
381701625
381705677
381707929
381801042
381802510
381842367
381851938
381853496
381895140
381945179
382007917
382008820
382041290
382067642
382125035
382185540
382193830
382225245
382244391
382256873
382269739
382270935
382283160
382298837
382298886
382306259
382327918
382333029
382366118
382387438
382463766
382469691
382470682
382489936
382518870
382537296
382552812
382594783
382644745
382657321
382677215
382686852
382737988
382744487
382753616
382768548
382784763
382791069
382796420
382840245
382861142
382904891
382905058
382947051
382952786
382967415
382985167
382996731
383005761
383040832
383063542
383084453
383102690
383103454
383132927
383151065
383172413
383187361
383196209
383205429
383206072
383209148
383224242
383225122
383252965
383279828
383392056
383419217
383429491
383463300
383479049
383496594
383513549
383588759
383606100
383607635
383621091
383627994
383692647
383765573
383824326
383839360
383844444
383864328
383927104
383949850
383971903
384005777
384005922
384014906
384025560
384053664
384065627
384133466
384170544
384184101
384190658
384193233
384199798
384237258
384272978
384280149
384290507
384307150
384337990
384362111
384371125
384407881
384440403
384440995
384491073
384527763
384537749
384545725
384555626
384602283
384688461
384700499
384711468
384719553
384722179
384833138
384841020
384856665
384902705
384936551
384941434
384943684
384948446
384982654
385002888
385006409
385049084
385050448
385055458
385057434
385069348
385085937
385133904
385139659
385146838
385165813
385188319
385202942
385248456
385261205
385326656
385333426
385358113
385372289
385382401
385383899
385387680
385403755
385433727
385441999
385466995
385473381
385480870
385503869
385507943
385519956
385527024
385528577
385551328
385585467
385598072
385622008
385645165
385674852
385758905
385821000
385830644
385871989
385876324
385898135
385903221
385972018
385992563
386010060
386011634
386037911
386050627
386089663
386109936
386127346
386133046
386144120
386210717
386241556
386302156
386339159
386377863
386386797
386409601
386442912
386473804
386478119
386482587
386495934
386514094
386560388
386567803
386598306
386668629
386669372
386689819
386740059
386758936
386774349
386801988
386815445
386848294
386849405
386857201
386860095
386860417
386881166
386888556
386904614
386913404
386976269
386994418
387019452
387030751
387035106
387058650
387066189
387088876
387093390
387093909
387126349
387132572
387200819
387200918
387201222
387215735
387240629
387241438
387253900
387312764
387316453
387344392
387364446
387370999
387372009
387387857
387393869
387424421
387426217
387428091
387449865
387475651
387505654
387545794
387608068
387623931
387633253
387648426
387734748
387748259
387748653
387757250
387796578
387798681
387844489
387869525
387924901
387927722
387928766
388006404
388009771
388011359
388016344
388019557
388071388
388102697
388148216
388169092
388191100
388200584
388230828
388288849
388312846
388361388
388385427
388426965
388437789
388441911
388443308
388482066
388492781
388500292
388522513
388574233
388585085
388586347
388587756
388611883
388634459
388634641
388686514
388704699
388712238
388725728
388767496
388775737
388778329
388787989
388826014
388829060
388838226
388851760
388851812
388852524
388862805
388866113
388876598
388914841
388918097
388918677
388946207
388953022
388953589
388982936
389019879
389033127
389052112
389081318
389088285
389120448
389159223
389173805
389210620
389222426
389261107
389299659
389301247
389305042
389341005
389350602
389371264
389373719
389388809
389428881
389440275
389451682
389506775
389513528
389547344
389560934
389582608
389613548
389632162
389637105
389643754
389644206
389652997
389677434
389717078
389730137
389754160
389768818
389779898
389801315
389817155
389841731
389869150
389889846
389891744
389909770
389915719
389930738
389934302
389950591
389957969
390001687
390059669
390066725
390126327
390126690
390152409
390184613
390186239
390186301
390212961
390245917
390251586
390298037
390308524
390309389
390327434
390349351
390376836
390396223
390401981
390411778
390415080
390455159
390461695
390472363
390475897
390485250
390529273
390536902
390540438
390553281
390561950
390654044
390662556
390750405
390795526
390796878
390838759
390880986
390892201
390908833
390939709
390953592
390982324
391003638
391022411
391025363
391047081
391053865
391087214
391103889
391136689
391146139
391152280
391158473
391165338
391186983
391234703
391236296
391251575
391290252
391340941
391363345
391377810
391391521
391403409
391408846
391435523
391470268
391472641
391502089
391515822
391520927
391525778
391551589
391589981
391590855
391636797
391637719
391657023
391679605
391699658
391721984
391722381
391771208
391783616
391802161
391895312
391944797
391946572
391951889
391952501
392004916
392026009
392061663
392063776
392129678
392203969
392214433
392232390
392241916
392258593
392278421
392305249
392327748
392333942
392334846
392405028
392513741
392522125
392524636
392540580
392576936
392605024
392609034
392623614
392624303
392627620
392633178
392641853
392669721
392694037
392714968
392751310
392765403
392766704
392804825
392828454
392850994
392895480
392899321
392905646
392914968
392915609
392933710
392997396
392999597
393010426
393045988
393068077
393072156
393089769
393089804
393112319
393120115
393166650
393182645
393209476
393228216
393238315
393256968
393275791
393306566
393315730
393318637
393337625
393341485
393349931
393384142
393398567
393401608
393422162
393444269
393504166
393525408
393528140
393534652
393543703
393568185
393570683
393576061
393616854
393632459
393654644
393664726
393670326
393674899
393704855
393721525
393730561
393731419
393732149
393746227
393749128
393800116
393816976
393819043
393843241
393859632
393867372
393874862
393878454
393934441
393955572
393964220
393965950
393978559
393992350
394019675
394062635
394091098
394095022
394109573
394114176
394114757
394115211
394152343
394173689
394184441
394234671
394243423
394248223
394263307
394269950
394270658
394309090
394337062
394343340
394388939
394413069
394430094
394459515
394460879
394492191
394498358
394502200
394508490
394544098
394555684
394589930
394598794
394637164
394654022
394660672
394667072
394672239
394684948
394692603
394730513
394772397
394851656
394854292
394983656
395000048
395003483
395043187
395084174
395112048
395115631
395125926
395172027
395211509
395212116
395239210
395244480
395261412
395272155
395375991
395394023
395451023
395505653
395531311
395533175
395547389
395564395
395607019
395615479
395666911
395717181
395753316
395838734
395856178
395864718
395867838
395875311
395883907
395896208
395911400
395987748
395992336
395997352
396022415
396027425
396169853
396171357
396225576
396227585
396303754
396333861
396344978
396350182
396351916
396400502
396411090
396487646
396490409
396496349
396529601
396548104
396551058
396552548
396563190
396587396
396621558
396624285
396632933
396666337
396674696
396732329
396771015
396785249
396842505
396846405
396846460
396857742
396868223
396893958
396932106
396938380
396940094
396943561
396948444
396965912
396996921
397006299
397028757
397054516
397091816
397096664
397102525
397165599
397192322
397198114
397223937
397251783
397253649
397285240
397335171
397348568
397374664
397402276
397420130
397453180
397456121
397538476
397543488
397623415
397636561
397663723
397679386
397685059
397695954
397709849
397726053
397732260
397783901
397794733
397821394
397855374
397872153
397881064
397942935
397952119
398023923
398037697
398051386
398060988
398094589
398119050
398139033
398182125
398186122
398190150
398197427
398210522
398210705
398220127
398224377
398267748
398274926
398300109
398349002
398385418
398407459
398424007
398447017
398450224
398479664
398499257
398520973
398526044
398532853
398533064
398543790
398593601
398595556
398632344
398644916
398661596
398675755
398683218
398691047
398691391
398695851
398702846
398734167
398738885
398740529
398768581
398769148
398814655
398846208
398885409
398885656
398889003
398944916
398967122
398972665
399056847
399092865
399096970
399098481
399196754
399218975
399243445
399245115
399270130
399288557
399294587
399303660
399310428
399336560
399342842
399343373
399374328
399386024
399389269
399420943
399426151
399437276
399464910
399467217
399474955
399564590
399565094
399565521
399567680
399589328
399593804
399606564
399641571
399674828
399727337
399735515
399764473
399766212
399787647
399800123
399824598
399852862
399871635
399931040
399935353
399938571
399951510
399965226
399987497

