158810568
385315895
862464294
1212693655
1256744891
1341051560
1822096702
1954526802
2070255655
2122449555

20378435
90682953
93523831
110103408
112217855
128657252
147048215
159069679
164521297
168818124
185144534
211974067
227412002
269182298
320273670
327049600
340359116
398382526
409796107
413447640
457689055
463114420
477350450
477524238
500312381
554846919
570627817
593724441
603479227
629219889
654826642
697421281
752022108
765917118
777700616
819816354
912448449
915120899
938172359
976565137
978541375
996443818
1037901439
1050457172
1083320212
1087688530
1089196595
1094840704
1111824136
1125186540
1152921684
1153769820
1173041205
1178077365
1228777470
1231081468
1245552308
1281337738
1294306561
1297984990
1311974527
1347824632
1351709462
1400320446
1403652975
1517655925
1524558189
1542485348
1546321904
1548510264
1579856056
1581199640
1589759161
1609714792
1622090166
1666710651
1704887435
1740109601
1779515977
1811765854
1833155455
1860188738
1864907620
1875353484
1908586783
1928777478
1935190793
1965164866
1969009130
1973885482
1977591605
2014438085
2027236464
2043332323
2044481660
2060227185
2098909868
2120257343
2141271540
2147304339

2650260
3159466
5525574
6673782
9188819
9722584
13096267
16662136
18874727
20340378
20418256
21287245
29426178
35549321
35580806
35613259
37128121
37471714
37808723
40079332
42442129
42906351
52300283
52349168
61351654
65991450
68444270
70964519
72787337
73939509
74190618
74297539
76093582
77292583
86207398
86833396
88283411
89960277
90087219
92512373
93211239
96872238
97773614
98971468
99980109
100009811
100555434
103236329
106560844
110990689
113973025
115469381
116675816
117656777
117662717
118979512
119918598
123889406
125664411
133492177
133888051
137304990
137649753
139504946
140891100
143818326
144260435
149721911
151615972
157661406
167873543
167969201
168611309
170644970
170952178
172610052
173949070
175334545
177975689
178945997
180535016
181480632
183267894
185094514
185555051
187560013
191561210
192194223
195687980
198712116
199053712
199166946
201595450
205666275
208230851
208682332
211228265
211809406
212061613
212750883
215337836
218618332
218797357
218813643
221140632
224608034
227700695
232623917
233308661
241832563
245888032
250472769
255613275
256376859
259981289
260089135
263243911
264058186
265851134
268068296
270447814
274462119
274600631
279250439
281799591
286166288
293014211
294706185
296673833
303548077
304325276
304611781
312272000
314677882
316458145
316865134
317869801
317925514
318685136
322981364
323251149
323769330
326684944
326938442
328454729
331135674
332983218
338434380
339099640
340320537
341686740
344597239
344889059
345098218
345646942
345653309
347610836
349115703
350320236
352296591
353247129
356709600
357767102
360291299
363683951
366791240
368439874
370413905
371199116
371735221
377344890
377811774
378340003
380346493
381382827
384491504
384900640
392067892
392900873
394723771
400578878
401656003
401792841
401807975
405017011
406149316
407758508
410322451
410833173
412392046
413356471
414270290
417160287
417462527
418733446
422218602
423934493
424614146
425995071
431261564
434800062
436390158
440675500
443742609
444719752
445421597
445502828
446538763
446985911
448518569
449801212
451899228
455797523
456140543
457696498
461121163
463616540
465252585
466074422
468554642
468640172
471767748
472294001
473733856
476984181
476991869
477486713
477995054
479162401
480096439
481191842
481431807
483158373
484479748
489615868
490915912
491269617
491870273
492051360
494420539
496616405
497104430
498175260
498265298
498780456
500134131
502301550
503130495
503345359
503802352
509841706
510022513
510919802
511233016
511909779
512237368
512985648
513284631
514737999
514800212
516356639
518544318
521074800
521270032
522720191
524099357
525760573
526525397
527414834
533262511
533994418
538307911
545433614
545726074
552138715
555228373
557179027
560065790
562027457
562824374
565301986
567809131
569258032
569452927
571526291
574388627
576926379
577720695
582588130
583988213
594139097
594408971
594748521
604907729
606241196
618192250
622307771
623311399
627880463
628649754
639200057
639510852
644449986
644534836
648714366
648752349
653098277
662296717
665892075
665966145
666532644
673064457
673904518
676881090
677818387
679713896
681675108
685713100
690044758
691944660
692550012
696209395
697705095
701429867
703543604
710081864
712011296
713213506
714096990
718203284
719443440
723930224
726717717
737229312
745715495
748457493
752603197
752731001
761000725
764958933
765419684
776477537
779261869
781724189
785641121
787363180
788956258
788968424
789473184
793195307
795538228
798040738
799673185
800324655
800953711
803451233
804311716
806253824
807105704
810660724
813180218
813672197
817632357
818821958
819456076
826422061
832195669
833821722
834831406
835175435
835405391
836775923
839659842
840419253
847246748
848165771
849515320
850774327
857342176
860445362
865287270
865438130
867645642
869873520
871487024
875512102
875657409
878974258
879008952
881029034
881346307
881616996
884788494
885277672
886054768
889553582
889952115
890171179
890208083
893489448
893912932
895995165
901705284
905600084
906818796
908015799
913038284
924518446
926438852
930267117
932516464
934041316
940625547
942074126
944056808
944874652
949132249
952040995
963448551
966397990
967897703
969281580
970831334
973128836
976026192
978124568
978152778
981086254
981583458
987147471
993579063
994970788
997653480
998374129
999604886
1002738211
1004284302
1005231848
1005388811
1006152576
1007667857
1007837364
1009857908
1016738298
1017992163
1018313398
1018585945
1019611852
1020662719
1024773665
1027252979
1029561313
1030739066
1033480009
1040235237
1046058293
1047920057
1048280208
1058222550
1064590650
1065330676
1065627475
1066129579
1066210206
1068265779
1068326718
1068819045
1072384232
1073673331
1078116044
1079945823
1085715210
1086228088
1089629101
1090565917
1091339900
1093418347
1093763446
1095126888
1097453127
1098179088
1101421053
1106341964
1108894237
1110308307
1110359578
1110820008
1111768730
1115945985
1118597515
1119601471
1120108354
1120250804
1121181528
1122768180
1123708947
1125018925
1125479232
1126698851
1130416303
1131325722
1132098006
1132215700
1137419077
1138531700
1139342045
1139444956
1139800812
1140937169
1143385651
1143388253
1146706249
1152062709
1152758223
1153588020
1154557369
1154942001
1155280412
1156000944
1161780304
1161892619
1161975147
1161993362
1168411881
1170553906
1173678765
1175182131
1176970141
1177204830
1178708473
1180754237
1181117726
1183272783
1188870300
1190021563
1191381674
1196588767
1197626211
1197915945
1198963001
1199121008
1200193940
1201521381
1204005499
1205080511
1205169130
1210556324
1212598752
1214892109
1222381888
1222394304
1222987130
1223010137
1234824497
1235502207
1236599740
1236641914
1242072017
1242694815
1243692519
1243939828
1245507572
1246446090
1253333616
1254759024
1260085903
1261119898
1262986785
1264839755
1264849049
1266161918
1267143541
1267490259
1270877478
1272869957
1275093230
1277151019
1281830582
1282775814
1287530052
1288594932
1289935479
1290528547
1292441313
1292488565
1294036062
1294188347
1297200865
1297592699
1299314619
1300825208
1301445059
1302761140
1305657513
1306123833
1312350148
1315707551
1318485259
1319339970
1322155705
1322352593
1323038363
1323248353
1323893152
1324717400
1326478322
1326986729
1327175942
1327793485
1331895902
1332697984
1333118590
1334004302
1337335877
1341012846
1341140814
1350566320
1352963470
1358433227
1362390293
1366395424
1373369582
1374449751
1375973222
1378220515
1379658733
1379696795
1380916783
1381201466
1381396001
1381705660
1382303790
1382316999
1382821898
1384252092
1386906619
1389491508
1394023378
1394036286
1397960050
1398231957
1399631711
1401344814
1404704427
1417152351
1418577816
1419779820
1423791628
1423905459
1429738706
1433359804
1434562293
1435012293
1435469075
1435805677
1436147079
1438036754
1439094745
1439949945
1440826217
1440936624
1441506493
1444159318
1446597478
1448523846
1450951413
1455779797
1457638426
1458868514
1462648093
1463446830
1463586606
1465657330
1466306966
1466442862
1467230732
1471111226
1472356792
1472645172
1475388112
1476531085
1479205869
1483760108
1485051794
1485931679
1493929249
1496097243
1496787618
1498049657
1499491606
1500283563
1500774791
1502047175
1510466593
1510882881
1511654953
1513364372
1516153226
1518852676
1519052859
1521832322
1523786225
1526358388
1529927404
1531207033
1532593100
1532681523
1539695193
1540618859
1540858891
1542533043
1543388872
1544424177
1546185324
1547440580
1548632923
1549499309
1551404437
1551590147
1558521624
1561243712
1561537534
1561938839
1562373351
1563665550
1563892714
1565387122
1567092661
1568149204
1568697653
1572174379
1574496852
1575984199
1576821769
1579530025
1579573118
1583290007
1584128087
1585744396
1586352609
1591225668
1591388423
1592113158
1592668390
1592952494
1593246880
1596103869
1600414513
1608213057
1612837255
1614872453
1619339396
1621469698
1625652076
1628265590
1630091371
1631730074
1633016831
1634606370
1635308051
1636350225
1636606044
1640238008
1640649221
1642545102
1645915318
1653251061
1656608779
1659203377
1659461400
1660343914
1663781373
1665314220
1667816059
1668173497
1669127123
1671492712
1672807540
1676372022
1676422318
1679721739
1686011494
1686423860
1689491494
1690706212
1693288630
1695267603
1697058872
1698494715
1698952877
1700061630
1700185854
1700392909
1700963756
1702298639
1702471524
1703885623
1704971160
1705574630
1707456752
1709171213
1709263102
1710226653
1710736861
1710884979
1716934268
1719728719
1720019512
1722075319
1722387819
1722526418
1722540487
1722655295
1729480644
1735267203
1735920451
1737921600
1738145897
1741454522
1742342611
1743824414
1745226534
1747044287
1747595489
1750426878
1754968545
1755248120
1756080339
1769510511
1772495799
1779767936
1779887241
1781827378
1783917198
1791357947
1792010114
1793630924
1800596109
1801370231
1802527820
1803242538
1804608690
1804936594
1806862890
1807954561
1808109702
1809614721
1809970741
1813263701
1818488420
1818971108
1826319801
1827675989
1835792372
1840366621
1841094748
1841313851
1843356791
1844377151
1846328237
1847171119
1850485192
1853482000
1854271661
1855414432
1858225523
1858459659
1859514026
1859823880
1859903026
1862751826
1863699205
1863766752
1867868538
1871272430
1872329379
1873161435
1874067190
1878031258
1879021600
1882164309
1884404510
1887566544
1887567729
1888791393
1895917980
1898221096
1898834078
1904546701
1905898369
1909513644
1910208366
1910698815
1918807079
1920694442
1920825086
1927528654
1928790307
1932281941
1938730934
1940168399
1940338814
1940346225
1942388165
1943531596
1943906552
1945274940
1946608761
1952372233
1952500126
1954220514
1957474374
1957553663
1962628342
1963340879
1964041819
1964355644
1965141996
1965253797
1967078837
1967913891
1969002065
1969815425
1970017305
1973533989
1976319693
1978432548
1982757465
1982848662
1983767332
1984498048
1984970058
1990519559
2001810122
2003320470
2005104348
2006156464
2007619607
2010252641
2011882746
2014190246
2015051459
2015572247
2017697111
2025593590
2026527735
2027942969
2028385560
2029883561
2030536461
2040759532
2042857925
2043065511
2043462170
2044328376
2045478267
2046355182
2047157341
2047484198
2048182841
2049675462
2052052565
2052954379
2058986800
2061009652
2064273158
2070072023
2073678374
2074032798
2075017715
2080899452
2085986350
2088465807
2093385907
2093797727
2095166570
2095503453
2097354526
2103402683
2113032696
2114227157
2115357539
2115769608
2117477518
2119491522
2120241633
2120280199
2121269554
2126013443
2129326845
2129499659
2130950138
2134839992
2136162846
2136701698
2138892329
2138968359
2139939013
2143546940
2147325187

572503
2109611
3872846
4587687
5149111
5467100
5982967
7945130
8117410
8616829
8722882
9950162
9981958
10627827
10749102
11076269
12719026
12951544
13863875
14044653
15245887
16321150
18018142
18381360
18621677
19247324
20799728
21353265
22852647
23465080
24509677
24936874
25856440
26403089
26564395
26853439
28261305
28652358
29027518
31252794
32583266
33800630
35054582
35414944
35718367
36117799
37776836
45571754
46952863
47307772
51677065
52133560
53255208
53978869
54485791
55856587
57338472
57379175
59362373
62266806
65464884
65930592
68057564
74581514
76949436
80695718
80733126
81798740
82536574
85475430
85612890
90227049
90577182
90583089
91072534
91841272
92082428
94425830
96508305
96707646
97078710
97332003
99752496
100184340
100339179
100613111
101416154
101853400
102066511
103305616
104067023
104161417
104858550
105302610
106106773
106604837
108144297
111163802
112906554
114808090
115162798
115451902
117490452
118897952
122276236
122918882
123525573
124360651
125114340
126061230
129709698
130042614
131319578
136882945
137609154
142028046
143387898
143973181
146603496
148057006
150403973
151636722
152717974
157300902
157480614
160375180
161750441
162351432
163829250
163882031
165041917
167593798
168755795
169958017
169999394
171023132
171246058
172415195
173004291
173820892
177088959
177791576
178484106
178921529
179234139
179310580
180045030
180105721
180310290
181196182
182490451
182933454
183207575
183283901
184294214
186817575
186833790
187197807
188273173
189707617
192623374
192644024
192992588
193715779
193728309
194590163
195232305
195585046
195888801
196411971
197036267
198007038
199072608
199867695
201524389
202224796
203890457
205613115
208047479
208774243
209852554
209956859
210647556
210810956
211481291
211644270
211674812
212360587
213568894
214341878
214675871
215392257
215672098
215722693
215760766
216126870
217287328
218195687
219271352
219884838
221891111
223097939
223818984
225382540
227447767
227976853
232026050
232171992
232419428
234294881
236313258
237247917
238394536
238514014
238538766
238721769
240470642
241067381
242693561
242882371
242893863
242967462
244726575
246480640
246790555
249661787
251321692
251736306
253092381
253394433
254555806
255519684
256696815
256699828
262666958
263043640
263398325
264557218
264768789
265556963
266540584
269336871
271080551
271530966
272167143
274888962
274943301
278362677
280622052
282293805
282574661
283669999
284836937
287300831
287940518
288558342
288971278
291350133
292313976
292530978
292570358
294441142
295074704
296190627
296423193
296861968
298026671
299435751
301716426
302026103
304559457
304767745
305627141
305833791
311720019
312424313
316445942
317911676
317944589
318811719
319921537
320212268
320547089
322453039
322557761
322918080
325055414
329736166
329748279
331141209
331303970
332587277
333673275
334992581
336835428
336933216
338484441
338728609
340163430
343060017
344451004
346936460
347699795
350911043
354183403
354730153
355076082
358050384
358581509
359003168
359206479
359341930
359438783
361346444
363940015
365100956
365578108
365993589
367883294
368512484
368592072
369592444
369947453
370089876
374555489
374648901
375403188
375618113
376012048
376418470
376634050
377521231
377642247
379075984
379166285
380124049
380745688
382582411
382920139
385012072
385232195
386707157
387005104
387148558
387421176
387756624
389310352
389813796
389946662
392772761
393867148
394740668
394957981
395181750
395886669
396413175
396529039
396567567
397018326
398282377
398895219
400512767
400662982
400769279
400899663
401405353
401889100
402164545
402920120
403618499
404169296
404707954
405620835
405729269
406480511
406717855
407706015
409102545
410077252
410221967
411920694
412717524
413631158
414766049
418574487
418648919
419934232
421249528
422460489
422491049
423083158
425711656
426144904
426248651
426297071
428731832
429297192
429572201
429648987
430942325
432063960
432740535
434595245
434660790
435756235
435834509
437649030
437667497
438293835
438435782
438694604
440281289
440911555
441763214
443749752
444026616
445658716
446116114
446343332
448682347
450086033
452106711
452408834
452636484
455313853
456658012
458970171
459104072
460343101
461922622
464762336
469530846
471461916
474863827
476514896
476841212
479332317
482806869
482992120
487451078
488030853
488400127
489961792
494143473
494307167
494416616
494586711
495913177
496142123
496542559
496690502
496791450
496943360
500239769
502134801
502272211
502352709
502729755
503518018
503624994
504015358
504409826
504949483
504982025
506728939
508391907
510362041
510948766
511250598
511925957
512843649
513350996
515453525
515454368
516086944
516911256
518303899
518740790
518954381
521085900
521604729
522589312
523456631
523843978
523952755
524954497
525299696
527178633
527665841
527959490
529665693
531341604
531385246
532001953
532006618
532089525
532774614
535077399
535575635
537744016
538061345
538089770
540739152
540908329
542734208
542981615
543108584
543391902
544103456
546020593
547505530
548102631
548917428
550602237
551367085
551604083
553535927
553957082
554122524
554790990
556657778
557041674
558408089
563148337
565150697
566239198
566564427
567182247
568734046
571042306
571714661
572467270
572473693
573290153
573712412
574289208
575256166
575291304
576589778
579719913
582433249
585057538
585424897
586868403
587331788
587507644
588524920
588630413
590466329
590812751
592994591
594297407
594778324
595160795
596057005
597595019
597962044
599714659
602467883
605136969
605246382
606550013
606760836
608331225
608537064
610083003
618205621
621126873
622543838
623206948
625918558
627872826
628152238
628187435
628316675
628812208
628885759
629275945
630481413
630802331
634915134
635221162
635302635
636670678
641762697
642188540
642824398
642873252
643581584
646264615
646706504
648297401
650382523
650399268
652543886
652758748
653097865
653503709
653670768
653933357
655987961
657032103
658380039
661214433
661781699
661796579
662168460
664744299
664928650
666258157
666413312
666690998
668596604
670587566
673634206
673821577
674071462
675379294
678420463
679752969
680971694
687068816
688362020
690402598
691235511
691339726
691461002
691693499
692566257
693352576
693672353
695257164
697318987
697663787
698905115
699076965
703509990
706133861
706405449
706740567
707144021
708770540
708945630
709666372
710007428
710259919
710321714
712272150
712501641
712671974
713946171
714033885
714662649
716684507
716952046
717100818
717454793
720604412
723831943
724322462
725152917
727142543
728632021
729846374
730033411
730668330
732631200
735802146
737243706
737360067
739081215
740009020
740279326
741554908
741684506
742319845
744858675
745971376
746131104
747207280
747337232
747784137
748007752
748939585
750087762
750370890
751840396
753361319
754584195
755393587
756471025
756678124
756708094
758570813
759252142
760348691
761416066
761435724
762334624
762907477
765238876
767257040
769425905
769563837
770482920
770680174
770796005
771585436
771805039
773795217
774788187
776005830
777490386
780518307
780751661
780809205
781475261
781976594
781979068
782140083
783416965
785159262
785582562
790614788
791774859
794426928
795058449
795274510
800615184
801214163
802177510
805048466
805936498
806063751
806436058
810034317
810734947
811643520
812264999
814578507
816101680
816636531
816793993
818424530
819044145
819278087
819337409
821109241
821459637
821801832
822870893
823726704
824472748
826512260
826742562
826843768
826897238
827254866
828849277
828909569
829421493
829656546
829962047
829971924
831244858
833070297
835805375
836501576
836816394
837870855
838619691
839960052
840308281
841903469
843043444
844088766
845173192
845872829
846605747
846843178
847841267
848342153
850519525
850807505
851478696
853482735
856748655
857302166
858435655
861085315
862517849
862557013
862636443
862845084
863359562
863370019
863402184
865018804
869950906
872326458
872775624
873667630
874926697
875177544
875270059
875840805
876515890
877452579
879234074
879534266
879847112
880867678
881447526
881530646
883020362
883193128
883199317
885519068
885873305
886105561
886411167
886970680
887535351
888075968
888264739
890988013
893351141
895178353
895210836
899449709
900433261
900587815
901956759
903709358
904039730
904100709
905326935
908157550
909487718
910417052
910663302
913143037
913867930
914135776
914322426
914655715
915606743
916191426
916611393
917453576
918349200
918976944
920281513
922514437
924173991
924647243
924735550
925106801
926062593
926119546
927091922
930476210
930656779
932913039
933688315
934095209
934926388
938688499
939445219
939958261
940824680
940908194
941264426
941640654
942633038
943686958
946228548
949567534
950265934
951203843
951604184
953038067
953416356
956022989
960974309
961428617
961857325
963514336
963656482
963836884
966196465
966470749
966568103
966780850
966930608
967413757
967982634
968083257
968371218
970369258
971547792
971851808
971936794
974421771
974909403
975693110
976843996
976963399
978079263
978668813
979564099
980308894
981816766
982203809
982804484
984552665
984752249
985885352
987108137
987773408
987904220
988785295
989311766
993264855
993483705
994163297
994782897
995918833
996008044
996592888
996962681
997168505
997295440
1000646700
1001530589
1002394693
1002766903
1003650947
1005303888
1007227321
1007667941
1008116321
1009697641
1009929854
1010269992
1010767617
1012589977
1013075769
1013850160
1014721033
1015067429
1015140520
1015285484
1016445305
1016950064
1017935528
1018373878
1019095537
1019663903
1020860497
1021334202
1021952830
1021959231
1022307270
1025170849
1025950028
1026564448
1026664855
1027545497
1027965032
1030502243
1031128764
1032123333
1032267218
1035812677
1036390581
1038629727
1039850853
1041543384
1042025214
1042298478
1045186606
1045391372
1045834869
1047216952
1047409203
1048470706
1049457013
1052659838
1053240200
1054473643
1056765213
1057784400
1061456722
1061536126
1062482136
1063771346
1063805891
1063806580
1063933403
1068450095
1069907482
1072465470
1074308914
1075954061
1076826394
1080448191
1080752502
1081580643
1081913249
1083613280
1084176672
1085707443
1086794235
1088062472
1090701336
1094498478
1095205845
1096493725
1096905019
1097463366
1097738668
1099602853
1101671877
1102800336
1106794783
1106909866
1109516054
1113867527
1113954739
1114151859
1114176624
1116332369
1117826212
1118201128
1118789366
1120069417
1120284826
1120628018
1120880006
1121828161
1122013636
1122731831
1123445358
1124555171
1135191000
1135629335
1136029250
1137840109
1138385638
1139253624
1140818388
1141168727
1142823909
1143251966
1145983910
1146372476
1146800201
1147014444
1147097331
1147501599
1147931483
1149789544
1150906195
1151505602
1154163579
1154210186
1155882256
1155957984
1156127477
1156278267
1156575390
1157572362
1158087554
1158551897
1163190789
1164448944
1166527453
1166621753
1167788929
1170656656
1171122112
1172255403
1172873341
1173608017
1173632644
1175237237
1175479770
1178092499
1178324987
1179587867
1180556382
1180811992
1181373932
1182993781
1183569693
1186617781
1187693785
1187720887
1188867422
1189121412
1189475260
1190751169
1191706066
1191843111
1192221331
1192245211
1192496534
1193971807
1195360257
1196208366
1199912668
1200079711
1200198547
1202200963
1202466361
1203373182
1203952082
1204325271
1205466405
1205489983
1207426785
1208816095
1209716239
1210812257
1211037305
1212497828
1212861168
1212956482
1214807816
1214904071
1217207312
1217499184
1219068444
1220158066
1220471538
1220555161
1222039718
1222119429
1222129173
1222383673
1225760339
1225921796
1226123561
1228593201
1229807311
1230762137
1231720140
1232208970
1232394224
1232718093
1233987202
1235421816
1237166496
1237663621
1237974008
1238005370
1238180585
1238248602
1239190727
1242712699
1243708114
1248760804
1250706084
1252490336
1253321607
1253799363
1254344730
1258077989
1258742849
1263518442
1264329961
1264435402
1265836664
1266780727
1267325024
1268577194
1268858503
1270503295
1270990803
1275613333
1276881397
1277262998
1278941969
1279698890
1279743479
1281315679
1282160929
1283763806
1283970851
1284365673
1284596872
1285992579
1287209238
1288762659
1288799295
1288937440
1289869741
1289869973
1291259563
1292079696
1292216668
1292291385
1295199329
1295614414
1295645067
1296744350
1298183582
1300423436
1300801279
1301589155
1302160208
1302591962
1304142998
1306123750
1307257909
1308508514
1309387118
1309418483
1310618138
1312780934
1313212916
1314527903
1315327043
1315732868
1318197645
1320531837
1321121646
1325007001
1325149347
1327790249
1329073097
1329687423
1332636179
1333227317
1334244941
1334489014
1335535546
1335715640
1336285934
1336770241
1337437222
1338798026
1339591070
1340844205
1341069873
1341077779
1341687679
1341828917
1343217829
1344135349
1347477035
1347809361
1347927486
1348881730
1348985192
1349520820
1349756173
1351046697
1351204671
1353809173
1354543409
1355517196
1360170286
1361567699
1361711629
1362814957
1363174201
1363774399
1364593114
1364902865
1365307634
1365744300
1366173628
1366985092
1367227418
1367932702
1368711648
1368798110
1368996686
1370785047
1371518791
1373324935
1373523161
1373742111
1375085541
1375337237
1375691149
1376510689
1376808045
1379970011
1381417927
1382177944
1382366009
1382401610
1383510357
1383706090
1384199397
1385339092
1385645852
1386162871
1388092159
1390586762
1391000585
1391048778
1392392777
1392830872
1397756051
1397901769
1398861487
1399165517
1401219757
1401851845
1402289910
1403493097
1403557234
1404211594
1405629830
1406836978
1407253794
1407606787
1407646997
1409260565
1412029854
1414808120
1415828396
1417827380
1420188168
1420291146
1421059310
1425071774
1425083552
1426603558
1427819705
1430310667
1430563081
1431839403
1432197641
1437129492
1438301300
1441048832
1441141556
1441459339
1442773245
1446574932
1448379773
1448689108
1450519304
1452070438
1452118463
1453111954
1453881959
1454018468
1454170641
1454793360
1454960063
1455010302
1456540016
1456682798
1457326660
1458110742
1459076946
1459573046
1460244612
1460325980
1460806265
1461741406
1461830114
1465314225
1465735215
1466631053
1466663980
1466821985
1468350438
1468682324
1469341928
1470040952
1471972463
1472314870
1473016818
1473142724
1475259441
1477111347
1479759019
1480038993
1481100241
1481500351
1481798191
1481940601
1482236350
1483613155
1484680153
1485572003
1486498509
1494450610
1496349577
1496405154
1497990873
1499075181
1499944431
1500547996
1501865011
1502045324
1502327850
1502738873
1502955612
1502959926
1503462857
1503712093
1504006791
1504706217
1506517063
1508539597
1509305890
1510150583
1510255339
1511333332
1511705663
1512348363
1513250011
1513266104
1513462521
1514096167
1516891097
1518246442
1519163977
1519811224
1520010742
1520480246
1520876511
1521860866
1527857285
1530162266
1531344877
1531815004
1532798591
1537495179
1538067051
1540499743
1541759346
1543162658
1543801213
1543807354
1543832107
1543935747
1544456088
1544820268
1545008106
1545938147
1546768207
1547888212
1550009644
1550011160
1550058952
1550186771
1550493834
1551350769
1551378401
1552554417
1554529738
1554646545
1556056567
1557566129
1559186658
1560194570
1562653252
1563514229
1564668521
1566524413
1569808760
1571359340
1571515893
1575386064
1575614809
1577014696
1578100643
1578184883
1578649992
1579144881
1579859299
1581077676
1581505129
1581922735
1583295340
1584116156
1584248762
1586425637
1587482220
1587687094
1587718204
1589396524
1595828785
1599605137
1599926848
1600090708
1600232525
1600760805
1602042362
1604361417
1608036616
1610293742
1610680425
1613656972
1613937911
1614621553
1614917185
1615025048
1616101079
1618002300
1618848258
1622441977
1623919054
1624348607
1625102409
1625893943
1626053190
1626958959
1627070400
1627643295
1631507778
1632224933
1635344499
1635655368
1636153158
1637937333
1638828322
1639938923
1639964897
1640074069
1640376020
1641483607
1642579105
1642781312
1643223227
1644383822
1647633380
1647722274
1648167476
1648353263
1648719863
1648855260
1648994992
1650995939
1651537954
1651620488
1652195517
1652682763
1652749987
1653356388
1653416987
1654034570
1654700312
1655746720
1656224333
1658937171
1661790897
1665670080
1667774235
1668138966
1669489612
1669904583
1670985796
1671440912
1671707148
1673179469
1674532540
1675699664
1675961029
1676488358
1676838704
1677482255
1680019950
1680167303
1681884412
1682999958
1683028485
1687229870
1688090733
1688469284
1688677682
1690543003
1690666545
1691195040
1691236526
1691319768
1693205025
1693566086
1694776644
1695125566
1695503613
1696092187
1697236748
1698233511
1698767778
1699518635
1703255981
1703876084
1706026407
1707083704
1708593349
1709042812
1710269193
1713023420
1714466451
1718240694
1718433939
1719595563
1726199389
1726460308
1726461665
1727191008
1727314441
1731867948
1734735210
1735475813
1736713404
1737601262
1737843351
1738339103
1738600685
1739280387
1739900071
1740132288
1741480472
1742146748
1746107323
1747595487
1747601611
1749877376
1750307638
1750402013
1750843133
1752014083
1752258680
1754128832
1754384266
1754825296
1756605534
1757137887
1758746772
1759230964
1760555792
1760847428
1764764762
1765804318
1766404696
1767110323
1768383449
1769362342
1769703918
1769941870
1771478607
1771519497
1772268438
1772674883
1773813638
1773824909
1775346022
1775949786
1777752743
1780985591
1781808730
1782407701
1782441480
1783983960
1790076566
1791410703
1793248429
1793968109
1794719565
1796016740
1796449548
1796654733
1797254692
1798582233
1800235726
1800335671
1800975192
1801673209
1802265609
1803578869
1805140800
1806964914
1807580320
1808830149
1809702051
1810814163
1811223364
1811309777
1811514629
1814299812
1817575573
1817858378
1819467425
1820617418
1821625773
1823628454
1824278693
1825646874
1826650306
1828308131
1829305825
1830002879
1831223789
1831469630
1832348963
1834716584
1835062456
1836725499
1838993803
1840053487
1840334357
1842160175
1845355999
1845900665
1847497156
1848826669
1849830604
1852833183
1853124030
1855775469
1856186754
1856627872
1860941237
1862208828
1862562316
1862755467
1865274962
1865358609
1865434165
1865743371
1867769190
1869322091
1869426558
1870049518
1872089195
1876131915
1876289456
1876543600
1877222406
1877769761
1880545466
1881905200
1882043425
1882060427
1882198846
1885462033
1886463475
1888594667
1889345928
1889439356
1890416022
1890864097
1891934086
1891936347
1892459071
1893390082
1895198330
1897770333
1898350102
1899203589
1902768771
1903175212
1903897302
1905080097
1906638076
1910202362
1910562723
1911735212
1912275798
1912317982
1912515864
1912886225
1915234286
1915495525
1915519715
1915924626
1916351344
1916554860
1917789084
1917887044
1918229074
1919896629
1921240956
1921923697
1923439896
1925519547
1926449598
1928367936
1931068834
1932599426
1934301622
1935225265
1935483446
1935687201
1938671836
1938774459
1939225925
1939324611
1942232460
1943327764
1943804666
1944581426
1945560826
1946825099
1947420017
1948035996
1948210766
1948534024
1949036711
1950585853
1951899225
1952408964
1954349033
1954972549
1955825621
1959611147
1962561075
1963597171
1966252126
1966586886
1966687428
1966841939
1968275379
1968969235
1969286818
1970027358
1971059570
1971853134
1972459084
1972765448
1972848432
1973005976
1975730114
1975870951
1976461665
1978071484
1979003045
1980370546
1980791734
1981373542
1984109400
1986720272
1988857249
1989649038
1990409154
1990531633
1990680119
1991162220
1992253363
1993865018
1994925195
1996038597
1996746668
1999211713
2000310947
2001505482
2002221913
2003478393
2003783298
2006406895
2006758807
2008763127
2010000955
2010827442
2011554747
2012193750
2012228457
2012490568
2014439209
2014797509
2014897269
2015114349
2015694966
2018185923
2021153783
2021807199
2022645464
2024902691
2027742244
2027906550
2030091518
2030865317
2031011057
2031329787
2032189266
2032481379
2033208265
2035445547
2035448598
2036137486
2038059131
2038483191
2038859480
2039185584
2039647671
2041162552
2041915045
2041958810
2042834767
2044349666
2046203554
2048587985
2048766326
2049110890
2050398330
2054138808
2054232285
2054425181
2054759165
2055056182
2056601375
2056639073
2058544836
2060765746
2060928010
2061658986
2061821166
2063690012
2065246903
2065249838
2066353427
2066475814
2069282818
2069667820
2071428871
2072398158
2077847543
2078317567
2079587795
2081544049
2081789307
2082576361
2083268384
2083665085
2084639402
2084898281
2085105341
2086142608
2087638288
2089147292
2090395972
2091014053
2092136953
2093057371
2093305920
2095732117
2096089393
2097934201
2098226141
2098405209
2099599943
2100435810
2102113389
2102331920
2102725814
2102864380
2103114612
2104647106
2105498962
2106189032
2106912776
2113302102
2113834269
2113982920
2114420281
2114546896
2115492286
2115862557
2118510752
2118903711
2118960727
2120073242
2124179292
2124549791
2124555429
2125884875
2127444640
2127714384
2128525365
2128727225
2129143607
2131306547
2131512972
2131651352
2134730064
2135588905
2135968857
2137744446
2138285375
2139108235
2139631636
2140106550
2140804169
2141381539
2142631590
2144703393
2145554173
2145657303
2145950961

609663
805520
1281248
1556461
1625620
1729998
2594122
2821848
3060307
4441679
4462318
4530854
4957217
5256480
5428398
6289832
6349455
7006952
7327780
7767510
7784572
8098168
8287113
8512938
8909085
9095799
9571785
10214013
10610119
13269006
13630856
14717512
15121941
15525097
15596173
15667724
17007435
17161671
17426313
18434378
18696792
19138632
19425620
19675168
20774436
20798825
21155915
21194965
22501394
22692939
22927067
24484362
25274084
25540231
26024082
26502709
26907876
26944064
27150648
27216921
27279019
27543923
27825851
28240982
28445697
29490368
29652088
29676181
29829319
30079490
30434888
30687751
30912358
31079337
31905826
31945067
32087432
32173652
32468225
32520072
33025820
33529974
34269986
34430583
35768392
37003217
37619481
37800328
38800839
38828179
38829846
39502532
39934858
39987729
40260705
40505332
41241939
42014429
42367619
42583081
42592558
42668732
43101766
44169351
44889379
45452153
45522055
45723264
45823942
46018044
46384199
46548787
46567906
46769036
47915035
48401345
49572967
49627128
51618695
52239494
52298487
52615219
52771999
53178727
53257634
53454411
54069824
54851116
55798950
56636289
57064658
57066223
57363821
57766893
57812861
58050658
58052372
58129591
58299560
58384925
59098666
59418619
59762311
60657931
61793434
62402768
63176740
63695954
64458031
64531586
64636296
65369054
66011807
66020371
66508571
66663898
66674336
67462548
67838220
68173250
68263633
68754570
68833678
68880996
69398741
70013495
70335309
72142631
72227870
72270415
72473977
72758323
73233840
73299998
73466348
73657497
73737409
73883698
73889981
74040115
74299430
74545004
74547308
75419431
75709586
77392910
78361947
78914889
79244428
79739757
79892721
80059783
81039576
83026969
83127332
83830683
83849711
83939727
84280049
84379716
84844838
85056877
85118922
85957306
86169302
86834500
87290678
87625291
88634292
88811845
89181664
89205017
89854747
89953661
90310610
91045459
91994883
92105513
92249033
92306801
92713846
92900958
93059763
93528257
93556053
93662138
93699944
93757079
93959653
94809148
95743331
98425946
98502208
98748700
99525307
99933879
100389041
100396927
100801587
101078130
102299719
103124167
103179158
103234073
104379281
104682850
104813700
105650168
106799857
106937926
106961163
107518624
108021963
108144829
108623229
108686464
108849962
109475808
109772914
110075016
110174302
110390367
110785851
111439845
111517718
111616094
111739684
111853314
113772447
113851167
113892141
114168572
114320567
114533839
114872466
115016737
115102162
115408774
115495514
116200026
116290877
116501601
117388203
117393493
118444219
118870702
119458179
119587173
119982136
120456617
121242939
121741006
121933630
122099185
123884456
123982862
124066050
124271945
124441079
125052276
125678819
125901939
126031339
127223642
128311200
128668842
128954552
129619893
129986471
130477026
130756655
131072688
131125347
131609472
131874677
132746553
132750956
133209118
134000506
134291802
135154783
135243094
135280017
135573278
135701940
135736831
136001185
136273129
136811818
138550854
138640681
140585221
140812005
140915611
141550704
141643405
142377935
142688766
143238710
143430072
143439654
144108477
144701538
144869020
145156556
145393161
145750861
145833822
145897483
145973523
146138347
146279446
146296626
146436912
146645556
147601869
148254936
148487607
148731232
148774396
148784390
148920522
149522026
149565557
149898903
149990680
150252103
150438803
151076862
151198737
151243858
151426610
151549057
153121858
153611792
153734417
153974341
155507054
155696892
155704005
156010236
156143873
156300171
156729811
156778606
158095230
159222294
159544250
160556385
160566133
161060415
162482617
163786760
164243781
164457747
164778898
165044669
165487898
165529749
165789737
165924940
166523644
167713670
167836420
168014636
168656412
168728157
168984680
169320446
169395657
170441535
171144735
171938716
172308820
173863640
174387597
174621187
175591370
175723735
176144991
176169146
176233589
177041165
177280792
177462191
177636894
177687892
178000848
178627911
178744118
179216243
179514561
179719359
179896319
180180197
180632534
180902137
180946501
182063503
182073357
182109272
182159102
182171219
182255563
182951573
183844103
184464255
184812922
185197588
185783358
186478912
187846079
187923859
188231508
188258614
188310402
188571640
188750593
189214039
190616176
192758605
193016749
195012952
196129800
196424945
196783264
197449160
197486523
197681373
197762945
197901057
198119882
199254907
200509656
200973728
201878719
202243555
202503840
202710675
203015915
203945205
204320130
204388713
204564523
204565880
204776686
204843635
205225015
205727475
206089834
206568744
208398416
209460560
209832134
210281458
210420987
211311097
211501668
211855904
213000655
213218084
213667489
213838674
213903954
214180012
214447327
214477088
214572635
214848375
215532065
215606572
215674269
216345906
216397009
217043429
218011000
218291560
218754233
218800555
221081652
221389392
222104645
222757770
223096349
223400868
223445126
223807086
225179226
225266661
225562207
225939704
226487443
227209193
227820924
227956010
228634994
228635782
229146357
229204727
229703753
229779911
229900140
230465123
230678813
230704679
231031905
231508103
232611237
233596446
234622307
235455951
235551120
235557585
235847089
236665556
236708443
237077503
237108182
237422429
237508483
238925937
239126375
239151411
239808294
240266407
240662113
241005438
241509913
241739265
242325402
244566517
244704521
245490993
246781871
247991554
248780570
249943388
250888528
251299741
251876612
251997094
252454002
252456489
252523237
253545675
254230247
255057988
255101467
255213035
255260238
255560469
255964145
256492399
257335624
257585846
258306290
258426555
258449150
258526392
258912575
258919666
259219886
260487110
260755217
261387475
262429139
262833121
262867771
263145824
263162556
263456612
263521235
263673576
264093659
264340264
264565397
264846813
264912825
265217367
265653141
266001691
266380489
267182478
268418737
268690623
269509853
269995186
270259259
270453508
270863795
271612357
272407814
272648747
272769300
272781429
272873942
273634102
273718609
273841448
274347550
274443057
275074227
275169595
275210836
276122253
276349575
276419421
276660927
276801902
277300022
277464489
277845898
277908243
278837726
280514642
280837471
280887761
281375809
282909278
284023959
284141945
284316538
284471096
285745384
287291459
287591010
287742697
287797729
288758456
288773953
289095995
289626292
290537652
290650969
290812027
290890323
290969980
291050983
291575963
292301565
292674608
293658473
293681584
295260884
295355484
296025551
296929002
297374339
297888985
298517570
298829833
300538251
300909874
301019666
301933344
302793559
303620441
303644373
304294338
304349292
305049187
305620388
305944154
309802311
311406561
311652774
311882741
312676841
312903457
313014961
313596858
314041897
314262500
314266582
314477553
315257206
315305826
315409390
315645939
316869180
317037227
317383483
317700442
318373530
318831789
318883482
319452608
319648918
319798890
320508584
320795015
320899057
321981198
322420085
322509464
323159823
323307704
324231169
324369864
324458085
324566239
324848458
325135113
326354693
327440888
328088663
329800657
330027663
330791348
330865156
330998155
331085561
331152588
331607302
331659884
333019149
333191162
333419657
334148077
334326932
335542717
335610153
336431947
336628709
337881107
338632148
338916694
339085537
339597208
339911075
340656422
340672050
340734777
341318188
341463274
341708680
342059954
342209078
342704108
342975066
343274512
343519206
343640703
343701930
344380638
344492962
346572395
346577483
346608401
346783871
346993164
347634319
348580719
350738687
350806604
351016459
351487182
351954377
352542237
352544790
352903647
353763308
354250269
354327058
354354174
355300265
355470122
356390896
356492425
356939591
356993234
357559375
357603532
357673191
357973905
358090023
359001374
360020931
361001898
361166663
361338237
361938853
361957753
362507658
363094245
363177543
363200021
363405603
363542925
363579884
363734731
363778821
364380713
365949287
365960237
365995010
366008071
366303383
367936706
368216864
369613152
369624475
370090813
370241994
371042430
371496738
371809321
371918049
372239797
372930238
372955777
374094214
374773656
374863548
375062856
375081516
375826449
376196932
376315493
376558014
376860093
377190579
377301699
378520083
378655988
378819543
378960755
381418622
382117103
382244904
382669637
383121625
383162197
383477469
383718440
384137386
384324685
384494164
385192422
386003117
388387821
388939384
389057763
389590839
389636263
390181661
390687304
391519178
391627522
391744666
392422988
392584380
392929424
393149322
393338491
393909437
394486597
394490768
395150436
395761015
396048104
396118028
396368960
396375288
396604779
396718368
397829434
397868141
398954498
399177595
399506250
399577296
399869292
400058667
400526998
400823377
400999998
401108970
401273573
401457924
401666399
401754856
403467773
403557920
403905282
403906216
403960757
404089640
405310390
405490310
406370179
406640869
407047693
407891270
409282849
409509219
410272802
410996463
411253742
411576613
412738299
412750205
412838478
412905812
413509310
414835635
415056511
415120525
416276515
416297063
417626516
417944417
418054630
418304336
419756654
419980607
420420355
421173435
421240256
421576824
421667537
422045480
422919864
423719498
423870927
423972524
424238224
424333864
424363621
424487714
424490734
424811957
424894350
426042436
426721802
426774092
426848225
427183834
427591539
427638175
428129066
428184805
428898130
429183291
429362399
430452347
430470514
430677518
431018823
431038744
431154108
431711045
431717677
431921514
431937144
431981193
433035531
433279971
434068002
434079534
435149447
435244215
435375679
435827771
436506145
436701344
437116431
437532310
438107298
438296331
438348796
438553167
439634929
439867016
440252255
440734845
441499179
441523567
441761609
442378566
442610554
443238992
443538154
443834107
444051340
444074997
444310732
444783614
444804821
445042632
446236963
446551339
446903590
446934810
447474364
447911401
447982804
448394152
448570546
449417336
449844563
449917978
450037306
450116266
450527712
450585984
451212129
451317136
452269378
452614643
452704466
452756812
453642525
453775508
454085699
454304283
455361206
455365838
455906454
455945266
456079358
456129937
456221825
456962200
458480512
458503682
459108023
460083687
460823992
461188596
462169584
462427320
462544363
463843919
463972174
464082915
464178435
464777510
465825702
465927550
466681492
466978004
467111020
467206161
467711552
468025563
468172848
469013073
469617311
469638205
470129989
470345948
470698873
473000886
474348392
474448711
474823699
474964760
475091004
475170539
476396198
476576568
476608289
477117173
477406974
478044450
478689589
478980180
478982385
479791644
480102466
480527764
481361576
481535159
482703375
483254111
483388427
483741448
484160329
484889516
485042354
486186460
486288421
486507721
486864973
487129614
487290857
488879007
489212297
489246314
489563670
490188578
490247983
490631168
491394341
492225092
492697696
492736704
494045084
494193317
494251780
494413096
494562876
495208046
495833563
496118470
496952722
497355901
497531377
497869932
498285448
499569196
499610703
499616860
499773891
499802597
499955114
500450489
500548676
500664063
501328826
502151007
502371609
503775218
504999837
505485207
505669922
505784178
505822385
505906314
506463901
506779951
507158843
507396836
507728988
508281978
510304682
510308846
510563868
510620557
510639748
510843660
511197089
511433276
511450646
511890738
512056351
512150251
512189641
512307728
512820345
513360859
513380470
513405305
514249703
514909444
515033672
515062907
515308438
515503358
515865713
516829839
517137857
517431237
517764320
517776548
519122089
519398424
520411483
520994230
521462526
521624612
522280060
522638942
523838945
523847003
524128059
524374103
524399842
524478537
524899316
525491578
525689298
526122728
526321513
526758058
527106245
527521634
527606615
528072457
528143684
528155641
529494782
529897589
530492455
530732266
530879379
532777604
533090281
534151508
535251549
535656122
535825714
536005421
536297562
536425923
536946176
536954201
537219811
537745982
537872510
537925133
538104334
538122246
538697677
539274147
539680632
540869312
541008128
541955764
541980824
542612412
542919038
543122781
543127612
543530695
543641830
543759984
545608779
546296944
546337529
546548349
546767280
546873008
548013298
548268510
548682975
549979356
550439114
550612333
550853602
550982269
551040812
551367963
551436159
551692934
554078300
554640863
554649918
555821533
555852432
557559933
558235627
558842830
558846886
558877433
559025087
562622488
562838612
563122924
563412391
563946249
564178816
564258075
564301667
564473716
564799215
564867407
566304351
566921543
566960912
567696820
568167345
568265730
568590000
569300886
569343426
569543045
569608941
570548321
571015905
572550424
572615854
572779079
572825182
572884479
573408248
573572186
573933618
574062406
574072113
574137755
574526736
576412670
576516214
577199607
577227296
577525907
577981110
578794909
578936505
579347553
579640074
579682472
580826580
581787916
582572834
582969423
583797647
585000053
585130515
585201576
585347770
586190029
586966894
587945691
587992836
588161888
588579017
588945878
588989296
589339522
589550145
589612990
589904647
590571195
590707134
591692667
592604170
592766000
593357491
593553014
593891478
593891589
593943152
594217759
594297477
594811381
595153700
595161293
596755773
596788844
597220365
597824324
598799520
598843721
599201265
599791473
599849959
599949647
600534905
600953279
601315553
602874983
603494286
603860749
603950672
604533556
605187606
605227940
605278624
605550535
605830941
605964579
606168312
606593184
607220672
607235536
607766830
608278951
608572027
609087848
609694676
609999993
610587582
610911118
610978887
611699587
612062644
612149092
612222049
612764853
612948281
613507431
613651545
613770183
613840506
614404468
614413331
614631417
615418041
615553057
615742374
616175982
616343128
616459421
617122371
617517232
618007710
619785847
620565875
620988654
620998050
621047838
621064384
621244346
621257012
621526842
621767618
622667635
623098291
623362701
623887560
624171176
624566450
625504634
625658075
626551048
626811635
627390826
627972320
628094284
628432504
629100122
629482394
629731013
629983525
630015541
630139333
630290324
630403062
631086886
631317000
631444761
631685176
632265228
632896781
633116219
633403913
633450403
633800113
634178458
634445808
636232531
636337227
636637176
638531345
639120172
639678832
639891788
640384393
640395341
640413805
640723729
640866117
641076938
641174486
641399699
642297372
642382096
642427097
642741956
643487038
643711494
644225948
644344683
644765318
645104543
646105691
646285940
646805684
646909233
647348205
648147608
648851989
648853064
649170787
649735514
650341735
650373537
650484126
651033464
651147394
651163253
651337950
651603725
652092529
652892191
653195292
653472758
654639967
655048087
655432493
655633697
656249544
656916523
657179653
657216511
657370720
657960174
658052316
658176425
658219750
658449287
659041031
659386896
659666036
659859386
659889979
660519311
660773666
661242523
661248946
661415601
662579811
662711980
662999598
663518044
664581037
664616235
665198055
665348765
665797505
665994323
666704592
666911700
667191819
667265360
667350651
667440156
667750720
668057005
669259271
669554371
669643190
669799122
671016830
671071947
671562638
671601124
672076631
672442787
672828725
673020580
673109583
673395799
673678668
674355111
674373469
674809190
675199659
675521050
676003545
676840939
676887515
677633121
677866407
677934487
678023981
678742249
681056816
681311403
681510232
681619286
681818497
681837588
682122184
682466232
682622812
683369423
683676346
684231967
684351313
685272948
685704093
685930362
686004049
686420279
686827681
687341725
689032756
689764202
690128277
690587196
690619514
691132968
691147192
691280849
691749098
691986769
691992735
692912514
693225883
693652463
693989235
694769483
695419955
696115090
696905766
697233132
697522668
698938422
698954218
698965334
699086844
699633136
699833268
700096804
700265265
700352017
700549329
701099799
701285503
701681395
702686765
703419061
703428455
703791355
704370682
704615840
706054862
706551717
706816481
707227227
707844528
708265858
709392123
709445557
710031450
710453161
710572138
711177852
711543021
712909563
713791001
713883449
713996649
714761783
714792298
714923662
715376094
715543760
715651759
715959594
715999714
717596911
717684584
718363138
719160960
719161937
719939106
720007158
720113000
720495471
720515625
720701068
720824044
721065368
721233193
721310082
721636619
722229096
722438030
722887027
724018358
726294694
726325490
726512682
726647630
728095338
728235343
728375285
728640466
728841296
729444579
729559630
729832105
730357787
732585082
732601640
732954350
733419604
734478557
734604077
734626923
735042242
735188178
735366871
736341229
736525160
736662276
736675028
737035068
738026672
738662662
738665223
738888917
739377038
739900983
740518782
740684316
741067855
741438495
741691282
741779203
742293110
742328794
743045695
743418027
743935974
744157490
744832218
745164380
745393758
746145602
746568042
746887469
747912342
748786073
749128502
749234196
749741438
750205127
750216508
751329704
751392041
751430581
751588560
751929830
753254916
753998794
754797778
755025738
755403870
756411356
756747723
756758291
757494546
758512163
759441412
759471785
759562561
759610071
759987512
760121231
761341955
762173728
762496478
763446187
763555452
764520286
764764080
765359475
765722516
766113145
766910789
767474677
767734322
768084224
768235329
768342853
768413782
769422644
769869388
770177876
770664181
770818153
771138104
772075566
772152989
772320048
772324043
772674897
772856846
773677741
774080286
774819448
775291604
775913817
776018483
776069004
776440427
776671916
776688683
776905286
777078065
777284310
777312837
777343205
778166426
778693640
778852405
778992542
779407426
779804697
779818334
780106826
780223524
780308464
780722449
781342966
781885647
782022217
782103494
782395772
783144607
783508466
783707855
783965983
784301952
784581964
784742754
784998338
785658078
785674171
785687269
785859568
788151116
788231942
788610563
789572455
789838631
791188367
791760909
793352529
793432555
794275408
794343929
794622992
794760085
794836076
795412990
795461493
796703394
797002837
797268178
797440319
797561258
797989423
798003697
798524346
799000644
799144743
799358790
800999060
801267180
801497227
801853224
801942511
802970825
803238514
803282100
803989818
804208338
804527265
805746454
806322995
806974040
807112250
808682399
808905439
809053106
810158938
810161350
810188652
810281970
810827256
811959889
813127214
814439815
815937670
816214046
816214175
816494447
816916847
817451515
818294454
818975641
819113467
819135384
819734251
819977895
820099675
820219823
820531356
820731925
820761111
821002681
821077952
821170932
821274566
821458073
821514855
821660120
822268355
822969247
823137070
823148880
824602932
824643028
824884361
825362250
825843669
826266599
826738102
826906141
827184437
827386846
827894921
827903573
829125733
829717011
829809867
830679792
830740520
831302040
831357838
832424754
833108154
833343591
833434730
833593756
833658300
834766290
834837314
835431645
835789738
835955665
836093888
836394784
836709502
837026497
837483389
837834862
838531481
838898511
839070104
839495405
839647777
840636186
841005701
841171319
841701665
842426263
842920691
843480636
844604214
844933467
845143602
845467382
845675150
845980721
847481479
847764738
849028610
849315887
850433166
850994949
851013654
851032036
851452903
851573429
851840766
852160554
852530298
852802296
852846604
853679558
854217490
854966842
855028146
855183711
855631051
855743252
856450898
856922420
857566719
859485260
859802362
860602030
860651696
860957640
861203620
862180661
862437993
862967263
862971513
863040998
863266172
863623283
863757456
864259468
864435791
865191279
865600993
865904021
866592101
866787989
867402728
867759647
868070464
868807093
868880069
868956766
870013081
870457273
870684227
871263317
871677556
871948661
871983540
872697177
873926265
874084606
874387701
874455550
874765544
874940352
875117901
876068089
876641280
877338057
879624299
879660925
880227398
880291828
881261797
882251624
882387810
882660585
882982929
883258259
883388334
883947797
884117159
884306881
884443738
884968062
885352771
887331385
887762641
888084449
888246089
888288058
888924221
889222314
889400310
889426492
889464166
890076416
890116531
890532459
890700891
891242620
891741817
892263146
892583863
892652949
893120260
893129515
893385788
893673898
893913832
894743115
894916027
895417027
895774768
896941334
896973520
897557504
897653769
897786801
898564408
898784612
899219201
899448257
899687340
900057938
900289404
900610855
901450426
901498332
901915234
902423189
903369577
903426857
903440579
903583640
903832600
904894708
905174235
905541850
905557200
906145916
906265214
906771179
906891549
907100331
907722213
907811125
909469047
910424949
910428833
910737250
910833276
911201859
911454786
912057013
912398440
913070899
913815162
914001102
914126680
915162798
915754805
916119554
916606830
916709843
917113973
917211273
917271387
917330326
917737720
917994464
918010468
918220520
919476368
920090266
922498510
922702675
923674365
923931573
924082326
924179844
924319487
924908082
925295237
925645321
925914293
926649504
926843628
927512836
927545360
927775206
927990848
928250949
928487991
928740872
928778754
929294000
929401447
929831739
929991352
930332117
930631690
930939518
931571552
932247145
932517226
932564976
932765413
933639355
933715980
933929868
934106397
934199004
934296503
934454781
934480237
935324006
935642256
935914431
936175610
937041221
937326768
937507309
937713608
937860637
937972601
938061330
938299286
939032538
939843650
940039214
940472567
940493986
940946103
941632452
941985916
942105548
942697740
943346015
944273121
944519670
944636443
945163829
946067619
946982252
947448025
947499756
948277622
948362349
948630606
948957812
949177963
949187256
949371179
949527716
950099862
950178239
950216276
950676187
951308605
951462323
952106117
953313497
953961397
954547562
954749389
954875569
955240914
955675193
955813048
955920292
956633763
956945100
957263781
958308048
958633087
958638264
959183133
959737521
959951835
960068451
960276744
960304381
960502251
960932551
960945992
960983937
961701810
962658139
963726730
963864534
964312957
964406749
964517580
964765992
964845664
965363008
965918466
966472046
967683711
968213718
969177669
969703199
970701458
970975454
971293766
971863770
972284518
972433011
972573163
972794830
972836888
973123593
973893964
974404820
975027607
975201788
975260457
975342636
975372737
975496485
977591224
977674682
978172867
978670198
978848052
979427736
979760134
980364651
980654960
980685923
981585500
981761481
982345901
982748634
982824003
983586092
983959010
984128963
984375040
985065825
985336339
985768538
986031108
986041370
986084283
986674229
987039888
987240482
987794347
988135533
988306143
988330065
988961482
989420942
989576519
990565730
991208258
991884268
992982332
993227375
993425204
994116718
994799913
995812060
996740585
997925347
998146383
998452755
998949652
999023483
999181192
999340176
999652195
1000817685
1000900869
1001707438
1001868109
1002265611
1002750496
1002757502
1002772838
1003412729
1003652379
1003806287
1005021922
1005088634
1005100866
1005262451
1005447606
1005625173
1005829077
1006033686
1006519567
1007124324
1007583682
1008503589
1009340072
1009532513
1009627592
1010166840
1010186141
1010713737
1010851759
1010971407
1011072553
1011125844
1012358419
1012581966
1012639925
1012755748
1012759964
1013059007
1013150091
1014175814
1014368929
1014404015
1014512205
1015080796
1015514809
1015518914
1016347207
1016655914
1017081637
1017242765
1017567786
1017700135
1018703554
1019013382
1021417139
1021714599
1021824766
1022019551
1022243122
1022244655
1022513707
1023034795
1023679881
1023833369
1023987693
1024081301
1024181844
1024900926
1025501548
1027208822
1027801422
1028152233
1028802498
1030400712
1030968790
1031629203
1031740146
1031766441
1032111489
1032841956
1033232712
1033485436
1033724923
1033929108
1034219465
1034437448
1034561559
1035868827
1036028764
1036598736
1036628018
1036649135
1037156587
1037527049
1037906444
1038547756
1038683777
1038724965
1039215534
1040483719
1040573845
1040772012
1042399415
1042791649
1042796372
1043462651
1043884502
1043890042
1044142437
1044285863
1044315384
1045786685
1046244214
1047260762
1047373845
1048512765
1048778455
1049132247
1049250583
1049330482
1049771135
1049861209
1049886052
1049909013
1050543424
1050713111
1052151968
1053970641
1054063906
1054171384
1054273983
1054340032
1054352925
1054407772
1055081088
1055158726
1055256991
1055284117
1055460882
1055906505
1057064606
1058002030
1058314462
1058492258
1059028233
1059194791
1059464039
1059488739
1059601599
1059758728
1059801296
1059980389
1060241389
1061727784
1061883857
1062323849
1062347463
1062521103
1062801254
1064027099
1064455522
1066808993
1066999552
1067168578
1067788207
1068842981
1069055256
1069826898
1070204989
1071338050
1071965187
1072296016
1072852348
1073095673
1073452772
1074658423
1075571548
1076571544
1076822719
1077144255
1078661356
1079015010
1079086092
1079225179
1080435971
1081823563
1083300088
1083429787
1084172654
1084466451
1084516219
1084783992
1086120622
1086750033
1088764499
1089181403
1089723075
1090221449
1091042672
1091252106
1092124252
1092291625
1092370963
1093042001
1093687344
1094043673
1094647723
1094960021
1095312419
1095911076
1095976934
1096134673
1096425890
1096453139
1096721273
1097550180
1099010097
1099639682
1099872226
1100321994
1101627326
1101664573
1101895929
1102371766
1102575884
1102812528
1102860880
1103065802
1103345355
1103658412
1104003766
1104048141
1104270612
1104314086
1104357837
1104382194
1104484289
1106289831
1107094624
1107380081
1107970112
1108161510
1110028239
1110084262
1111433916
1111735072
1112802992
1112805377
1112896835
1112996457
1112999685
1113292441
1114013769
1114029787
1114356203
1114457753
1114670287
1114829548
1115194185
1115594003
1115905908
1116375259
1116733872
1116783947
1117089419
1117586431
1118056357
1118955888
1119285746
1119663004
1120120529
1120146883
1120183421
1120350290
1121516307
1121958505
1122112042
1123234629
1123428987
1124304335
1124342443
1124392939
1124911401
1125313955
1126559108
1126859181
1126908042
1127250401
1127393982
1128292833
1128471943
1128724521
1128945468
1129225457
1129747316
1130068841
1130127072
1130535467
1130590184
1131492347
1132701343
1133734495
1133834548
1134036702
1134466408
1134553746
1135720659
1135975672
1137063884
1137131822
1137709007
1137776778
1137804458
1138012348
1140692878
1141027960
1141819600
1142613598
1144992566
1145620595
1146490597
1146556435
1146627095
1146694747
1146854622
1147549527
1147923295
1148716126
1149836273
1150403570
1151011982
1151289753
1151494035
1152135426
1152488246
1152568170
1152863995
1153041368
1153818086
1153818705
1153826758
1154228173
1154533470
1154581533
1155544647
1156080904
1156379987
1156712624
1157219820
1158668986
1158693852
1158788975
1159838802
1159982839
1160112457
1160273461
1160707245
1161175073
1161879866
1161945236
1162581798
1163175651
1163800162
1163982413
1164057884
1164117728
1164921583
1165323945
1165961052
1166456251
1166668859
1166951005
1167686052
1168166178
1168459431
1168832668
1169455870
1169741302
1169837667
1170001193
1170107349
1170260542
1171501400
1172095623
1172218176
1172378621
1172634732
1173061979
1173091035
1173240734
1173373119
1173637266
1173653678
1175016289
1175179023
1175236765
1177608264
1177770383
1177842588
1178394733
1178468027
1179028899
1179373002
1179968370
1180488846
1180682429
1181212492
1181259031
1181503959
1181794369
1182086933
1183333143
1183480627
1183740527
1183792587
1184464188
1185801309
1186084897
1186381584
1187244944
1187645059
1187719296
1188318827
1188826959
1189357681
1190307286
1190514418
1191287666
1191917790
1192163008
1192449509
1192672749
1194518900
1195303131
1195514361
1196532987
1197487678
1197619459
1199598289
1200020367
1200343617
1200949030
1201203924
1201283867
1201587875
1202039122
1202073617
1202258586
1202704127
1203592985
1203969674
1204104389
1204322363
1204911371
1205701804
1205787145
1205864087
1206150836
1206224938
1206542427
1206908710
1207666431
1207829665
1209078791
1209128065
1209626021
1210001865
1210436400
1211667516
1212871797
1213372173
1213497474
1213781006
1213821457
1214219629
1214398049
1215264163
1215470204
1215525572
1216155701
1216936011
1218778778
1218916963
1219087257
1219500817
1220792992
1220848493
1221269390
1221449110
1221729756
1222461277
1222893837
1223730255
1223756273
1223843327
1224840072
1225309546
1225711779
1225848567
1226461580
1226526962
1227586446
1228378451
1228594351
1228998678
1229486045
1231434709
1231441249
1231702063
1231893473
1232078448
1232377233
1232661650
1233432017
1233505554
1235179909
1235282977
1235610276
1235936069
1236398171
1236694762
1237215721
1238142981
1238485870
1238498899
1238858350
1239562921
1240009859
1240223097
1242802462
1243091174
1243384097
1243607822
1243642802
1243947486
1244473295
1244527896
1244585026
1245557118
1245568605
1246452487
1246785965
1247271710
1248290709
1248764395
1248880984
1249123257
1249733873
1249810202
1250153122
1250869803
1252142927
1253593322
1253634935
1253975786
1254198620
1254774112
1255231401
1255485376
1255902440
1256698374
1256839111
1257576701
1259478089
1259542370
1260711934
1260775405
1260822927
1261023129
1261149427
1261422210
1261432748
1262294011
1262817735
1263322429
1263595038
1263840604
1264605347
1265022718
1265106826
1266009060
1266045591
1266065472
1266459777
1266513351
1266692774
1267023998
1267037511
1268332763
1269106062
1269407771
1269563495
1269579288
1269776158
1270428800
1271190221
1271509140
1272093657
1273231349
1273647342
1273941328
1274119410
1274444854
1274469746
1275120194
1275530373
1276173782
1276955161
1277930295
1278008733
1278583226
1279262197
1281721376
1281828505
1282129989
1282714065
1283064300
1283774716
1283895826
1284231493
1284365107
1284474731
1285171619
1285179001
1285532898
1286045187
1287250843
1288307137
1288534559
1288997855
1289159589
1289365443
1290294136
1290655935
1290815708
1290987984
1291573504
1291695911
1292182567
1292571918
1292856125
1293546961
1293592007
1293757446
1293934065
1293954104
1294715892
1294900401
1294948986
1295087872
1295528127
1295620254
1297566704
1299116328
1299496098
1299520176
1299942552
1300059907
1300249052
1300699258
1300904664
1301447556
1301467231
1301965055
1302569055
1303028071
1303060170
1303753473
1303869635
1304101936
1304249519
1304693791
1304886678
1305280309
1305305452
1305513556
1306094243
1306654230
1306798029
1306973284
1307485932
1307685640
1307751603
1307784449
1308000444
1308128997
1308487166
1308556868
1309130318
1309698288
1310144889
1311612998
1311637357
1312015229
1312117981
1312402825
1312776891
1313612346
1313612844
1314744964
1314756849
1315323007
1315613017
1315685383
1315896760
1315965647
1316359217
1316920751
1317176711
1317557701
1318653660
1319320683
1320422309
1320492694
1320604350
1320878089
1321786630
1322169737
1323833200
1323973415
1324190195
1324485042
1324752783
1325129224
1325164959
1325188354
1325494225
1326500088
1327643737
1328179683
1328292038
1328661875
1329503856
1329786575
1330288997
1331062207
1331142495
1332193473
1332278255
1332300498
1332517703
1334303399
1334432334
1334677215
1334687268
1334747838
1335487470
1336309999
1336827419
1337502878
1337679746
1338595045
1338746218
1338806070
1339265748
1339295557
1339318619
1341705468
1342261027
1342821403
1342982255
1343028264
1343049423
1343067800
1343231413
1343479341
1343593424
1345369636
1345459845
1346484211
1346809313
1346913208
1347446223
1347627647
1348351266
1348533399
1349667781
1350054518
1351213500
1351540305
1353195429
1353244418
1354217896
1354514797
1355028112
1355330813
1355710615
1356058549
1356476471
1356543042
1358323571
1358878397
1358954049
1358966746
1359613611
1360393348
1361078791
1361091216
1361483218
1362057130
1362339673
1362770389
1363173550
1363847568
1364274394
1364459633
1364593033
1364900363
1365502470
1365587241
1365726088
1366079477
1367917156
1368571083
1369496124
1369545017
1370479521
1370550194
1370576816
1370671345
1370725010
1370808162
1371175120
1371623558
1372186212
1372375619
1373328557
1373704362
1374937694
1374948790
1375402436
1375524114
1376183311
1376714947
1377051824
1377117763
1377154636
1378031444
1379019944
1379729600
1379790072
1380318969
1380936003
1380997177
1381758020
1382241727
1382304111
1382422485
1383169155
1383236574
1383830339
1385058508
1386009755
1386033601
1388214033
1388705107
1388826576
1389504033
1389870884
1390021895
1390968849
1391721683
1392023687
1393154260
1393441420
1393628582
1393755098
1394822896
1394902354
1395132901
1395536699
1395628107
1396490349
1397067799
1398131514
1399272732
1400084108
1400389670
1400453119
1400618294
1401088715
1401554523
1401716056
1401742793
1402780782
1403088185
1403371816
1403664127
1405346427
1405518110
1405647805
1406338714
1407189658
1407812820
1408494597
1408762839
1408913165
1408970370
1409259743
1409469752
1410284388
1410353718
1410599283
1410909553
1410946867
1410983254
1411230272
1411278775
1411479463
1412959108
1413324496
1414129863
1415353981
1415800102
1415860910
1416426963
1416439571
1417302266
1417863135
1418903402
1419117031
1419914958
1420754809
1421029405
1421562685
1421678597
1421706418
1421896244
1422266814
1423248024
1423913666
1423979827
1424009449
1424046092
1424699960
1425043921
1425876583
1426082699
1426160306
1426907500
1426938315
1428190110
1428248962
1429058354
1429514438
1429789140
1430052682
1431133103
1431304314
1431542176
1431685641
1431860815
1432614067
1432954298
1433467891
1433736355
1434396780
1434821284
1434898824
1435185184
1435427653
1436497363
1436689308
1436711904
1437066678
1437515471
1437733421
1438074022
1438156032
1438439303
1438642070
1439571931
1440095000
1440286672
1440399504
1441670080
1441945896
1442188727
1442483906
1442646085
1442736595
1443033372
1443035417
1443392557
1443497188
1443505688
1444221026
1444409692
1444559399
1444832050
1444936655
1445042579
1445717720
1445804129
1445901002
1446644091
1447565833
1448473920
1448571785
1448872333
1449590058
1449629815
1449834740
1450483407
1450911623
1451176304
1451844762
1452115698
1452380964
1452768442
1452984291
1453141880
1453259590
1453368928
1453459475
1453990328
1453992005
1454528395
1454722746
1455126819
1455316732
1455373315
1456177621
1456319057
1457565652
1457958066
1458577468
1459080517
1459239509
1459301451
1459305162
1459365965
1459582784
1460530210
1461126308
1461644992
1462375965
1462496997
1463949192
1464133258
1464730493
1465182660
1465428881
1465507176
1465653316
1466329267
1466981037
1467012979
1467306856
1467341282
1467492146
1467663228
1468267001
1468625308
1469862599
1470378273
1471243322
1471610291
1471744943
1471831164
1471966796
1472020486
1472194051
1472378804
1472424042
1473006038
1474306484
1474390251
1474673850
1475023245
1475065162
1475709902
1475861140
1476272853
1476309952
1476987232
1477157738
1478170919
1478395707
1479415628
1479611250
1479678289
1479719644
1480780946
1481228120
1481469618
1481485635
1481681676
1482151391
1482367005
1482763679
1483266140
1483602204
1483711146
1484023198
1484187222
1484194982
1484690022
1485890415
1486459064
1486764567
1486996957
1487013350
1487387204
1487606423
1488235739
1488396490
1488591482
1489281011
1490024397
1490248514
1490888408
1491670272
1492284518
1492514962
1492878029
1493258104
1493939695
1494149573
1494413428
1494987662
1494994812
1495049689
1495121716
1495621463
1496005743
1496124262
1496263850
1496605727
1496972423
1497022409
1498506183
1498761385
1501156269
1501522329
1501947663
1502308654
1502787446
1502813545
1502860433
1502981048
1502982709
1503363247
1503422441
1503449869
1503842003
1504363606
1505151162
1505201815
1505721601
1507960332
1508116583
1508384951
1509413376
1509670649
1509906374
1509959998
1510082558
1510791879
1510835772
1510843701
1511124315
1511253682
1511772101
1512846248
1513300047
1514149911
1514169153
1514306720
1514590949
1514595966
1515031935
1515160556
1515602136
1516923983
1517608671
1517677218
1517789479
1518964524
1518975479
1519150687
1519315700
1519328295
1519338767
1519430932
1519900129
1520562793
1520596075
1520860125
1522154033
1523617417
1523934588
1525406971
1525455479
1527015195
1527388884
1527548501
1527807137
1529023750
1529057633
1529945414
1530647747
1531643055
1533165804
1533197940
1533346439
1533866085
1534479593
1535234210
1535389151
1535629292
1535751578
1535794013
1535963310
1537731967
1537994137
1538030086
1539113224
1540275134
1541424060
1542092880
1542262104
1542287588
1542643797
1542659753
1542702079
1542929816
1543268364
1543485673
1544262308
1544542212
1544680384
1544791008
1545882786
1546620443
1547162833
1547590999
1547737882
1548437560
1548784081
1548887429
1549498454
1549757312
1550297828
1550386779
1550810892
1551145542
1551164555
1551417139
1551627216
1551991576
1552801317
1553126609
1553277827
1553308282
1553539875
1553614592
1554680199
1554733826
1554797006
1555402088
1556051066
1556751545
1556848539
1557640786
1558407070
1558619952
1559246341
1560526535
1560777755
1562327722
1562672969
1563427948
1563597595
1564544267
1565217295
1565322815
1565479633
1565538540
1567773749
1567793782
1568389957
1568777177
1569552452
1570597639
1572601633
1572705261
1573018014
1573389508
1573774064
1573917136
1575431158
1575568842
1576809513
1576817877
1577623356
1578340110
1578390573
1578918671
1579267260
1580814339
1581153599
1582017485
1582887267
1583291111
1583318018
1583427241
1583435388
1583642286
1584766445
1585505151
1585652425
1586134224
1586659541
1587048012
1587103048
1587480758
1587535335
1587700731
1587815870
1588328614
1588722836
1588788416
1588940743
1589865291
1590287174
1591228582
1591731154
1592802472
1593022705
1593090187
1593187526
1593562041
1593624671
1593909678
1593947295
1594067090
1594389534
1595403770
1595455695
1595587508
1595637192
1595728682
1596140882
1596326402
1596327346
1596489194
1596551640
1596637479
1597226517
1597678078
1597850922
1597966347
1598054059
1598203118
1599347235
1600070547
1600506023
1601416106
1602020144
1602374156
1602411799
1602833225
1602837502
1602863012
1603140425
1603271585
1603319798
1604276757
1606411952
1607064661
1607306895
1607761447
1607980881
1608220800
1608232371
1608329004
1609323377
1610289386
1610998194
1611787886
1612067839
1612146076
1612179773
1612549087
1612985019
1613547193
1614147214
1614320516
1614459570
1615145358
1615311955
1616236545
1616237639
1616386393
1616549869
1616974924
1617101190
1617791517
1617919124
1618942659
1619178546
1619823059
1620725145
1620946059
1621129725
1621699408
1622039078
1622220361
1623412491
1623588479
1623674963
1623771522
1623874768
1624333694
1624623111
1624665078
1625186196
1625679562
1625860524
1625951242
1627085305
1627219649
1627955681
1628214748
1628871298
1628891468
1629854759
1630296466
1630784694
1630969879
1631598380
1631748710
1632248883
1632511917
1633977007
1634402202
1634555482
1634905905
1635337123
1636174638
1636296200
1636854955
1637884071
1638330785
1638660146
1638806722
1638827802
1639154445
1639442831
1639454447
1640266042
1640817726
1641082642
1641114537
1641896985
1642371256
1642448905
1642669165
1643061769
1643290683
1643736465
1643760345
1643791445
1644060242
1644175674
1644614706
1644784883
1644967745
1645008581
1645427174
1645438203
1645589040
1646292239
1647341500
1647432383
1647922505
1648184226
1649161376
1649236773
1649696502
1650908491
1651071273
1651287713
1651358538
1652145372
1653166028
1653357802
1653529267
1653781338
1654998024
1656223002
1656665571
1656671453
1657105153
1657214657
1657506512
1658049005
1659117160
1660091144
1661091046
1661184273
1662586370
1663056266
1663534439
1663760588
1664221734
1664389725
1664827050
1665101614
1665126358
1665514177
1665563405
1666677928
1666766170
1666814946
1667566562
1668403018
1668737283
1668865665
1668945492
1669713502
1669985776
1670054691
1670071293
1670218122
1670457667
1670692127
1670765794
1671274873
1672223935
1672413642
1672546242
1673369543
1673500961
1673667944
1673795142
1674476013
1675709725
1676274899
1676572005
1676578890
1677014487
1677816103
1678002905
1678529493
1678704252
1678882080
1678956619
1679046622
1679143246
1679237773
1680049658
1680534737
1682095887
1682183355
1682460788
1682509811
1682970577
1684383997
1684805590
1685398209
1685400760
1685551622
1686689809
1686970595
1687073737
1687339121
1687455770
1687866809
1687924621
1688206816
1688865555
1689514383
1689938502
1690009540
1690444037
1690656160
1690732671
1691616828
1691967642
1692741889
1693474250
1693669681
1694269507
1694325627
1694667721
1694733343
1694749175
1695055086
1695415570
1696481238
1696655898
1697045842
1697374784
1697948640
1699192465
1699521750
1699537397
1700001859
1700325036
1700958275
1701250816
1702227763
1703522402
1703899320
1704371778
1704852154
1704912802
1705282245
1705875955
1706012765
1706058580
1706500924
1707188649
1707895764
1708210186
1709003180
1709232212
1710456475
1711098145
1711567533
1711585203
1711813436
1711929473
1712080249
1712555952
1713503901
1713546058
1713903224
1714208789
1714607451
1714647089
1714938229
1715138788
1715694476
1715709713
1715724021
1715937822
1716710804
1716819929
1717381080
1717522334
1717936237
1718161701
1719403119
1720144508
1720446241
1721085911
1721452028
1722132855
1723155797
1723277659
1723334004
1723376166
1723379192
1723561997
1723612669
1724153522
1724173767
1724347771
1724560687
1724696500
1725082965
1725146534
1725945530
1726384701
1726471492
1726550177
1726723991
1726967488
1726998521
1727251329
1727611488
1728661350
1729279645
1729309205
1729368659
1730420933
1730528886
1730979620
1731182919
1731607636
1732176925
1732510342
1732544610
1732586849
1732856054
1732955402
1733569244
1733571485
1733769976
1734009480
1734245645
1734489332
1734842200
1734848405
1734874613
1736195563
1736504868
1737239318
1737484112
1737493071
1737784036
1741133256
1741453123
1741858413
1742497602
1742887577
1743525710
1743611189
1743832429
1744779281
1745754281
1745901049
1746224777
1746460205
1747662211
1747664810
1747857486
1748009877
1749260562
1749585502
1749888906
1749970496
1750064946
1750266367
1750488235
1750630326
1750808062
1752071399
1752801593
1753138252
1753259049
1754345772
1754346347
1754662211
1754886823
1754906766
1755209531
1755581065
1755844201
1756007798
1756585065
1757999306
1758216669
1759177948
1759706498
1760196787
1760216885
1760889875
1761110368
1761150437
1761174387
1761763260
1761866063
1761871987
1761964105
1762114585
1762452818
1763496790
1763660828
1764211035
1764239969
1764322292
1764648271
1764888266
1765178744
1766322964
1767287834
1767929041
1768949598
1769041944
1769047175
1769239488
1769956461
1770091235
1770315318
1770380644
1770635052
1770877199
1770905263
1771199757
1771543476
1771554981
1772209161
1772719910
1772825779
1772912771
1773133322
1773399817
1773406820
1773810872
1773844889
1774473944
1774604145
1774696108
1774999170
1775945680
1776083441
1776313588
1776758076
1776951230
1777158034
1778284899
1778675486
1779063573
1780064951
1780457655
1781269028
1781279620
1781333595
1781607508
1782072488
1782129268
1782632049
1783330533
1783868931
1784007198
1784290811
1784316800
1784647931
1785174155
1785232731
1786351141
1786354735
1786754434
1786979022
1787424448
1787445547
1787465189
1787672408
1787724845
1787869335
1787952355
1788299331
1788587903
1788831177
1789529468
1789573934
1789673469
1789951377
1789987613
1790066472
1790639837
1792488035
1792778216
1793891952
1794352184
1795102359
1797207896
1797356754
1798668818
1798793390
1799133461
1799859344
1799955997
1800478849
1801454374
1801555098
1801725326
1802258978
1802436831
1803874377
1804683734
1805157230
1805205764
1805667618
1806375709
1806715016
1807086548
1808804525
1808941564
1808945302
1810998719
1811283659
1811827894
1812025416
1812388375
1812890536
1813059022
1813183891
1813390622
1813957995
1814423126
1815017028
1815847682
1816915959
1817059041
1817102770
1817283288
1817975615
1817988554
1818379443
1818498431
1819208412
1819236069
1819460305
1820039880
1820149279
1820155554
1820510366
1821368201
1822241660
1822819503
1823152473
1823162649
1823291991
1823334805
1823626204
1824513942
1824871778
1824940258
1825157073
1825816046
1825855190
1827185628
1828250363
1829131151
1829873025
1830824262
1831061363
1832638154
1833664734
1833671706
1833816197
1833857899
1834286455
1834524363
1834781677
1835682471
1835868037
1835987533
1836351354
1836546220
1837242672
1837503200
1837523513
1838221618
1838279348
1838629809
1839121382
1839266580
1840271810
1840493557
1840881154
1841695083
1842502569
1842554783
1842653215
1842961371
1843595880
1844182895
1844555913
1844588756
1844655641
1846565495
1846902032
1847049427
1847098924
1847487049
1847582002
1848319743
1848516001
1848789709
1849405005
1849447649
1849498241
1849759711
1849778819
1850172875
1850580389
1851061126
1851395283
1851492364
1851998001
1852598300
1852689312
1853252676
1853686610
1854363920
1854435472
1854579311
1855606984
1855858713
1855859436
1856015468
1856058260
1856370688
1856401470
1856641736
1856679082
1857749587
1858439031
1858572251
1860632503
1861654266
1861690939
1862611882
1862985137
1863096204
1863383020
1863646024
1863802404
1864398192
1864979420
1865038624
1865701721
1865965640
1866023551
1866081000
1866514416
1867730146
1867942032
1868050501
1868201587
1868621651
1868708358
1868840155
1869770032
1870170148
1871142335
1871411545
1871925810
1872298732
1872440174
1872613590
1872674767
1872738486
1873607062
1873611726
1874157322
1874176942
1874214912
1874409863
1874727629
1875772898
1876451675
1876638686
1877317778
1877940288
1878387314
1878646394
1878784050
1879183879
1880491955
1880985374
1881119804
1881224633
1881891345
1882015279
1882110631
1882303594
1882870077
1883038111
1883729308
1884451969
1885132718
1886261789
1886346458
1886447229
1887135851
1887195372
1887672933
1888539007
1888660927
1888913455
1888975000
1889082950
1889954572
1890873862
1891307605
1892311786
1894899941
1895040829
1895204612
1897082674
1897659412
1897688679
1898108875
1899164250
1899688875
1899742101
1899817722
1899938034
1900128464
1900469607
1900692780
1901081611
1902370258
1902557089
1903238751
1903778219
1904395930
1904902681
1905416664
1906634661
1906926519
1907374505
1908733998
1909000937
1910066071
1910462093
1910692678
1911078735
1911264663
1911355395
1912443402
1912477680
1913129212
1913170424
1913216352
1913537777
1913690168
1914471939
1915313397
1915578417
1915677899
1915882657
1916891821
1917068890
1917340135
1917607970
1918682424
1919294849
1920383662
1920851616
1920912111
1921153412
1922143846
1922313679
1922507400
1922866844
1923408263
1923603467
1923688264
1924393214
1924581593
1924912970
1924933459
1925305840
1925676681
1926404237
1926424663
1926691881
1927734149
1928433943
1928453019
1928461139
1929124416
1929440438
1930177021
1931505602
1931676760
1932367590
1932727737
1933460867
1933538619
1933721050
1933787299
1933950288
1933958240
1934052261
1934539291
1934557230
1934840492
1935028183
1935235605
1935578878
1935731352
1936128163
1936228661
1936689423
1937437390
1937554641
1937621951
1937727507
1937929149
1938188805
1938382177
1938810218
1938989004
1939080075
1940091668
1942292126
1942583143
1943040717
1943049897
1943119338
1943120114
1943749291
1945588643
1946094139
1946798128
1946803879
1946976374
1947952593
1949600477
1949817285
1950061261
1951481417
1951827562
1952099739
1952930775
1952940797
1953129307
1953601273
1954285267
1955024426
1955158873
1955370557
1955665435
1955848869
1955919815
1955934779
1956330279
1956532590
1956718354
1958796794
1958911727
1959200617
1959531850
1961073257
1962282359
1962549941
1963254374
1963515820
1963702024
1964201666
1965093769
1965275394
1965580607
1966173311
1966217352
1966807532
1966934171
1967199119
1967275351
1969328924
1969554719
1969616120
1970252720
1970615453
1970808614
1970867567
1971135920
1971212325
1972155487
1972174540
1973181107
1973271452
1975398300
1975437368
1975437644
1975536027
1975548903
1975602820
1975874161
1977390366
1977748211
1977834447
1977880533
1978661949
1978691612
1978878199
1978879926
1979557383
1979626222
1981286916
1981306456
1982454466
1982797807
1983290685
1983734628
1983888155
1983949719
1985138694
1985685440
1986282784
1987111947
1987154589
1987371376
1988466969
1988764239
1989761448
1989876362
1990109158
1990630630
1990766325
1990821134
1991315445
1993809896
1993893075
1994445547
1994917841
1994942452
1995749945
1997652795
1997811419
1997845729
1998858879
1999318156
1999690809
2000441979
2000521501
2000589003
2000956682
2001871942
2002384197
2002786723
2003534979
2004406666
2005149326
2005150800
2005811750
2006096090
2006318070
2006665073
2007099781
2007393175
2007942104
2008201074
2008347347
2008852923
2009080718
2009393390
2011426831
2011718176
2012097196
2012647806
2012670284
2012849888
2012915109
2013334581
2013802638
2014810727
2015177294
2015223407
2015708188
2015708378
2015850345
2016424793
2016614051
2016912641
2017629567
2017711738
2018121369
2018480722
2019663009
2020050750
2020093874
2020125064
2020250378
2020265181
2020522027
2021324273
2022024122
2022103736
2022891443
2023016318
2024332611
2024865475
2025193982
2025213428
2025685848
2025719257
2026083737
2026239898
2026268949
2026289344
2026460199
2026687993
2027908902
2028475094
2030145480
2031298250
2032399734
2032476344
2032526594
2033485211
2033548223
2033812856
2033955902
2034186339
2035234115
2035761782
2036456594
2036583385
2037491395
2037926487
2038110927
2038216841
2039488769
2039776722
2039878496
2039964107
2039987137
2040161684
2040319096
2040399145
2040443509
2040885596
2041065691
2041158105
2041257917
2041448378
2042455868
2043242845
2043255556
2044001940
2044450748
2044507372
2044534160
2044863121
2045975498
2046833726
2047526733
2048250061
2048855447
2048970315
2048994337
2049245762
2049621150
2049953699
2050208073
2050690313
2052510808
2053430195
2053594400
2054113179
2054477300
2056000558
2056146704
2056234707
2057193441
2057291906
2057585251
2057612893
2057811578
2058863439
2058905805
2060337965
2062277710
2062303280
2062703798
2062892539
2063397505
2063457767
2063658051
2064080231
2064549722
2065765017
2065895700
2065990537
2067216406
2068363583
2068668684
2068896946
2069189167
2069456723
2069715641
2070168211
2070478141
2071100991
2071233711
2071450589
2071686764
2072857708
2073372082
2073853527
2074842262
2074885982
2075479190
2075896217
2076136157
2076736561
2076762739
2076854861
2076910279
2077285392
2077386091
2077451021
2078131382
2078405642
2078591145
2079437418
2079544938
2079785142
2079844724
2079884962
2080124889
2081073299
2081107145
2081701149
2082317829
2082856708
2083838745
2083941070
2084869750
2084918625
2085056098
2085649089
2085962611
2086101014
2086595571
2087372066
2088903004
2089471968
2089731939
2089930507
2089969374
2090197771
2091322256
2091798661
2092134691
2092191951
2093110945
2093297458
2093788144
2093841747
2094764012
2094925952
2095137739
2095586114
2095699719
2096330241
2096403787
2096534400
2096684980
2096695229
2098642979
2098951620
2099683841
2100105058
2100954862
2101438540
2101728912
2101928576
2102040838
2102770432
2103094123
2103594826
2104332445
2104867924
2105365764
2105819082
2106148109
2106798664
2107011334
2107028100
2107287939
2107380539
2108390754
2109205866
2109467787
2110570496
2110830060
2111489067
2111583679
2111937459
2112065053
2112159984
2113130137
2113634102
2113939726
2114517650
2114800715
2115455566
2115550585
2115608009
2116391206
2117134442
2117256388
2117587906
2118202553
2118684952
2118869442
2118964760
2119162267
2119497124
2120290829
2120589214
2120739171
2121064702
2121122366
2121569097
2121768860
2122131611
2122240491
2122382164
2122965208
2123665529
2123980025
2124288764
2124797061
2124876631
2125249210
2125511602
2125515483
2125802218
2126139422
2127012157
2127111596
2127448871
2128237608
2129614184
2129780247
2130028292
2130095746
2131417733
2133467608
2133544208
2133585836
2133987112
2133995519
2134441869
2134823084
2134852762
2135114498
2137384497
2138547451
2138752994
2139399909
2141093954
2141719913
2142102861
2143177016
2143804560
2143961588
2144115653
2144240570
2146808761

8103
279491
394683
413539
482303
539754
665051
776930
918109
922099
1087267
1270663
1336050
1345946
1500624
1564263
1567495
1601636
1625912
2462543
2524635
3283749
3834646
3876592
4197775
4659206
5310534
5664944
5671560
5752787
5851618
6036335
6061594
6144047
6677806
6884444
7520732
7697803
7823920
7958149
7958317
8001137
8057172
8155663
8209881
8318906
8381657
8809097
8814977
9126976
9668544
10234144
10371235
10612972
10754461
10858971
10865179
11385911
11410890
11479707
11533999
11714922
11831521
11916897
12341687
12438345
13218320
13246648
13349031
13855061
13859437
13861914
13880704
13976093
13976835
14051179
14261928
14265400
14650148
14758763
14855189
15062134
15110493
15177035
15258628
15711014
15863849
16267365
16451437
16715063
16964849
17441790
17534509
17544199
17780821
18143571
18343478
19067163
19451481
19640199
19891561
19910793
20258968
20319538
20342340
20423913
20903659
21487252
21545058
22270665
23016347
23061041
23731771
23840055
23888155
24385912
24401073
24834918
24899125
25098489
25572648
26373981
26832731
26879075
27083943
27107846
27514053
27665417
27755691
27982867
28102024
28106248
28680457
28826546
29333214
29613634
29739064
29745354
29751096
30089802
31033979
31069450
31304787
31917696
31941824
32031733
32833621
33231667
33473347
33493618
33567982
33603301
33743166
34009390
34415423
34917086
35265261
35306263
35502140
36088762
36395144
36530407
36537518
36811486
36973325
37166985
37218080
37508513
37515241
37708552
37742608
38133413
38283969
38312769
38430630
38431457
38952447
39038807
39325845
39662429
39749605
39887705
40036430
40656522
41014609
41107600
41220548
41366709
41424240
41849833
42147116
42274022
42504448
42658245
42779778
43341811
43692703
43738582
44098220
44389517
44834190
44865415
45114900
45408566
45562756
45664936
45759215
46436348
46739722
46799437
47178473
47418227
47433381
47665961
48394768
48695977
48730470
49101355
50326994
50434032
50508930
50667821
50736544
50778535
50916925
51053218
51145983
51318017
51863683
51968521
51968817
51987841
52148673
52182371
53574257
54126042
54493296
54537458
54878548
54887681
55170110
55370685
55410272
55418930
55462379
55469764
55510062
55893883
56110933
56615206
56891336
56972986
57224119
57440082
57661624
57820716
58007201
58270539
58764149
58783702
59105055
59389048
59409548
59512125
59650421
59719648
60148036
60575293
60603912
60682658
60717597
61418972
61537570
62439208
62727756
63541803
63698754
64253347
64332556
64848295
65273048
65309517
65565749
65594793
65687497
65696230
66017131
66038338
66232874
66388124
66671462
66860604
67229087
67450271
67721733
68191090
68390821
68586505
69346825
69503890
69535865
69921549
70187854
70468874
70485862
70553249
70831852
71269032
71403544
71964816
72847419
72851192
73130590
73271766
73348251
73794789
73808865
73931499
73936965
74473187
74763265
74772608
74834458
74889883
74953458
75224152
75479945
75492651
75507274
75732668
75776747
76232907
76539373
76777546
76900712
76982890
77179425
77538092
77629403
77703437
77783146
77866803
78167678
78286776
78671225
79619310
79721485
79747608
79772548
80879709
81076704
81156384
81432413
81864060
82031246
82864052
82941573
83187198
83489553
84030678
84554396
84669658
84795026
84908411
85178168
85282452
85514639
85696359
85743096
85971327
85986767
86066976
86195612
86393864
86561864
86641647
87134820
87508242
87511626
87697576
87867735
88279477
88821998
88917005
89037193
89151130
89425780
89552933
89593134
89594987
89766506
90085807
90250385
90409732
90601964
90664950
90698886
90809050
90859407
91500815
91558995
92190314
92296416
92839373
93059953
93354198
93438751
94069296
94103688
94185299
94333775
94990093
95050041
95266327
95329418
95381605
95598956
96059530
96187114
96243607
96608512
96724382
97767980
98083044
98300300
98441143
99251739
99313082
100045350
100085254
100103383
100370918
100403334
100405941
100889213
100921607
101047327
101086374
101241418
101579040
101628579
101635215
101658885
101732460
102347760
102599596
102951874
102979049
103337102
103487348
103789676
103955719
104005509
104121667
104375117
104564115
104575354
104669210
105699470
105749639
106015911
106053904
106717427
106736120
106786148
107344019
107417281
107612990
107794940
107881817
108226710
108254923
108279545
108441179
108670902
108703725
109033968
109276557
109365898
109763108
110406196
110553614
110572906
110775731
111251422
111711964
111737447
112028474
112356563
112898684
113158538
113450824
113480603
113835782
113936454
113936869
113947331
114122028
114938717
115382589
115540394
115632264
116164622
116249204
116273534
116402956
116403818
116524162
116574815
117007515
117405725
117908785
118070716
118240886
118408728
118549725
118551211
118631158
118818109
119013316
119075372
119288703
119712634
119730847
119811377
120970916
121065651
121228605
121336651
121668014
121806594
121892797
121984158
121996973
122294756
122686246
122687335
122759154
123021221
123145777
123323695
123407179
123555380
123737265
123790443
123935508
124018884
124151295
124168290
124236007
124332132
124367359
124527926
124597092
124602967
124874924
125233415
125336087
125420043
125765224
126138198
126239980
127395462
128185128
128329820
128701780
128789191
129186087
129228756
129454136
129598305
129905222
130106192
130130693
130294597
130636568
130747283
131077703
131549604
131619901
131631194
132043336
132187541
132318895
132327517
132468301
132751511
132819023
133013981
133312363
133583723
133772604
133950986
134035263
134298678
134988461
135201894
135489594
135654718
135840114
136000713
136043830
136187121
136280541
136342922
137110473
137202796
137526717
137802299
138029163
138166902
138291094
138489431
138848175
138874709
139196316
139633984
139954162
139996914
140212931
140409846
140544384
140623020
140726195
140924489
141305368
141377553
141596427
141610333
141674109
142786722
143196622
143597358
144200110
144215215
144797727
144850077
145255302
145472876
146121368
146126409
146134927
146425851
146561973
146609170
146690801
146743274
147256777
148088304
148194110
148204729
148285075
148286329
148301055
148353710
148447094
148506429
148553993
148736893
148768770
149026886
149468671
149542200
149626961
149909463
149969120
149995543
150108621
150159998
150350509
150420421
150438705
150538345
150703365
151213056
151416893
151774826
152074448
152093801
152289803
152381354
152427942
152543682
152568149
152780689
152805500
153197548
153590430
153652360
154574853
154580355
155019662
155200676
156023202
156112360
156144859
156410417
157014382
157232416
157352754
157649392
157814278
157875072
158920245
159082813
159719553
159982143
160134060
160592865
160982097
161009271
161342871
162067737
162398445
162553483
162626413
162893353
162910681
163274418
163565725
163736260
163789011
163830069
164120118
164125770
164569831
164955389
165562554
165766480
165943845
166191823
166759778
166871813
166894147
167105880
167660844
168638981
169333676
169483022
169654878
170308710
170351357
170996193
171065164
171364875
172049733
172394262
172432301
172782197
172960628
173198689
173205456
173373925
173519849
173630672
173835749
173904433
174021696
174190273
174416729
174463118
174580887
174711704
174979399
175201163
175367673
175418964
175444013
175566461
175623825
175715678
175773229
176056377
176238224
176550369
176719054
176937669
177937199
178087149
178129312
178208752
178496319
178524120
178557282
178646304
178680308
178727664
178879049
178885138
179024769
179128621
179136510
179250239
179561163
179720631
180049022
180489897
180580398
180743152
181016895
181047090
181303225
181683088
181700773
181707666
181885534
182115095
182213233
182364028
182614166
182953256
183087041
183468708
183522805
183713072
183782873
183935736
184008028
184054384
184355546
184396909
184526668
185199906
185241881
185637574
185661147
185706440
185708154
185883442
186041871
186068896
186191090
187237309
187273428
188124700
189090055
189219581
189344970
190281098
190287516
190460664
190517160
190578501
190607501
190668850
190986240
191275547
191453321
192248463
192257380
192294417
192337763
192364215
192441023
192466342
192479160
192527699
192737491
193187384
193701763
194008869
194312415
194451720
194611818
194810206
194848604
194885764
194901542
195359018
195857927
195890099
195910088
196205143
196482261
196511621
197727023
198457714
198472741
198482231
199414572
199440786
199481997
200038754
200297116
200460432
201624052
201990231
202292325
202325448
203032473
203167521
203174291
203309385
203568435
203757278
204197018
204255246
204423027
204865636
205272276
205417130
205606898
205619421
205849493
205860234
205921581
206293164
206566448
206661604
206699700
206985692
207456389
207570040
207603840
207764274
208093968
208502964
208536339
208661441
208777999
208795261
208821270
209292475
209336766
209683275
209847011
209882590
209896334
209988763
209989312
210568776
211050357
211074706
211159824
211324034
211395146
211453440
211639854
211722352
211803148
211898738
211982128
212254396
212336509
212437416
212769983
212785528
213180432
213928032
215324573
215354866
215453430
215616697
215847276
216054172
216138294
216335029
216347459
216396483
216850501
216855704
216941490
217384120
217492598
217987248
218099238
218425032
218566924
219107757
219306070
219454840
219543433
219875327
220066014
220284035
220510846
220566805
220612725
220810423
220935331
220970698
221110628
221224214
221828407
222276893
222522246
222940780
223148099
223230745
223504667
223594866
223693872
223956109
224141178
224862192
224886118
224936053
225357061
225393027
226059600
226385081
226711158
227085327
227142866
227503750
227519697
227590411
227741706
227837129
228109125
228122862
228217644
228422553
229206860
229416087
229530719
229790488
229842855
230379499
230437296
230879145
230962280
231761367
231969469
232463042
232644031
232721784
233529336
233672429
233713299
233789937
233930085
234221061
234238278
234261712
234476357
234943334
235399782
235862640
236416405
236516716
236621723
236739714
236961594
236964470
237048534
237252427
237425152
237715943
237813292
237856096
237951598
238000530
238060215
238060925
238425257
238553210
238843728
238996428
239116955
239135235
239596001
239764856
239889669
240214382
240467854
241063711
241096389
241536323
241708152
241954400
242015932
242139048
242146140
242266301
243133567
243159967
243178188
243257585
243508543
243552741
243633628
243731602
243746018
244022019
244400056
244585318
244663853
244703136
245115051
245179662
245901179
246030668
246218073
246242946
246436253
246474916
246675621
246739131
246940508
247044274
247078925
247133610
247526154
247841131
247847645
247991506
248093928
248149166
248436027
248531377
248846439
249465244
249796577
249873801
249889323
250254171
250261396
250289144
250526110
250825198
250964299
251310107
252258774
252362721
252500491
253018032
253314478
253422477
253431546
253518469
253520829
253567715
253781930
253813313
254018027
254335567
254511937
254522625
255151681
255404970
255409715
255761148
255825831
255906453
256223126
256747187
256818553
256841629
257019353
257135539
257298895
257962078
258129004
258362717
259234763
259470035
259653814
259795133
259957599
260021586
260201011
260228756
260278568
260413620
260469307
260882454
261007311
261641630
261877093
262025935
262544429
262559502
262876573
262986080
263084944
263128964
263145185
263181938
263294801
263366226
263604870
263755222
264031845
264131718
264234503
264525392
265168016
265410698
265429511
265563363
265627573
265704648
266113913
266119433
266120977
266561387
266899498
267016563
267238383
267433435
267821177
268129702
268204704
268235010
268261360
268530371
268663915
268690721
268866758
269015044
269540389
269714882
269894591
270000659
270049492
270071915
270147815
270554177
270588301
270682233
271142094
271217169
271649310
271683933
271688256
271780555
271804601
271825930
271936197
272036490
272301381
272420750
272605219
272618162
272792216
273471395
273757788
273818910
273898571
274139196
274505287
274931155
274942185
275113204
275145923
275269782
275670503
275752747
275980879
276374776
276378724
276517824
276872454
276925325
277047340
277272058
277352835
277551615
277572373
278320759
279156863
279431089
279454131
280455860
280481417
280835211
280892343
280959993
281361702
281658710
281757476
282080236
282097366
282130508
282198853
282392276
282656524
282738691
283811278
284320349
284607318
284710861
284764852
285580156
285608653
285709655
285755568
285940481
286061562
286269808
286415136
286522212
286903823
286978995
287055774
287086348
287086805
287170234
287770954
287825080
288251928
288395021
288687569
288763503
288905985
289043567
289069359
289117122
289119408
289226640
289419135
289679237
289735490
289765528
289765640
289889270
290264113
291000626
291045095
291061689
291156698
291593214
291608283
292317138
292432196
292580045
292581685
292662392
292670680
292908602
293508510
293560192
293566774
293884262
294120950
294342105
294422747
294944974
295120458
295128133
295284502
295327637
295442301
295458418
295707558
295948166
296242811
296360105
296457497
296594156
296797521
296909403
297072220
297132339
297412655
298127382
298948455
298999579
299090585
299123041
299308823
299326376
299624500
299716661
299826949
300095964
300182929
300507469
300533932
300563737
301045182
301209328
301247752
301477787
301573920
301784363
302220111
302281400
302283660
302302471
302303756
302427169
302436013
302736380
302750919
302765536
302778226
303016085
303112231
303533306
303938699
304247368
304372490
304405616
304426530
304432532
304697094
304789748
304810885
304886886
304935951
305015560
305085400
305295093
305298932
305796263
305992568
306582498
306602035
306708603
306756080
306769419
306927284
307123484
307277163
307295367
307693582
307852876
308323618
308525561
308950411
309037345
309225931
309367669
309786163
310223219
310255247
311129898
311661137
311761682
312359919
312454344
312467368
312621452
312751192
313042324
313418316
313424366
313428908
313520464
314158394
314267583
314618000
314703946
314736784
314780066
314833134
314881194
314902043
314902891
315151419
315204069
315450835
315999144
316166831
316272220
317017355
317904043
318598396
318827901
318961245
319278682
319294427
319443227
319587655
319813707
319942463
320009662
320085086
320240725
320247407
320265926
320320236
320504798
320609222
320897073
320907677
321108865
321336713
321405525
321417275
321912062
322273124
322394328
322726876
322779490
322873756
323064819
323196689
323336302
324407774
324474662
324485828
324503539
324530600
324570354
324623892
325006023
325702764
326039426
326094686
326292822
326621348
326747257
326950469
327330814
327477342
327571982
327827547
327932114
328166839
328446453
328534961
328824043
328834938
329077541
329179537
329190873
329208946
330185721
330254144
330299644
330419060
330603522
330635004
330681018
330687592
330721595
330749437
331469400
331552533
331822683
332339384
332435477
332448288
332775484
332941483
332962381
333375998
333436851
333668999
333946663
334522430
334724040
334729341
334825102
335034558
335125389
335130425
335178150
335737915
336655077
337300378
337361247
337390427
337911260
338327579
338565287
338711014
338967497
339552994
339605169
339691091
339888863
339946942
340002473
340101718
340156887
340768579
341209972
342031614
342238023
342435497
342866887
342888442
342987669
343230043
343298877
343433342
344204956
344305154
344399743
344614691
344945763
345028885
345224942
345299637
345719929
345797130
346027825
346180184
347221055
347608589
347786600
348065765
348168423
348361822
348533572
348653812
348790981
349278007
349485450
349633840
349645963
349664594
349687621
349878054
349912524
349918420
349943052
349954594
349991567
350160918
350243835
350249919
350557436
352150785
352185710
352331244
352552846
352945788
353051531
353099390
353108333
353162010
353255289
353303952
353339289
353728723
353843413
353843973
353883498
354195055
354308400
354388751
354530107
354720698
354776061
354928862
355403660
355500215
355582454
355585224
355640517
356092152
356310192
356392053
356514183
358150682
358347101
358757188
358991668
359840335
359976181
360053533
360973430
361449905
361599679
362142070
362228249
362476686
363171238
363361563
363544614
363566016
363928973
364027755
364355190
364756173
365167628
365206052
365656705
365871797
366106729
366338027
366467454
366661216
366825889
367562117
367734834
367873226
368279880
368429912
368475481
368598410
368651759
368910005
369150757
369444859
369526884
369641413
369892464
370563809
370611110
370920075
372023124
372294941
372572221
373049997
373290395
373322808
373439756
373607846
374308618
374351318
374371704
374973400
375878116
375969779
376114526
376167214
376285647
376637736
377014508
377083408
377129423
377260244
377482799
377546002
377671555
377760071
377810116
378293620
378681183
378740152
378999013
379064584
379144293
379159689
379425069
379568807
379622510
379712501
379744887
379913538
379947722
380145416
380176091
380229315
380449697
380498870
380575730
380760038
380927392
381248656
381466695
381836804
382178638
382340520
383648790
384060923
384074483
384190325
384498452
384507703
384834023
384883006
385407123
385512802
385636164
385849925
386305577
386509747
387311414
387436002
387446802
387520335
387687384
387854661
387938905
388341065
388535109
388547849
389005200
389020445
389161956
389295905
389329244
389930319
390059597
390651350
391587203
391780272
392123657
392217941
392286182
392289420
392290917
392345211
392971067
392977014
393086945
393204873
393445662
393821090
394312736
394666459
395843424
395887155
396005879
396147604
396477890
396747214
396984378
397546802
397712206
397869816
397876158
398272434
398376644
398981980
399091039
399267713
399392781
399492589
399731744
399821014
399914489
400046612
400276103
400354561
400729091
400738854
400804143
401566009
401708027
401743726
401795042
402437943
402480323
402560412
402988975
403083006
403092181
403253827
403277992
403361252
403385273
403435402
404039251
404205653
404734326
404761406
404853289
405510544
405601983
405609183
405766591
405866504
406001665
406459576
406986143
407330697
407333287
407796928
408558844
408698738
408850502
408909394
409103847
409221855
409483824
409707606
409939472
410374568
410900880
411032005
411073104
411196108
411264182
411382981
411861385
412059042
412107969
412280557
412644372
412741498
412934348
413086077
413574596
413759414
413840202
413885536
414068169
414102505
414365508
414591349
414652225
415031804
415095709
415257368
415300583
415331495
415545204
415610906
415659607
415744313
415822417
415882264
416040580
416051307
416099709
416153831
416241890
416345528
416405102
416595959
416922351
416971884
417321148
417382002
417517945
417824653
417934229
417975667
418216714
418534135
419140197
419560475
419602471
419657467
419718751
419887912
420229981
420262892
420364165
420453132
420472208
420991068
421738225
421857129
422157472
422613233
422905116
423045655
423247255
423608647
423726157
423736643
424074499
424276444
424281723
424497286
424772191
424872942
425289161
425920454
425971624
426192930
426263713
426560553
427288157
427760605
427802216
428085449
428365421
428512449
428699510
428814054
428852468
428901450
429275598
429408891
429713827
429975951
430560507
430985206
431723875
432171731
432251681
432315949
432363915
432500052
432537939
432583613
432931077
432995678
433176801
433237374
433250834
433318772
433350642
433485650
433577526
433625482
434059165
434066467
434137989
434183605
434425475
434698908
434821612
434848201
434919525
435024487
435451638
435467139
435649681
436050821
436175796
436627812
436695407
436909962
436938752
437189797
437244118
437474418
437603616
437794538
438164300
438334197
438625621
438682884
439448276
439530718
439729354
439791918
439828480
439928929
440020469
440049415
440093922
440173841
440307419
440529683
440952117
441290211
441527700
442156399
442723831
442794729
443619545
443662370
443808507
444412494
444563323
444703453
444907543
445357637
445476298
445798814
445801161
446133602
446212362
446343667
446521864
446646737
447047217
447360556
447695218
447729742
447918796
447997401
448022358
448041675
448066479
448143524
448300649
448616545
448861144
449261145
449622787
449798683
450038446
450041257
450153216
450659263
450727891
450766529
450832557
450904236
450950344
451263703
451423584
451430478
451860873
451948566
452008656
452014485
452137343
452656416
452786285
452863238
453090854
453116438
453156754
453180407
453513572
453537968
453708403
454131358
454143586
454164164
454461808
454498551
454583450
454682321
454735002
454850712
454897011
454969359
455018248
455271466
455663335
455743476
455840363
456351297
456409919
456442764
456696917
456876145
456885946
457203288
457914966
458152642
458179087
458251671
458290893
458538490
458645729
458943693
459216513
460058998
460305887
460382349
460440606
460493074
460852781
460896061
460931577
461068249
461522245
461670507
461739268
461745588
461929042
462182411
462187439
462688915
463041014
463285844
463385521
463476561
463773081
463842144
463943561
464188864
464393162
464832026
465192811
465313318
465332364
465365161
465598937
465704154
465890242
466169802
466403307
466467910
466911973
466937121
467176062
467205542
467536663
468117561
468369168
468564378
469167543
469879354
470146566
470292156
470320064
470489781
470506221
470674108
470798295
470806864
470984870
471134034
471148795
471322680
471377812
471950612
472505145
473374030
474452311
474609515
474611515
474670919
474693680
474921631
474930209
475050909
475128191
475511060
475512021
475736540
476712403
476782811
476856917
476876650
477363226
478272810
479055544
479307168
479369251
479431586
479441972
479775814
479798629
479822106
480167008
480274273
480280954
480578131
480689706
481292376
481348355
481402128
481514009
481710890
482035208
482408465
482740412
482809623
483282996
483660541
483763316
483870478
484049129
484119346
484186611
484284073
484503496
484827322
485125657
485165146
485541982
485701034
485737123
485947238
486067826
486267258
486349836
486745138
486961013
487011538
487026661
487188941
487570267
488024989
488336999
488712576
488813198
488982754
489133203
489560969
489572885
489602102
489640947
489681600
489690930
490229765
490287279
490337389
490415786
490608509
490637334
490646253
491062015
491466520
491682621
491920332
491940211
491940407
491981471
492537498
492545753
492697247
492767392
492984431
493038815
493099999
493344014
493395956
493696765
493875388
494039666
494263039
494531813
494936336
495223573
495336155
496246039
496323576
496401430
496571948
496809549
496998903
497007577
497233124
497254750
497655802
497708714
497919134
497986567
498025932
498681638
499207944
499555648
499630684
499746221
500120973
501235843
501538414
501638455
501830843
502060188
502247272
502417104
502422112
502729927
503266901
503289264
503351783
503526823
504207028
504325355
504412679
504673077
504730656
504950947
505031042
505058496
505213395
505309389
505416076
505641949
505680350
505947959
505964537
506379184
506571509
506577179
506633090
506698476
506770213
506836913
507129968
507291029
507729948
507747570
507899032
507919506
507937078
507978888
508544488
508630838
508750905
508985732
509359481
509459667
509516913
509563523
509747247
509852838
510056495
510505167
510566206
511116658
511932685
512074151
512298824
512381027
512453167
512494412
512575314
513009746
513199024
513209666
513389550
513744482
514902063
515493127
515860143
515876871
516261758
516425638
516532929
516547869
516561043
516678072
516786018
516883422
517269846
517411888
517546883
517576152
517613347
517616165
517795423
518379407
518874979
519172450
519503848
519511832
519914750
520001041
520277653
520424945
520764477
520822555
520950936
521328595
521477928
521495542
521841852
522016221
522054310
522211838
522496106
522560393
522575648
522691793
522893370
522920552
522982199
523064489
523317856
523745040
523774248
524146961
524273384
524474830
524546913
524948362
525063239
525069199
525159972
525463020
525760626
526053729
526093440
526170787
526182161
526256859
526688017
526777215
527112191
527483348
527495331
527510302
527763228
527768746
527956201
528254185
528653194
528906127
529043852
529171008
529897339
530026710
530245813
531002464
531078887
531420959
531580606
531951694
532041813
532473873
533054327
533495160
533549259
534751074
534925528
535182204
535743780
535936074
536087641
536124001
536926644
537321983
537520878
537632298
537698597
538008418
538317083
538424194
538511999
538830372
539092121
539112865
539350461
539788955
539901038
539911483
539980855
540146558
540296571
540662396
540777402
540910089
541270604
541386366
541551133
541612706
541802189
541802663
541848076
541875311
541929864
542461237
542545980
543474836
543720601
543979285
544420724
544516559
544650170
544760975
544851682
545028649
545115445
545357516
545702888
546089519
546333155
546737328
546894345
547448525
547560823
547632442
547662615
547816575
547817243
548435205
548894681
549343288
549608353
550515262
550533113
550677511
550924479
550961204
552140881
552332982
552494235
552601120
553114892
553245844
553478782
553486581
554044240
554401491
554817355
554917098
554948280
555584760
556385161
556416298
556698585
556794104
557011837
557069322
557101964
557159993
557221171
557955353
557957463
558132171
558521249
558550386
558588696
558985505
559123700
559131029
559209199
559904312
560159762
560175455
560381337
560414400
560786141
560846067
560914273
561117726
561334181
561680702
561838846
562141493
562185070
562203464
562291431
562650694
562668302
562823662
563058471
563260945
563607512
564025122
564075568
564143772
564174639
564499419
564735798
564739018
565175215
565398712
565636617
566831151
566891199
567303166
567327030
568357649
568363855
568418165
568832842
568917926
568955119
569041057
569061024
569249146
569443493
570153923
570230206
570335405
570629259
571128312
571308708
571554389
571606599
571753980
572027091
572183471
572631916
573199253
573231152
573592481
573766229
573793760
573794496
573803781
574047338
574177076
574628696
574783931
574922081
575069187
575084701
575260257
575839430
576055733
576136729
576152562
576354316
576421443
577106588
577199534
577407596
577502949
577513641
577564879
577810962
577977830
578144472
578392963
578441357
579122857
579286266
579341096
579667824
580495440
580498315
581156841
581314994
582167436
582440047
582649018
582667960
582711969
583429368
583588223
585210468
585561384
585767341
585770908
585803104
585817547
586024250
586069619
586094030
586421982
586462163
586607352
586659509
587056206
587114054
587146113
587352322
587462784
587485762
588030842
588078100
588253806
588428771
588547913
588824090
589233162
589424970
589715710
589991559
590046013
590049301
590096684
590228092
590396098
590732974
590968714
591293298
591585153
591936191
592103229
592224047
592514558
592607551
593299476
593323818
593722911
593814500
593896947
594111692
594621411
595189189
595614777
595707450
595860952
596420738
596582428
596693360
597220860
597421691
597715423
597891250
597925637
598015103
598443190
598455332
598507332
598529641
598679926
598772489
598914965
599091980
599600253
599739052
599896065
600058954
600135020
600403557
600808746
601225293
601643844
601785850
601832646
601971603
602169655
602603687
603160091
603665736
603696718
603789771
604397095
604519637
604531559
604543285
604590924
604724186
604774311
604946296
605260129
605260144
605443139
605771885
606453284
606529283
606734683
606827920
606863466
607438975
607481632
607633566
608167006
608272974
608607155
608624129
608729524
608916520
609854913
609858217
610025902
610252853
610294077
610484326
610527596
610823109
610872479
610912699
610918507
611447705
611579787
612149877
612211120
612472532
612753037
612818708
612965181
613289217
613675467
613741073
614035825
614158527
614246440
614542100
614580422
614914845
615145648
615765677
615780197
616354975
616368161
616460884
616778156
616839909
617077481
617347753
618404136
618442281
618571097
618731185
618786639
618986300
619409362
619513864
619792606
620105384
620355975
620549268
620572395
620956808
621003995
621008717
621331275
621766958
621947464
622409999
622426750
622482007
622579860
622609052
623198954
623543323
623563091
623763362
624027741
624230580
624247053
624299453
624373534
624459004
624765787
624824939
625294509
625543220
625763134
625924359
626001479
626067178
626376925
626710194
626720369
626721897
626742408
626889306
626904114
627226042
627736279
627860602
628377222
628863889
628928106
629430209
629675206
629749887
629759116
629779115
629880741
630410272
630835309
630902963
631257977
631444089
631846218
631871237
631933817
632072506
632193937
632194519
632300194
632607238
632858941
632928473
632967165
632985855
633221856
633224927
633547518
633900008
634368464
634528930
634547429
634976226
635045731
635485917
635556227
635647911
635944263
636363168
636415362
636455503
636472450
636896736
637014003
637187545
637366447
637624629
637681839
637956872
638889239
639547564
639589896
639595856
639800486
639916672
640131716
640421740
640912077
641628409
641675954
641785877
641899558
642271470
642422548
642505773
642566212
642670498
643201677
643411599
643891564
644204690
645287949
645369285
645476222
645604509
645741562
646016996
646031472
646194985
646304484
646304734
646363317
646473547
646509102
646577650
647128772
647545945
647710462
647840425
647983510
648405821
648456574
649429341
650277387
650417819
650685578
650916118
650973121
651509767
651583861
652296579
652392984
652599465
652641345
652845515
652885544
653082647
653168377
653215977
653302936
653429571
653494750
653937518
653966459
654340555
654440833
654772276
655007496
655866601
655881555
656021865
656355734
656599352
656628654
656783647
656785387
656837395
656845035
657108692
657167953
657396343
657638017
657894006
658138400
658203007
658240468
658437125
658525988
658542227
658715506
658951685
659035492
660092954
660783494
661229167
661660493
661788633
662044073
662330653
662461803
662685469
662700306
662788273
662961593
662978915
662983190
663088461
663591688
663612002
663638127
663860667
663873408
663903596
663992599
664023748
664026026
664028716
664077901
664174511
664374015
664521975
664732335
665497408
666711722
666878480
666973660
667193395
667652096
667655853
667763726
667811736
668526845
668593144
668974323
669940462
669942506
670443425
670472292
670690597
670748805
670805692
671012739
671081599
671353160
671437612
671482339
671554027
671612916
671943460
672031283
672072172
672694141
673023872
673435668
673457213
673650249
673732387
674005734
674273739
674520746
674940400
675075620
675180386
675291862
675486142
675780604
676147673
676186055
676366878
676537464
677497840
677624754
677726902
678176588
678739975
678948821
679323894
679475975
679768148
679987086
680161748
680190324
680291610
680446825
680464765
680739939
681110804
681125442
681266543
681324549
681326744
681464731
682240324
682254437
682280688
682481255
682657164
682920989
683541464
683561258
684161290
684316052
684331222
684470900
684596571
684768648
684974744
685022264
685284381
685366433
685752282
685762626
685961677
685985449
686001651
686025951
686709555
686874226
686875669
686987183
687137914
687338862
687482152
687754545
688159745
688321439
689101244
689171216
689254196
689280159
689795646
689865796
689872048
690110875
690526920
690535055
690645959
690668345
690967998
691056601
691318645
691845693
691887050
692023658
692146415
692224894
692513461
692560784
692642779
692840676
692964211
693190015
693342984
693500251
694076086
694151802
694526792
694530672
694589595
694623295
694682390
695001310
695012380
695017799
695025730
695428592
695746660
695895409
695916434
695995340
696242011
696242871
696417009
696655277
696914791
696918477
696939245
697497381
697643549
697761660
698442728
698831703
699258300
699424522
699639364
699695252
699748285
699788596
699961449
700031377
700599599
700688002
700803868
700887938
700934745
701160894
701230491
701578917
701704170
701845668
702048438
702207111
702415606
702812163
702878532
702955526
703452965
704133045
704635627
704748765
705086071
705189866
705221293
705328636
705671342
706938377
707071223
707150132
707418508
707471990
707478695
707519812
707963266
708002719
708413027
708927895
709133766
709202186
709497941
709738307
709810750
709843709
710248803
711590689
711857709
712082907
712547323
712548728
712592020
712728407
712737019
713233729
713430879
713499453
713799863
713938638
714285070
714679346
714765913
714907065
715007269
715337415
715367100
715418915
715847955
715904516
715946515
716409107
716844281
717093286
717152765
717183974
717412245
718029999
718088223
718103460
718112894
718197501
718217557
718237245
718256923
718306007
718424749
718455433
718498798
718618436
718952784
718954775
719058938
719128447
719212634
719704666
719732635
719946563
720254913
720296838
720512327
720588763
721433340
721615128
722719697
722794055
723057839
723108781
723365334
723383963
723461137
723792391
724026462
724160462
724208752
724866786
725166328
725335274
725465211
725858485
725991808
726047816
726096841
726222721
726793274
726836909
726841634
727329521
727373058
727516981
727552350
728086516
728451242
728531443
728669378
728870619
728940600
729372334
729672952
729897499
730349285
730565503
730572920
731005400
731037857
731445664
731471835
731519748
732156659
732188260
732383532
732569224
732583032
732825485
732912571
733032201
733276609
733368845
733460437
733542713
733593001
733825544
733912072
734213560
734413167
734638096
734691985
734762650
734973477
735144283
735400900
735514466
735648882
735866513
736258189
736454067
736531037
736576751
736886842
737077321
737950635
738056733
738199366
738444664
738525074
738628628
738632402
738727243
739299335
739668775
739730551
739939291
740498666
740597129
740614182
740663704
741204388
741299507
741323740
741682311
742427446
742670578
742928819
742972875
743273522
743287433
743509728
743554328
743665626
743855246
744131481
744153450
744812376
745180046
745205237
745350656
745647163
745656267
745672532
745834536
746453945
746693761
746913318
746924112
746937104
747015113
747284525
747400131
747400783
747431401
747475397
747589930
747644335
747900486
747920742
748127573
748137147
748179617
748267099
748515624
748584844
748616501
748670690
749237350
749534410
749933156
750066568
750168729
750256558
750340723
750421512
750699112
750939201
751039586
751063101
751173046
751180221
751359646
751382616
751391575
751801863
751865206
752023834
752294158
752726414
752743949
753070548
753309057
753627828
753649019
754160818
754293250
754683644
754993904
755040018
755433048
755441120
755839523
756096021
756195368
756444144
756695532
756887831
756897331
756946860
757220147
757262125
757385956
757463902
757992230
758015707
758099013
758176946
758218886
758266912
758933170
759377990
759426166
759453733
759771801
759879763
760065678
760071665
760181195
760458111
760978606
761754426
761835254
761923893
762057577
762191758
762262830
762953263
763088480
763268093
763277794
763309730
764279020
764288381
764502756
764641252
764708158
764744303
764996126
765043890
765123595
765380590
765545528
765554033
765703152
765786066
766316640
766370739
766629278
766660490
766726348
767199517
767203251
767457559
767829641
768081314
768310344
768480254
768511455
769170558
769223022
769226614
769263466
769278633
769424235
769430514
769463679
769485657
769534000
769587610
770107942
770939074
771075679
771249490
771553768
771572639
771615853
771861029
771965590
772108948
772293450
772447561
772646638
772722093
773315709
773474481
774197217
774310016
774406396
774617260
774714102
775027211
775582776
775604931
775717573
776015084
776076122
776252468
776404702
777205884
777588072
777882985
778497716
778596345
778838633
779087139
779139616
779210850
779384172
779434464
779450436
779639082
779871082
779878792
780073028
780348381
780442963
780690688
780707199
781115835
781146268
781397551
781482483
781581336
782257370
782358647
782458585
782707330
782905634
783141401
783378716
783691868
783980982
784089648
784881603
785047655
785193143
785546627
787118692
787267187
787302501
787370142
787439462
787899292
788276345
788410731
788446488
788552695
788639308
789555929
789716421
789725895
790117561
790272708
790765790
791103712
791149816
791219099
791360496
791478888
791567205
791793966
792054485
792153296
792323665
792366454
792575040
792700532
792855457
793127839
793717609
793773836
793912410
793927403
793950380
793961470
794356160
794649986
794767758
795180238
795181309
795864473
796089194
796135942
796301893
796313322
796640591
797654719
798019624
798106746
799112395
799248700
799318112
799731632
799884675
799888410
800104110
800375683
800421478
800654669
800780993
801325084
801446184
801533301
801599057
801679013
802462070
802557764
802597273
802621238
802631739
802753274
803179618
803290377
803511158
803518355
803524785
804087323
804150067
804406614
804550262
804738294
805664018
806113143
806153147
806181765
806219717
806413610
806531186
806544727
806630843
806788510
806987304
807314227
808391172
808419728
808521350
808838420
808934439
809094069
809213200
809448112
809539763
809609067
810064126
810621355
810684509
811019029
811285647
811498938
811836278
812039811
812064783
812294789
812503765
812612286
812613973
812940998
813535378
813857038
814196345
814503414
814766487
814929960
815091611
815484853
815575181
815837635
816126713
816716677
816727186
817328557
817371065
817588980
817720111
817803541
817935188
818470504
818552384
819289840
819579541
819588001
819730571
820005542
820095960
820262838
820477528
820478883
820520841
820717441
820847959
821040997
821084576
821171741
821184108
821301328
821525082
821660649
821739783
821786124
821809332
821847857
821887024
821957716
822027888
822035224
822152200
822642693
822671816
823612266
823820407
823850238
824011789
824391727
824600805
824651331
825074077
825462841
825476487
825484857
825591076
826038478
826309332
826885137
826903600
826972081
827035901
827073459
827346915
827528901
827722070
827846852
827884435
827970173
828657853
828865751
829177817
829824437
830318538
830377841
830465631
830654067
830684580
831364499
831505595
832336791
832628452
832870035
832948322
833039365
833260787
833557666
833582553
833909508
833952087
834101532
834104524
834111675
834121386
834467201
834728036
835062416
835152891
835153310
836362441
837629308
837975081
838141063
838263089
838917373
838993788
839140958
839233242
839259236
839406903
839432703
839838239
839947295
840009788
840205550
840206660
840305310
840394864
840439745
840474567
840574307
840582161
840830136
840918263
840940538
841041279
841159938
841382983
841476544
841734975
841801090
841819649
842164221
842816212
842889111
843650506
843840158
843942914
844336964
844354369
844506230
844653803
844963513
845053927
845235870
845254182
845676596
846193833
846215938
846644092
846721308
846751121
847019147
847084066
847367635
847392264
847444466
847708701
847925645
848752626
848964442
849058097
849275972
849474725
849487084
850027592
850686022
850937418
851718728
852197527
852423475
852596435
852796541
853474728
853846446
854035285
854202840
854712296
855064576
855295623
855325086
855420949
855532573
855630556
855695278
855711612
855781421
855991640
856044996
856497109
856750747
856898835
857023978
857028206
857581685
857583789
858051936
858135532
858604153
858660839
859120610
859371649
859470556
859637093
860028940
860590756
860909299
860959427
861162011
861228312
861294220
861429608
861492484
861623175
861791902
861909884
861959804
862271381
862399882
862523529
862556567
862791429
862919759
863055197
863071091
863172004
863191363
863747018
864384853
864653967
864719241
864839977
865144908
865381749
865402610
865950150
866407060
867145499
867598856
867610564
868199299
868538174
868699181
868768591
868820905
868919146
869684201
870030358
870820503
871833680
871961098
871980348
872163574
872312491
872410231
872970606
873005805
873072989
873185022
873383063
873668291
873746515
873917205
874263363
874267264
874276964
874397989
874414397
874554182
874678257
874689973
875059834
875108165
875169637
875757930
875770171
876720632
876815946
877388112
877709222
877786710
877915652
878753204
878766146
878871118
879378104
879869092
880369514
880506827
880511142
880520703
880521229
880557379
880618082
880688341
880715832
880736661
880882131
880897855
880975920
880994467
881305737
881771045
882004213
882074927
882161202
882223201
882337315
882354890
882370744
882767573
882808443
882940316
883074559
883184965
883331003
883793891
883829886
883856884
883912565
883928795
884521736
884602437
885034118
885406827
885867385
886152025
886446071
886513633
886824526
886869738
887028270
887122883
887202516
887324766
887593158
887843011
888042559
888482383
888549089
888580504
888912204
888944386
889110591
889448082
889476870
889492943
889497973
889816998
889821174
889979638
890461556
890703913
890737821
890781336
891223080
891589620
891749998
891765646
891958032
892161860
892178261
892314470
892327040
892369834
892604403
892695373
892813129
892821077
893188835
893222969
893343348
893345097
893603829
894794113
894810987
895063876
895331348
895517958
896295882
896577081
896749909
896759148
896784587
896887860
897725962
897766026
897798050
898412596
898751385
898789434
898967897
899068633
899120051
899142241
899146138
899207521
899885788
899966171
900237813
900389795
900750258
900777971
900816877
901195219
901206803
901252017
901740801
901813308
901927057
902008412
902095780
902305944
902377364
902800585
902923521
903205187
903208622
903322487
903499910
903657055
903715643
903862220
904133428
904194326
904391899
904482149
904484141
905231236
905316465
905317687
905738702
905834390
906648589
906790916
906946509
907006223
907453942
907580504
908251213
908382777
908832594
909514627
909579115
909707342
909749414
910142800
910264598
910310978
910571509
910645531
910756191
910808400
911614976
911753317
912207833
912423855
913134510
913199465
913762380
914014472
914057315
914555275
915077638
915169180
915425442
915737907
915739257
916178544
916267365
916378895
916459210
916670876
916907498
916971257
916993993
917036760
917156740
917555640
917994344
918122597
918143330
918334653
918512960
918626267
918774303
918774733
918895905
919037899
919136975
919254898
919299957
919367500
919714168
919824669
920102680
920217709
920222458
920396684
920466581
920480510
920542147
920675370
920789066
920793080
920797428
921315896
921560467
921686585
921714749
921969395
922150414
922514704
922765572
922931241
923106018
923187342
923415692
923509811
923516719
923915031
924408583
924464133
924922372
925070207
925160968
925328393
925746695
926198747
926237551
926662339
926735035
927517544
927604961
928171183
928369174
928578893
928772787
928992179
929024051
929108299
929487380
929585526
929634399
930008229
930092136
930579815
930704792
931180200
931190658
931196056
931273859
931326884
931390614
931593693
931662892
932625293
932927835
933108578
933291759
933462323
933559140
933617961
933671561
933776351
933976962
934038648
934290530
934383919
934661914
934671980
934737275
934980225
935260117
935663806
935670080
936355016
936526410
936725253
937728110
937828649
937830943
937834832
937882211
937943199
938659297
938752492
938813508
939332198
939453022
939699423
939844136
939867745
939906209
939922584
940016098
940178745
940227152
940357691
940373550
940423124
941101914
941192820
941286470
941382149
941385939
941567578
941596625
941936609
942133146
942856168
943061761
943215192
943589280
943652231
943941939
943953491
944298258
944394145
944420387
945186384
945207733
945212081
945301708
945478949
945935890
946420706
946422651
946874433
948760963
948818092
949111757
949159919
949228522
949251834
949328731
949526655
949558932
949564608
949709236
949898320
949934936
950066866
950079710
950184865
950371907
950492739
951015639
951078125
951087958
951213101
951277246
951574539
952181111
952556277
952586443
952670438
952862742
952912374
953255259
953434480
953501050
953517004
953682848
954006978
954152052
954311205
954762748
955410975
955580720
955592001
955927313
955934991
956156515
956351432
957334013
957712292
957862480
958137842
958145485
958663455
958977133
959287667
959397285
959476355
959952859
960042261
960059209
960322943
960396730
960443103
960674029
960837651
961074336
961168267
961610818
962177500
962230307
962314844
962573592
962730554
963870777
963921621
964025950
964049602
964442622
964677791
964745567
964932659
964991735
965054271
965259259
965273167
965428592
965507720
967554283
967684163
967793296
968204605
968316311
968808349
968904616
969048090
969049864
969171908
969173436
969488599
969499709
969787071
969867349
969976059
970004377
970184936
970335217
970441431
970528446
970578215
970618886
970675107
970903775
971008632
971207991
971538043
971731048
971942149
972029072
972195728
972270581
972894790
973293776
973573779
973646250
973875984
974068810
974177530
974410221
974444116
974734763
975099545
975392687
975426206
975450511
975515416
975811649
976074975
976398550
976730803
977209719
977249741
977432826
977583715
977855398
978307688
978503259
978549115
978557712
978613971
978756880
979519561
980047893
980155880
980222910
980266684
980314913
980608760
980938600
981088466
981172140
981187477
981209598
981393906
981496681
981736590
982250385
982313902
982556586
982870713
982948912
982954023
983070735
983348746
983443109
983454270
983603259
983936717
984000510
984177276
984226626
984307704
984441949
984491259
984510375
984664501
984765390
984956849
985128362
985668294
985742465
985925685
986612908
986888284
987164301
987223467
987403995
987504305
987511612
987578621
987683171
987704589
988235742
988607277
988770013
989347983
989405926
989645790
989859587
990269856
990556047
990645299
991882571
992018425
992147044
993634510
993706596
993880269
994158974
994993666
995266442
995942230
995953718
996103871
996409838
996646703
996730031
996977042
997402640
997502888
997820478
997863950
997918190
997934135
998148550
998334174
998337091
998603265
998819229
998834516
998861464
999270573
999504930
999540303
999571164
1000288331
1000409903
1000591760
1000736451
1001424292
1001693352
1002135278
1002225776
1002240602
1002508375
1002702517
1002833819
1002879162
1002979362
1003109062
1003120079
1003140568
1003742298
1003965041
1004048151
1004110176
1004220676
1004249311
1004340196
1004544582
1004851695
1004853429
1005516538
1005727584
1005896881
1006176683
1006435199
1006509601
1006860349
1006883241
1007305659
1007323783
1007493282
1007627280
1007853647
1007950108
1008249184
1008332795
1008664725
1008829007
1009110886
1009340474
1009351711
1009712446
1010524679
1011118558
1011668117
1012009872
1012018865
1012084111
1012295122
1012561722
1012912582
1013256869
1013741245
1013844471
1014030616
1014349598
1014400384
1014706705
1015145039
1015280371
1015571493
1015619689
1015644854
1015887154
1016749669
1017068799
1017191335
1017567170
1017874717
1017956208
1018066696
1018134478
1018261020
1018545506
1018803129
1018864729
1019312559
1019788227
1019882053
1019960101
1020173448
1020595096
1020620751
1020643189
1020815419
1020896575
1021133448
1021221346
1021483960
1021601889
1021857973
1022228717
1022354235
1022595432
1022691804
1023242836
1023385337
1023401320
1023403862
1023658219
1023710777
1023978002
1024028686
1024336221
1024337421
1024464831
1024812297
1025151221
1025340663
1025419404
1025580208
1025760819
1025932543
1026125276
1026191372
1026447088
1026722792
1026899252
1027130021
1027186179
1027217520
1027256963
1028046178
1028076366
1028105601
1028650122
1028778372
1029026950
1029091056
1029131165
1029148005
1029179373
1029247217
1029630401
1029825570
1029960279
1030728910
1031144653
1031202486
1031230354
1031852935
1031985566
1032220744
1032254380
1032949530
1032968839
1033096520
1033138383
1033245895
1033623509
1034091825
1034106447
1034119280
1034449122
1034642526
1034855491
1034978105
1035132510
1035210108
1035287222
1035840562
1036028549
1036323461
1036506020
1036589949
1036646785
1036938133
1038119680
1038254403
1038820634
1038957389
1039046544
1039270714
1039814191
1039859627
1040023351
1040223026
1040360734
1040792250
1040873652
1041354326
1041467647
1041537061
1041670016
1041928843
1042017514
1042239055
1042343679
1042483859
1042717125
1042881718
1042960008
1043055112
1043124082
1043489695
1043842320
1043914541
1044131069
1045037890
1045085648
1045207079
1045516585
1046032946
1046265118
1046618331
1046749695
1046814594
1046984394
1047240565
1047349229
1047614111
1047790070
1047805223
1047962748
1047991208
1048613020
1048954722
1048975023
1049061629
1049183943
1049257975
1049262254
1049356046
1049528782
1049863430
1050342558
1050506471
1050507804
1050775921
1050904564
1051278588
1051396591
1051435504
1051648856
1051852765
1052070947
1052173958
1052630087
1052720024
1052940848
1052994251
1053062567
1053150898
1053189191
1053421419
1053810328
1054373415
1054583431
1054737809
1054892492
1055225631
1055834573
1055867827
1055928352
1056133914
1056491315
1056916427
1057159578
1057227097
1057668972
1057721984
1058028813
1058392556
1058493769
1058630550
1058710545
1058823093
1058928877
1059406854
1059417957
1059442044
1059615486
1059801751
1060249004
1060254603
1060412465
1060418782
1060437877
1060645169
1060945427
1061268568
1061780104
1061844723
1062266969
1062271676
1062477999
1062640489
1063027844
1063959897
1064032157
1064558275
1064913990
1065291626
1065558819
1065784013
1065816800
1066223172
1066276736
1066542226
1066746143
1066897751
1066992637
1067086876
1067093121
1067095797
1067174975
1067532368
1068051367
1068127725
1068626963
1068670670
1068759256
1069405608
1070136507
1070174932
1070266970
1070313270
1070402932
1070564251
1070749964
1071344007
1071354992
1071471425
1071558078
1071564676
1071640689
1071722528
1071917342
1072056570
1073271673
1073596903
1074226234
1074230530
1074368029
1074433359
1074741759
1074796476
1074919664
1075212114
1075307138
1075367021
1075642343
1075681213
1076043444
1076268255
1076274447
1076278372
1076686887
1077202955
1077210974
1077347783
1077609590
1077928744
1078125206
1078894884
1079410142
1079516823
1079671641
1079673523
1079835743
1080605506
1080940257
1081573987
1082079977
1082124903
1082219454
1082769554
1082913835
1083382648
1083530313
1083559228
1083592084
1083848583
1083936522
1084803020
1084861668
1085141906
1085265954
1085778922
1085830731
1085839687
1086138252
1086388538
1086682516
1087168010
1087197204
1087435773
1087567367
1087703267
1088155372
1088303830
1088368126
1088392567
1088485736
1088641336
1088754431
1088865933
1088942628
1089264041
1089493370
1089792470
1089910336
1090060453
1090487111
1090676277
1090883210
1091005906
1091187913
1091476593
1091539600
1091552610
1091731186
1091741578
1091817822
1091898004
1091935878
1092103454
1092134130
1092142097
1092471222
1092545887
1092813642
1092991211
1093198126
1093296682
1093827293
1093936945
1095023636
1095216942
1095523692
1095831723
1095986718
1096042633
1096209785
1096372765
1096477561
1096540120
1096543190
1096641602
1096880750
1096993545
1097216212
1097276524
1097471246
1097741259
1098095852
1098221955
1098347382
1098861499
1098953021
1099189075
1099716317
1099780559
1100266909
1100300536
1100502467
1100509041
1100837967
1100883973
1101692231
1101733242
1101851912
1102035483
1102169105
1102259746
1102371921
1102471586
1102472770
1102578625
1102665299
1102696532
1102719480
1102921345
1103203713
1103337146
1103468082
1104075572
1104111292
1104735548
1104926905
1104973678
1105030357
1105044357
1105487468
1105530493
1105820813
1105838490
1105936245
1106237550
1106875821
1106897911
1107425271
1107613558
1108064641
1108734105
1108883206
1109126994
1109209273
1109456417
1109629099
1110024338
1110289216
1110966091
1111488668
1111542717
1112001796
1113394164
1113406006
1113684511
1113697986
1113779924
1114231196
1114243104
1114426948
1114437136
1114537815
1114601864
1114632663
1115095180
1115398900
1115403450
1115405729
1116139504
1116195767
1116219552
1116273472
1116406663
1116418599
1117025210
1117291313
1117315599
1117528127
1117609783
1118163963
1118186740
1118220303
1118279485
1118351326
1118501702
1118610428
1119956280
1120437428
1120740148
1120750406
1120907711
1121004738
1121081783
1122306400
1122508240
1122974402
1123075602
1123161760
1123330962
1124122562
1124557637
1124826363
1124888300
1124946315
1125170604
1125184261
1125188203
1125417039
1125482524
1125584367
1125628395
1125662931
1125962659
1126163996
1126236646
1126263025
1126321314
1126522069
1126636154
1126644019
1126718708
1126802754
1126873669
1127063508
1127197984
1127358092
1127423000
1127650107
1127734933
1127896970
1128364908
1128490892
1128983509
1129137016
1129211202
1129993344
1130012082
1130165368
1130172269
1130601090
1131085036
1131194878
1131202916
1131310849
1131314260
1131315505
1131416601
1131509698
1132011607
1132160303
1132186402
1132190616
1132308348
1132398616
1133131393
1133168478
1133210841
1133502532
1133568108
1133888077
1133891046
1134382001
1134634590
1134651683
1134651754
1135306591
1135321322
1135582576
1135662791
1135970163
1136446929
1136546336
1136954576
1137071572
1137171042
1137461225
1137796433
1137923915
1137962307
1138069734
1138102272
1138244591
1138381508
1138552317
1138768720
1138771000
1139227169
1139638364
1139958220
1140343223
1140358502
1140404846
1140487428
1140897394
1141034527
1141763462
1142206919
1142342120
1142711734
1142716914
1142740449
1142990662
1143271649
1143364152
1143607277
1143843392
1143886460
1144811974
1144996365
1145078905
1145295264
1145318365
1145444529
1145492126
1145719985
1145788992
1146225005
1146240837
1146252428
1146477952
1146498501
1146624970
1147185347
1147415927
1147694614
1147882789
1148005706
1148073981
1148123019
1148293828
1148428538
1148585138
1148892488
1149100318
1149142777
1149781257
1150245021
1150457158
1150835774
1150845744
1151391269
1151501562
1151531930
1151538300
1151611231
1151659998
1151814648
1152179811
1152405650
1152440624
1152508544
1152560003
1152887160
1152915609
1153229906
1153747532
1153849600
1154089599
1154433459
1154583715
1154695241
1154748630
1154955567
1156193063
1156431252
1156506335
1156723509
1156804316
1157067492
1157792165
1158349470
1158359957
1158545103
1158603649
1158765343
1158765444
1158882498
1158930493
1159240360
1159301431
1159355931
1159378836
1159518122
1159599886
1159653913
1159832160
1159870826
1160903012
1160997449
1161134256
1161143942
1161450076
1161509350
1161546720
1161892561
1162307730
1162332905
1162359095
1162546715
1162615382
1162958006
1163037554
1163298955
1163374718
1163808539
1163882115
1163889722
1164078509
1164306037
1164413158
1164811171
1165783573
1166365171
1166562781
1166611765
1166882812
1167250642
1167261587
1167300983
1167635923
1168374369
1168486268
1168791592
1169122256
1169565382
1169583956
1169831672
1170139359
1170320239
1170543335
1170753458
1170868823
1170954404
1171266955
1171723983
1171764133
1171889923
1172146148
1172331463
1172446003
1172621512
1172968658
1173074453
1173145815
1173182829
1173841307
1173886206
1174141135
1174145343
1174309348
1175046425
1175057285
1175211435
1175300671
1175553077
1175599550
1175605122
1175630488
1176003086
1176334277
1176367989
1176597160
1176632711
1176880655
1176994594
1177226186
1177575403
1177738380
1177910589
1177995470
1178113244
1178306210
1178567130
1178828820
1178946919
1178992869
1179095257
1179186642
1179300187
1179600804
1179631979
1179876916
1180200083
1180257841
1180338405
1180759884
1181054531
1181215791
1181258785
1181314602
1181753174
1181796517
1182172639
1182212497
1182370498
1182490551
1183463112
1183708617
1183744451
1183821734
1184598110
1185809794
1186178539
1186487514
1186955061
1187217966
1187229517
1187469718
1187706943
1187897356
1188054128
1188209977
1188214637
1188835597
1188880217
1189518029
1189578131
1189696858
1189889883
1189970064
1189976245
1190058950
1190176158
1190582511
1190592487
1190642556
1190732648
1190834321
1191117790
1191431079
1191545224
1191603809
1191737503
1191795391
1191901684
1192435944
1192824960
1192835763
1192869420
1192986065
1193029522
1193048287
1193164973
1193234225
1193265527
1193521665
1194436070
1194452386
1194531221
1194657417
1194739572
1194802492
1194895981
1195012503
1195051672
1195137451
1195580319
1195944295
1196170543
1197470681
1198484014
1198584134
1198611002
1198736058
1199169202
1199188439
1199481820
1199686611
1199750910
1200053515
1200329902
1200577533
1200638596
1200879124
1201029487
1201113260
1201186126
1201349950
1201426739
1201465867
1202637535
1202983597
1203278388
1203609281
1203690867
1203709259
1203748751
1203962689
1203991108
1204035762
1204722257
1204840395
1205459773
1205494305
1205557771
1205743384
1205870137
1206240480
1206385838
1206833459
1206868802
1206922953
1206931278
1207193117
1207315411
1207342309
1207640814
1207872696
1208046100
1208096159
1208278806
1208374758
1208419560
1208578488
1208599638
1208673225
1208841068
1209122541
1209279485
1209411913
1209694954
1210010932
1210376069
1210612317
1210670449
1210879420
1210987623
1211366586
1211439564
1212033198
1212092464
1212141952
1212228597
1212284806
1212488403
1212583573
1212602277
1212851695
1212973222
1213069038
1213142933
1213254404
1213273808
1213584335
1213629810
1213670461
1213939769
1214156644
1214525485
1214527311
1214549179
1214557470
1214663555
1215096667
1215151000
1215297782
1215396726
1215764921
1215876688
1216370211
1216374067
1216484084
1216585300
1216863015
1217418372
1217488547
1217816510
1217829453
1218057376
1218109223
1218170067
1218319063
1218320879
1218380836
1218741695
1219017143
1219069040
1219085440
1219351755
1219580700
1219642377
1220147739
1220200447
1220530110
1220653050
1220824826
1220885080
1220978598
1221223486
1221714298
1221793699
1221832541
1221963410
1221972602
1221982521
1222633940
1222651319
1222805034
1223017356
1223453578
1223459398
1223757307
1224338363
1224826369
1224842515
1224919882
1225129775
1226357987
1226593860
1226770004
1226836105
1226840873
1226975996
1227150912
1227165752
1227419793
1228101763
1228552216
1228805757
1228885576
1229134604
1229406872
1229560351
1229572535
1230165447
1230475684
1230823996
1231230119
1231235996
1231394693
1231467756
1231582152
1232145242
1232440256
1232710963
1232868148
1232901417
1232979508
1233146913
1233723437
1233725291
1233737713
1233994376
1234812092
1234860170
1235055944
1235119744
1235131326
1235145354
1235193874
1235333555
1235585498
1235618931
1236378294
1236453604
1236914971
1237692819
1237729254
1237812726
1238018855
1238033310
1238062801
1238093620
1238171430
1238581748
1238821700
1238952681
1239051616
1239305236
1239332640
1239340479
1239430923
1239584926
1239767358
1239773126
1239895087
1239908763
1239908927
1240036529
1240361715
1240568321
1240581731
1240682721
1240886696
1240999424
1241021637
1241141215
1241187275
1241194964
1241204724
1241214471
1241231749
1241337116
1241460181
1241626538
1241684901
1241800733
1241816696
1241875394
1242379873
1242495906
1242606921
1242656398
1242821622
1242908508
1243354700
1243683762
1244397393
1244575570
1244614512
1244620125
1245089690
1245134601
1245326198
1245427295
1245499874
1245875218
1246191926
1246361263
1246423611
1246789315
1247133092
1247423309
1247846043
1247951986
1248172425
1248271389
1248871171
1249484885
1250186723
1250305035
1250332915
1250480806
1250909244
1250990289
1251112088
1251472004
1251912937
1252403633
1252459773
1252988342
1253204994
1253379235
1253410915
1253488426
1254056806
1254176442
1254538499
1254648331
1254793199
1254947153
1255272128
1255516231
1255827088
1255853186
1255956696
1256018969
1256215820
1256346701
1256376391
1256963598
1257210421
1257223291
1257255298
1257283448
1257424372
1257716512
1257748119
1257760226
1257993955
1258170787
1259356434
1259392233
1259554364
1259821953
1260059005
1260121687
1260196746
1260588566
1260789286
1261057519
1261106521
1261188358
1261778028
1261954351
1261987246
1262041757
1262321937
1262520140
1262604176
1262920475
1264031059
1264144141
1264344840
1264771161
1264945304
1264966288
1265316926
1265688243
1265840874
1265983335
1266347257
1266354052
1266457620
1266795430
1267108915
1267327642
1267748651
1268117499
1268153512
1268303297
1268337825
1268659454
1269061760
1269446806
1269613490
1270186014
1270207197
1270450186
1270829228
1270847896
1270933056
1271023262
1271171201
1271183131
1271229907
1271652063
1271705426
1271775464
1271907982
1271992588
1272229795
1272801299
1272817110
1272909454
1273034129
1273361796
1273402596
1273740649
1274473976
1274629976
1275012418
1275054308
1275078735
1275139402
1275180715
1275264180
1275396484
1275724430
1276268841
1276645319
1276828606
1276834740
1277150798
1277628150
1278214289
1278663920
1278695816
1278747008
1278749288
1279016811
1279130892
1279242104
1279564222
1279641282
1279727501
1280089831
1280405408
1280445053
1280473471
1280481850
1280617429
1280684726
1281025898
1281070949
1281151288
1281294353
1281529107
1281906269
1281926048
1281986140
1281989613
1281998178
1282510784
1282947319
1282988670
1283782752
1283877923
1284072144
1284448265
1285137868
1285672806
1285770450
1285802602
1285875410
1285989267
1286044341
1286213618
1286503120
1286753763
1286840627
1287256207
1287363875
1287754802
1287962352
1288023455
1288109023
1288319734
1288793147
1288971342
1289107033
1289482759
1289669059
1290373151
1291098612
1291133813
1291149483
1291258327
1291399653
1291518170
1291605168
1291724007
1291741299
1291780104
1292052211
1292155136
1292465781
1293237342
1293266969
1293977009
1294263020
1294630276
1294725867
1294737557
1295115967
1295126760
1295307450
1295530873
1295987089
1296148618
1296224445
1296307696
1296394281
1296682104
1297030552
1297067195
1297230319
1297358503
1297461167
1297573166
1297750794
1297756362
1297869331
1298113120
1298117418
1298122456
1298240319
1298443522
1298443538
1298552647
1299130053
1299161449
1299237624
1299527397
1299687978
1300373685
1300509170
1301412194
1301582934
1301603578
1301790285
1301820355
1301922242
1302037137
1302194064
1302412703
1302470025
1302891930
1303057324
1303938047
1304015902
1304243480
1304512553
1304611138
1304877659
1305021319
1305283148
1305408831
1305946916
1306290882
1306475183
1306603642
1306639452
1306653155
1306704613
1306881603
1306999718
1307361792
1307405553
1307553083
1307596736
1307958270
1308071177
1308625777
1309114682
1309248356
1309277153
1309573731
1309889586
1310169451
1310360259
1310433368
1310805213
1310829683
1311139609
1311335749
1312020807
1312108880
1312465361
1312481123
1312813975
1312896304
1312906454
1313144629
1313193228
1313284865
1313466055
1313514892
1314191728
1314444238
1314949287
1315083087
1315199862
1315394446
1315730693
1315800101
1315983218
1316142350
1316167745
1316442753
1316447446
1316623989
1316689353
1316825615
1317351464
1317829398
1318586666
1318806225
1319567324
1319602596
1320002715
1320082701
1320086667
1320177124
1320264553
1320275202
1320403962
1320444780
1320464037
1320496859
1320884056
1320989108
1321155727
1321333055
1321498409
1321527782
1321720560
1321730254
1321745818
1321955431
1322175055
1322215568
1322300908
1322304783
1322912350
1323261941
1323277691
1323298302
1323315443
1324074407
1324128831
1324690171
1324786494
1324897186
1325007140
1325314240
1325549638
1325724953
1325841711
1326245798
1326397647
1326443448
1326803050
1327015520
1327057421
1327274268
1327370095
1327671604
1327784152
1327856550
1328429928
1328541756
1328569758
1328684104
1328770866
1328788926
1329024258
1329291651
1329539079
1329634258
1329917760
1329922724
1330149714
1330159503
1330218911
1330296698
1330526989
1330537110
1330677533
1331083122
1331123445
1331241155
1331380830
1331384602
1331942860
1332520571
1333089297
1333221326
1333278476
1333649661
1333667939
1333678518
1333717140
1333839132
1333913382
1334590894
1334864084
1334966585
1334968283
1335411872
1335858231
1335875057
1336362494
1336460208
1337132009
1337355505
1337732343
1337745653
1338171699
1338287259
1338357451
1338830259
1339683475
1339936537
1339966270
1340180150
1340395110
1340501627
1340628681
1340740901
1340943476
1341040935
1341056530
1341057029
1341176003
1341444318
1342221373
1342236280
1342921571
1342946516
1343040797
1343086120
1343112354
1343944290
1343990401
1344087144
1344128781
1344188204
1344197408
1344288280
1344474069
1344664768
1344747425
1344886707
1345072031
1345150307
1345289464
1345301687
1345480786
1346187061
1346203203
1346214337
1346526089
1346533986
1346615575
1346986460
1347080649
1347607739
1348255642
1348338699
1348414331
1348503598
1348888143
1349745244
1349956391
1350143519
1350239800
1350278198
1350354076
1350361542
1350390005
1351118673
1351335520
1351431265
1351737194
1352518900
1352919694
1353002102
1353040321
1353570842
1353673791
1353755544
1353767639
1353857538
1354038868
1354667047
1354966469
1355251883
1355371991
1355481259
1355820149
1355827276
1355955807
1356205494
1356233301
1356486869
1356535455
1356794444
1356849143
1357728349
1357789956
1358469011
1358524937
1359279979
1359758821
1359786403
1359908420
1360011933
1360103676
1360204981
1360216277
1360969272
1361449324
1361763259
1361824627
1361902425
1362316860
1362994623
1363001085
1363012038
1363028688
1363129518
1363461170
1363473659
1363579869
1363763844
1363901974
1364053695
1364090224
1364563934
1364758252
1365117501
1365206604
1365360674
1365438763
1365700365
1365810067
1365823423
1366457142
1366589352
1367188254
1367470859
1368089957
1368262335
1368344021
1368775429
1368914459
1368998679
1369003655
1369023132
1369347293
1369690039
1369900684
1370123033
1370301746
1370468384
1370501318
1370560241
1370962537
1371164987
1371326420
1371447206
1371486586
1371664746
1371700158
1372028903
1372290671
1372504593
1372513220
1372652590
1372747542
1372858151
1372872588
1373024133
1373340656
1373438865
1373619006
1373698032
1374097393
1374554616
1374589080
1375081185
1375198969
1375604402
1376535760
1376604091
1376808985
1376851271
1377188517
1377746270
1378009008
1378577868
1379407587
1379621744
1379646938
1379936778
1379972686
1380083711
1380310912
1380842159
1380857780
1381084936
1381385799
1381409224
1381428434
1381672164
1382005664
1382058337
1382163140
1382199799
1382445086
1383003574
1383015771
1383125365
1383542570
1383788546
1383824770
1384086056
1384816037
1384947783
1385105630
1385393388
1385640716
1385652973
1386125787
1386274578
1386507659
1386660449
1386869626
1387237926
1387397653
1387559462
1387739517
1387892983
1387996800
1388009697
1388115395
1388812496
1389556772
1389698492
1389801919
1390045346
1390514563
1390515537
1390711952
1390953299
1390957444
1391031926
1391355958
1391357645
1391465389
1391939474
1392393137
1392514715
1392579844
1392691963
1392815505
1392824411
1392869102
1393076419
1394016222
1394274664
1394715044
1394764998
1395026866
1395105357
1395653973
1395994436
1396008463
1396031857
1396145949
1396272088
1396522545
1396669875
1396700103
1396837299
1396896255
1396912710
1396964260
1397272298
1397466040
1397632539
1397695808
1398022737
1398173811
1398412532
1398581581
1398686921
1398784896
1398996519
1399001808
1399196110
1399289087
1399456237
1399558002
1399608227
1399650700
1400002909
1400152185
1400320719
1401001693
1401327456
1402125463
1402655819
1403382859
1403615758
1403632535
1403680348
1403731716
1403786468
1403900405
1404174367
1404193828
1404884639
1404921561
1404921930
1405056058
1405202456
1405371127
1405906912
1405988234
1406077306
1406216031
1406849067
1406904597
1406938393
1407054851
1407102358
1407179211
1407529736
1407635274
1407686732
1407869926
1407883123
1407989689
1408021619
1408767692
1409301236
1409306038
1409828642
1409991989
1410054214
1410154982
1410530104
1410575639
1410955055
1411043572
1411107256
1411403622
1411415766
1411693009
1411901678
1411991920
1412174887
1412614074
1412755301
1412769946
1413022789
1413047014
1413321429
1413617558
1413683079
1413734881
1413815233
1414041989
1414116806
1414429891
1414740341
1414795966
1414800865
1414858016
1415310696
1415778260
1416017404
1416407298
1416452031
1416645691
1416773415
1416827513
1417031625
1417076277
1417301394
1417470745
1418199887
1418301552
1418400871
1419248766
1419340550
1419672130
1420022353
1420046016
1420073315
1420088935
1420271263
1420358788
1421021081
1421117790
1421163836
1421191847
1421263792
1421374638
1421578107
1421599841
1421812068
1421829020
1421867934
1422182793
1422218621
1422415952
1422431429
1423179374
1423206951
1423423324
1423793411
1424374583
1424608669
1424613737
1425253518
1426078801
1426117523
1426769969
1427550488
1427562389
1428475239
1428717984
1429276220
1429583855
1429953338
1429960516
1430353251
1430415034
1430581595
1430636915
1430645178
1431338929
1431391256
1431728837
1432101618
1432288591
1432793418
1433191690
1433456202
1433540133
1433540959
1434356665
1434682060
1434774195
1434864807
1434893022
1435217060
1435943396
1436082596
1437405313
1437461255
1437521995
1437630104
1437655824
1437945483
1438444136
1438654585
1439483181
1439515601
1439578872
1439911822
1439986303
1440135363
1440259474
1440282235
1440296973
1440722508
1440961541
1441186940
1441310024
1441812870
1442317439
1442579599
1442716379
1442787195
1443031862
1443044410
1443749120
1443896634
1443921888
1443925910
1444061628
1444338743
1444530674
1444916161
1445075488
1445108660
1445561273
1445597295
1446021826
1446141839
1446194766
1446410532
1446543864
1446712762
1446855553
1446897638
1447040133
1447200841
1447228104
1447268787
1447550311
1447705304
1448021535
1448300643
1448358865
1448421558
1448499981
1448503700
1448770525
1448889069
1449221934
1449302048
1449564615
1449655819
1450101077
1450216632
1450399022
1450453677
1450478915
1450862840
1450981488
1451334602
1451576468
1452011885
1452084450
1452090818
1452255949
1452626807
1452659204
1453058022
1453531647
1453591944
1453675826
1454036583
1454145456
1454380572
1454461522
1454762558
1454781302
1454814765
1455394166
1455982293
1456346559
1456628911
1456756049
1456797609
1456806445
1457228061
1457500442
1457671327
1458143419
1458171907
1458312475
1458515712
1458645754
1458717924
1458776132
1459230676
1459333902
1459406505
1459513789
1459624817
1459638028
1459903284
1459988173
1460177757
1460240632
1460356996
1460444932
1460913502
1460968354
1461014554
1461213687
1461313219
1461370867
1461393188
1461449887
1461996187
1462254279
1462338770
1462432852
1462836789
1462916967
1463076272
1463282328
1463330990
1463403372
1463564689
1463831289
1463889159
1463950277
1464442826
1464706505
1464802111
1465333836
1465729294
1466201502
1466899152
1467489930
1467848836
1467871571
1467916277
1468134436
1468141313
1468177902
1468408702
1468695959
1469318119
1469326701
1469832494
1469865765
1470000240
1470339539
1470621516
1470624580
1471682177
1471756656
1472785440
1472810335
1472896148
1473604319
1473680802
1474114186
1474178805
1474825336
1474927083
1474991831
1475076032
1475130606
1475453968
1475705946
1475978287
1476149078
1476254973
1476511844
1476625903
1476959603
1477102078
1477231580
1477583705
1477636000
1477708563
1477739348
1478009120
1478165710
1478224723
1478276200
1478440235
1478865779
1479498846
1479996693
1480160355
1480354773
1480370337
1480944524
1481106974
1481133610
1481376613
1481679894
1481959641
1482067082
1482305363
1482336841
1482631439
1482954095
1483654360
1483743202
1483930208
1483974026
1484381994
1484408657
1484462079
1484662223
1484734109
1484889528
1485075994
1485323889
1485612000
1486222284
1486274907
1486424781
1486695707
1486738908
1486850566
1486965793
1487718593
1487747453
1487852789
1488180447
1488344268
1488374565
1488689695
1488720061
1488769212
1489229268
1489371810
1489390472
1489473395
1489582687
1489725975
1489958701
1490035689
1490055128
1490060227
1490350143
1490395869
1491133109
1491162893
1491264647
1491295176
1491739513
1491876664
1491941215
1491944983
1492114363
1492336401
1492345377
1492703414
1493008235
1493329559
1493898353
1494160451
1494299452
1494514960
1494580961
1494701115
1494864656
1495097184
1495180707
1495295131
1495927942
1496039364
1496061952
1496449472
1496522987
1496659538
1497044240
1497136678
1497169570
1497208403
1497334187
1497394305
1497558270
1498507644
1498987300
1499005918
1499249515
1499522482
1499722340
1500235891
1500403343
1500420241
1500476301
1500596620
1500708361
1501140141
1501266111
1501268419
1501277300
1501288503
1501578275
1501712773
1501714213
1501914348
1501966286
1502027874
1502312206
1502313157
1502875420
1502878268
1502923501
1503255866
1503273280
1503474590
1503543186
1503549669
1503679063
1503751334
1503789856
1503858230
1504020292
1504034017
1504362858
1504685429
1504723500
1504733517
1504762797
1504899111
1504981454
1505121867
1505632755
1505635752
1505852268
1505937389
1506006434
1506268982
1506571364
1506593708
1506781546
1506837499
1507105278
1507268778
1507362708
1507376084
1507524433
1507586459
1508294391
1508356814
1508634100
1508779715
1509950052
1510443947
1510773415
1510862943
1511032776
1511414409
1511417552
1511453579
1511581056
1511633669
1511708143
1511850001
1511934973
1511993478
1512218036
1512370203
1513100101
1513652992
1513849285
1514110113
1514313980
1514481197
1514657012
1514730828
1515034435
1515214001
1515582737
1515737322
1515810390
1515909568
1516121243
1516226413
1516459513
1516799735
1516841915
1516949961
1517067442
1517266898
1517793495
1518166824
1518199813
1518528371
1518641150
1518971380
1519211922
1519212995
1519622461
1519655116
1520266185
1520313532
1520403628
1520800701
1520900811
1521074835
1521207700
1521319041
1521523124
1521680717
1522052901
1522269848
1522329557
1522601123
1522668653
1523941314
1524057664
1524071152
1524320003
1524382650
1524390886
1524647279
1524788296
1524835670
1524956279
1525274703
1525362178
1525634374
1525731000
1525764508
1526002727
1526096577
1526373674
1526524454
1526852411
1527309233
1527731080
1527826602
1528226784
1528413195
1528557665
1528616001
1528632052
1528730689
1528861377
1528883093
1529027806
1529121444
1529520914
1529542641
1529642633
1530177117
1530597388
1530847883
1530851828
1531274599
1531461703
1531634382
1531898557
1531971283
1532170545
1532536255
1532681909
1532694191
1532937746
1532976899
1533015170
1533292957
1533584854
1533954368
1535342803
1535570724
1535651287
1535798707
1536122636
1536218906
1536357960
1536362694
1536860978
1537946854
1538286195
1538389147
1538457796
1538671073
1538757420
1538816094
1539542819
1539598855
1540234294
1541209676
1541463769
1541879560
1542081858
1542177474
1542354284
1542756580
1542822091
1543609514
1543675955
1543816202
1544390463
1544531112
1544571082
1544655585
1544774886
1544921448
1545064587
1545323632
1545472814
1545621433
1545733054
1545941244
1546150140
1546205586
1546385140
1546387923
1546536444
1546703601
1546816922
1547016848
1547257202
1547746541
1547841660
1547885490
1548017879
1548355536
1548602821
1548644757
1548768799
1548815815
1548853545
1548883818
1549079291
1549192635
1549553488
1549561024
1549712749
1549728629
1549796683
1549909631
1550090361
1550149290
1550702555
1550746260
1550767204
1550973188
1551517086
1551555880
1551758619
1551824240
1551856065
1552188813
1552604346
1552610955
1553182513
1553259117
1553385485
1554425881
1554694208
1555232264
1555296519
1555628931
1555677098
1555936900
1556190129
1556259446
1556559201
1556571765
1556627807
1556899220
1557289377
1557339613
1558034406
1558073722
1558641092
1559321776
1559537164
1559870153
1559880796
1559884454
1559910125
1559929566
1560645186
1560967421
1561021023
1561052357
1561313074
1561393794
1561546637
1562050196
1562290946
1562448774
1562454566
1562482767
1562519242
1562842124
1562915256
1563200600
1563479862
1563922657
1564505936
1564517578
1564555999
1564622848
1564942036
1564943615
1565076608
1565167062
1565178099
1565270383
1565537359
1565598060
1565666687
1566044195
1566050402
1566213917
1566397913
1566599040
1566667916
1566939951
1566973334
1567213885
1567579269
1567757965
1567863081
1568104877
1568501021
1568654539
1568714955
1569497049
1569602824
1569859880
1570131947
1570132594
1570513757
1570861579
1571049028
1571581568
1571629523
1571683617
1571938228
1571986628
1572154467
1572185832
1572274312
1572446475
1572798355
1572846023
1573579206
1573647265
1574327679
1574407457
1574688188
1574927030
1575056541
1575185821
1575269543
1575389479
1575400502
1575455486
1575580522
1575646171
1575761801
1575829201
1575951101
1576083885
1576188653
1576600961
1577390261
1578066765
1578182201
1578962157
1579138366
1579331552
1579465699
1579588440
1579842463
1579928379
1579946250
1580034790
1580076109
1580336463
1580786020
1581015440
1581601527
1582537666
1582597706
1582747350
1583459940
1583732541
1583887269
1583941146
1584175334
1584280339
1584429073
1584429109
1584508410
1584560685
1584711771
1584827096
1585248499
1585625466
1585716336
1585980887
1586153431
1586264436
1586535495
1587465184
1587567526
1587598119
1587599477
1587810483
1587870313
1588081240
1588083650
1588193769
1588268803
1588333480
1589340591
1589398011
1589937659
1590043452
1590225009
1590325288
1590726962
1591051083
1591096464
1591172247
1591326096
1591550818
1592769746
1593274280
1593275009
1593460665
1593616314
1593827213
1593857956
1593887613
1593952574
1594027712
1594588716
1594766258
1594995188
1595373859
1595512425
1596320827
1596344637
1596516589
1596776566
1597435514
1597764495
1597767600
1597993500
1598190653
1598483956
1598667451
1599142675
1599291314
1599851775
1599941901
1600242187
1600478657
1600592624
1600706332
1601222528
1601545039
1601676615
1601914823
1602342069
1602345691
1603015272
1603022035
1604483133
1604577982
1604783876
1604843528
1604943442
1604995633
1605000898
1605027904
1605944191
1606250972
1606863429
1606990063
1607015751
1607135276
1607230917
1607396787
1607562361
1607655945
1608137849
1608194792
1608242544
1608303932
1608357377
1608940245
1609068523
1609228314
1609437903
1609466063
1609702267
1610230067
1610289328
1610766214
1610797578
1610851820
1611090679
1611429455
1611556135
1611578953
1611861069
1611892568
1612066642
1612178861
1612275217
1612414361
1612624778
1612834299
1612877936
1612938069
1612969182
1613060182
1613250941
1613313694
1613338864
1613347249
1613463050
1614458326
1614525711
1614966530
1615183407
1615839235
1615972383
1616153771
1616203221
1616509979
1616537244
1616552114
1616656469
1616667978
1616881053
1617059571
1617285724
1617345344
1617375278
1617613354
1617671352
1617690668
1617990998
1618169788
1618169940
1618241731
1618378534
1618522213
1618637721
1618680509
1619042905
1619198471
1619248034
1619412433
1619417215
1619601943
1619886538
1620433722
1620687966
1621073468
1621220036
1621394843
1621880742
1621904583
1621997046
1622002169
1622047210
1622406125
1622916266
1623092865
1623226249
1623546829
1623690954
1623877857
1624298764
1624671404
1624748543
1624757435
1624778913
1625071042
1625210317
1625713082
1625892996
1626088187
1626119889
1626594834
1626650643
1626785023
1626834968
1626845134
1627305182
1627483136
1627800936
1627848902
1627991477
1627999348
1628056397
1628123377
1628233393
1628800158
1629137258
1629296399
1629351152
1629447539
1629526717
1629699825
1629798971
1630002793
1630511873
1630903476
1630978221
1631076517
1631087049
1631277446
1631380251
1631425142
1631552280
1631658380
1631778668
1631825148
1632011963
1632285711
1632599424
1632874966
1633067651
1633302761
1633420667
1633615465
1633767035
1634089785
1634307385
1635152965
1635246408
1635427522
1635589759
1635741042
1635810480
1635941340
1636106140
1636443896
1636552201
1636701169
1637119346
1637280851
1637300484
1637791704
1637825862
1638014120
1638096092
1638352083
1638390128
1638430976
1638592988
1638652594
1638655150
1638731950
1638974419
1639011277
1639278082
1639318882
1640389020
1640711433
1640738525
1641125496
1641526868
1641554800
1642015069
1642094447
1642151630
1642158592
1642443456
1642793923
1642983308
1643008128
1643434667
1643576410
1643912697
1644664645
1644744023
1644777775
1645285887
1645461587
1645711551
1646099554
1646104374
1646359858
1646554614
1647145004
1647494220
1647571955
1647586278
1647624181
1647902919
1647986706
1648005205
1648037359
1648333525
1648355595
1648593911
1648599347
1648604283
1648876882
1649247211
1650008780
1650033559
1650241740
1650364900
1650384494
1650530591
1650735417
1650914089
1651115759
1651655829
1652807265
1652907839
1653604604
1653900090
1654035758
1654089070
1654717952
1654783979
1655063057
1655099397
1655201226
1655214386
1655278792
1656152219
1656489464
1656618015
1656785687
1657024980
1657548830
1657621744
1657692402
1657840333
1657861357
1658121876
1658250595
1658303597
1658386017
1658501754
1658504310
1658774422
1658993187
1659167794
1659306610
1659453771
1659909498
1659996462
1660375739
1660454696
1660517530
1660541747
1660635584
1660867373
1661086573
1661568514
1661735675
1661772489
1661800869
1662247112
1662397212
1662455420
1662769328
1662856462
1662924307
1663087232
1663300407
1663398703
1663615580
1663652060
1664212432
1664664948
1664873570
1664899761
1665224247
1665659959
1665975937
1665992972
1666478878
1666887746
1667477467
1667799123
1667923379
1668284641
1668634282
1668861292
1669147980
1669184417
1669495268
1669778080
1669868786
1669967587
1670038923
1670227034
1670229445
1670415557
1670485752
1671079161
1671145750
1671216739
1671238554
1671698085
1671712920
1671997286
1672112324
1672403699
1672785954
1672848721
1673491593
1673969341
1674035435
1674048424
1674396257
1674666879
1674675933
1674766706
1675186467
1675345445
1675753348
1675871136
1676049494
1676331883
1676387523
1676667301
1677020781
1677050232
1677203708
1677356899
1677477839
1677494017
1677799224
1677963834
1678314490
1678361845
1678586913
1678706511
1678734977
1678790408
1678939086
1679037677
1679207282
1679284346
1680141269
1680553060
1680710053
1680970593
1681179364
1681333675
1681452066
1681507803
1681680897
1681805684
1681897450
1682109067
1682154743
1682212858
1682648465
1682649478
1683006185
1683149897
1683160303
1683669218
1683764110
1684157308
1684186562
1684215891
1684296152
1684321978
1684333613
1684471907
1684587955
1684687571
1684756297
1685095084
1685111393
1685333026
1685457639
1685478769
1686404247
1686528088
1686716855
1687327992
1687413245
1687758324
1687873737
1688072242
1688683760
1688730536
1689174110
1689226946
1689294881
1689744981
1689828793
1689952941
1690197067
1690638922
1691153280
1691374762
1691679124
1691734666
1692538803
1692803596
1692874170
1693375353
1693405112
1693578460
1693710342
1694185651
1694330778
1694373811
1694401201
1695324889
1695372968
1695528388
1696090175
1696442666
1697291710
1697396752
1697798975
1698427020
1698822733
1698837985
1698909993
1698990159
1699113559
1699519130
1699680905
1699761620
1700015813
1700452555
1700546639
1700744526
1700805020
1701129917
1701395120
1701786956
1702070394
1702108276
1702224908
1702441492
1702442391
1702658168
1702661861
1702664711
1702686243
1702787764
1702821336
1702901325
1702901533
1703535365
1703618410
1703725973
1703728115
1703768316
1704171643
1704496788
1704566965
1704571450
1704646153
1704771785
1704816316
1704819276
1704862640
1704869087
1705258454
1705869425
1706323366
1706776498
1707179473
1707350679
1707482257
1707533489
1707643817
1707671474
1707682946
1707836113
1707973518
1708073392
1708192349
1708281747
1709122454
1709279513
1710305882
1711117424
1711379611
1711570154
1711648000
1711797959
1711968354
1712081391
1712301813
1712411301
1712548527
1713026961
1713202482
1713643857
1713765881
1713958574
1714021433
1714079058
1714256875
1714287227
1714559532
1714573299
1715635068
1715978598
1716232701
1716497647
1716534173
1717018763
1717145405
1717163017
1717199626
1717288569
1717439141
1717893722
1718220183
1718301794
1718572237
1718725803
1718781189
1718815020
1719026110
1719317528
1719392659
1719593269
1720411156
1720643470
1721448244
1721473007
1721780920
1721794691
1721950740
1722446921
1722976499
1723144127
1723459286
1723573626
1724035403
1724297262
1724619316
1724722735
1724851122
1725357539
1725683416
1726160885
1726179529
1726294389
1726464194
1726482000
1726559182
1726659185
1726754597
1727295915
1727411376
1727621801
1727894348
1728176172
1728510839
1728531080
1728745160
1728829733
1729192345
1729466695
1729674477
1729791569
1729892454
1729905403
1729990213
1730082557
1730572738
1730807503
1731600365
1731791210
1732174760
1732359961
1732407487
1732538952
1732595758
1732676657
1733693300
1733743323
1733748208
1734020427
1734748755
1735372037
1735519089
1735568465
1735922943
1736922103
1737163017
1737736505
1737953279
1738392933
1738893862
1739067514
1739300754
1740190748
1740195568
1740735288
1740922053
1740924503
1741239458
1742089117
1742173668
1742210829
1742224777
1742365185
1742896689
1742926361
1742999563
1743034822
1743299617
1743370931
1743564243
1743628306
1743638160
1743707107
1743778188
1743801347
1744059747
1744100186
1744240593
1744460317
1744484578
1744511399
1744658954
1744721726
1745062189
1745103313
1745362870
1745381404
1745497013
1745683731
1746158746
1746435269
1746464874
1747010501
1747026951
1747359078
1747887306
1747987492
1748256927
1748466473
1748574243
1748962376
1749671421
1749726115
1750062969
1750200361
1750247380
1750256543
1750290489
1750441103
1750581600
1750612416
1750779999
1750949393
1751635989
1751919570
1752048541
1752115452
1752457655
1752907726
1753265108
1753468296
1753497296
1753539163
1753757429
1753838878
1753915930
1754079723
1754209092
1754445887
1754463576
1754532938
1754731979
1755160913
1755352473
1755577737
1756282307
1757100941
1757144252
1757189731
1757494277
1758573233
1758646451
1758707141
1758877790
1759091662
1759233855
1759290083
1759463492
1759566991
1759774553
1759779966
1759840675
1760110334
1760454096
1760879459
1761571604
1761848826
1761856958
1763130894
1763251811
1763487691
1763859163
1764330760
1764427074
1764435344
1764437722
1764859897
1765193411
1765994593
1766204606
1766350449
1766568763
1766944872
1767143090
1767214512
1767493906
1767508682
1767709645
1767864585
1768028821
1768133945
1768143274
1768270548
1768379164
1768570771
1768610853
1768774322
1768850854
1769369096
1770474581
1770593932
1771025156
1771553359
1771824894
1771891757
1772054866
1772158207
1772233526
1772252789
1772412426
1772438322
1772748049
1772862508
1773690134
1774079849
1774093656
1774647446
1775112496
1775118336
1775142032
1775646219
1775704321
1775910557
1776226564
1776431268
1776612298
1777408893
1777617793
1777836658
1777848166
1777924948
1777992737
1778108902
1778144891
1778262907
1778313485
1779488037
1779527831
1779557495
1779652933
1779918469
1779992540
1780051832
1780069246
1780148281
1780693900
1780732666
1780758280
1780902107
1781049501
1781231239
1781616911
1781677013
1781805205
1781883767
1781966804
1782160726
1782468715
1782591716
1782738098
1782851147
1782853876
1782877581
1782907104
1783022984
1783065295
1783407559
1783488982
1783528173
1783698935
1783966296
1784022705
1784264419
1784320893
1784423274
1784604935
1785105073
1785746658
1785851107
1786288298
1786638327
1786730230
1787039328
1787372747
1787398531
1787532178
1788121723
1788190893
1788219858
1788490280
1788673993
1788932654
1789633627
1789752504
1789951995
1790073426
1790099769
1790232970
1790343759
1790474097
1790698037
1791306750
1791730353
1791863061
1791905226
1792229142
1792242648
1792543049
1792638564
1792721240
1793163494
1793266679
1793363457
1793364166
1793828322
1794230281
1794480852
1794519977
1794527479
1794552685
1794777382
1794870622
1795159168
1795470767
1795619505
1795625558
1795634242
1795740566
1795839838
1795989002
1796019645
1796332744
1796442435
1796461841
1796497195
1796529256
1796827962
1796929872
1797028191
1797057700
1797170095
1797177264
1797408096
1797882166
1798031283
1798108613
1798128682
1798225061
1798502688
1798729426
1798772048
1799150671
1799484439
1799552922
1799672609
1799701079
1799742796
1799846197
1799854917
1800316633
1800596742
1800783990
1801545545
1801659344
1801711930
1802302783
1802446062
1802748332
1802908743
1803141604
1803853548
1804016618
1804118899
1804356825
1804784914
1804799619
1805106001
1805568139
1805605934
1805823638
1805856281
1806052760
1806514409
1806751435
1807402995
1807536091
1807622162
1807814518
1807829460
1808053317
1808095796
1808713163
1808949243
1808990630
1809099191
1809198064
1809728009
1809874658
1810007413
1810025022
1810120395
1810271279
1810338395
1810413113
1810464368
1811082105
1811141586
1811466044
1811635481
1811979674
1812431667
1812653102
1812656875
1812714139
1812892958
1813390966
1813546260
1814495133
1814624760
1814798704
1814805918
1815105141
1815708725
1815756865
1815963965
1816118347
1816411593
1816526107
1816648625
1816660325
1816935643
1816959733
1817246245
1817737771
1817780070
1817881223
1818907113
1819161197
1819610211
1819660473
1819901247
1819966784
1820057778
1820423726
1820479530
1820524686
1820897173
1821384625
1821423710
1821556098
1821720575
1822032297
1822709218
1822997157
1823356935
1823893980
1824214333
1824851366
1825014427
1825098130
1825332842
1825443158
1825487299
1825650157
1826014997
1826277044
1826324108
1826689394
1826779119
1826844874
1826858592
1827085598
1827100975
1827363441
1827430953
1827434817
1827457766
1828089826
1828261385
1828415586
1828559104
1828926926
1829614003
1829877204
1829884244
1830280052
1830311812
1830497723
1830552064
1830639702
1830799758
1830841813
1830864778
1830877356
1831199830
1831222899
1831252712
1831488589
1831496761
1831715416
1831963975
1832005186
1832130054
1832163444
1832174953
1832200994
1832359505
1832527721
1832594737
1833434894
1833552025
1833573085
1833656384
1834007950
1834172432
1834327415
1834368391
1834397148
1834511917
1834621717
1834930541
1835072876
1835081532
1835125871
1835371355
1836346465
1836662382
1837157488
1837248979
1838191361
1838439433
1838448452
1838748041
1839145129
1839231885
1839719095
1839796740
1839949767
1840577824
1841405771
1841451780
1841516949
1841609177
1842269647
1842646038
1843194223
1843250326
1844458749
1844821423
1844945919
1845069264
1845281190
1845287520
1845486390
1845709894
1845762483
1846114420
1846274735
1846342524
1846559247
1846717187
1846891198
1847734212
1848028287
1848032129
1848130678
1848577124
1848927349
1849053756
1849121341
1849158052
1849172109
1849218692
1849740005
1849898540
1850740737
1851165055
1851501068
1851690753
1851888529
1851890385
1852119889
1852216146
1852871874
1852882075
1852984810
1853083021
1853244021
1853410569
1853528907
1853672503
1853808769
1854417593
1854589316
1854625987
1855677306
1855873471
1856101250
1856448954
1856576478
1856591153
1857565935
1857604873
1857693668
1858154241
1858174488
1858214886
1858229934
1858425670
1858529079
1858786233
1859097126
1859128736
1859290330
1859305846
1859640284
1859855934
1860157229
1860226028
1860456332
1860944288
1861099272
1861277286
1861579844
1861609383
1861825625
1862001144
1862201220
1862376048
1862842200
1863005010
1863047325
1863266901
1863579824
1863638349
1863908337
1864435492
1864450774
1864864153
1864904803
1865513813
1865980103
1866041585
1866138894
1866173531
1866315470
1867051244
1867077116
1867086523
1867117458
1867586401
1867688158
1867766357
1867813083
1868130266
1868283353
1868858564
1869212235
1869627424
1869635386
1869640553
1869837999
1869882952
1870142850
1870153262
1870337855
1870630553
1871594686
1872089945
1872208746
1872307368
1872509750
1872511438
1872737141
1872798298
1872894826
1873070594
1873265926
1874135824
1874321853
1874966162
1875356070
1875461933
1875465174
1875587943
1875856949
1876069683
1876463043
1876635872
1876740411
1876743754
1876751309
1877168775
1877244339
1877297443
1877435713
1877592031
1877744932
1878146774
1878583987
1878778951
1879059331
1879234121
1879906504
1879911084
1880025304
1880495669
1880652921
1880685363
1880728111
1880745828
1880898374
1881283005
1881404401
1881646884
1881695444
1881768578
1882038710
1882406644
1882731532
1882857636
1882900368
1883293250
1883421618
1883642712
1883852641
1884122128
1884347748
1884444847
1884714887
1884716294
1884772989
1884997269
1885301467
1885466578
1885491717
1885543673
1885779512
1885819913
1885935467
1885959444
1886074828
1886170740
1886174124
1886427064
1886441325
1886485160
1886495135
1886693779
1887040714
1887303167
1887417070
1887616140
1887630122
1887913133
1888015207
1888693746
1888861146
1889054477
1889134041
1889219266
1889718449
1889782252
1889823374
1890016620
1890217017
1890265241
1890439860
1890542263
1890554951
1890560308
1890876675
1890966100
1891130648
1891262576
1892000297
1892082208
1892615257
1892737180
1892765628
1892959080
1893229543
1893699439
1893986561
1894190596
1894401023
1894405538
1894536267
1894546320
1894810346
1894977386
1895224726
1895259265
1895662402
1896063727
1896380562
1896410539
1896412868
1896421944
1896582639
1896585005
1896732288
1897011676
1897042479
1897136265
1897314170
1897629583
1897860847
1897880766
1898173389
1898602469
1898754789
1898777503
1899066150
1899362900
1899533208
1899572206
1899791881
1899993521
1900090235
1900495231
1900587034
1901111467
1901186204
1902744056
1902781880
1902792273
1903374335
1903663309
1903772072
1903837032
1904577763
1905044795
1905395347
1905920777
1905995121
1906139176
1906147519
1906463802
1906487342
1906641308
1907499283
1907526604
1907732143
1907867858
1908240472
1908637806
1908793055
1908897932
1908954880
1909067864
1909293735
1909340344
1909985403
1910027422
1910182371
1910579154
1910650672
1910918848
1910943431
1911225803
1911387534
1911463236
1911531954
1911927630
1912276288
1912676297
1912714674
1912822728
1912872333
1913865358
1913949329
1914009535
1914059806
1914086688
1914179396
1914335369
1914413321
1914490301
1914752787
1915171753
1915340809
1915708274
1916253090
1917007506
1917141072
1917950928
1918304908
1918496541
1918537931
1918800977
1918964264
1919004084
1919249747
1919377348
1919403596
1919541911
1919946899
1920115112
1920186258
1920794878
1921168611
1921230933
1921523893
1922102824
1922388701
1922514465
1923323944
1923500387
1923540478
1923862697
1923967089
1924445687
1924447858
1924615821
1924814467
1924818015
1925155520
1925380266
1925546245
1925556737
1925641669
1925689366
1925793386
1926457183
1926800982
1926885076
1926968370
1927023385
1927059993
1927398997
1927493106
1927522012
1927644169
1927869835
1927911678
1928351334
1928662961
1928694769
1928922202
1929083634
1929155645
1929494688
1929630893
1930271166
1930535405
1930596426
1930757266
1930934903
1931237316
1931600945
1931727688
1931771226
1932245528
1932246833
1932570947
1932578705
1932594011
1933158207
1933170380
1933191069
1933356973
1933579228
1933579314
1933711054
1933740457
1934337221
1935091706
1935255854
1935406629
1935485296
1935557023
1935800475
1936002313
1936077629
1936313792
1936676021
1937135410
1937531261
1937700307
1937855115
1937900886
1938117314
1938121938
1938180565
1938348418
1938414078
1938495060
1939188547
1939428524
1939481336
1939751495
1939931677
1939952752
1940114181
1940586404
1940828767
1941241367
1941289139
1941433869
1941450270
1941553617
1941679471
1941899913
1942043146
1942183982
1942185642
1942474203
1943333430
1943364164
1943538592
1943554393
1943712516
1944192706
1944671818
1944686693
1944927006
1944982328
1944983994
1945450407
1945492254
1945602872
1945732028
1945754976
1946192245
1946382713
1946522450
1946645300
1946790178
1946823747
1947120581
1947315583
1948097987
1948162989
1948165233
1948887721
1949061113
1949453509
1949601446
1949837777
1949890041
1950004079
1950120052
1951070275
1951086092
1951114230
1951165079
1951358122
1951476546
1951745994
1951912931
1951936784
1951951705
1952326654
1952333200
1952428747
1952851681
1953338221
1953885431
1954058270
1954635764
1954662903
1955020079
1955106259
1955795586
1956085289
1956165118
1956313609
1956943155
1957117526
1957286515
1957452015
1957905214
1958219748
1958295532
1958485153
1958619965
1958877855
1958960737
1959080335
1959233832
1959407198
1959592774
1960013942
1960114181
1960389170
1960789301
1960851754
1960928483
1961019370
1961112642
1961149245
1961333064
1961402698
1961527647
1961574152
1961601365
1961631344
1961693871
1961877997
1961880142
1961921893
1962038406
1962062562
1962315416
1962452111
1962477461
1962710963
1963349968
1963497036
1963649900
1964103996
1964618560
1964649533
1964742411
1964937225
1964968030
1965052832
1965465649
1965546046
1965654227
1965707268
1965813060
1965843565
1965907165
1966065407
1966384560
1966414508
1966914763
1967114119
1967128126
1967284383
1967302906
1967688697
1968798259
1968829549
1968874074
1969057131
1969307700
1970434260
1970625347
1971304257
1971342292
1972059416
1972863546
1973084713
1973397629
1973411263
1973785255
1974156499
1974181316
1974200653
1974428751
1974798424
1974855628
1974914499
1975105374
1975242679
1975607736
1975818818
1976074409
1976142201
1976641490
1976728241
1976773270
1976869023
1976929949
1977025423
1977034886
1977136372
1977183937
1977281470
1977542244
1977752589
1977853988
1978151260
1978574451
1978668953
1978744086
1978830464
1979353250
1979727782
1980002968
1980270719
1980457623
1980459628
1980585488
1981068212
1981172298
1982404536
1982879780
1983070273
1983475557
1983567558
1983876993
1983911664
1984170677
1984362588
1984401929
1984478351
1984497861
1984684999
1985031801
1985315306
1985582134
1985631368
1985690971
1986010868
1986052446
1986138890
1986184328
1986203464
1986211231
1986667315
1986791284
1986806172
1986879459
1987408805
1987546218
1987549316
1987994395
1988666598
1988937882
1988967136
1988986987
1989040966
1989060695
1989106312
1989202362
1989286892
1989524739
1989623091
1989640149
1989726531
1990143700
1990539612
1990733563
1990746039
1990907629
1990922946
1991353911
1991602827
1991690276
1991734568
1992058162
1992501847
1992621933
1993186340
1993439480
1993549107
1993591560
1993625705
1994259674
1994262236
1994351763
1994704206
1994957197
1995101851
1995102675
1995140634
1995524770
1995695344
1995832873
1996515393
1996686314
1997069217
1997361829
1997587413
1997726982
1997815093
1997954078
1998060658
1998127250
1998169737
1998188934
1998408062
1998753299
1998804942
1998840570
1999024221
1999060481
1999297977
1999598455
2000086739
2000209588
2001005493
2001510537
2001525345
2001725255
2001780218
2002328874
2002676932
2003442500
2003732100
2003809918
2003964468
2004274785
2004294131
2004959605
2005058266
2005389988
2005600000
2006135033
2006171820
2007332653
2007354019
2007442519
2007623159
2007712612
2007805149
2007926935
2007961532
2008815991
2009251803
2009420375
2009527063
2009532254
2009651388
2010014259
2010640815
2011166160
2011260809
2011391053
2011416603
2011451012
2011489178
2011544317
2011654527
2011681451
2011798675
2011840607
2011992422
2012109524
2012266138
2012435281
2012559749
2013184348
2013294554
2013652897
2013653251
2014129501
2014151516
2014562136
2014579395
2015123278
2015316534
2015532922
2015704306
2015794905
2016704210
2016749125
2016749707
2016911812
2016996516
2017121746
2018055031
2018827388
2018975033
2019507000
2019763834
2019941153
2020171620
2020182435
2020401937
2020848416
2021353814
2021360675
2021549499
2021597478
2021682997
2021733886
2022097342
2022520991
2022570692
2022676529
2023072278
2023954056
2024153677
2024447959
2024451134
2024548248
2024581964
2024620801
2024636556
2024649131
2024821180
2025143957
2025187836
2025368270
2025605283
2025733015
2026027288
2026166986
2026172269
2026178566
2026393895
2026603708
2026625426
2026694526
2026808579
2027169337
2027293462
2027416547
2027529100
2027702489
2027887633
2028122978
2028187070
2028470050
2028515308
2028680218
2028886118
2028937429
2029436895
2029619233
2029785516
2030043119
2030323533
2030544949
2031314381
2031491129
2032039380
2032107927
2032147944
2032153941
2032233464
2032353919
2032500951
2032615597
2032824054
2033066848
2033782540
2033836843
2034336093
2035172453
2035402388
2035431402
2035624070
2036003978
2036020405
2036061765
2036609316
2036634554
2036897426
2036951376
2037082545
2037560620
2037878936
2038036204
2038049276
2038114063
2038328181
2038408138
2038556133
2038775411
2038857051
2039334165
2039559307
2039870675
2040234047
2040462621
2040521167
2040933437
2040966919
2040983003
2041012361
2041106403
2041353772
2041370700
2041380785
2041463081
2041595374
2041798551
2042446804
2042517502
2042580568
2042817107
2042956425
2043329403
2043638440
2043900608
2044002910
2044219423
2044221135
2044224156
2044540708
2044803426
2044911098
2044933835
2045517315
2045720595
2045805670
2046005112
2046557590
2046678944
2046844479
2046871266
2047381783
2048009360
2048260666
2048659156
2048684697
2049140012
2049610194
2049750729
2049941223
2050187846
2050191807
2050272172
2050608309
2050721191
2050744834
2051164096
2051266885
2051335694
2051472158
2052102910
2052328630
2052572271
2052744156
2052958320
2053021563
2053225631
2053531920
2053542804
2053886840
2054043327
2054773448
2055117991
2055235500
2055409400
2055593753
2055814914
2055867309
2055913970
2056003710
2056086715
2056156931
2056214873
2056262743
2056329800
2056507056
2056621107
2057113874
2057172365
2057173221
2057359767
2057401105
2057941712
2058583380
2058756267
2059162842
2059598143
2059619982
2059722786
2060496309
2060713056
2060784258
2060825307
2061582878
2062007364
2062033341
2062038344
2062145863
2062408786
2062461119
2062547968
2062643935
2062945555
2063704117
2063816979
2063823850
2063861028
2063988317
2064036708
2064051837
2064279210
2064308413
2064376385
2064579907
2064758210
2064879495
2065213224
2065655799
2065695924
2065731251
2065772310
2065974341
2066074946
2066295698
2066362694
2066619791
2067120519
2067265529
2068065419
2068091850
2068258909
2068382460
2069109597
2069128970
2069184492
2069293116
2069363947
2069522887
2069786753
2069864508
2069916996
2070175503
2070337731
2070378104
2070427887
2070549035
2070582185
2070841677
2071003543
2071188706
2071293746
2071307703
2072429013
2072636828
2072954812
2073383594
2073438518
2073759353
2073797705
2073873235
2074091798
2074248778
2074362869
2074375328
2074491405
2074529911
2074530308
2074843809
2075526503
2076195228
2076285569
2076563687
2076778983
2076818277
2076861431
2076913319
2077566627
2077816187
2077921268
2078709563
2078769301
2078799102
2078854515
2079229830
2079248636
2080174253
2080547216
2080780484
2080864883
2081066360
2081844208
2081854386
2082447930
2082636348
2082672498
2082791443
2082922705
2082949676
2082958347
2083120637
2083153999
2083176386
2083394565
2083517831
2083766303
2084140814
2084158014
2084231389
2084325201
2084705292
2084708788
2084872183
2085627065
2085649929
2085653057
2086031260
2086137239
2086315254
2086372229
2086872615
2086940981
2087302932
2087528199
2087550904
2088448708
2088671614
2089385713
2089602341
2089947334
2090554390
2090678064
2090682985
2090793693
2091025299
2091033642
2091292029
2091463433
2091536499
2091558506
2091851665
2091924048
2092042172
2092412281
2093016820
2093311162
2093416918
2093750159
2094336056
2094843886
2095089635
2095159382
2095573936
2095761689
2096051638
2096243611
2096356851
2096585409
2097141042
2097465780
2097589934
2098528543
2098991259
2099065586
2099109382
2099513123
2099646201
2099720999
2100181880
2100198938
2100323588
2100462221
2100607059
2100877918
2100945411
2101490627
2101700419
2101853338
2101872358
2101965581
2102341105
2102790411
2103595229
2103797320
2104408893
2104874356
2104888755
2104924450
2105118331
2105363509
2105553602
2105780130
2105816479
2105876831
2106003015
2106104351
2106171388
2106244160
2106267827
2106270989
2106278521
2106466334
2106488299
2106761394
2106912686
2107070334
2107370561
2107489919
2107550305
2107805536
2107913925
2108140250
2108406760
2109149927
2109303317
2109462029
2109525078
2109567163
2109624236
2109692360
2109870189
2110130059
2110501942
2110850464
2110863424
2111390390
2111754743
2112247308
2112275374
2112632415
2112716618
2112752900
2112883039
2113695928
2113730645
2114887965
2114935888
2115062691
2115115418
2115118586
2115509248
2116384752
2116789626
2116935116
2117176978
2117670812
2117706162
2117745707
2118099249
2118152347
2118260880
2118268614
2118322463
2118335187
2118673174
2118684355
2118989890
2119428824
2119445625
2119603749
2119749816
2120037034
2120770744
2121076553
2121201443
2121310951
2121407200
2121713791
2121724459
2121744451
2121817198
2122296743
2122357068
2122418515
2122423842
2122734123
2122807865
2122962760
2123514577
2123713487
2123851623
2124004161
2124160897
2124321284
2124430443
2124435911
2124481508
2124484435
2124688016
2124957073
2125153661
2125509081
2125867614
2125970290
2125996470
2126041888
2126068658
2126138659
2126284123
2126433425
2126482171
2127001697
2127220577
2127671690
2127798437
2128487142
2128817574
2129167371
2129449819
2129839863
2129964393
2129985496
2130551716
2130573525
2130702222
2131047084
2131080681
2131431913
2132358961
2132367291
2132367541
2132582517
2133167823
2133364753
2133648789
2133791117
2134062102
2134261921
2134676647
2134748892
2135049377
2135241871
2135278662
2135584415
2135604259
2135976198
2136243806
2136305353
2136765072
2136836063
2136836613
2136876098
2136909562
2137066237
2137511196
2137562563
2137766423
2137822094
2137878103
2139131021
2139411621
2139889027
2140059265
2140217990
2140510902
2140593572
2140805912
2140893106
2141018706
2141462589
2141580469
2141763029
2141795962
2141969941
2142124110
2142747929
2142933964
2143190320
2143290976
2143701898
2143803570
2145014551
2145238702
2145649289
2146122655
2146369606
2146465796
2146543699
2146650815
2146784023
2146929056
2147046263
2147308282

46470
122380
135807
236937
341745
356474
736427
989519
1034337
1168275
1298339
1374798
1442253
1446879
1517699
1639587
1936637
2050395
2084687
2191767
2355195
2471741
2583507
2591798
2771259
2773310
2840331
2938702
3073132
3258441
3316344
3347278
3393228
3400778
3528778
3622925
3810524
3869306
3876208
3903584
3915517
3920696
3991295
4084170
4182062
4269964
4311536
4413283
4678326
4718022
4812240
4842126
5234370
5334061
5424084
5782170
6013021
6052632
6077815
6302804
6317758
6437265
6576454
6884809
6900502
6942546
6986060
7055239
7144644
7150401
7234220
7306256
7311170
7388708
7495309
7705718
7722525
7817150
7908618
7910669
7917350
7968191
8003035
8126701
8184971
8331584
8476206
8657582
8693683
8785458
8997281
9052400
9123669
9144007
9697873
9787532
9857654
9911018
10035081
10100471
10136257
10179319
10278842
10340033
10483153
10529535
10581807
10669665
10932922
11155812
11212053
11304539
11318130
11326632
11327027
11496833
11874797
11972755
12206461
12238587
12283620
12476247
12609890
12620176
12917453
12952985
13021493
13051921
13101350
13151704
13206109
13215788
13257077
13285546
13346355
13540155
13681188
13700674
13765098
13860318
13936396
14047752
14145425
14197614
14261677
14300859
14340364
14348839
14422762
14468734
14548345
14859389
14886157
14979771
14998167
15131079
15242884
15262341
15649502
15693696
15705753
15727163
15768061
15837482
15910506
15914899
15988177
16035710
16211894
16249886
16318437
16552732
16608611
16610033
16781431
16810778
16873000
16935943
17083833
17106798
17166568
17231060
17269214
17389376
17456265
17819394
18109841
18137007
18307252
18315390
18407285
18519098
18589032
18647966
18667451
18903335
18909243
18910088
18924501
19097500
19242192
19328679
19379295
19536728
19615801
19690325
19774345
19801415
19843402
19884911
19902760
19953759
20260121
20368424
20578786
20648544
20670866
20701825
20733260
20931380
21517953
21527317
21601609
21880582
21978730
22076525
22232941
22241878
22299824
22328419
22410647
22586475
22829554
22895567
22898407
22964733
22995379
23070197
23338066
23458213
23551620
23567436
23619341
23636130
23732691
23743599
23759056
23836328
23839039
23842415
23917013
24002038
24007355
24039729
24040905
24129400
24298957
24367378
24480668
24583407
24673767
24693129
24694664
24875327
24952153
24968818
24995118
25110359
25338273
25404001
25432673
25528119
25595007
25606103
25728483
25765909
25787226
25904532
25935195
25936958
26110865
26163590
26239467
26241394
26277361
26390796
26473977
26480984
26594351
26659697
26663177
26669027
27060384
27233105
27256498
27356699
27471727
27928642
27960875
28046555
28114351
28249310
28287339
28307707
28326062
28374907
28431006
28450134
28520842
28539015
28883096
29101895
29136402
29289976
29327826
29620718
29711749
30032361
30064109
30143868
30217646
30269910
30308132
30327216
30503782
30668918
30739408
30898318
30941407
31001731
31151229
31311292
31524157
31614353
32089373
32264719
32276400
32349709
32732633
32829532
32865233
33042152
33227582
33256324
33668191
33774481
33885376
33901054
33969947
33994298
34001734
34022344
34247646
34912718
35087746
35176535
35177068
35376545
35628094
35726957
35782174
35858951
35912541
36000663
36151693
36204306
36306833
36469626
36487218
36540163
36818666
36847383
37046991
37101744
37189242
37403261
37681811
37697849
37870501
37881543
38048914
38285746
38339330
38415418
38569886
38579275
38673559
38711690
38766976
38809974
38902833
38966986
38979682
39113360
39338921
39366239
39519665
39531691
39809860
40016342
40125050
40318095
40339803
40412659
40627740
40829545
40952279
41113906
41234359
41261141
41264357
41351235
41460791
41526479
41545027
41560308
41770558
41796704
41824577
41863685
41885342
41949106
41989686
41991312
42011367
42154617
42178558
42268653
42524154
42650218
42715081
42718181
42777993
42793468
42829411
43113252
43152437
43221961
43403819
43422002
43590835
43663063
43894093
43901676
44002802
44009988
44048076
44083532
44086412
44117755
44332153
44433764
44507385
45161519
45304321
45393079
45421087
45644233
45722927
45844394
45963727
46332149
46462431
46496025
46598025
46742091
46824392
46854431
47278656
47449053
47551851
47584773
47698349
47788310
47946995
47989976
48039205
48053419
48243864
48324671
48356981
48364093
48419813
48446327
48499944
48573022
48588633
48607913
48622843
48734919
48829176
48903002
48938809
49206701
49206737
49207250
49343442
49509293
49593047
49635094
49740159
49793268
49807616
49880284
49961190
49986301
50088363
50134590
50162508
50584698
50590014
50626735
50693234
50850446
51169274
51331603
51344597
51384823
51541261
51556147
51570882
51680435
51718576
51745553
51818500
52070999
52118129
52127009
52154508
52406594
52419099
52447572
52502625
52573499
52575835
52749502
52766470
52807204
53013419
53046282
53281013
53321510
53401306
53453606
53538359
53563264
53644725
53699195
53805840
54011584
54098800
54102361
54252091
54890994
54977486
55011331
55120958
55319123
55331121
55368626
55397694
55539911
55626211
55820805
56047173
56064598
56093095
56308386
56348230
56394955
56429546
56559644
56805831
56813935
56982035
57289655
57380856
57396222
57486990
57709763
57754597
57770187
57791401
57965878
57978476
58079722
58100743
58364044
58381144
58422612
58444786
58500267
58568176
58581205
58899853
59531262
59563249
59567378
59676258
59750684
59821116
59823978
59998105
60021705
60035824
60258899
60302755
60819697
60868885
60902333
61125566
61136545
61145322
61383275
61479483
61488919
61882308
61899156
62123803
62147332
62325229
62374495
62450006
62703865
62841138
62857054
63091270
63227289
63411707
63477104
63514704
63648607
63758893
63761664
63807092
63976835
64350346
64357342
64415217
64490678
64536619
64566009
64642898
64740674
64804699
64805526
64867797
64922684
65053733
65062565
65075131
65114793
65194178
65266838
65344605
65349230
65532697
65803607
65897557
66278212
66365835
66643073
66659765
66705786
67069630
67099931
67260638
67770794
67810241
67817884
67836455
67927449
68052983
68193834
68229169
68313170
68357345
68487267
68537031
68726229
68733670
69161985
69236898
69263184
69406528
69483589
69590390
69612159
69742982
70244287
70376808
70392518
70407778
70570390
70614034
70651807
70961623
70980539
70985510
71021234
71050650
71157100
71245626
71261607
71380200
71494917
71515057
71519389
71527204
71596301
71701615
71850192
71914935
71975194
71996326
72086214
72218100
72355043
72696546
72696945
73013791
73501477
73599026
73840120
74100463
74102276
74111297
74165011
74498928
74568926
74820878
74872063
74910761
74918751
74981070
75067468
75095637
75206228
75252974
75280807
75372830
75552450
75578988
75600358
75624919
75739043
75792732
75962310
76046858
76086827
76097043
76150591
76325823
76478840
76581650
77010570
77068448
77189667
77419706
77544210
77734744
77745803
77885657
78038531
78043340
78141809
78237842
78375767
78468269
78468881
78678424
78723168
78892348
79032646
79281734
79303748
79441536
79494414
79550759
79603545
79616081
79740308
79859754
80035349
80040701
80072278
80117321
80272512
80324754
80433943
80438817
80482995
80529826
80632446
80672502
81170566
81306356
81308793
81319599
81393020
81504618
81537472
81648630
81829572
81842954
81866574
81903924
82081861
82249993
82371033
82562264
82566296
82642745
82741423
82783957
82790850
82850201
82969377
83190894
83314206
83374666
83498368
83534135
83543871
83587892
84108782
84166288
84455904
84457591
84659270
84666760
84795077
84879636
85054929
85186130
85256235
85312888
85318288
85485207
85503421
85646045
85842185
85854635
85887978
85986028
86035636
86082383
86311389
86445211
86602441
87075605
87342716
87610079
87681977
87954587
88060666
88142850
88170330
88354059
88431436
88492689
88578961
88736994
89001330
89300808
89311629
89460757
89492202
89731496
89958745
90049556
90403118
90422283
90531148
90704238
90708484
90810659
90846223
90854395
90920839
90974403
91280395
91411442
91470060
91808691
91918099
91954883
92074175
92084414
92296694
92337748
92403024
92455985
92495259
92779726
93071992
93234804
93605295
93638070
93760561
93788036
93819471
94695886
94736466
94804803
94988829
95056412
95165955
95226176
95234282
95267798
95471840
95483307
95537819
95575119
95577258
95794046
95809984
95834668
96068126
96204448
96227288
96613882
96693417
96787046
96940553
96980839
97129050
97224267
97479863
97537870
97689358
98026864
98097192
98303791
98417324
98446952
98490260
98504910
98600981
98673951
98710517
98753678
98887051
98909628
99014604
99099490
99129311
99186794
99292910
99306619
99593722
99690367
99861188
100090580
100164378
100177645
100224147
100250636
100368008
100551199
100711052
100764977
100911296
101003662
101131959
101182561
101250413
101370906
101589216
102236134
102248726
102296051
102394065
102522398
102600967
102832112
103107316
103113783
103142049
103296259
103322303
103327504
103344850
103465997
103582248
103592103
103611465
103626321
103707162
103958453
104005057
104036320
104198178
104317103
104375933
104403815
104459676
104488183
104507459
104509613
104595852
104773437
104851697
104913688
104992061
105067235
105096522
105243833
105288074
105299711
105417748
105522263
105539689
105593409
105614317
105697947
105791561
105803347
106173139
106270210
106307949
106474141
106673508
106811899
106862609
106890250
106953121
107067764
107094248
107106566
107140300
107165922
107244553
107407984
107424577
107515578
107564996
107584773
107615633
107793323
107812496
107873195
107916556
107986442
107996519
108111128
108139727
108163876
108347303
108744260
108809966
108888978
108912480
109116097
109185943
109401662
109943114
110065131
110220767
110222454
110421164
110442266
110450046
110519474
110521996
110621857
111041532
111153853
111478553
111516384
111739081
111760744
111786382
111821782
111843767
111926706
112012672
112195593
112274259
112316024
112487879
112563177
112604623
112780338
112945212
113051679
113193834
113224778
113315893
113434483
113624500
113874413
113976249
114398513
114565228
114753039
114806359
114846511
115019880
115136107
115375022
115391129
115601447
115702176
115959330
116105813
116148688
116168514
116192098
116609976
116669596
116981234
117024248
117069000
117239167
117292108
117346686
117501266
117699197
117748487
118538301
118649713
118677041
118846434
118868310
118890386
119062329
119176620
119309708
119384294
119411218
119416855
119430543
119464077
119467083
119550300
119576813
119766392
119821583
119879150
119970049
120072502
120138048
120244301
120271418
120334832
120341033
120393313
120467524
120516695
120752704
120763506
120848857
120860701
120888475
121302781
121767668
121849017
122014500
122096559
122206244
122296775
122541407
122556907
122578863
122700562
122753253
122789135
122808651
122833669
122916538
123119864
123342067
123505946
123642268
123755227
123834055
123928797
123933221
123949253
124010291
124025210
124057495
124471458
124480836
124596094
124693465
124942589
124961343
125171484
125194687
125257002
125342853
125452147
125585936
125615733
125688280
125709359
125854189
126301506
126355062
126452815
126487610
126501721
126519550
126678846
126684766
126688462
126788505
126852021
126891275
127338665
127463578
127655193
127759133
128004552
128042528
128057146
128205462
128221423
128253484
128612813
128682256
128753836
128814024
128818317
128943748
128955897
129028196
129112538
129442256
129521335
129687365
129926718
129980583
130103219
130286619
130316031
130326171
130412604
130484880
130663063
130691111
130783269
130799869
130870199
130923965
130933933
131052278
131367742
131439275
131500658
131661699
131773286
131797159
131807430
131814104
132190041
132254076
132419631
132799353
132829862
132884165
133004205
133054390
133183936
133298066
133428207
133498312
133506120
133541645
133593827
133690963
133709008
133921946
133959736
134120951
134260861
134660991
134847515
134853499
134956225
135024602
135046384
135062181
135290956
135328978
135552260
135699731
135752266
135752606
135796825
135799566
135890610
136178349
136240277
136269758
136306694
136460342
136619420
136807160
136824688
136915395
137021985
137594111
137608134
137678422
137681568
137747104
137769713
137830060
137833320
138101585
138317532
138615277
138661481
138790217
138799981
138915457
139171780
139186946
139362753
139399448
139451648
139605016
139650427
139735678
139947034
140338416
140452447
140457028
140475511
140809227
141124317
141170010
141241147
141366283
141468759
141614760
141742504
141803091
141851001
141956474
141989735
142004127
142124467
142157145
142196031
142208610
142300084
142345713
142517472
142578354
142777696
142932960
142987758
143007835
143096988
143126269
143281626
143340931
143492370
143548091
143744184
143789137
143805894
143856797
143869889
144065565
144071459
144235110
144254823
144305043
144577252
144653573
144703308
144762406
144781914
144797174
144823042
144828296
144889794
144922957
145155954
145263268
145888990
145987146
146024003
146085411
146159630
146183702
146197547
146391378
146530232
146544940
146730348
146752824
146753873
146812914
146965992
146996687
147136694
147170328
147366818
147967030
148106022
148247065
148290233
148305751
148550907
148624502
148656971
148680687
148892415
149003039
149208385
149571152
149658027
149722607
149775826
149879610
149898158
149940663
149951327
150266738
150322051
150390041
150510755
150620726
150640282
150697343
150718848
150792598
150835631
151126683
151292607
151329060
151600206
151633113
151744226
151748610
151792721
151980512
152061895
152070776
152308104
152322721
152653934
152718686
152747834
152866047
152959489
153058239
153157101
153290049
153306594
153327555
153370778
153551146
153664997
153739632
153863044
153902307
154207801
154234221
154355669
154527658
154686845
154739412
154795358
154813868
154899040
154981385
154985774
155129992
155196032
155267307
155377570
155569968
155652270
155692315
155794696
155957581
156011272
156025557
156161759
156194223
156259743
156277456
156419908
156453152
156541592
156579258
156628140
156632750
156634867
156959900
157088968
157135252
157136874
157152114
157272720
157521922
157686572
157703252
157850393
157867077
157906127
157977595
158034274
158040858
158116964
158163637
158195350
158421993
158551829
158609871
158700461
158751621
158775387
158879135
158886325
158976487
159148808
159266050
159307465
159427468
159440632
159577381
159613735
159738409
159780293
159805411
159868012
159916146
160055489
160132181
160212758
160217548
160319149
160409662
160453947
160501998
160551937
160715595
160806732
161047713
161120269
161178682
161208628
161286676
161390170
161433881
161450717
161581006
161943490
162107942
162108390
162204465
162365578
162477686
162837135
162944918
163105450
163206603
163255711
163316489
163342606
163557397
163630756
163656408
163723200
163775914
163817869
163855080
163873109
163985351
163989325
164071696
164166368
164416116
164458619
164490982
164665398
164704333
164768293
164791665
164828174
164978642
165023374
165377627
165438032
165473562
165535846
165560828
165647229
165759019
165772891
165806322
165831883
165875588
165880143
165975757
166085115
166170661
166304760
166448484
166485816
166540165
166577065
166596216
166650777
166733343
166990141
167112719
167137055
167254460
167280752
167340326
167642239
167648102
167662351
167689061
167861936
168057802
168080048
168157916
168262253
168390240
168516909
168693693
168709234
169032563
169071780
169343717
169363425
169446552
169549466
169758412
169817734
169819148
170142442
170196814
170226436
170287783
170367034
170708591
170794769
170906928
170910933
170934570
171188973
171383248
171424133
171458226
172233158
172374509
172877687
173020340
173089672
173100257
173213847
173332716
173420567
173469599
173493064
173561325
173583701
173883679
174169204
174179175
174561559
174665942
174794873
174890542
175147659
175210526
175301966
175461383
175493730
175878645
175903788
175946191
176079333
176317310
176333226
176342041
176563430
176728876
176746570
176825624
177107197
177410613
177501261
177600151
177756593
177840063
177933858
177976711
178106327
178210916
178212714
178230994
178364477
178429418
178448674
178452656
178604870
178700054
178704466
178712723
178803681
178977777
178990044
179041201
179113503
179162187
179331356
179362916
179452281
179510135
179714159
179869863
179889289
179959163
179961861
180345459
180354828
180656136
180689485
180906623
180968289
181384098
181501600
181591388
181940382
182100454
182531695
182567817
182677450
182702711
182845136
182859425
182914259
182971167
182999926
183135292
183147668
183216047
183253115
183434003
183467820
183553095
183643132
183769953
183773141
183835835
183857497
183864473
183980880
183991924
184196983
184387487
184432448
184515395
184520937
184641439
184642140
184706323
184753573
184781995
184917837
185061472
185087228
185127500
185312768
185719112
185939960
186234371
186260891
186312870
186853630
187356597
187369062
187713798
187910262
188013206
188174656
188187346
188197162
188417498
188479911
188750587
188774116
189054344
189074547
189585089
189719180
189794529
189826036
189830351
189993981
190058631
190215647
190259654
190344367
190405739
190503543
190545628
190600911
190651047
190705125
190787744
191007975
191022509
191077068
191288074
191613784
191663133
191787753
191839926
191903964
191952592
191976139
192006498
192257569
192264297
192267183
192394854
192530794
192549576
192569350
192786121
192879044
193214506
193220333
193272799
193273584
193369784
193464229
193477958
193499516
193565381
193573417
193729150
193951698
193975006
194037606
194144094
194281950
194309090
194470460
194563878
194656208
194668863
194723573
194951323
195028700
195144830
195156998
195365662
195442467
195489406
195640159
195715702
195775271
195831746
195996898
196029244
196120235
196184305
196383032
196412389
196429532
196492122
196573852
196587431
196634157
196749600
196759889
196782978
197035634
197041001
197223106
197230247
197429025
197433399
197501089
197628665
198044458
198106546
198128673
198146761
198164749
198211208
198308415
198393530
198573325
198695976
198710421
198719699
198728873
198729335
198796472
198880765
199256367
199374946
199497035
199617715
199845922
199988659
200010334
200068953
200149842
200250535
200280029
200295956
200329227
200482317
200605892
200652994
200837651
200971862
200973501
201087740
201202091
201309946
201790418
201832283
202190154
202400433
202565747
202718681
202931639
203126390
203169780
203229498
203381791
203415597
203529027
203585197
203899115
203979722
204048715
204076380
204159408
204221388
204228555
204232783
204270097
204437884
204441764
204492464
204660428
204776165
204785654
204827715
205030297
205068613
205382358
205466440
205653216
205745123
205767314
205813547
205955320
206258808
206288184
206517144
206522780
206525504
206694866
206813155
206881173
206884356
207284639
207291959
207294255
207342025
207400067
207784224
207835560
207944895
208015110
208135353
208461128
208557330
208833449
208847026
209363488
209431872
209544151
209692438
209775289
209784402
209850075
210160500
210331374
210392839
210397454
210506776
210680820
210748709
210975680
211053434
211236495
211414963
211582791
211652573
211803355
211911080
212083439
212326101
212450868
212634988
212650114
212654384
212741029
212850699
212888829
212998758
213043366
213089642
213133247
213330261
213344321
213641017
213869810
213894078
214011467
214048670
214144542
214171017
214228317
214230835
214379300
214408473
214427406
214489234
214537576
214631629
214835073
214987715
214988943
214989059
215094780
215234091
215268642
215434467
215624362
215673059
215711590
215726627
216162013
216318818
216441834
216609747
216612271
216726584
217282941
217301294
217304649
217475130
217613756
217667456
217740403
217792570
218004551
218027107
218258467
218303828
218451065
218560111
218672094
218696280
219028243
219131850
219327725
219332494
219474711
219475114
219587468
219662841
219671465
219687593
219711047
219851753
220052324
220183509
220185524
220210198
220498717
220557554
220718580
220719819
220779106
220884771
220919886
220953724
221043015
221144651
221266997
221285282
221514668
221650195
221775018
222209602
222254444
222262378
222269840
222282341
222283374
222288523
222388737
222539635
222559744
222611003
222676213
222810637
222895323
222942127
222963795
223107708
223137866
223167476
223399546
223409838
223438925
223528669
223897212
223900780
223952482
223953587
224037792
224077111
224137493
224168108
224308972
224340972
224383141
224590243
224628086
224663136
224700743
224705495
224788758
224893672
225015655
225050665
225161286
225302976
225317073
225352096
225420796
225651268
225664515
225680558
226166655
226178332
226255292
226357787
226545605
226850699
226864514
227016638
227112581
227328631
227434630
227462378
227609043
227651831
227655506
227658098
227770076
227904145
227933764
228083727
228154053
228168579
228282980
228314847
228325237
228516720
228537151
228645284
228658263
228989620
229112317
229116540
229126624
229193650
229205732
229223039
229521183
229658988
229706982
229769192
229913228
229978578
229995141
230076317
230169813
230284461
230380679
230404468
230863603
230972735
231142598
231161585
231185423
231242272
231325429
231359707
231410138
231503519
231723802
231745701
231959213
231998264
232001297
232153802
232285837
232305395
232316398
232436732
232645174
232648107
232780498
232824206
233004125
233466460
233747114
233785684
233857312
233933136
234050481
234298869
234700462
234715225
234730297
234779284
234836428
234950935
234976320
235075970
235624713
235777229
235788649
235805067
235819612
235826339
236138420
236292211
236424664
236493236
236508551
236574057
236602605
236816640
236843225
236908383
236927505
236940955
237221139
237409896
237501918
237515250
237555349
237663497
237753521
237767184
237795776
237899790
237983360
237995562
238078349
238227651
238360772
238465718
238501792
238596534
238673293
238703755
238730148
238858070
238931770
239024842
239194645
239455275
239737018
239848988
239946065
240013348
240089467
240308124
240318701
240503311
240551216
240568624
240715059
240771258
240812084
240844029
240932138
240963781
240990814
240993767
241053495
241066209
241084828
241113007
241183337
241221259
241413561
241561805
241600767
241699664
241832645
241851411
241900558
241993582
242025552
242107923
242228750
242430322
242699880
242916571
242982064
243161332
243203562
243237308
243320296
243395206
243400732
243484852
243662087
243734180
244003512
244251569
244288855
244430901
244485117
244555844
244611395
244661417
245046655
245092006
245360240
245380576
245485862
245489969
245532067
245717649
245726763
245742592
245759715
245912075
246090986
246121942
246187912
246326131
246398911
246501231
246557139
246596709
246610481
246644063
246894746
246895111
247026305
247040070
247199530
247454397
247540872
247802128
247832982
247899445
247944763
247957261
248009284
248023140
248174215
248245538
248320133
248433407
248506074
248571567
248613681
249037941
249197972
249258742
249380573
249412336
249531640
249535167
249560734
249667491
249762690
250051559
250125249
250153019
250181098
250307949
250358024
250385813
250487652
250548873
250656547
250688311
250818733
251013925
251054202
251123594
251149958
251255440
251267468
251346637
251470820
251628892
251781015
251963555
252009597
252011642
252141588
252206164
252307988
252311940
252325543
252416215
252532748
252549110
252562934
252713572
252735289
252760260
252806541
252874725
253069263
253250227
253433175
253434845
253640026
253649808
253839863
253939448
253985437
254096291
254106599
254170849
254224214
254323056
254392745
254511728
254512824
254540428
254544955
254887948
254890228
255083367
255094465
255209421
255214706
255264123
255305675
255312316
255408703
255416680
255527428
255549382
255652842
255714123
255716447
255752321
256119317
256233113
256498527
256678241
256727410
256746336
256782426
256823823
257013975
257155781
257173499
257248436
257287034
257667837
257749696
257903483
257943222
258109878
258411808
258539008
258540540
258651946
258679355
258705117
259150205
259155153
259322648
259706999
259775095
259916989
259931343
259996342
260048341
260783309
261100389
261166459
261188320
261237825
261439842
261621557
261764768
261853433
261864209
262221834
262278978
262294130
262496871
262518095
262945826
263055245
263143170
263161544
263284366
263320952
263353909
263574958
263731584
263821855
264265832
264424959
264468759
264488609
264729065
264800694
264814898
265023122
265613736
265678609
265683478
265693365
265703667
265703878
265905479
265959149
266430727
266525958
266708857
266784075
266810456
266903943
267000416
267038366
267039084
267080720
267162471
267437859
267663284
267683841
267725792
267811756
267882732
268186606
268219424
268224502
268373575
268438726
268677839
268715591
268728949
268944040
268976675
269163960
269257118
269426235
269604652
269713377
269746251
269878889
269936518
270029833
270065031
270135365
270298220
270348948
270366381
270567722
270612203
270640158
270700121
270891926
270911498
270933277
270959922
271119466
271300439
271325253
271498268
271523709
271617423
271780614
271786132
271794425
272043174
272064021
272177221
272182930
272192361
272204321
272701558
272718532
272746108
272785709
272822518
272881691
272929727
272936140
273207590
273258357
273546265
273548572
273864577
274223706
274345539
274449353
274556232
274680894
274708770
274817822
275034937
275498810
275727160
275843502
275850118
276346803
276347389
276501320
276598299
276606901
276669969
276782026
277001891
277369409
277469731
277560279
277691860
277706795
277715295
277834964
278009642
278083864
278146714
278498037
278534706
278678538
278724288
278771160
279077250
279090458
279927225
280140739
280198306
280241144
280262009
280329665
280708784
280746046
280924465
281141320
281144421
281145971
281319856
281321994
281353545
281421551
281447591
281511470
281561838
281579518
281725664
281953707
281996959
282016498
282196082
282202785
282291560
282320000
282468084
282594410
282877561
282879895
282958860
283058196
283322312
283748763
283777344
283975640
284054135
284252270
284277078
284364881
284391498
284450678
284458671
284511543
284635734
284652381
284677353
284679773
284763672
284899966
284945925
285216031
285276345
285297848
285321620
285336990
285906239
285910906
286012666
286028238
286042976
286087002
286685893
286729409
286753177
286765476
286901108
287174297
287237517
287261740
287383003
287464623
287528361
287611955
287688117
287716280
287851011
287913824
287950866
287977349
288027083
288104792
288222086
288283935
288291863
288468377
288616272
288718057
288914208
288951073
288953688
289082229
289154770
289170181
289340898
289421692
289450405
289583708
289608393
289871704
289996033
290140536
290169121
290181785
290313318
290386201
290518596
290580408
290640896
290681969
291400831
291410248
291669739
291874135
291877642
292007163
292224528
292228984
292371228
292532817
292643834
292778924
292855115
292887627
292894337
293445265
293685464
293699116
293805192
293896660
294109968
294180189
294187976
294388427
294552798
294639972
294658681
294666256
294688229
294774679
294794031
294893686
295036087
295040448
295059903
295176109
295281643
295334716
295355587
295502977
295707236
295738272
295786538
295832975
296038760
296061945
296141656
296142277
296175389
296472361
296524216
296578501
296633970
296773955
296843544
296867508
296969698
296977964
297032218
297060427
297106460
297135720
297164466
297325918
297657476
297946212
297957676
298009559
298230773
298332604
298528422
298724006
299074189
299379199
299593819
299645301
299663353
299773474
300011075
300047246
300193083
300198927
300416467
300540166
300570211
300590055
300689826
300709490
300975804
301159850
301162250
301177882
301182140
301355363
301377778
301439659
301682916
301864951
301905358
302114479
302203815
302248080
302532421
302678896
302752753
302774397
302825886
302927927
303035662
303288012
303296470
303399518
303553426
303681610
304207712
304242097
304305073
304448979
304524900
304591123
304855576
304892626
304949850
304952162
305052107
305094905
305227995
305294871
305307397
305404443
305405402
305435344
305603007
305695390
305725118
305778107
305924640
306041637
306209217
306262454
306297537
306359582
306538347
306941112
306951053
306981499
307007592
307417044
307526360
307571931
307572103
307696614
307753426
307845102
308156930
308190976
308282778
308391229
308433798
308562673
308776520
308799667
309113777
309146856
309394001
309447097
309584125
309612010
309802219
309824133
309831388
309894294
310070387
310089990
310156541
310335735
310437440
310575414
310665254
310690540
310737288
310941926
310977534
311217651
311218025
311328017
311334222
311509979
311760819
312176270
312271321
312324670
312335131
312383460
312837887
312930243
312934559
312997629
313129526
313212590
313390687
313635947
313658904
313675289
313678494
313767252
313785192
313811679
313862868
314016400
314132634
314181881
314321192
314390866
314427188
314476389
314519195
314630358
314656610
314730675
314793101
314925543
315083514
315118645
315124955
315134201
315135897
315141490
315145311
315347206
315380247
315463740
315541335
315753443
315910977
315984603
316058554
316061494
316369522
316614734
316815277
316985555
317174217
317238419
317551093
317577851
317619754
317689862
317768457
318065264
318072179
318142421
318325019
318434889
318454794
318478254
318572961
318577644
318639998
318652560
318798296
318867319
318871706
319094787
319625642
319952414
320073257
320081911
320087612
320096844
320163543
320216935
320245360
320297602
320304253
320348555
320363944
320567989
320805454
320819149
320911771
321200775
321248496
321349959
321455760
321540421
321655288
322120658
322240358
322295909
322494435
322566548
322579173
322855341
322989079
322994894
323170150
323508709
323586483
323729458
324090532
324101861
324133574
324198046
324291312
324480019
324671281
324705546
324800863
324807375
324883542
324901463
324918949
324978221
325152601
325218171
325315492
325441972
325528657
325616299
325657356
325725672
325980275
325996120
326359287
326461431
326572791
326676919
326688756
326797440
327014911
327059499
327069169
327125334
327234460
327352188
327388560
327492535
327696935
327738906
327770940
327787664
327807179
328082612
328144071
328168241
328171396
328389999
328563368
328564699
328570448
328624100
328917160
328943146
329248764
329330088
329346799
329597645
329604228
329785886
329805970
329886216
329928544
329994266
330040111
330063769
330074000
330519955
330576384
330594916
330614708
330645967
330735903
330945539
331693747
331722544
331997568
332059940
332141415
332277467
332291523
332395850
332463732
332465247
332650388
332769865
332918115
332977395
333132651
333170734
333196865
333207878
333292765
333378919
333387353
333397000
333497997
333623503
333756738
334236584
334308749
334316793
334319882
334405806
334480404
334765272
334795279
334841672
334846288
334848196
335094808
335138847
335226574
335453902
335461623
335519772
335683561
335685713
335710988
336017436
336029126
336056932
336174097
336242812
336294067
336321993
336392658
336470472
336523937
336525767
336803354
336910868
336912104
336952673
337283761
337460515
337479056
337517441
337529934
337543574
337571363
337639393
337728596
337767269
337847916
337859825
337878975
337892266
337924923
337965092
337976873
338019956
338101442
338226572
338380616
338466355
338471943
338525750
338893204
339001851
339077549
339240218
339282675
339331953
339760397
339848970
340023575
340043073
340092041
340146271
340403804
340491126
340498949
340507348
340625053
340693550
340916489
340934586
340972058
341013284
341025425
341048618
341115676
341161260
341184875
341393634
341518443
341729950
341744911
341778512
341893668
342021453
342113546
342344855
342385237
342497439
342722428
342732383
342823873
342853525
342966995
343081689
343148069
343209495
343251629
343454708
343456573
343654081
343714351
343786023
343790807
343925057
344011034
344104703
344115963
344133417
344448747
344592846
344903315
345867310
346036574
346037385
346185127
346347103
346492182
346572813
346586510
346597811
346725547
346906417
347055702
347073485
347079564
347152686
347190055
347205992
347221683
347456756
347656446
347938303
347977659
347992302
348059188
348077269
348188365
348188990
348200853
348321759
348362424
348375390
348393991
348439922
348463117
348979494
349026337
349051017
349159862
349190753
349271001
349342166
349414258
349416469
349508915
349534105
349535086
349558228
349579098
349585184
349586759
349633861
350105132
350257024
350509164
350568526
350578682
350597458
350634280
350717338
350766150
351009779
351168358
351183806
351508243
351536830
351628726
351726316
351886436
351913092
351961144
352036645
352146441
352325155
352344205
352638512
352734029
352827700
352847825
352858314
352919297
352932572
353014734
353048938
353137973
353175925
353227351
353412948
353640828
353747816
353753748
353800233
353959265
353959569
353987402
354022936
354035356
354263707
354321471
354453442
354468616
354510600
354872957
354930286
355129229
355191897
355216783
355243303
355252530
355261098
355378581
355401609
355409318
355503471
355536427
355554062
355584039
355615428
355615518
355632601
355846186
355906569
355990387
356117729
356192064
356300166
356301686
356322803
356475971
356660856
356766395
356784486
356879192
356888984
357118008
357305678
357345335
357354506
357400264
357497288
357557970
358036655
358185893
358386320
358474610
358492757
358505388
358532589
358862358
358923803
358924065
359017147
359077657
359798623
359822769
359884082
359925379
360057527
360148111
360153148
360351417
360371630
360455112
360512258
360743505
360771928
360859330
360866927
360928078
360986390
361005474
361082586
361125302
361194210
361196280
361225408
361398670
361478931
361522185
361607480
361670812
361768306
361804702
361821028
361835457
362081731
362217489
362362170
362429882
362445030
362527576
362558607
362604852
362611766
362669330
362729911
362785318
362786423
362933489
363006166
363012659
363286037
363731793
363828030
363858989
363887350
364216612
364263678
364287516
364394362
364791809
365396308
365415806
365506772
365707963
365783312
365846092
366026174
366109796
366121646
366138401
366356519
366371345
366432859
366477695
366581386
366772441
366923543
366936856
367064923
367080403
367263736
367308442
367346499
367545222
367796337
367985793
368305988
368346192
368495272
368676942
368806164
368881313
368988853
369024959
369323354
369336202
369403132
369407376
369636403
369738251
369752158
369809090
369886892
369972788
370006809
370052770
370141872
370268883
370677369
370818204
370886243
371196792
371417568
371500481
371611262
371823579
371974960
372064435
372155101
372221790
372491961
372545290
372649804
372653072
372752563
372891655
373097660
373225891
373403609
373853930
373929505
373979426
374091592
374220105
374241123
374264409
374319009
374758790
374823867
374949678
375017178
375038569
375370790
376046279
376087118
376089637
376117765
376129757
376182643
376202615
376528437
376655166
377052091
377118476
377127498
377269271
377497223
377563565
377634025
377739475
377774884
377890796
377920280
378086216
378120164
378144585
378177657
378316843
378392658
378524507
378564047
378652346
378685006
378705295
378740873
378880783
378917305
379049817
379081927
379087308
379113497
379309103
379338741
379383724
379395801
379610527
379786840
380024625
380033740
380146140
380334401
380396304
380464583
380467721
380664478
380688842
380740235
380867153
380876414
380932186
381067185
381078741
381147065
381410833
381508795
381539119
381549199
381575912
381577296
381579675
381661346
382102851
382189356
382425540
382477353
382640099
382809619
382810639
382876572
382913336
382925637
382994542
382997691
383021425
383036831
383041915
383158341
383332844
383362844
383396992
383505025
383516073
383528770
383779738
383995260
384006749
384071832
384129785
384225105
384359195
384587360
384626544
384649797
384773620
384910611
384997644
385167152
385311719
385526813
385666879
385706149
385918195
385937643
385998333
386080998
386218307
386230760
386337583
386452403
386475654
386541952
386578106
386681454
386777447
386947587
387186237
387217989
387383112
387430080
387487980
387549033
387598766
387648069
387709896
387904590
388196472
388249118
388501855
388523980
388545012
388546794
388645308
388887509
388974662
389041605
389047573
389169797
389205655
389221367
389228658
389314290
389369925
389425046
389433524
389436904
389457138
389676713
389690347
389836753
390125096
390310899
390403447
390421930
390499225
390524188
390644053
390766399
390913666
390980542
391019301
391149816
391190883
391264677
391431976
391647139
391699325
391959666
392148109
392278483
392366354
392452247
392476642
392528013
392682564
392915760
392972860
393006048
393172027
393195415
393239714
393249396
393258057
393460311
393634724
393644883
393645618
393677243
393758151
393795502
394014360
394069058
394106206
394275983
394285448
394324976
394338209
394557689
394647817
394685670
394724041
394795291
395163952
395331131
395386875
395391207
395402206
395601986
395684115
395717897
395761817
396086778
396371294
396571341
396747977
396805999
396865249
396922604
397067878
397210602
397213126
397383168
397435909
397484258
397501822
397604951
397606857
397695018
397824694
398052385
398061229
398133403
398367064
398409416
398430630
398458341
398518807
398621343
398706644
398802328
398910398
398952294
399042164
399100474
399473138
399598262
399605724
399635287
399670166
399688877
399878891
399954105
400054708
400092409
400176417
400590724
400731375
400902378
400902808
400909222
400997183
401035284
401057045
401081382
401097687
401467965
401488454
401561149
401613963
401663206
401932790
402010047
402239244
402304809
402527138
402588393
402881544
402893705
403019351
403145484
403200669
403237546
403273549
403418252
403429502
403648765
403769348
403840860
403852976
403857152
403897962
403931840
403999791
404069784
404237856
404257956
404284343
404346113
404543280
404827625
404938445
405046843
405068214
405233951
405266320
405305574
405594177
405622805
405658992
405757704
405812700
405819748
405869520
405931099
405974483
406021177
406221756
406575635
406722713
406803815
406966988
407035512
407089641
407103978
407120623
407187132
407206747
407218354
407362346
407395706
407395866
407520269
407648896
407668277
407696275
407727321
407874329
407896138
407940037
408144268
408277601
408277778
408326407
408338565
408489312
408523653
408562864
408645258
408725238
408766830
408800924
408907944
408909377
409041386
409156533
409183364
409234010
409343828
409368269
409464559
409637627
409665270
409830211
409917967
410025817
410074488
410235462
410257117
410332075
410351089
410449343
410595571
410642408
410708779
410840670
411010661
411216216
411369343
411383002
411445069
411503879
411620608
411626259
411694071
412079162
412093316
412266453
412338953
412373573
412443808
412561056
412619844
412942655
412961445
412977742
413053608
413094834
413539649
413628454
413794018
413812324
413879880
413908039
414221874
414321569
415216592
415714283
415770234
416039394
416067902
416236853
416430940
416720835
416765827
416830888
416913059
417250173
417300910
417545999
417600437
417634660
417718658
417766955
417921652
417950340
418170151
418230690
418328287
418458494
418560944
418582937
418761225
418920745
419016510
419036054
419197364
419380679
419459858
419479204
419480419
419547788
419849241
420025524
420260642
420391018
420615198
420650870
420656484
420689435
420709143
420739299
420880261
420969042
421042746
421121373
421378826
421383494
421542544
421770095
421904409
422104911
422256662
422392812
422440313
422456359
422481886
422568136
422632340
422790179
422827504
422992635
423126524
423301325
423337741
423342750
423451116
423466328
423589410
423635673
423650950
423713020
423794523
423960197
424010713
424090476
424141903
424402500
424597704
424756298
424767772
424826968
424921323
424930571
425226089
425363255
425575738
425732530
425742335
425931580
426040931
426224860
426232164
426285083
426482294
426888932
426911419
427078997
427150112
427323485
427413537
427458079
427524987
427573972
427909986
427954205
428018999
428280873
428347977
428423089
428432979
428475447
428563428
428715895
429180686
429356043
429389904
429409828
429480224
429742507
429893647
430065782
430237722
430562990
430695307
430837638
431308702
431320253
431453258
431473298
431479346
431480550
431504941
431505382
431562014
431663470
431691904
431697131
431702050
431895775
431901604
431971706
432136631
432195729
432347123
432440079
432727860
432787522
432900037
433299605
433373406
433537128
433696831
433706366
433828055
433859514
433873002
433904871
433920868
433921443
434141667
434281102
434383440
434392334
434518935
434553204
434818258
435082261
435083069
435099558
435142917
435150185
435205412
435898011
435914983
436024764
436097016
436134535
436341813
436369423
436372598
436436178
436756817
436780849
436917201
436929462
437072776
437233710
437314524
437352218
437353632
437361510
437429883
437659060
437704579
437768538
437870827
437896888
437958583
437984512
438026897
438143545
438145651
438245163
438260320
438279335
438336400
438471805
438753821
438869773
439251450
439265086
439295386
439348029
439643365
439966793
440057400
440090433
440183293
440193165
440464086
440484188
440644660
440654263
440659319
440672974
440986002
441017502
441049028
441156041
441346145
441597296
442055338
442129955
442233094
442332913
442473734
442495233
442864886
442959742
442973001
443043643
443096125
443379677
443406447
443441720
443461296
443473311
443554007
443581390
443626855
443807147
443843118
443876959
443926931
443927565
443963773
444020269
444102142
444476793
444477978
444499107
444502170
444533734
444675904
444811924
444813697
444932027
444969722
445298338
445321069
445387122
445401831
445624175
445773552
445935497
446015516
446088252
446225354
446291140
446309708
446545935
446557171
446559716
446596993
447013744
447022024
447218008
447302171
447338643
447354519
447392658
447414656
447520481
447525711
447689348
447841390
448040795
448111136
448123002
448125943
448148100
448160141
448339955
448390543
448465780
448542402
448575189
448596416
448861039
448988834
449130946
449204585
449312758
449399469
449424170
449546054
449583714
449655196
449877424
450032493
450099885
450234354
450414877
450473681
450476962
450596920
450631381
450824520
450983142
451212437
451233494
451411194
451500143
451551814
451630662
451752640
451758008
451803634
451821592
452290507
452316736
452415438
452569334
452726412
452790493
452866656
452920092
452940817
452957414
453284745
453298522
453311662
453492972
453628365
453654930
453721495
453953636
454025614
454036247
454132790
454156325
454471476
454604127
454680533
454943961
455060998
455105138
455316365
455360862
455450597
455480587
455879861
456020112
456115452
456120005
456406848
456627082
456745681
456799634
456801949
456849073
456953955
457091099
457360664
457382402
457487845
457506197
457600081
457814741
458190026
458249982
458256303
458311708
458753509
458862467
458879311
458993226
459045003
459203541
459387567
459681291
459865162
459875627
459996540
460122077
460228629
460478222
460540226
460938213
460960501
460991446
461176208
461302974
461595578
461693104
461696591
461849022
461937889
461969114
462027037
462036901
462077662
462258759
462346035
462380967
462415834
462663398
462673752
462675084
462813403
462906070
463316107
463332893
463365661
463408147
463416667
463488641
463605390
463664665
463754172
463779258
463946924
464416953
464430120
464551932
464613619
464642639
464825724
464908550
464987913
464998558
465041258
465092123
465164389
465274244
465801288
466311638
466490602
466542343
466665177
466725467
466792861
467119359
467174072
467196302
467454115
467564570
467579932
467731402
467790849
468009648
468025237
468225854
468239208
468263636
468541479
468556284
468773993
468792197
468940182
469084898
469110503
469213164
469334004
469365450
469370978
469497190
469548893
469637087
469677483
470052535
470080468
470203021
470597628
470791085
470851271
471181023
471273378
471307593
471329209
471385231
471678213
471684131
471784033
472116172
472266311
472458568
472514925
472555089
472717873
472876912
473168178
473295820
473362630
473379560
473442963
473682601
473796599
473813118
473831111
473953114
474041557
474097333
474422792
474443255
474696799
475100486
475116115
475198515
475376666
475531568
475565480
475724642
476179417
476276273
476510620
476641502
476745914
476893830
477003739
477116038
477200388
477222663
477285152
477341972
477344064
477618424
477709605
477780135
477838528
477950073
478108581
478339846
478345540
478389493
478546592
478574573
478659352
478692348
478771919
478816355
478986137
479034904
479167683
479242625
479246390
479329814
479371659
479376813
479391496
479562004
479567148
479581452
479589523
479592969
479597111
479754956
479764090
479927844
479936477
479941247
480010933
480066913
480295719
480380386
480382348
480473975
480477483
480664057
480687534
480887965
480936604
481030061
481048861
481218011
481275848
481809050
481811473
481864606
482009167
482136921
482386640
482503740
482514946
482520020
482576719
482596498
482600266
482615491
482656094
482768091
482822559
482864782
482921910
482957523
482979689
483018323
483173778
483420981
483451299
483662348
483923356
484001423
484072035
484416750
484518974
484658761
484791245
485022827
485143698
485146542
485231963
485268193
485367426
485632882
485637080
485860487
486077873
486165064
486327178
486477689
486719153
486741582
486907444
486915767
487015912
487026718
487141994
487436680
487597538
487623211
487681806
487706492
487800742
487805995
487977202
487984993
488340975
488347391
488549900
488584003
488839238
489114414
489117300
489202589
489230199
489281304
489329390
489494482
489555902
489668202
489742499
489892635
490029438
490185930
490202513
490375480
490396716
490494854
490636756
490803623
490903488
490962052
490964971
491411497
491966750
492026387
492029181
492159013
492205107
492342326
492394151
492445842
492474037
492480724
492547538
492614581
492786949
492802883
492832936
492945775
492949128
492951027
492990497
493129115
493171649
493188777
493399437
493584754
493603852
493738038
493739838
493798548
493923062
494395518
494469172
494522726
494617035
494721598
494740682
494745083
494826381
494878135
495468228
495497116
495878762
495890560
496419160
496478959
496626335
496637098
496786082
496937713
497099013
497131598
497205597
497300710
497323497
497412549
497423569
497504610
497577614
497769090
497805654
497981866
498301873
498385472
498408687
498463270
498481852
498619839
498799618
499295686
499506203
499748676
499893633
499997437
500112138
500315086
500329284
500338474
500380414
500526046
500560423
500682168
500808581
500813769
500849084
500912313
501414922
501455212
501650519
501799602
501831872
501889676
501931880
502133257
502141098
502225786
502260632
502267342
502338692
502522889
502573297
502871469
502894583
502900889
503000998
503245542
503250094
503260241
503459540
503511962
503549290
503635725
503652349
503758510
503762193
503797147
503866896
503936531
504201335
504393013
504403634
504415998
504485260
504627426
504654370
504656538
504767652
504845964
504901056
504938288
505249250
505275104
505327827
505543832
505695564
505865644
505918841
505987389
506182465
506449087
506451297
506590485
506614347
506815157
507131367
507340991
507341971
507390935
507420282
507561833
507623045
507711150
507744021
507851764
507924821
508167968
508194925
508236296
508276739
508325313
508581545
508813205
508970454
509055564
509077170
509175209
509222193
509321520
509424498
509526090
509610591
509659955
509702008
509744415
509801837
509911982
509930851
510087012
510094985
510185486
510185900
510200266
510206231
510360227
510381130
510554041
510705639
510774954
510788992
510951641
511004516
511040346
511084886
511358091
511487434
511489967
511526268
511634883
511638577
511980537
511983067
512180065
512189930
512296994
512300767
512307946
512481643
512493385
512847635
512856635
512858250
512918324
512967682
513615984
513627128
513789595
513936412
514285203
514330759
514494776
514634832
514713057
514737212
514856210
514890542
515000907
515015795
515151441
515192055
515267558
515339974
515403618
515418352
515453707
515495536
515514275
515923052
515960847
516290458
516306541
516325194
516644359
516755191
517125941
517280268
517366571
517394667
517419221
517449348
517528773
517944415
517975072
518180117
518398884
518539279
518724694
518808748
518950130
519541706
519578307
519656428
519698428
520174265
520230030
520260433
520335423
520378868
520515701
520816117
520875760
521273300
521572402
522082481
522380979
522545552
522779583
522831551
522837480
522933047
522955993
523051969
523199659
523354269
523500438
523593048
523675470
523735966
523782270
523791649
523820355
523957604
524147390
524228494
524474065
524591124
524605107
524624673
524734012
525022913
525137984
525142811
525230691
525335065
525347587
525533009
525544556
525774008
525887127
525920394
526048628
526082776
526119558
526253214
526294221
526435624
526608068
526663001
526737119
526858344
526863831
526952299
527238037
527311437
527549232
527706742
528029427
528039875
528111465
528290620
528397721
528653416
528888411
529063243
529164275
529286625
529360027
529586883
529733406
529828065
529838264
529917631
529930223
529931590
529949096
530089176
530093263
530098317
530626588
530696888
530755188
530818641
530861711
530866244
531155681
531423362
531436120
531718018
531948973
532048798
532195354
532329630
532477717
532848995
532908142
532944342
533051570
533177524
533302739
533396607
533901526
533907857
533919663
533948482
534000928
534272294
534310046
534505864
534567787
534573059
534686143
534754256
534976851
535170651
535523845
535553101
535575032
536226914
536453271
536460982
536537519
536783159
536869741
536918916
537048159
537101735
537409535
537556278
537558425
537600205
537772873
537889358
538016107
538578696
538777340
538851592
539045205
539057107
539333880
539449438
539501623
539512615
539565046
539686759
539747299
539839687
539866122
539933224
540115685
540167345
540430156
540533678
540647575
540959869
540977188
540998043
541127358
541200562
541224568
541283474
541354958
541384703
541410610
541454783
541494301
541606027
541610774
541665033
541907983
541934819
541976882
542044613
542060965
542107108
542170154
542259035
542364699
542401050
542455413
542469515
542640678
542688684
542981191
543068179
543091022
543096984
543177015
543248494
543596750
543727861
543778087
543799205
543969003
544160590
544167075
544215246
544242974
544386646
544556376
544689075
544768774
544824075
544910008
544969022
545196622
545217623
545529878
545647083
545666803
545809540
545815571
545918134
545926493
545971240
546131579
546469228
546867270
546910844
547151065
547248028
547256190
547287137
547464818
547492048
547615245
548005972
548254913
548382320
548466147
548590297
548758576
548795268
548812527
548839100
548987346
549071104
549251048
549365301
549574048
549823814
549874899
549929743
549971504
550048250
550087972
550239942
550359699
550634025
550685693
550732279
550761056
550870767
550887388
550904894
550932922
550962510
550967254
551165345
551178523
551492226
551662465
551776301
551816512
551875637
551948955
551988913
552050241
552151377
552259890
552321180
552373703
552473961
552486899
552702861
553050597
553075232
553093327
553114009
553179798
553421132
553676422
553679257
553706427
553863725
554123705
554310672
554358975
554476046
554532377
554763226
554786832
554947581
555117337
555148732
555194230
555212638
555298262
555403259
555405244
555432924
555462440
555519886
555554312
555718973
556081167
556118785
556149584
556484211
556487168
556525432
556645320
556922766
556995708
557017704
557241956
557433404
557557522
557655048
557785222
557978549
558084463
558196834
558205463
558293228
558298500
558402491
558454420
558860010
558884640
558899531
558919600
559166690
559342902
559389493
559407673
559445245
559483895
559715009
559995752
560160403
560204226
560284951
560306526
560344125
560465839
560597089
560828714
560901301
561044921
561065452
561276483
561407346
561432087
561439444
561831915
561845286
561929365
561939602
561949515
562035797
562119381
562212419
562358117
562398408
562464480
562721551
563056329
563230445
563296562
563319951
563381701
563431461
563634849
563684500
563701212
563751101
563792404
563899639
563986261
564576034
564617772
564784068
564796747
564842617
564914181
564982608
564983705
565026514
565099507
565161176
565435681
565446653
565489562
565584478
565804127
565885185
566308903
566387541
566424306
566571631
566664990
566754485
566780991
566818794
566931353
567128847
567144328
567327915
567389757
567522707
567622571
567633652
567809063
567943589
568066284
568144408
568236705
568248914
568354100
568470582
568525127
568793945
568817758
568949306
569042558
569112461
569190229
569279907
569561393
569564398
569587064
569654861
569717257
569749681
569757984
569770849
570013605
570164595
570706778
570835033
570852199
570944895
570960069
571550006
571579863
571805404
571911281
571933698
572050190
572059348
572128659
572353580
572600026
572767837
572913938
572938269
573182266
573195554
573220036
573533090
573586901
573614314
573706177
573804512
574009317
574256076
574430253
574523772
574585093
574625973
574649071
574686230
574762234
574924323
575236164
575260239
575441933
575640944
575702030
575717272
575902217
576016439
576194809
576357366
576605725
576741543
576818479
576825667
576904993
577165792
577221972
577234642
577282390
577298640
577435659
577533839
577629045
577663427
578128555
578282203
578319625
578475695
578706979
578774465
578826134
578873977
578929245
579023556
579238625
579297808
579715336
579738878
579840882
579986026
580398489
580581219
580618568
580739754
580833671
580870057
580911627
580933351
580952574
581029998
581228834
581269337
581341387
581342752
581365177
581420088
581586917
581587201
581819306
582025841
582198273
582339601
582369646
582451458
582784326
582861072
582885506
582936724
582968029
583004044
583140699
583415061
583502633
583577660
583733078
583956127
583963176
584023555
584084020
584357256
584400482
584690563
584706142
584735065
584820703
584838810
584857552
584887930
584926654
584941467
585022138
585041051
585078102
585136686
585368971
585406179
585452941
585682206
586214483
586250975
586288585
586365197
586439328
586527154
586606469
586659773
586823710
586867035
586874348
587077256
587189690
587279791
587316484
587383385
587446202
587446860
587479925
587623517
587641392
588374716
588405574
588549891
588636359
588638992
588687800
588964405
588974718
589133129
589149918
589253163
589353518
589357253
589510637
589522676
589601302
589667340
589702244
589759135
589863293
589877393
589975734
589993410
590191623
590207414
590234179
590353232
590383624
590405517
590719224
590764560
590960316
590983092
591023017
591199468
591583121
591628841
591673826
591824645
591895437
592060905
592139357
592149421
592185967
592228839
592331244
592608553
592708744
592712581
592789482
592789690
592821656
592841480
592982103
593230272
593265604
593289248
593411419
593696401
593831137
594008067
594212561
594353101
594414672
594486743
595020948
595101549
595206973
595463499
595491752
595587747
595680095
595918382
595971737
596021194
596134412
596167041
596521230
596615497
596622961
596651052
596676138
596843217
597122654
597147715
597151835
597275811
597290367
597572743
597677390
597735675
597762450
598154133
598174898
598233809
598285275
598381321
598605917
598739911
598747974
598987444
598996051
599069651
599081481
599109152
599260594
599306467
599409597
599482161
599496701
599540916
599573562
599592620
599601088
599645816
599742985
599822843
599834391
599854518
599909931
600065656
600293490
600348439
600559088
600740031
600760913
600766549
600769001
600772286
600920633
600951440
600989404
601022627
601153343
601216706
601451040
601556847
601596058
601912422
602252119
602315567
602338606
602460366
602542028
602650080
602788806
603028490
603075047
603457799
603832042
603883424
604039921
604134579
604330445
604671025
604731342
604975382
605177414
605197630
605250070
605472664
605479391
605481779
605663179
605875467
605894997
605943332
605962932
606093103
606170533
606313729
606353708
606360311
606482409
606712236
606916532
607200545
607329651
607382455
607411669
607514045
607595191
607678946
607758938
607795090
607819267
608032944
608670637
608721161
608751546
608864281
608926352
609096181
609161481
609164321
609292119
609372812
609387790
609388968
609662715
609678063
609718189
609932362
610031587
610266063
610445183
610476551
610505480
610573687
610618826
610676046
610702002
610727361
610786493
611136346
611224734
611304872
611358747
611474782
611524306
611586966
611713630
611790810
611933934
612313253
612767828
612805754
612912962
612927347
612940682
613080806
613139248
613689969
613897770
614018364
614071577
614304658
614452239
614480386
614674562
614876713
615034799
615285218
615300936
615303779
615575003
615620071
615654271
615753293
615898462
615902313
616179019
616259710
616370150
616372323
616388415
616504213
616526271
616609424
616631617
616697670
616724768
616802024
616828619
616828868
617019140
617148284
617322879
617385775
617422253
617517883
617626054
617656440
617657032
617692024
617719310
617943758
618098407
618109565
618326464
618501155
618515008
618536751
618543977
618647320
618692871
618732086
618890505
618912410
618993640
619299069
619346950
619436083
619461464
619558563
619560569
619610499
619931417
619975585
620133154
620214849
620277981
620411580
620436594
620468015
620535613
620777282
620801018
621009220
621127869
621417183
621590018
621706292
621809195
621985162
622002958
622054484
622370988
623078325
623105515
623413419
623570778
623600013
623634517
623688477
623714082
623814424
623940030
624072921
624409987
624885666
625143434
625231435
625291004
625404133
625436765
625542174
625925345
626037715
626108486
626188527
626279464
626315856
626765793
626775950
626838501
626952527
627066683
627113680
627151975
627174329
627243274
627360080
627489340
627702346
627724573
627727047
627814946
628158086
628181541
628213237
628342752
628405455
628674773
628822918
628828030
629072882
629372590
629405545
629431789
629520020
629566337
629611180
629724778
629786900
629819989
629852336
629933752
629990619
630133018
630219508
630227168
630236484
630383898
630466823
630546683
630625711
630713860
630732543
630804297
631016532
631045206
631073987
631210971
631271629
631298930
631336622
631341423
631350995
631368759
631674336
631837117
631915771
631986231
632131327
632178381
632200833
632285770
632353672
632470355
632587010
632659222
632731980
633254151
633276606
633460811
633462531
633641110
633647871
633823096
633845963
633868486
633907167
633986263
634050416
634213487
634562732
634871425
634930176
634970170
634983003
635114442
635209233
635312996
635834759
635962898
635991965
636066438
636094665
636191189
636266786
636390251
636454220
636471062
636553469
636597395
636648055
636716518
636990459
636992550
637075326
637280896
637295841
637400518
637401619
637468163
637629714
637700634
637825018
637854150
637940829
637985116
638165082
638207086
638402366
638695692
639021126
639034825
639053474
639216456
639394049
639441976
639476856
639638992
639657965
639697069
640147617
640168020
640177841
640569774
640629948
640713035
640780112
640799324
641019510
641138820
641212944
641393330
641400949
641427728
641661748
641716109
641722516
641861186
641879350
641889409
641960781
642052336
642158644
642164577
642175004
642247591
642297958
642337483
642360651
642368018
642521516
642528042
642532294
642603035
642664569
642768609
642780328
642883170
642900644
642917457
643073112
643088731
643189127
643457858
643704902
643906497
644040025
644044414
644164292
644196936
644319374
644471156
644609566
644687785
644714561
644885653
644937387
644946986
645038019
645337528
645339614
645394416
645411616
645446085
645452390
645461169
645493537
645665505
645818115
645924245
645945188
646040178
646186703
646474282
646580826
646849905
646952901
647191773
647237557
647331143
647422632
647575049
647809823
647842424
647916420
647926344
648039052
648092129
648381858
648425730
648474891
648550394
648903257
648910287
648941075
649042207
649059099
649092540
649136182
649148142
649162989
649282024
649303288
649363347
649703082
649849658
649912696
649943244
650023867
650046148
650075161
650310138
650516350
650526248
650644947
650779617
650789031
650872633
650929161
650957577
651064128
651143356
651235426
651447784
651660810
651708338
651970814
652075535
652078306
652155946
652228768
652411024
652426212
652505259
652724999
652734072
652748087
652756153
652828269
652836868
652871077
652930798
653256388
653341744
653425864
653447971
653792297
653973559
654020820
654110197
654189484
654257376
654272181
654297924
654733711
654751312
654874290
655093230
655119033
655246521
655323235
655364517
656074161
656131893
656141189
656165151
656337997
656354894
656443114
656471877
656494228
656535277
656638698
656645077
656717486
656990199
657009836
657108432
657125715
657420526
657547460
657589262
657627293
657675548
657730737
657750378
657937771
657952231
657977745
658062261
658069433
658205541
658361895
658371874
658433810
658466313
658562243
658592205
658889979
658904839
658953608
659230726
659451293
659581216
659588748
659690633
659768729
659771460
659894460
660007278
660034291
660067997
660219042
660330476
660366802
660389295
660458554
660470874
660482568
660844513
660983606
661174759
661207089
661243704
661291986
661484875
661591614
661663139
661852633
661885469
661946709
662023935
662333784
662345915
662352592
662551020
662678509
662701608
662857422
662961567
662966767
662978951
663072459
663310474
663378569
663383813
663417920
663420455
663525034
663546950
663610486
663712181
663778689
663813825
663988326
664035271
664271309
664294447
664362160
664523691
664654995
664656955
664682349
664765840
664767485
664824932
664884191
664996484
665046031
665272252
665280919
665571586
665606868
665615383
665796059
665926974
666039501
666227163
666329038
666380327
666431853
666485115
666522758
666580666
666692717
666710866
666928383
666943036
667065765
667138258
667333974
667506429
667635149
667748715
667766468
668224145
668245222
668281143
668580063
668644861
668738214
668832242
668979142
669144184
669163097
669228041
669316599
669424431
669439889
669443280
669523682
669627181
669668656
669681556
669753054
669789715
669968420
670000210
670135406
670162693
670480001
670525768
670627677
670836713
670884890
671151549
671485298
671524941
671692360
671814009
671826792
671874871
671936730
671979570
672399174
672487614
672592497
672659529
672678181
672836252
672840026
672912934
673000951
673059432
673126300
673142837
673327133
673498520
673510561
673708690
673749337
673771911
673858097
673865408
673897115
673919842
673937771
674138577
674141888
674198653
674356294
674528893
674549198
674839664
674939036
675101005
675139314
675150248
675350984
675516564
675527955
675598302
675882208
675937197
675992121
676120379
676230560
676261763
676304113
676617254
676759402
676779197
676820876
676842490
676878148
676919066
677021945
677029846
677097506
677203754
677398852
677566430
677596057
677632686
677782695
678141840
678228724
678498395
678553249
678765663
678862789
678892975
679209611
679449844
679633266
679636665
679639673
679659539
679838059
679926948
680233750
680309456
680430540
680432395
680599603
680626669
681033974
681174445
681232673
681287672
681424730
681425785
681453177
681581333
681641746
681671528
681684015
681741992
681758649
681808746
681847727
681851838
681892669
682326840
682491758
682822067
682854614
682872697
682890467
682978752
683021872
683041533
683067689
683278513
683346072
683380284
683393464
683418530
683474235
683543231
683670416
683694156
683856669
683904178
684052440
684101405
684135092
684181778
684315251
684343803
684516220
684541436
684736407
684780037
685063393
685126089
685129580
685218484
685401024
685551702
685627857
685643008
685669817
685710325
685927996
685945075
686626713
686757110
686799093
686849998
686927058
686983277
687177698
687240634
687431059
687478941
687544895
687570545
687744726
687750873
687813648
687922871
688053299
688088976
688400714
688567513
688572959
688575772
688597574
688767538
688837124
689112430
689145679
689179362
689222684
689458355
689611925
689640356
689657489
689722213
689882441
690073228
690087071
690159773
690345511
690536733
690695335
690881566
690911094
691122463
691240783
691299277
691436629
691535079
691754598
691755174
691848123
692022778
692033819
692045722
692321084
692442605
692514656
692585128
692598707
692653265
692664118
692760131
692828129
692984951
693135926
693431004
693433404
693504349
693736131
693831368
694477049
694503249
694789908
694810288
694888699
694976101
695086292
695375236
695508286
695539780
695788560
695957465
696135710
696219028
696463499
696541459
696629354
696855512
697067287
697087824
697089892
697102622
697189071
697348351
697394977
697448060
697661899
697670943
697761985
697943926
698032686
698065091
698134494
698152125
698333631
698477143
698487394
698556201
698580483
698651292
698677529
698766498
698832004
698919355
699093556
699097426
699204668
699332496
699372953
699581217
699611676
699639252
699719389
699873811
700088555
700120316
700238995
700317529
700367330
700375166
700378158
700403626
700405380
700545948
700546608
700889796
701113852
701224866
701410408
701426901
701562420
701820380
702063407
702063602
702066493
702260086
702311283
702513778
702653144
702756201
702790915
703090812
703118348
703150100
703168620
703192968
703328131
703436176
703589632
703837182
703923045
704253072
704411990
704528125
704550227
704592179
704633637
704911349
704929969
705309839
705350328
705657719
705687783
705695793
705817864
706030069
706057154
706141749
706403405
706409856
706561254
706829656
706862260
706900205
706957348
707150501
707390444
707745900
707792724
707820838
707824288
708166902
708181759
708237261
708308072
708426725
708446061
708566266
708736550
708778885
708811415
708856495
708863286
708977114
709059916
709121055
709306705
709423955
709436475
709526269
709623689
709668784
709669695
709699679
709773759
709893617
709923952
709982244
710000844
710141772
710254857
710350504
710472185
710479769
710525563
710762406
710905103
710940108
711033861
711076076
711187930
711257137
711310539
711387842
711547082
711683081
711781883
711969870
711991366
711995912
712019359
712061681
712106693
712193793
712527515
712918192
712971335
713140275
713231256
713355801
713490527
713702431
713714285
713951422
713951931
714034796
714051264
714362681
714363604
714382907
714474970
714656203
714666936
714682042
714694971
714712012
714793309
714914074
714956308
715040451
715063617
715393117
715504461
715510236
715730011
715803762
715846103
716124216
716150147
716186755
716308571
716325800
716516123
716583181
716654576
716921533
717008043
717325873
717364688
717631653
717660362
717681497
717750649
717874765
718124679
718218883
718349663
718455617
718513070
718596676
718625841
718722738
718796222
718822242
718943507
719104970
719199922
719253684
719287809
719512016
719516249
719652457
719832031
719916383
720045833
720078031
720198524
720274080
720284323
720330076
720422438
720447417
720491960
720553217
720570819
720600498
720610470
720669207
720905808
720975970
721105482
721201778
721491055
721552730
721573105
721604281
721620415
721739639
721887455
721915210
722023014
722115789
722126850
722151921
722244446
722251293
722289446
722315987
722321729
722453360
722583727
722854999
722859001
722918446
723060044
723127604
723131089
723190462
723216638
723259965
723300531
723712633
723759680
723946632
723984615
724002420
724011637
724043777
724122032
724341555
724580473
724694278
724705757
724733050
724845084
724977160
725001766
725044524
725060120
725121451
725153060
725297111
725673540
725973666
726227005
726489425
726825241
726936784
727180957
727260559
727366408
727468059
727469951
727774821
727807555
727820127
728188587
728378108
728434223
728487476
728895970
728901431
728956504
728967006
729164877
729195966
729281344
729351769
729389174
729430404
729436256
729509706
729510312
729755534
729783639
730058125
730260347
730331539
730359714
730446350
730469489
730635284
730710620
730713306
730876378
731138046
731183190
731228048
731302958
731354552
731376110
731404136
731419022
731486901
731534171
731651952
731899333
731934457
731940971
732121701
732261346
732395277
732405336
732536217
732853422
733062206
733075878
733130417
733179278
733217586
733226327
733261954
733279870
733404136
733453613
733587825
733609474
733690116
733738050
733839435
734030915
734068991
734103021
734204258
734244906
734336380
734409941
734469449
734473625
734482874
734620688
734780353
734879346
734975611
735066134
735082405
735105450
735207284
735287953
735387338
735486938
735534890
735561119
735693330
735787413
735793947
736381127
736411900
736546115
736598209
736664265
737358298
737479479
737587966
737600149
737661806
737673251
737738712
738038317
738065246
738525357
738618607
738663505
738733256
738740340
739170482
739212302
739359045
739506344
739618652
739799824
739819598
739838815
739914506
739964386
739977989
740079167
740151286
740361694
740474434
740572176
741403781
741523640
741951114
741977274
742001275
742030216
742102960
742160216
742191002
742496380
742506433
742568609
742590142
742672895
742682459
743395444
743426038
743540571
743568520
743611465
743748836
743896807
743949340
743965117
743981620
744019344
744160602
744439821
744452178
744573294
744580898
744630362
744718055
744899361
744922684
745087852
745111755
745118414
745170377
745312871
745409266
745433536
745465135
745515032
745555283
745621460
745630206
745768237
745805990
746132968
746136600
746202606
746419751
746591596
746755580
747198707
747259324
747342924
747344368
747401373
747470677
747477534
747611301
747723777
747746409
747810357
747898841
747983066
748034723
748261819
748522584
748567044
748620409
748721836
748874299
749079632
749177593
749432336
749528200
749893502
749943495
749996706
750215671
750351816
750470856
750481305
750625512
750731832
750845434
750918338
751014619
751081119
751165043
751442534
751574561
751692037
751728920
751759740
751783050
751861807
752019827
752315070
752464214
752482085
752509545
752557016
752674857
752804642
752842846
753075366
753581794
753761934
753940262
754152845
754155455
754168186
754328797
754333297
754341832
754355375
754781245
754835940
754910404
755167888
755264612
755266651
755424858
755464542
755487047
755699678
755722307
755865102
755894973
755970395
755994149
756020996
756262767
756311197
756671550
756784952
756810394
757034189
757068783
757284459
757377772
757617439
757648412
757657066
757900891
757902813
757934282
758013710
758046509
758090364
758093388
758375420
758433556
758433985
758448186
758457120
758523524
758595598
758644067
758809950
758907667
759173810
759417561
759418550
759448219
759585106
759800734
759873314
760055440
760183042
760194496
760274894
760301365
760369902
760674679
760916099
760929334
760958359
760980703
761018119
761283905
761527534
761653932
761775983
761786774
761954917
762036638
762057587
762256278
762396649
762671102
763033477
763038987
763107326
763191291
763555344
763903667
764174776
764255146
764258322
764272654
764434579
764516184
764517623
764612813
764617907
764628731
764672036
764697570
764746196
764806184
764825801
764951604
764986358
765023853
765086997
765146342
765164764
765229657
765420729
765437611
765455863
765539937
765549097
765564001
765619081
765842705
765876364
765933593
766038550
766186573
766260661
766371824
766432100
766566165
766850752
766873372
767061486
767313177
767431615
767451178
767470714
767579466
767779248
767994008
768028224
768180724
768512775
768514594
768558423
769074298
769139194
769164192
769270593
769482211
769702709
769746138
770007195
770039345
770051376
770354571
770356902
770419653
770465148
770531262
770576031
770578483
770803600
770909227
770972290
771012955
771047158
771156568
771302782
771666200
771729349
771839048
771973910
772038691
772148015
772160337
772212820
772261890
772488198
772537303
772574234
772638485
772748218
772804533
772840900
772891034
772948134
773225871
773490881
773817533
773859264
773971420
774059342
774067121
774147185
774328374
774400734
774412787
774469543
774485567
774790286
774837074
774865680
775044469
775064456
775116958
775438948
775818433
775921932
776068351
776116250
776238728
776282500
776382683
776655728
776888450
776890794
777010238
777023982
777079887
777170595
777176102
777207133
777293654
777388310
777400023
777477333
777577078
777594257
777698743
777776742
777817104
777826050
777955963
777980618
778038645
778075375
778266525
778280575
778281407
778428044
778432374
778553022
778858558
779081129
779221923
779223982
779273103
779405592
779467184
779724775
779749221
779895688
780340808
780418269
780801192
780903753
781021290
781043635
781095574
781226141
781247462
781641866
781730572
781887906
782048025
782062151
782362955
782447387
782535896
782645611
782663431
782839105
782840272
783236244
783251009
783326257
783342258
783357070
783429281
783443930
783491372
783657734
783679925
783762788
783898466
783941617
783994573
784117934
784490118
784557138
785042223
785046805
785166136
785170157
785251525
785297864
785441967
785620991
785674542
785732080
785998133
786005343
786207255
786236036
786285071
786520937
786582013
786681347
786822080
786871852
786898270
786937020
787106618
787315578
787349187
787367609
787397786
787484139
787489251
787507421
787585105
787616552
787700580
787712029
787884368
788034958
788480785
788632570
788758183
788791289
788845869
788958429
789063391
789200337
789389296
789670852
789720358
789824525
789839219
789862467
789925147
789932527
790089312
790123430
790163139
790455979
790695422
790918878
790948036
791292424
791523913
791708142
791731763
792227734
792283445
792441499
792495028
792576751
792579383
792838835
792998597
793008181
793009162
793404753
793426653
793624511
793658857
793931717
794347377
794557729
794720595
794784853
794854615
795008070
795019138
795160817
795373522
795494669
795896124
796072340
796136417
796194184
796288383
796363202
796586018
796705944
796958704
796999772
797028354
797044450
797116524
797190167
797317461
797588707
797697379
797741100
797765888
797827585
797854937
797913234
797990236
798172993
798278606
798329515
798464506
798489660
798491604
798573676
798641292
798746241
798753778
799031791
799096707
799157242
799358227
799366517
799437856
799466875
799720804
799739337
799887175
799896790
799942941
799966671
800041166
800229766
800264950
800348569
800559857
800646896
800693579
801029133
801228780
801297631
801530950
801707855
801760604
801827603
801998533
802177061
802201153
802241284
802477015
802563397
802622187
802649208
802750315
802803827
802930627
803045381
803077749
803106682
803135913
803158180
803185835
803515398
803664485
803684172
803778945
803807533
803899873
803933033
804148016
804393470
804451852
804482661
804675283
804961323
804970548
804984785
805119895
805138126
805201136
805217956
805250105
805278201
805561724
805569342
805672368
805746606
806025630
806169513
806342592
806524431
806586216
806750240
806935548
807169917
807209146
807493578
807530650
807655618
807671057
807692429
807823706
807824583
807956109
807980389
808137971
808149128
808328904
808739344
808789757
808856034
808960067
809030672
809198081
809200224
809448404
809749890
809821629
809848014
809857508
809903882
810055543
810103450
810119501
810437361
810443465
810472911
810707435
810912322
811040669
811122744
811213418
811366054
811455391
811605057
811696696
811937548
811994162
812003560
812058292
812159563
812160290
812359940
812524619
812686782
812735943
812757905
813061304
813071208
813115677
813237421
813299571
813437893
813479243
813489652
813851019
814414775
814502538
814612702
814884114
814957445
815078176
815396259
815473354
815696808
815704267
815725068
815784317
815787139
815821781
815997356
816098549
816103115
816134336
816220433
816300667
816346850
816376627
816457437
816474342
816483167
816636239
816676068
816688762
816924041
816930505
816970223
817016039
817048085
817389994
817550935
817557484
817582317
817657424
817677787
817681798
817689359
817785032
817996377
818063886
818121212
818178121
818606070
818675745
818772385
818782374
818789925
818809284
819021399
819069561
819230148
819310858
819336573
819409390
819431116
819512544
819683412
819753285
819812889
820072469
820074185
820228102
820315270
820356006
820369794
820718646
820936296
821003274
821004834
821012953
821134223
821239157
821337615
821351876
821417601
821472452
821829649
822443479
822677009
823101893
823201777
823427783
823564646
823803682
823844414
823905342
824175862
824264668
824440451
824466104
824560172
824839124
824911491
825398101
825435286
825544368
825633426
825721334
825752633
825820238
826032311
826186788
826199788
826204799
826398953
826599992
826648352
826678990
826717971
826747700
826852385
826869377
826939502
827061226
827063929
827398292
827692708
827867496
827950667
828021665
828180647
828472797
828542043
828559860
828827252
828844487
828858051
828878003
829085782
829157539
829206061
829210117
829233965
829347621
829369573
829419157
829537994
829775461
829888154
829889032
829981382
830002484
830082535
830144315
830209473
830622867
830750154
830759039
830775690
830859915
831072920
831086376
831228824
831301298
831349255
831418077
831420586
831434653
831470084
831630361
831657806
831705905
831714293
831949147
832216153
832239511
832699147
832763639
832912542
833041145
833111027
833156482
833182938
833574402
833766535
833914287
833920790
834102319
834132230
834164239
834190251
834300006
834350795
834508942
834580567
834794019
835020816
835081344
835142912
835178051
835436254
835555467
835838389
835849354
835933191
835984116
836058822
836088783
836114028
836157123
836185541
836301376
836440719
836463965
836465448
836494405
836503189
836683714
836789105
836953945
837280193
837449503
837668155
837813419
838144840
838294106
838397682
838482993
838521776
838607582
838618783
838647076
838663142
838665572
838854217
838880960
838941616
839016325
839054377
839155726
839165512
839215585
839253230
839284194
839573763
839587751
839651473
839653982
839681397
839756298
839764848
839780387
839995727
840059381
840119544
840154635
840193605
840204496
840492248
840496827
840579178
840646247
840957684
840959216
840993746
841022329
841110544
841123227
841387283
841411165
841413884
841590904
841610759
841616507
841888405
842007297
842136367
842152165
842356755
842494897
842699687
842971338
843040501
843185504
843621128
843695340
844085917
844175332
844689507
844804737
844836117
844947335
845091948
845253176
845268841
845299466
845389162
845486439
845690224
845754210
845847593
845959629
845998844
846105904
846114462
846134641
846162717
846274807
846319926
846507709
846544061
846758996
846844895
846870617
846885499
846896593
846993995
847019967
847214030
847239929
847245597
847343120
847362602
847406045
847545755
847551913
847611593
847686883
847694975
847749564
847762109
847975963
848404410
848472837
848745361
848861980
848935296
849243143
849251106
849346995
849388216
849458687
849683861
849689979
849964054
850264626
850319923
850340391
850416872
850497657
850499075
850549632
850553235
850645225
850704529
850895888
850938577
851026324
851343083
851503363
851742685
851776737
851819105
851871008
852063412
852128696
852420644
852475192
852489249
852491023
852636226
852878840
852948919
852997614
853014301
853018260
853019532
853029760
853089371
853408415
853409455
853499959
853863905
854040358
854294485
854442813
854559510
854598804
854714788
854821923
854871090
855034647
855070177
855071682
855191982
855292536
855673586
855752327
855763656
855789936
855816658
855827155
855833861
855863595
855874453
855922895
855923440
856013598
856123854
856217508
856310181
856351919
856461225
856638696
856886114
856908696
857103019
857212212
857274309
857341905
857358626
857401848
857557849
857567874
857570096
857611191
857661185
857765605
857808138
858046026
858173318
858340797
858688878
859133624
859151760
859189059
859249099
859295620
859338120
859755939
859785750
859798711
859879444
859909250
860018022
860089600
860226779
860262275
860418701
860447053
860710128
860886293
861099993
861334988
861515975
861536649
861625195
861641520
862100870
862103867
862181671
862530191
862544032
862580620
863042599
863205073
863419715
863433108
863733344
863835398
864129984
864165206
864172246
864180451
864248646
864302183
864336953
864359413
864841351
864940737
865043721
865231183
865278329
865336453
865855667
865971942
866037950
866042589
866091095
866163185
866266532
866281564
866447872
866459406
866576052
866625265
866773561
866799224
866822388
866833462
867099509
867641854
867647233
867730142
867810800
867984840
868081315
868217934
868254337
868353558
868372837
868443682
868443740
868571731
868712165
868720683
868735426
868780813
868851797
868999761
869020591
869032743
869184685
869331205
869361114
869556070
869619919
869648524
869658507
869740239
869749154
869774663
869903161
870165946
870230946
870348653
870392835
870482961
870527694
870721634
870792764
870939131
871015832
871038301
871046471
871049583
871444995
871467692
871722148
871791758
871877928
872125932
872253134
872372857
872379489
872411482
872476824
872508402
872534800
872965094
873003264
873029044
873076900
873144544
873218954
873312646
873385444
873478554
873543236
873584829
873617427
873686010
874002169
874163670
874169338
874658098
874754666
874983375
875498145
875601119
875613725
875816756
876000672
876180221
876188326
876235691
876260181
876449968
876552365
876623697
876825166
877030219
877100242
877136089
877363841
877384205
877810671
877918784
878019044
878025761
878048495
878072242
878097303
878173728
878174744
878229253
878316400
878379102
878401627
878452350
878628107
878703529
878909721
878985057
879002045
879030524
879264695
879282979
879320746
879495583
879647452
879777263
879982617
880030660
880128119
880160309
880250800
880275156
880332013
880540102
880599521
880682135
880682177
880730502
881194008
881236650
881481179
881487644
881491623
881508193
881565152
881642032
881960138
882161142
882202295
882215990
882229680
882519463
882565971
882574728
882632618
882706867
882712921
882900978
882927813
882950045
882989559
883005938
883102774
883214962
883360709
883383645
883444948
883445021
883583081
884097047
884144967
884386365
884577378
884709900
884711109
884737585
884756900
884901677
885024001
885078798
885089777
885103689
885317151
885336801
885488019
885684169
885809479
885820039
886008336
886080331
886270939
886304589
886416613
886601281
886633154
886679949
886708084
886838446
886853928
886932641
886946942
887023988
887126642
887300922
887385324
887393106
887510108
887581454
887687992
888348928
888468466
888485069
888794077
888808911
889052620
889052761
889079431
889403248
889557654
889756228
889883442
890070589
890209164
890255232
890376250
890522249
890584399
890788724
890820412
890949844
891241842
891285322
891380459
891497728
891612961
892022631
892666250
892747260
892839097
892874528
892905626
892939478
892975738
893207034
893220993
893363127
893381434
893446477
893564232
893596887
893699336
893753475
893864706
893924951
893969863
894155938
894171291
894259479
894415400
894582574
894883189
894895167
895205362
895371396
895385631
895413829
895646070
895673061
895909156
895986599
896224668
896456912
896472780
896474124
896489835
896514126
896539123
896725632
896763095
896899282
896909349
896935975
897330078
897373163
897406620
897441280
897473723
897832299
897847316
898324597
898420896
898768160
898911418
899514734
899517171
899572957
899618617
899842046
900015407
900274518
900471207
900483795
900557251
900652449
900701602
900798532
900899851
901162505
901259475
901267579
901298089
901661996
901728536
901804964
901965162
902053007
902161054
902315640
902437325
902465958
902473719
902535838
902820625
902862773
903041962
903140100
903287042
903436894
903691206
903761166
903837233
903967809
904113034
904216615
904277403
904300789
904662004
904804073
904974407
905041787
905273359
905273360
905536063
905689575
905756226
905842204
905915916
906049460
906059178
906303581
906339813
906453967
906474774
906629215
906673473
906764546
906794133
906882681
906919753
906921204
906997577
907074318
907262274
907336041
907806628
907938931
908052114
908264714
908551174
908561166
908642867
908703752
908798930
908804943
908807365
908977081
909023011
909221078
909407931
909442457
909507439
909561667
909679515
909802507
909884441
909923891
909955452
909957238
910001910
910190823
910254899
910295947
910636660
910649111
910680998
910894169
910942744
910952666
911100874
911149844
911179752
911381739
911700633
911904572
912007857
912164787
912388681
912562671
912715512
912798646
912826149
912915691
912963782
912988061
913212249
913359719
913584243
913587068
913591699
913637335
913915469
913970062
914063479
914102958
914350628
914476824
914620427
914704358
914749643
914771617
914861211
914882627
915120784
915144662
915191114
915279241
915322822
915333855
915431842
915492563
915521750
915586978
915588322
915655511
915661220
915750025
915789030
916074075
916191104
916376707
916384271
916407868
916465306
916566839
916677565
916879556
916942915
917088609
917345408
917595219
917682719
917744770
917882244
918099347
918537396
918590522
918657573
918801892
918957491
918980122
919026904
919088871
919140018
919147474
919298685
919302726
919314175
919318992
919643519
919817207
919842196
919846945
919994035
920017469
920082524
920087396
920386160
920421830
920424198
920719617
920754460
920764593
920784315
920925130
920974612
921055727
921165795
921419723
921432803
921689589
921718017
921764106
921837628
921915609
922119867
922123157
922272233
922331057
922349319
922455681
922545862
922573852
922597621
922617273
922890609
922986946
923010625
923136802
923212680
923518029
923561996
923703054
923723903
923766216
923825897
923841595
923915276
923957220
924075847
924119389
924196914
924275750
924453226
924494418
924509742
924547444
924637847
924776017
924832494
924936877
925027251
925144708
925279412
925307004
925331036
925384152
925502973
925571250
925791066
925965792
925970087
925976376
926057587
926210090
926436225
926545639
926801416
926840866
926933275
927065420
927318984
927682837
927755784
928030489
928061673
928221448
928389901
928407924
928453561
928607787
928743357
928793033
928818079
929020792
929036892
929056719
929133723
929302828
929397810
929446067
929478334
929584453
929622900
929670620
929741693
929800666
929948245
930018683
930050770
930106999
930401618
930430845
930447227
930500490
930749008
931007248
931089332
931157101
931174169
931265242
931289327
931324577
931375930
931437899
931947392
932212959
932259702
932345259
932444216
932446472
932475760
932832611
933136946
933438237
933497281
933508289
933711905
933739564
934035008
934187698
934283283
934376698
934429540
934434154
934559092
935049631
935070545
935081123
935165222
935340659
935351291
935409459
935616502
935746305
936138634
936215055
936221108
936563224
936598326
936675040
936757762
936759553
936883013
937003930
937250915
937363436
938115073
938264004
938273908
938315897
938360793
938371020
938430063
938592934
938601375
938714325
938900901
939029771
939248897
939431472
939535456
939582480
939834933
939902375
940077139
940158044
940213939
940302319
940337679
940720807
940851210
940981635
941084133
941409686
941493748
941655669
941769988
941894843
941992389
942194426
942236066
942483626
942484498
942537150
942716602
942738592
942776626
942791370
942873929
943001072
943024708
943166099
943458855
943480865
943692974
943738162
943752878
943883748
944149347
944187379
944229611
944358002
944473592
944515434
944528158
944660853
944962951
945071269
945549021
945569581
945593794
945619320
945673323
945816912
945817976
946013232
946282637
946311260
946324239
946347010
946475476
946873177
947031159
947066174
947145503
947155758
947210133
947237240
947356890
947391806
947977716
948001468
948062926
948147226
948192144
948596724
948759183
948773747
948951720
948985250
949255471
949279115
949431037
949656497
950020129
950401635
950473189
950508087
950531735
950594221
950761482
950824617
950993945
951156648
951364205
951617721
951847731
952128065
952148815
952162322
952259739
952320409
952353672
952539812
952568475
952692900
952735092
952804307
952929237
952974215
953012443
953229507
953539796
953801504
953939481
953966904
954230136
954365868
954626499
954985870
955134538
955137975
955237139
955425731
955749210
955787791
955860003
955983493
956127364
956193257
956196533
956241912
956296693
956376890
956378175
956575343
956633948
956716176
956771168
956787997
956955147
957029744
957048827
957067641
957232010
957299816
957437896
957484140
957555525
957568536
957581744
957602010
957652841
957767960
957805734
957816821
957828312
957863396
957917143
957991746
958048057
958088650
958090716
958126845
958321403
958338448
958474005
958523856
958811445
958924386
959003292
959448724
959551071
959615533
959743590
959751118
959778517
959903325
960121631
960205414
960364993
960391535
960472643
960701548
960734904
960905804
960935722
961005173
961083464
961204337
961226825
961443165
961603705
961613234
961626570
961703735
961734768
961839135
961937015
962022851
962066751
962115022
962327899
962380237
962507262
962708956
962813911
962900951
962988696
963064086
963264959
963269899
963611194
963701708
963804573
964107562
964131945
964193609
964898621
964986707
965033985
965207483
965356892
965638191
965730384
965732535
965827478
965909199
965910278
966127613
966135938
966174130
966254031
966397846
966415928
966513449
966555740
966696089
966703496
966753858
966835757
967030419
967036190
967095066
967124359
967168509
967201457
967296960
967364147
967393369
967517662
967648330
967802711
967922442
968034282
968099978
968266614
968399959
968529541
968585243
968826293
969021076
969293475
969362001
969510487
969521447
969592143
969748073
969861591
970013257
970122256
970188407
970257310
970530528
970537999
970662204
970838428
970926631
971034066
971042532
971063760
971185323
971266902
971279819
971357314
971563049
971677835
971716180
971757201
971888057
971894313
971953722
972058742
972085103
972199372
972234350
972319421
972625812
972629982
972744324
972966076
973114500
973228564
973252751
973278074
973290954
973469500
973572681
973889197
973956596
974056905
974128827
974166670
974189016
974270135
974286854
974345315
974366122
974368714
974532104
974729298
974754496
975060031
975094617
975203865
975438252
975583819
975682458
975829011
976057114
976293635
976650780
976692223
976707707
976759928
977050146
977065772
977266481
977321820
977476528
977805538
977980578
978073929
978112904
978191039
978276789
978291707
978303917
978306040
978349045
978408901
978429017
978433692
978453868
978966679
979002653
979402694
979748288
979752204
980044776
980181309
980277113
980370931
980419644
980563549
980565972
980572319
980619212
980777335
980853030
980973187
981315089
981454061
981557895
981694606
981924641
982327032
982452820
982596530
982612349
982715750
982851506
982890127
982942506
982964485
983115597
983189710
983208789
983353858
983414251
983570186
983992872
984069539
984108349
984353252
984369568
984395890
984401204
984441554
984549444
984611997
984649872
984690836
984926982
984931430
985000329
985218321
985430697
985437507
985519837
985568974
985687320
985784999
985788206
985938265
985949312
986401708
986549622
986658429
986707045
986741807
986881478
986952496
986952827
986961101
987018776
987150870
987432889
987445792
987446379
987569800
987784163
987916780
988141736
988154859
988156898
988433801
988611606
988629856
988663010
988746272
988778374
988862310
988955312
988992373
989235345
989284591
989426233
989455371
989508505
989545361
989870848
989887873
990151765
990213293
990307388
990328025
990398844
990643285
990763352
990996445
990998147
991103813
991194379
991300224
991400894
991517707
991549646
991555379
991563796
991565343
991677919
991811611
991839965
991903706
992039099
992047274
992085353
992110312
992210231
992217961
992303714
992529024
992588031
992837050
992903460
993043705
993178380
993271436
993369822
993478590
993480125
993503936
993636697
993830904
993997846
994164633
994193244
994418902
994613295
994669530
994751750
994814935
994948868
995239584
995313843
995377039
995508390
995658496
995682055
995833830
995858748
995878309
995939805
996074630
996540527
996619097
996751572
996800779
996813450
996925099
997013289
997034138
997151415
997224396
997244875
997289502
997312645
997338745
997541881
997639803
997643118
997805559
997846958
998245421
998290960
998293181
998354579
998514281
998541542
998616559
998696051
998796636
998841483
998990917
999000385
999023252
999132554
999146773
999189976
999301554
999327055
999572554
999654611
999759273
1000204347
1000326327
1000356488
1000820706
1000851604
1001101790
1001115575
1001164638
1001231484
1001525910
1001541104
1001951803
1002339758
1002339926
1002452115
1002589317
1002650655
1002708148
1003137215
1003204179
1003205260
1003478008
1003478082
1003498899
1003624194
1003642061
1003653645
1003677213
1003918430
1003963519
1003995783
1004109188
1004191117
1004244532
1004264602
1004279286
1004564446
1004713369
1004826534
1004885543
1004957475
1004967102
1005011979
1005037577
1005136959
1005147102
1005417470
1005488787
1005609801
1005617831
1005714547
1005748457
1005983835
1006018871
1006130079
1006216104
1006385178
1006392107
1006439656
1006448476
1006453834
1006462275
1006750732
1006754655
1007037834
1007154177
1007190342
1007216703
1007228128
1007336945
1007571666
1007687535
1007945437
1007966649
1008132670
1008203426
1008331886
1008332690
1008529318
1008551994
1008749258
1008762937
1008796381
1008804210
1008816374
1008957821
1008987336
1008988780
1009144102
1009156046
1009291129
1009322429
1009423908
1009533208
1009663425
1009677657
1009825108
1009874767
1009960408
1010018703
1010242091
1010367444
1010530431
1010591815
1010821469
1010837567
1010960405
1011140207
1011168121
1011206858
1011273282
1011461660
1011874979
1012129935
1012203820
1012362108
1012544213
1012645800
1012818749
1012902792
1013099480
1013146501
1013189773
1013242747
1013296641
1013535399
1013635970
1013695212
1013716249
1013789828
1013842084
1013918117
1014149979
1014168753
1014300087
1014331000
1014668748
1014713560
1014746065
1014771891
1014775808
1014803986
1014826735
1014948595
1014977036
1015023442
1015031162
1015055857
1015321412
1015358076
1015437771
1015499356
1015700124
1015878338
1015895834
1015933161
1016095823
1016153854
1016170891
1016458622
1016504824
1016541504
1016707235
1016783037
1016821975
1016826037
1016872801
1017036537
1017063884
1017306858
1017912294
1018017873
1018047334
1018081510
1018116944
1018124801
1018215172
1018427257
1018516489
1018559966
1018630375
1018886523
1018981380
1019047724
1019159714
1019367914
1019497939
1019594143
1019612192
1019726467
1019839634
1019878188
1019933689
1019963759
1020016750
1020119951
1020200338
1020368385
1020412066
1020437226
1020450245
1020460666
1020808114
1020916241
1020926419
1021045451
1021811691
1021862528
1021906493
1021942285
1022028510
1022062627
1022130750
1022149553
1022198592
1022271074
1022525701
1022530379
1022635392
1022660075
1022674172
1022843522
1022968959
1023038073
1023220835
1023240274
1023287290
1023310004
1023345508
1023472678
1023493488
1023764871
1023818833
1024049666
1024400263
1024468144
1024515676
1024645304
1024687069
1024728549
1024738376
1024861160
1025052548
1025071865
1025117257
1025470487
1025510338
1025601059
1025612231
1025638884
1025911540
1026163064
1026279928
1026310939
1026354305
1026410896
1026512227
1026516062
1026557583
1026687154
1026791584
1026802109
1026930975
1027113811
1027305176
1027341356
1027409940
1027427220
1027580455
1027590333
1027719448
1027969099
1028072779
1028175180
1028182874
1028469399
1028726576
1028917433
1028968242
1028985850
1029048974
1029056900
1029147978
1029380934
1030121833
1030198821
1030209037
1030302887
1030460437
1030560771
1030803071
1030925792
1031130757
1031180393
1031186694
1031191580
1031245875
1031285780
1031492425
1031724661
1031910783
1032312890
1032334896
1032364123
1032636107
1032870655
1033060291
1033102473
1033136790
1033171276
1033231261
1033353096
1033539560
1033576445
1033702578
1033775591
1033829621
1033883277
1033887945
1033899961
1033905932
1034010529
1034060810
1034078962
1034183440
1034197028
1034385649
1034542609
1034567985
1034620025
1034786095
1034813497
1035053493
1035325841
1035514074
1035514524
1035568106
1035633606
1035710471
1035814555
1035942696
1036116851
1036300348
1036618600
1036913454
1036961587
1037080041
1037253861
1037326379
1037376512
1037429133
1037448691
1037627656
1038414418
1038531424
1038553042
1039107639
1039112228
1039116890
1039170443
1039472602
1039480278
1039584810
1039619961
1039696621
1039703462
1039740873
1039961556
1040040249
1040084888
1040110624
1040123246
1040132231
1040154258
1040186380
1040389964
1040732009
1040740625
1040876310
1040959768
1041219392
1041222763
1041246149
1041382044
1041506139
1041536106
1041566914
1041757282
1041856303
1041883147
1041939276
1041948061
1042001702
1042029600
1042047183
1042199989
1042466959
1042500245
1042677048
1042885389
1043108311
1043145394
1043207875
1043236796
1043329628
1043362919
1043701560
1043763690
1043799094
1043853770
1044120484
1044132221
1044179689
1044263708
1044268211
1044660139
1045040902
1045119399
1045625381
1045813063
1046121690
1046149840
1046329199
1046347112
1046387645
1046550114
1046556759
1046620270
1046681467
1046700718
1046812709
1046831274
1046902230
1046935733
1046938484
1046988861
1047020854
1047063986
1047089123
1047158214
1047187373
1047211631
1047287949
1047458575
1047492191
1047519900
1047525612
1047730976
1047732310
1047850899
1048180087
1048242198
1048245796
1048440333
1048457982
1048630276
1048643657
1048838201
1049007140
1049472579
1049495878
1049499249
1049633842
1049644466
1049945177
1049993433
1050123982
1050242174
1050249485
1050500877
1050603710
1050620645
1050660778
1050785467
1050884753
1050904460
1051066770
1051073782
1051094641
1051144580
1051404664
1051405292
1051505794
1051544050
1051590198
1051682746
1051722104
1052174538
1052255729
1052296738
1052409555
1052429026
1052448909
1052507021
1052509363
1052512439
1052837053
1052910269
1052988246
1052990180
1052999039
1053186439
1053260802
1053351961
1053384107
1053442014
1053468406
1053482777
1053975399
1054004984
1054006593
1054172642
1054254450
1054405110
1054449531
1054492092
1054558811
1054677509
1054739328
1054761343
1054809871
1054839710
1054888243
1055211062
1055234927
1055244822
1055397755
1055469536
1055561200
1055570405
1055675242
1055685717
1055686066
1055744590
1055754928
1055779736
1055826376
1055851227
1055908801
1056320801
1056451839
1056466104
1056543359
1056773308
1056957380
1057041169
1057102501
1057273187
1057727428
1057802244
1057819219
1057850235
1058065469
1058152745
1058208556
1058226916
1058533308
1058605604
1058668391
1058790214
1058889770
1058903244
1059137908
1059183295
1059211256
1059427136
1059438332
1059501080
1059505742
1059512755
1059605341
1059621067
1059751452
1059985430
1060084867
1060203934
1060350039
1060393398
1060566765
1060999895
1061101290
1061104408
1061165486
1061177180
1061260939
1061294332
1061321438
1061567332
1061597501
1061634834
1061835630
1061947836
1062186068
1062198202
1062217848
1062335455
1062387716
1062731669
1062750799
1062814112
1062879207
1062941176
1063029156
1063043691
1063119295
1063429966
1063436993
1063495246
1063496194
1063543814
1063744443
1063746757
1064058408
1064092964
1064206854
1064215683
1064661989
1064684403
1064946993
1065024523
1065078314
1065217872
1065270136
1065401154
1065424948
1065429873
1065667700
1065676164
1065762761
1065920597
1065956979
1066017539
1066200835
1066252725
1066344875
1066348997
1066575433
1066761221
1066988873
1067087773
1067382670
1067921657
1068058800
1068194773
1068202752
1068252888
1068255004
1068256765
1068266699
1068277440
1068432354
1068902105
1068921421
1069069609
1069208027
1069350233
1069521514
1069537670
1069640749
1069870005
1069917846
1069997062
1070001539
1070041990
1070065252
1070117763
1070155277
1070435541
1070563574
1070612460
1070615860
1070719705
1070728590
1070812091
1070869662
1070878579
1071150960
1071390948
1071429870
1071928622
1072121020
1072171992
1072205507
1072449598
1072493349
1072493572
1072589504
1072636604
1072760035
1072789735
1072825701
1072835819
1072913650
1072970339
1073037956
1073086976
1073227373
1073246246
1073258508
1073316449
1073362489
1073480876
1073545017
1073606914
1073622338
1073711403
1073796038
1073939359
1074015218
1074015981
1074094697
1074165273
1074484338
1074563782
1074699600
1074764544
1075251700
1075573112
1075989399
1076241804
1076297147
1076331505
1076410047
1076419010
1076590396
1076722095
1076755060
1076767036
1076821385
1076892312
1076892983
1076905889
1076939214
1077009152
1077102155
1077321571
1077526712
1077554007
1077618679
1077851034
1078008520
1078071654
1078152019
1078335231
1078434257
1078638164
1078998134
1079071380
1079096692
1079122680
1079148405
1079172432
1079244583
1079432798
1079531192
1079561399
1080016404
1080195367
1080204004
1080268288
1080291054
1080306611
1080881290
1080901041
1080920005
1081103234
1081110953
1081128933
1081173113
1081314851
1081425263
1081456718
1081659268
1081721233
1081816374
1081817623
1081869076
1081906423
1082015892
1082095840
1082389492
1082465677
1082517386
1082557922
1082736091
1082820156
1082828352
1082880680
1083474299
1083520592
1083537647
1083717303
1083916954
1083975605
1083997572
1084011540
1084046613
1084053198
1084205373
1084233658
1084305276
1084510436
1084655405
1084833180
1084901042
1085349190
1085403020
1085501801
1085656159
1085659036
1085904629
1085948692
1086033887
1086066038
1086134841
1086223741
1086366099
1086584521
1086598224
1086760569
1086778835
1087003197
1087243671
1087332544
1087376293
1087486936
1087491907
1087536621
1087725863
1087857243
1088260082
1088459930
1088644603
1088718805
1088744520
1088957395
1088968863
1088969452
1088984452
1089059119
1089132049
1089138043
1089356561
1089425577
1089430839
1089460632
1089724913
1090121386
1090186113
1090202214
1090236937
1090312225
1090360755
1090669575
1090770694
1090844636
1091007600
1091058062
1091204191
1091220389
1091358420
1091563947
1091633106
1091683816
1091691298
1091714063
1091844400
1091845570
1092118682
1092252571
1092299018
1092434479
1092797975
1093016963
1093121044
1093183859
1093215939
1093257852
1093446341
1093506316
1093587070
1093642123
1093689055
1093728533
1093758155
1093862631
1094397077
1094446196
1094526832
1094596622
1094804921
1094862675
1094943136
1095094103
1095099893
1095137380
1095185340
1095196018
1095403882
1095437066
1095652159
1095880786
1095895279
1096014286
1096038712
1096039413
1096270316
1096274846
1096369820
1096429190
1096471191
1096542450
1096686657
1096973515
1096975730
1097036222
1097223698
1097275659
1097276138
1097290713
1097300639
1097405247
1097707599
1098005866
1098026889
1098038815
1098212473
1098213841
1098283313
1098502789
1098548208
1098639711
1098670493
1098708634
1098801521
1098816720
1098954468
1099126908
1099128414
1099208359
1099374950
1099381705
1099475439
1099484674
1099633871
1099663591
1099687576
1099749530
1099778343
1100129292
1100187273
1100277544
1100466186
1100552672
1100552826
1100689600
1100774579
1101202567
1101381675
1101408274
1101464193
1101558327
1101605213
1102004431
1102088518
1102390540
1102399626
1102510263
1102513230
1102514819
1102543551
1102608409
1103039190
1103063099
1103342102
1103537528
1103557909
1103560644
1103686784
1103767942
1103799051
1103822906
1103975297
1104122545
1104145156
1104148617
1104174764
1104462623
1104488282
1104593919
1104758008
1105032298
1105368129
1105708142
1105773457
1105869607
1106056462
1106060755
1106492485
1106512198
1106535477
1107200056
1107210336
1107253189
1107426990
1107553174
1107592352
1107626994
1107945402
1108246962
1108573337
1108648933
1108899071
1109015940
1109224386
1109521048
1109589650
1109677766
1109701522
1109793738
1109903174
1109918723
1110114018
1110160707
1110359829
1110447561
1110602770
1110618860
1110658609
1111045408
1111297270
1111323616
1111401310
1111674272
1111823562
1112018146
1112066646
1112069153
1112072851
1112375312
1112400838
1112405616
1112413289
1112638235
1112678551
1112696900
1112697088
1112811325
1112970503
1113146315
1113578291
1113767000
1113882156
1113957821
1114023683
1114109044
1114181259
1114416795
1114534200
1114637997
1114977836
1114988693
1115099789
1115134938
1115319607
1115387232
1115484969
1115725914
1115736443
1115770484
1115859845
1116120628
1116180795
1116213019
1116494888
1116576101
1116725677
1116948444
1116969372
1117017957
1117145119
1117413471
1117686032
1117769416
1117866452
1118074085
1118158456
1118365787
1118566961
1118667851
1118673618
1118691686
1118895222
1118900407
1119100818
1119141287
1119215626
1119267702
1119569281
1119613377
1119746835
1119873261
1119880532
1119891753
1119902114
1119939898
1119990935
1120001770
1120004423
1120070998
1120490589
1120514487
1120649887
1120988477
1121071058
1121177587
1121219421
1121316042
1121350735
1121406403
1121476113
1121547987
1121590210
1121681218
1121700168
1121782433
1122199697
1122244822
1122465918
1122639206
1122688660
1123008901
1123038947
1123162093
1123164362
1123258839
1123265789
1123276198
1123510223
1123653055
1123923149
1124140704
1124164578
1124168279
1124191968
1124268630
1124379115
1124450151
1124482916
1124501237
1124816221
1124906556
1125192782
1125221131
1125241043
1125294452
1125454270
1125503076
1125664843
1125687420
1125822455
1125876786
1126074818
1126404129
1126464911
1126465871
1126479319
1126645685
1126794919
1127091919
1127160262
1127247208
1127304133
1127377815
1127530783
1127589502
1127695402
1127700745
1127839357
1128019870
1128044496
1128216900
1128247249
1128370519
1128413373
1128552111
1128701746
1129358152
1129447782
1129518397
1129659094
1129742121
1129905669
1129976592
1130182916
1130201270
1130251012
1130368120
1130485629
1130637409
1130975631
1130987390
1131223891
1131411795
1131435864
1131554177
1131605749
1131871963
1131920406
1131955320
1132728585
1132771207
1132940082
1133039399
1133077413
1133081901
1133085699
1133110255
1133154767
1133172563
1133271079
1133584814
1133679635
1133771497
1133969029
1134082896
1134265797
1134428882
1134479223
1134688108
1134703474
1134728048
1134766654
1134778133
1135035464
1135044148
1135091132
1135296927
1135335328
1135411068
1135411091
1135434551
1135516641
1135699568
1135927114
1136202144
1136237485
1136409655
1136466306
1136501353
1136601652
1136624590
1136734901
1136759120
1136879948
1136885218
1136913960
1137109463
1137123670
1137244710
1137382245
1137632142
1137857793
1138261017
1138365509
1138416645
1138470081
1138509025
1138582360
1138591409
1138643661
1138727551
1138996328
1139016419
1139098570
1139184867
1139220407
1139322324
1139413167
1139466171
1139537794
1139625813
1139626114
1139670618
1139677383
1139808414
1139853974
1139954871
1139976048
1140017422
1140081065
1140398086
1140717823
1140734515
1141110941
1141130130
1141307509
1141471760
1141755241
1142074790
1142228739
1142523805
1142654870
1142749207
1143043562
1143101473
1143202864
1143204135
1143394833
1143462110
1143850032
1143964517
1143975183
1143978555
1144022706
1144031151
1144316798
1144354101
1144666524
1144805169
1144811369
1144993798
1144998173
1145008545
1145101809
1145114835
1145178359
1145357983
1145417994
1145425045
1145539192
1145650690
1145652936
1145885352
1145956403
1146108797
1146458541
1146563860
1146713182
1146967173
1146985759
1147315668
1147360789
1147365095
1147456952
1147458415
1147485845
1147589224
1147719913
1147724806
1148056876
1148124873
1148174287
1148192746
1148335619
1148360503
1148733051
1148768519
1148908568
1149159339
1149586781
1149605692
1149672659
1149738717
1150039588
1150096784
1150125420
1150257519
1150415454
1150559079
1150859815
1151057456
1151128488
1151212287
1151235027
1151260488
1151319160
1151452386
1151782403
1151878972
1152168844
1152189487
1152482126
1152707237
1152811200
1152940456
1153067838
1153592215
1153594638
1153860113
1153888026
1154044536
1154279468
1154512809
1154559079
1154560430
1154842521
1155079228
1155095118
1155188142
1155654189
1155881901
1155893029
1155909244
1155962750
1156062833
1156080844
1156214264
1156593311
1156732950
1156773244
1156787476
1156914174
1156944527
1157111158
1157171245
1157199560
1157399718
1157471907
1157513242
1157616589
1157708026
1157708251
1157762701
1157806306
1157874102
1157953823
1158143074
1158354644
1158368148
1158403381
1158488583
1158665217
1158673560
1158758376
1159135823
1159167656
1159177736
1159321985
1159427714
1159469579
1159603383
1159634933
1159696138
1159702898
1159727899
1159779617
1159858370
1159985684
1159995994
1160085316
1160166923
1160195611
1160287221
1160336441
1160386578
1160478729
1160579297
1160636573
1160765562
1160791481
1160821367
1160863777
1160929149
1160989984
1161040373
1161337809
1161449035
1161457859
1161475221
1161501620
1161515093
1162010068
1162021828
1162375775
1162422380
1162776737
1162894034
1162996158
1162999696
1163059839
1163195916
1163215319
1163313761
1163357313
1163374368
1163393987
1163411950
1163486212
1163805808
1163966763
1164158895
1164165083
1164243751
1164432645
1164550729
1164597457
1164597768
1164768149
1164885156
1165065629
1165177033
1165205298
1165269185
1165592119
1165679076
1165904946
1165936998
1166013393
1166026897
1166092902
1166246422
1166319269
1166382122
1166855098
1166862974
1166901259
1166958612
1166968246
1167342367
1167347821
1167489851
1167550307
1167569280
1167665952
1167710350
1167797124
1167803745
1167834304
1167983356
1168053715
1168061119
1168082988
1168124840
1168151538
1168210402
1168210865
1168477090
1168528151
1168564600
1168621728
1168735921
1168873860
1168944887
1168956139
1169025220
1169093041
1169133651
1169236330
1169238283
1169267053
1169291792
1169440392
1169577382
1169640857
1169671332
1169695891
1169870233
1169976526
1170169063
1170197798
1170283735
1170613586
1170615137
1170634881
1170712196
1170827383
1170856103
1170995775
1171206544
1171238693
1171711346
1171780806
1171907772
1171928585
1172074193
1172151437
1172243588
1172245834
1172282151
1172318449
1172455328
1172492064
1172717595
1172738361
1172865636
1172913693
1173237131
1173243377
1173484451
1173487401
1173544407
1173604849
1173605069
1173646120
1173659350
1173745562
1174118952
1174131780
1174203640
1174203901
1174225557
1174428798
1174483090
1174531452
1174552597
1174651731
1174853829
1174879422
1174943226
1174950749
1174999630
1175493915
1175519959
1175582435
1175609469
1175699579
1175732314
1175751994
1176065477
1176113175
1176349143
1176369902
1176376261
1176592442
1176681635
1176853777
1176855062
1176865341
1176963566
1177045042
1177289379
1177375175
1177410843
1177576154
1177619056
1177756235
1177924419
1178028766
1178040667
1178375940
1178404604
1178417733
1178442541
1178657642
1178753136
1178787191
1178876989
1178930816
1179045447
1179153836
1179174156
1179191546
1179265142
1179352612
1179401816
1179409173
1179637948
1179654879
1180030349
1180237218
1180462744
1180469553
1180547037
1180684241
1180807579
1180887356
1181019903
1181116755
1181701258
1181762438
1181766642
1181823247
1181937214
1181986060
1182057828
1182125603
1182258409
1182269096
1182333599
1182378407
1182643495
1182652465
1182825096
1182838745
1182969102
1182999808
1183026878
1183221040
1183322934
1183514003
1183591839
1183665900
1183807425
1184077305
1184088678
1184117647
1184282811
1184591057
1184626324
1184642974
1184766386
1184831078
1184891004
1184908868
1185163805
1185206354
1185214219
1185406163
1185715905
1185781230
1185857184
1185865660
1185984642
1186048662
1186049905
1186091857
1186334729
1186381991
1186561075
1187020580
1187149705
1187194594
1187239224
1187293902
1187297942
1187382289
1187469301
1187533598
1187656433
1187691701
1187830794
1187952123
1187972482
1188118484
1188120391
1188150185
1188311916
1188313775
1188493022
1188602990
1188654101
1188675302
1188744388
1188981128
1189017840
1189048431
1189058416
1189079918
1189144095
1189145628
1189388057
1189463061
1189550156
1189896870
1189929893
1190350573
1190369123
1190489875
1190673910
1190677737
1190683140
1190740728
1190852156
1191039274
1191046065
1191047749
1191140435
1191204056
1191222024
1191356088
1191425173
1191477244
1191533592
1191582216
1191665105
1191742891
1192037678
1192267246
1192459401
1193127976
1193128647
1193283146
1193304976
1193573837
1193581564
1193735265
1193739645
1193744519
1193761003
1193872081
1193903000
1193929030
1194044099
1194073256
1194088203
1194253776
1194336846
1194512656
1194614628
1194654955
1194676496
1194836203
1194891986
1194925664
1194941244
1195031234
1195080933
1195091804
1195096551
1195360338
1195408174
1195420296
1195455170
1195938154
1195978346
1196024925
1196123692
1196152913
1196164550
1196175470
1196419047
1196584409
1196624837
1196734998
1196875541
1196880821
1197193256
1197297959
1197616168
1198027011
1198111704
1198328976
1198563308
1198582468
1198631202
1198914968
1199167927
1199234815
1199375643
1199495733
1199704291
1199790761
1199982200
1200013159
1200031271
1200042485
1200364837
1200390105
1200466893
1200527749
1200611170
1200614584
1200698557
1200762306
1201033957
1201114341
1201205112
1201222635
1201360162
1201369207
1201618170
1201689082
1201787272
1201790727
1201984852
1202038762
1202106143
1202179683
1202442442
1202533981
1202569681
1202675433
1202882466
1203119428
1203233901
1203466027
1203486090
1203549949
1203608259
1203714737
1203877331
1204026542
1204170952
1204289935
1204621708
1204625548
1204656715
1204720140
1204722357
1204770566
1204786331
1204786840
1204808616
1204823750
1204987469
1205807184
1205882858
1205997457
1206231071
1206308867
1206525391
1206595904
1206642492
1206696176
1206765706
1206837683
1206850344
1206862083
1207015308
1207019920
1207104382
1207114701
1207197226
1207443488
1207645694
1207699328
1207833531
1207850110
1207876573
1207878397
1207897609
1208102858
1208110612
1208194080
1208271350
1208550932
1208623425
1208623907
1208653498
1208678269
1208761489
1208807288
1208822955
1209038466
1209169245
1209172224
1209437421
1209761865
1210022578
1210211727
1210231736
1210262880
1210339296
1210472424
1210493379
1210612584
1210835789
1210874952
1210944752
1211062608
1211085017
1211181758
1211183750
1211213554
1211543351
1211621892
1211665427
1211903904
1211979344
1211986712
1212013126
1212385319
1212400721
1212402799
1212588779
1212603380
1212816918
1213032672
1213052423
1213176752
1213203284
1213321187
1213458066
1213497018
1213499985
1213510059
1213587198
1213828621
1213943581
1213953430
1214033289
1214079475
1214172735
1214282935
1214337923
1214725004
1214948482
1215090317
1215103731
1215132480
1215138747
1215144350
1215180798
1215249434
1215414782
1215424658
1215477468
1215553148
1215620737
1215684877
1215827386
1215907958
1215922359
1216140768
1216143351
1216254267
1216823716
1216823919
1216875546
1216899193
1216902803
1217057090
1217256253
1217325632
1217401558
1217589103
1218105296
1218124270
1218209783
1218229864
1218238707
1218320292
1218362265
1218388030
1218388089
1218737492
1218873516
1218952300
1218977501
1219024098
1219127407
1219131587
1219233576
1219263361
1219715741
1219783585
1219817627
1219846525
1219849229
1219887104
1219927908
1219928089
1220170488
1220171406
1220331267
1220380198
1220512009
1220604438
1220962798
1221259913
1221392363
1221408069
1221529599
1221874902
1221948297
1222219377
1222228924
1222269193
1222294104
1222562080
1222616274
1222737138
1222808962
1222834984
1223145418
1223173150
1223173491
1223339841
1223386071
1223435384
1223467557
1223501041
1223599754
1224097628
1224168808
1224318875
1224462427
1224916710
1225154673
1225176342
1225214385
1225427205
1225584062
1225589636
1225657598
1225695626
1225851577
1225963488
1225991755
1226023102
1226076062
1226090828
1226200008
1226541427
1226590524
1226861034
1226878741
1226896127
1226970035
1226999209
1227290876
1227295152
1227411724
1227483133
1227801815
1227901314
1228038441
1228160435
1228186819
1228226780
1228266891
1228388211
1228434639
1228435181
1228437208
1228548375
1228661391
1228728018
1228788796
1228973226
1229005952
1229029995
1229060085
1229071047
1229187702
1229273247
1229562764
1229591865
1229593146
1229669072
1229669130
1229822897
1229846043
1229876892
1229984228
1230045271
1230083959
1230242767
1230354458
1230362779
1230370698
1230469286
1230502611
1230528649
1230731278
1230770131
1230872561
1230891185
1231008610
1231010336
1231031751
1231060087
1231097497
1231147824
1231235680
1231300892
1231331168
1231331626
1231355385
1231384049
1231449768
1231652939
1231692817
1231835953
1231903800
1231917256
1231932223
1232153333
1232213306
1232236310
1232384727
1232427219
1232697580
1232770877
1232915511
1232978706
1233048640
1233094047
1233148438
1233260367
1233287329
1233320551
1233433850
1233634958
1233694826
1233877843
1234020948
1234176576
1234189752
1234225407
1234558145
1234704473
1235048716
1235092043
1235213697
1235217563
1235367499
1235521578
1235583837
1235610089
1235700319
1235720961
1235804249
1235856223
1235981401
1236273427
1236315622
1236563051
1236605702
1236638656
1236836774
1236895200
1236986078
1237002022
1237050761
1237114782
1237261437
1237312314
1237319484
1237343709
1237640394
1237696911
1237816773
1237851055
1237940299
1238066474
1238115138
1238333397
1238661812
1238815523
1239155531
1239159387
1239288406
1239625942
1239666928
1239772363
1239785269
1239791997
1239796126
1239839709
1240149695
1240206449
1240491177
1240549525
1240576710
1240617002
1240636112
1240694247
1240895651
1240983370
1241001670
1241033157
1241100753
1241154976
1241522022
1241759440
1241989557
1242212954
1242256595
1242357325
1242364678
1242453676
1242669430
1242706205
1242734991
1242830505
1243159923
1243209529
1243239993
1243635571
1243661569
1244007929
1244060818
1244198601
1244203390
1244443756
1244451669
1244648349
1244786445
1245187883
1245249974
1245251048
1245268896
1245300746
1245351186
1245668056
1245791183
1245929166
1246034341
1246070962
1246199185
1246398920
1246450723
1246495846
1246516204
1246650992
1246771280
1246793418
1246837028
1246978326
1247102857
1247157035
1247244597
1247247488
1247352963
1247606640
1247703936
1247797618
1247862602
1247966828
1248045889
1248072895
1248351013
1248434617
1248458523
1248509489
1248599413
1248748009
1248802187
1248946815
1249014527
1249071434
1249851191
1249895933
1249916867
1250013645
1250101932
1250317049
1250381010
1250444536
1250658174
1250922848
1250940050
1250965590
1251091141
1251189122
1251298031
1251354878
1251397317
1251423747
1251670747
1251759042
1251928190
1251928335
1252123725
1252369488
1252432176
1252555885
1252619921
1252776365
1252862349
1252875110
1253177220
1253265878
1253345592
1253439489
1253620359
1253777317
1253938178
1253997645
1254062353
1254087079
1254812848
1255168087
1255340898
1255361388
1255371278
1255384915
1255394332
1255431773
1255564872
1255569064
1255681044
1255828106
1255850267
1255876569
1255969794
1256010047
1256088978
1256164834
1256204665
1256400047
1256435931
1256551241
1256562282
1256820007
1257222508
1257458893
1257816222
1257911579
1258046691
1258199597
1258354632
1258404107
1258835925
1258900830
1258993389
1259130081
1259339901
1259344255
1259635630
1259867150
1259889415
1259990854
1260222623
1260514965
1260647512
1260674778
1261051745
1261146539
1261159007
1261189829
1261259565
1261590803
1261696334
1261722647
1261824251
1261873929
1261916516
1261966754
1262058609
1262241809
1262344650
1262430432
1262500139
1262525045
1262569289
1262928574
1263223762
1263342666
1263867551
1264020372
1264061139
1264200208
1264235299
1264329470
1264503738
1264637215
1264735948
1264740299
1264931980
1264985006
1265187984
1265302005
1265429363
1265570130
1265800565
1265825554
1265834034
1265848773
1265880596
1265912146
1266071175
1266092571
1266106954
1266163461
1266284807
1266292474
1266370344
1266483934
1266642935
1266703070
1266785331
1266787428
1266907482
1267037417
1267044283
1267140097
1267257643
1267287723
1267555317
1267614534
1267682332
1267736821
1267990869
1268288650
1268292432
1268310018
1268380202
1268415857
1268476822
1268577611
1268708979
1268764802
1268789404
1269012457
1269018821
1269058047
1269086584
1269136175
1269291123
1269321470
1269549386
1270052170
1270120818
1270127249
1270260059
1270572751
1270689560
1270791845
1270865528
1270941146
1271034401
1271208806
1271277499
1271347268
1271455403
1271689503
1271749342
1271773506
1271845897
1271934357
1271977751
1272060223
1272193656
1272231025
1272426270
1272588711
1272638034
1272678490
1272678660
1272757917
1273137737
1273199480
1274027293
1274053046
1274119031
1274169130
1274215734
1274255045
1274394602
1274678756
1274731032
1274746496
1274757954
1274778079
1274801659
1274824118
1274958842
1275270043
1275515167
1275616758
1275658474
1275835013
1276082207
1276149688
1276219984
1276232271
1276313053
1276367441
1276562118
1276642388
1276706861
1276717086
1276826164
1276844803
1276853348
1276898953
1276969178
1276988351
1277026038
1277063114
1277177922
1277210499
1277358624
1277408355
1277411739
1277447398
1277520913
1277580568
1277780261
1277869631
1277873480
1277987160
1278027803
1278073340
1278104891
1278212818
1278648414
1278709261
1279071483
1279207778
1279301611
1279467802
1279594281
1279643645
1279681658
1279919046
1279928194
1280113503
1280155239
1280678131
1280793871
1280901975
1280973894
1281036406
1281116172
1281236535
1281494008
1281494300
1281716053
1281723955
1281737493
1281827109
1281942613
1282193267
1282373463
1282413247
1282451595
1282677748
1282737598
1282882547
1283053642
1283093225
1283162247
1283288537
1283390188
1283428669
1283436519
1283621806
1283717472
1283784935
1283836263
1283846898
1283857943
1283875812
1283941649
1284141594
1284255637
1284275517
1284364308
1284468216
1284740184
1284829599
1284973688
1285104278
1285170642
1285260004
1285318916
1285325683
1285419016
1285454065
1285707697
1285776808
1286170995
1286280166
1286282072
1286444659
1286480488
1286484674
1286569301
1286615830
1286805605
1286870285
1286914638
1286937400
1287146994
1287230243
1287240835
1287334031
1287504976
1287510563
1287605420
1287841962
1288042264
1288065436
1288134317
1288189574
1288507611
1288574174
1288591735
1288648932
1288667738
1288709318
1288741096
1288748013
1288795609
1289197990
1289355687
1289361388
1289645289
1289683145
1289970816
1290121571
1290201696
1290293152
1290393519
1290474417
1290563971
1290578945
1290612496
1290682103
1290698849
1290968149
1291024386
1291380339
1291489784
1291609687
1291754094
1291916032
1292233612
1292253219
1292324426
1292664625
1292830183
1292893675
1293118402
1293134118
1293468047
1293489352
1293517343
1293560029
1293758813
1293888199
1293993946
1294086818
1294235556
1294468808
1294540676
1294614816
1294870766
1295024583
1295095479
1295132842
1295181590
1295211841
1295231420
1295243577
1295243990
1295422106
1295533674
1295540874
1295630917
1295694114
1295755219
1295772911
1295827915
1296003488
1296125559
1296293141
1296304107
1296624884
1296664728
1296774091
1296798404
1296973081
1297442137
1297683356
1297727114
1297934383
1298052592
1298194482
1298414202
1298439424
1298516324
1298573986
1298694628
1298886924
1299046606
1299063546
1299353263
1299387927
1299410447
1299510811
1299692706
1299783047
1299885024
1299908607
1299921193
1299943353
1299957951
1300362580
1300436073
1300765404
1300790924
1300814856
1300828115
1300861318
1300974361
1301004074
1301128710
1301236607
1301288729
1301344812
1301472240
1301728782
1301880970
1301971847
1302117393
1302224297
1302279313
1302303544
1302433385
1302465828
1302627137
1302647276
1302709976
1302764635
1302811557
1302860958
1302966022
1303064094
1303178550
1303190088
1303336925
1303423137
1303535167
1303554703
1303575756
1303649078
1303683888
1303821556
1303917584
1304311209
1304329706
1304344751
1304507740
1304517053
1304524831
1304570931
1305009500
1305013914
1305063477
1305177752
1305185077
1305223354
1305240534
1305417703
1305598247
1305796022
1305880939
1306011052
1306096612
1306121850
1306290373
1306306069
1306314121
1306502158
1306517756
1306616394
1306686899
1306778010
1307080751
1307279910
1307478719
1307802196
1307806002
1307845302
1307964979
1308045695
1308205368
1308246083
1308314127
1308416921
1308435438
1308480762
1308540623
1308580576
1308796636
1308805314
1308831802
1309151903
1309227744
1309443420
1309509502
1309548171
1309622600
1309633407
1309829166
1309867896
1310066407
1310238616
1310270069
1310434489
1310463266
1310523341
1310753265
1310758631
1310822610
1310871395
1310901864
1311051457
1311342296
1311734331
1312115343
1312415322
1312441249
1312490950
1312613824
1312877911
1312890169
1313074587
1313083121
1313089478
1313213135
1313234143
1313237432
1313331003
1313504875
1313734458
1313894618
1313924929
1313986208
1314216431
1314362111
1314414892
1314481400
1314530743
1314676179
1314757092
1314764680
1314802201
1314814593
1315028786
1315149628
1315196719
1315235799
1315348029
1315483845
1315603464
1315808378
1315904033
1316083825
1316145146
1316220148
1316224017
1316286248
1316345211
1316368581
1316427159
1316462076
1316629825
1316670706
1316688738
1317014417
1317076470
1317097714
1317234254
1317243555
1317293417
1317482181
1317785486
1318037131
1318114662
1318218039
1318470627
1318501768
1318596612
1318691323
1318704943
1318821271
1318825426
1318899553
1318937271
1319096135
1319119518
1319213790
1319305533
1319326889
1319335056
1319412712
1319661665
1319687386
1319723608
1319724210
1319996936
1320214095
1320442113
1320466134
1320510133
1320521089
1320526226
1320616438
1320632091
1320741040
1320819310
1320858759
1321187635
1321261925
1321524620
1321599872
1321632579
1321639412
1321669352
1321725241
1321966664
1322024157
1322301024
1322562154
1322931588
1322953520
1323136021
1323138746
1323203236
1323331442
1323918611
1323994035
1324012668
1324105062
1324613111
1324659346
1324664264
1324761613
1324791361
1324831479
1324959143
1325320522
1325343035
1325421857
1325514560
1325536068
1325542234
1325793749
1325812607
1325856823
1325872975
1325946482
1325966386
1326009155
1326113377
1326309907
1326310102
1326451308
1326736706
1326765270
1326858876
1327029675
1327074085
1327074834
1327152400
1327232139
1327280385
1327325259
1327414887
1328060605
1328275612
1328292273
1328385688
1328427149
1328455582
1328515673
1328540126
1328623627
1328718844
1328761229
1328905356
1328978120
1329075923
1329279567
1329422499
1329650335
1329669863
1329720912
1329736338
1329874221
1329979839
1330032136
1330380658
1330562707
1330770778
1330821877
1330824011
1330828644
1330896925
1331066619
1331207988
1331284453
1331428732
1331463369
1331754583
1331780763
1332016456
1332030130
1332215457
1332261584
1332273751
1332692600
1332800743
1332874125
1332888035
1332968070
1333168813
1333238125
1333637061
1333705490
1333727972
1333747658
1333761113
1333777729
1333841374
1333909823
1333921151
1334222507
1334505369
1334562366
1334706254
1334978476
1335250211
1335346124
1335447099
1335586984
1335700729
1335910854
1335944288
1336016272
1336130320
1336182473
1336254976
1336269462
1336427867
1336705671
1336781158
1336884684
1336934281
1336971580
1337088773
1337138598
1337165404
1337186919
1337204117
1337292333
1337359566
1337480071
1337595562
1337747778
1337781935
1337913975
1338125909
1338153294
1338158223
1338188233
1338239222
1338314919
1338351196
1338402443
1338451485
1338550092
1338599027
1338983904
1338984580
1339020860
1339060094
1339127154
1339173184
1339435583
1339467809
1339623699
1339626668
1339675562
1339768771
1339854603
1340002561
1340048915
1340062156
1340230995
1340258639
1340391416
1340437854
1340467638
1340530636
1340561614
1340607379
1340658529
1340845857
1340849176
1340943133
1340949680
1340974009
1341364182
1341438247
1341542596
1341722770
1341740751
1341993208
1342148311
1342325542
1342375179
1342386497
1342400477
1342531639
1342579245
1342642929
1342721676
1342770868
1342818786
1342977009
1343172283
1343175768
1343426622
1343446212
1343506103
1343533810
1343709652
1343800157
1343801630
1343825748
1343944703
1343993652
1344005871
1344186724
1344261699
1344537410
1344743430
1344777226
1344787011
1344922755
1345198325
1345221857
1345282894
1345482420
1345534405
1345733892
1345959683
1346016386
1346126310
1346231452
1346251318
1346284745
1346448483
1346779884
1346821805
1346836237
1347025415
1347039326
1347067734
1347090175
1347410179
1347413360
1347758803
1347895318
1348103178
1348151431
1348179388
1348270259
1348433867
1348515861
1348845803
1348954261
1349003039
1349327736
1349355114
1349360370
1349512163
1349527255
1349566349
1349641046
1349832704
1349996318
1350029906
1350122796
1350265607
1350297492
1350366819
1350469504
1350641277
1350736153
1350747892
1350947511
1351182796
1351203769
1351296477
1351330461
1351413371
1351512537
1351986794
1351990781
1352077534
1352145439
1352284423
1352322399
1352439284
1352654950
1352731447
1352824948
1352988664
1353087993
1353128795
1353284875
1353416799
1353655158
1353665240
1353852024
1353982959
1354407276
1354477837
1354491491
1354493168
1354676371
1354809858
1354882839
1354980469
1355050343
1355085207
1355352453
1355727626
1355734278
1355819445
1355878753
1356016810
1356391233
1356399364
1356559394
1356672730
1356678521
1356682993
1356981721
1357032318
1357090911
1357192825
1357226544
1357248566
1357356139
1357513956
1357557548
1357875245
1358050698
1358077414
1358136941
1358247910
1358259100
1358561840
1358671936
1358694539
1358742217
1358780568
1359004038
1359064183
1359114031
1359406669
1359454593
1359892616
1359946499
1359987946
1360061006
1360208024
1360290680
1360300816
1360395211
1360459687
1360626609
1360778402
1360845218
1360993421
1361019619
1361056924
1361082819
1361289011
1361416137
1361460293
1361532179
1361600775
1361956457
1361965507
1361976685
1362118429
1362169214
1362277864
1362298821
1362459881
1362532516
1362616597
1362764081
1362899999
1362955841
1362982467
1363023131
1363047932
1363239735
1363398317
1363430386
1363459704
1363616767
1363641498
1363699100
1363721233
1363749721
1363941039
1364036536
1364087557
1364109417
1364198957
1364234440
1364254921
1364513128
1364584370
1364600489
1364621298
1364747943
1364779578
1364784844
1364956584
1365045856
1365334078
1365770458
1365837486
1366127846
1366144861
1366228286
1366296958
1366317421
1366501032
1366591045
1366618180
1366903234
1366924322
1367080983
1367191071
1367219141
1367247072
1367383310
1367495800
1367582467
1367722816
1367983917
1368102550
1368241414
1368292672
1368540383
1368565320
1368567877
1368746577
1368888701
1368944135
1369201178
1369368278
1369601496
1369612743
1369615953
1369654214
1369722870
1369792849
1369821734
1369904722
1369957147
1370116173
1370236563
1370243928
1370298719
1370300532
1370324584
1370568396
1370641175
1370722244
1370818619
1370892641
1370919937
1370922569
1371091295
1371159745
1371301654
1371364380
1371396155
1371401877
1371412415
1371525394
1371693346
1371779515
1371870630
1372055300
1372090284
1372233116
1372260885
1372325847
1372517194
1372577248
1372691379
1373021903
1373046703
1373335685
1373344568
1373412156
1373416952
1373455355
1373494072
1373508555
1373561037
1373709926
1373715891
1374244139
1374367855
1374580762
1374701104
1374880835
1374940769
1374946505
1374999702
1375074915
1375076751
1375189672
1375416681
1375720216
1375799281
1375801226
1375840605
1375920144
1375950051
1375997044
1376440890
1376469275
1376539831
1376558364
1376703037
1376809854
1376859820
1376933959
1377233183
1377535633
1377581031
1377648930
1377741931
1377752448
1377841213
1377857333
1377880664
1377984338
1378110402
1378220837
1378232231
1378353061
1378590191
1378791357
1379233778
1379260222
1379278677
1379402180
1379408003
1379419223
1379540565
1379708773
1379762734
1379908910
1380063658
1380331031
1380431891
1380503301
1380817732
1380844076
1380965020
1380979537
1381118446
1381154030
1381191664
1381205710
1381401705
1381483409
1381496573
1381972340
1382000827
1382030218
1382057801
1382165650
1382294913
1382348259
1382369570
1382444065
1382499778
1382650133
1382653129
1382688221
1382786304
1382818597
1382876711
1382923353
1382929936
1382986225
1383180692
1383294759
1383418435
1383573440
1383584809
1383597304
1383626521
1383678803
1383742435
1383998744
1384022073
1384054499
1384116477
1384171983
1384385850
1384614983
1384676894
1384682155
1384962753
1385106776
1385143308
1385175917
1385194247
1385216860
1385302889
1385498422
1385559927
1385849317
1385914081
1385968297
1386098353
1386229038
1386279300
1386286758
1386309422
1386419823
1386428007
1386475032
1386475838
1386539632
1386565535
1386624006
1386793562
1386859705
1386999225
1387067438
1387217310
1387219693
1387341260
1387541374
1387772909
1387902651
1388040387
1388042384
1388143088
1388147602
1388182622
1388186717
1388371873
1388784623
1388889058
1389066277
1389130847
1389361042
1389396689
1389432616
1389625578
1389880110
1389894297
1389982128
1389983241
1390231477
1390384614
1390413765
1390532521
1390572548
1390604857
1390617922
1390629333
1390710159
1390837625
1390866204
1390876751
1391099543
1391146374
1391185764
1391244595
1391278045
1391362461
1391446855
1391680482
1391764329
1391768422
1391778603
1391824365
1391926416
1392017793
1392068646
1392251490
1392295076
1392746823
1392911753
1392928903
1392971257
1393047790
1393226845
1393251980
1393379167
1393462650
1393536061
1393691254
1393921929
1393941925
1394130285
1394172216
1394194837
1394261098
1394434467
1394454379
1394745911
1394781853
1394798664
1395031154
1395051473
1395093763
1395121173
1395206658
1395258419
1395384228
1395415746
1395533606
1395792748
1395958419
1395996187
1396031643
1396147208
1396333902
1396470063
1396563049
1396721541
1396904828
1396951162
1396972168
1397034017
1397172397
1397382341
1397523435
1397545266
1397615122
1397694098
1397706833
1397729622
1397870709
1397939881
1398082462
1398120393
1398392393
1398410162
1398426353
1398584406
1398817276
1398842725
1398872601
1398968528
1398994595
1399096294
1399140716
1399206540
1399207818
1399261567
1399352211
1399372345
1399490917
1399628329
1400109352
1400203371
1400220008
1400261458
1400384331
1400501135
1400511421
1400517546
1400683801
1400732737
1400760907
1400851508
1400945376
1400976012
1401061329
1401083925
1401098875
1401303532
1401339063
1401340524
1401390815
1401433066
1401483000
1401544362
1401647415
1401702175
1401766153
1401838495
1401946728
1402037962
1402104650
1402144495
1402238673
1402444993
1402836226
1403077579
1403241632
1403419516
1403450585
1403550298
1403597631
1403621654
1403712388
1403770169
1403782624
1404127833
1404202661
1404410782
1404477030
1404569249
1404682271
1404802830
1404849735
1404902964
1404922081
1404990034
1404996902
1405095601
1405157331
1405305893
1405318418
1405380302
1405498709
1405508610
1405618942
1405621802
1405847798
1405931073
1406003803
1406014790
1406020138
1406142499
1406515463
1406668794
1406766559
1406812344
1406938629
1406977895
1407080847
1407097869
1407132872
1407139621
1407468384
1407485352
1407490423
1407527824
1407607937
1407635138
1407668663
1407684106
1407864825
1407880371
1407907193
1408042438
1408105397
1408122938
1408153779
1408171033
1408372026
1408741410
1409046861
1409347891
1409351627
1409429362
1409452425
1409458692
1409574765
1409682025
1410164734
1410188475
1410194942
1410211552
1410616667
1410710326
1410851248
1410852108
1411018768
1411064559
1411139834
1411170262
1411223217
1411315488
1411385034
1411487948
1411586860
1411662405
1411733345
1411758332
1411799925
1412112148
1412195367
1412241014
1412376176
1412628538
1412707972
1412861944
1413048654
1413154428
1413320485
1413411549
1413461163
1413662454
1413850979
1414003966
1414146595
1414259720
1414565499
1414623719
1414692349
1414793889
1414938403
1415265816
1415555676
1415696808
1415768525
1415825227
1415975670
1416236250
1416346172
1416351104
1416358383
1416558416
1416594784
1417372924
1417385015
1417420960
1417475725
1417756474
1417765993
1417848455
1418106189
1418231496
1418474023
1418518128
1418564112
1418859331
1419148838
1419263969
1419606837
1419632309
1419746771
1419857895
1420017477
1420032504
1420169953
1420248779
1420336974
1420405066
1420447758
1420563695
1420726654
1420744061
1420779528
1420817121
1421024778
1421055614
1421252378
1421524597
1421622414
1421686091
1422095219
1422157786
1422216887
1422303585
1422419455
1422422621
1422422741
1422559984
1422695296
1422833351
1422873387
1423182247
1423431148
1423442521
1423697835
1423725794
1423907497
1424055758
1424270962
1424349820
1424454946
1424455261
1424455379
1424492282
1424644491
1424898171
1424938182
1424980522
1425093515
1425243054
1425255573
1425259266
1425313413
1425406007
1425500028
1425670395
1425721349
1425881271
1425940029
1425950858
1425987401
1426008432
1426501001
1426699469
1427119520
1427195064
1427281258
1427315776
1427437476
1427556367
1427672962
1427718450
1428055315
1428160543
1428389575
1428600646
1428624211
1428863068
1428940210
1428945193
1429291524
1429415114
1429469788
1429475234
1429557651
1429873984
1430025605
1430176386
1430177613
1430283289
1430327171
1430386270
1430475148
1430476596
1430482963
1430652860
1430687994
1430873082
1430889632
1430917392
1430921229
1431134822
1431559919
1431763583
1431862755
1432144179
1432233648
1432566880
1432599916
1432606320
1432628440
1432637405
1432642157
1432765159
1432783303
1432810322
1432903533
1433008332
1433034060
1433136701
1433401179
1433578198
1433946720
1434135360
1434160296
1434172878
1434193791
1434476174
1434481910
1434813132
1434830125
1434925521
1435004992
1435031045
1435036654
1435200550
1435227738
1435239902
1435335327
1435345692
1435369860
1435397253
1435514309
1435870240
1435874900
1436165287
1436183187
1436299558
1436302226
1436461731
1436644197
1436730866
1436741392
1436768249
1436967682
1437114310
1437337502
1437499677
1437709787
1437749926
1437780368
1438022315
1438034223
1438110947
1438376260
1438685041
1438691254
1438700380
1438723566
1438911627
1438965443
1439021464
1439179866
1439247907
1439403589
1439555663
1439647156
1439682745
1439684362
1439697628
1439773233
1439820737
1439886471
1439899550
1439976154
1440109839
1440165918
1440223758
1440588985
1440604128
1440764718
1440774746
1440856294
1441048370
1441097688
1441125143
1441258919
1441272982
1441313709
1441369240
1441561466
1441566448
1442138794
1442183546
1442204391
1442309420
1442375320
1442457107
1442596955
1442604685
1442739961
1442773862
1442822567
1442956560
1442996172
1443033949
1443156781
1443272549
1443292082
1443696653
1443808999
1443857867
1443909014
1443985773
1444037706
1444040707
1444094951
1444173367
1444221522
1444224912
1444261963
1444751040
1444763757
1444779573
1444851925
1444881844
1444921503
1444976388
1444994292
1445017553
1445088066
1445133583
1445219086
1445378335
1445398993
1445480956
1445616421
1445870965
1446058075
1446071439
1446087996
1446129686
1446444719
1446613276
1446815029
1447028267
1447188086
1447282388
1447537476
1447586959
1447765510
1447782602
1447990817
1448331715
1448472316
1448478448
1448713133
1448740921
1448773346
1448833253
1449033987
1449127412
1449255618
1449294506
1449542582
1449662529
1449689123
1449690846
1449725351
1449732247
1449944901
1449973211
1450013324
1450125551
1450324005
1450579190
1450593482
1450756981
1450950294
1451163656
1451381379
1451417263
1451546226
1451579459
1451595855
1451962992
1452049208
1452381529
1452405661
1452696919
1452764849
1452827089
1452846721
1453146417
1453317751
1453585192
1453600273
1453858025
1453940030
1454052436
1454059750
1454223892
1454315637
1454359000
1454536821
1454556987
1454616018
1454679970
1454727115
1454813526
1454957137
1455020925
1455035419
1455120119
1455209806
1455272040
1455547549
1455709049
1455720888
1455807016
1455895646
1455918925
1456030311
1456213264
1456323935
1456371952
1456393809
1456531929
1456651478
1456791634
1456797669
1457219984
1457231133
1457380229
1457450640
1457496732
1457498646
1457557095
1457572761
1457599597
1457653247
1457774507
1457834075
1457934392
1457955262
1458128300
1458314560
1458332322
1458354062
1458436664
1458572952
1458590755
1458683453
1458691682
1458697200
1458855150
1458910411
1458997309
1459064821
1459551349
1459552814
1459575079
1459793726
1459864285
1459906111
1459927110
1459932189
1459969999
1460021466
1460031722
1460279625
1460477754
1460512607
1460578195
1460648358
1460745103
1460863669
1461102514
1461398726
1461759763
1461763842
1461942435
1461985683
1462061044
1462116930
1462138411
1462169728
1462295310
1462300941
1462324194
1462384998
1462396569
1462440357
1462585638
1462612065
1462682248
1462740332
1462785398
1463137104
1463170644
1463346664
1463397104
1463665877
1463763345
1463921029
1464035894
1464045280
1464142934
1464255315
1464283059
1464446022
1464477950
1464849382
1465055450
1465197843
1465321744
1465395017
1465402677
1465409214
1465419782
1465425417
1465493462
1465572558
1465620109
1465868451
1465940198
1466104775
1466301886
1466456650
1466496959
1466520459
1466645008
1466814680
1467001675
1467020306
1467192815
1467194536
1467206535
1467327641
1467495847
1467561395
1467567274
1467683737
1467793371
1467819563
1467851567
1468103013
1468263495
1468267297
1468331309
1468351446
1468492298
1468556929
1468659754
1468818922
1468856692
1469193609
1469322976
1469386716
1469474688
1469504840
1469572553
1469782536
1469899988
1469924024
1469938922
1470017667
1470288282
1470383638
1470628262
1470758695
1470800225
1471050899
1471509751
1471838507
1471900559
1472058019
1472211148
1472259916
1472284453
1472399442
1472412889
1472497728
1472622066
1472689554
1472948420
1472956222
1473104779
1473123137
1473295128
1473414802
1473587165
1473610451
1473669500
1473674751
1473686771
1473777582
1473868011
1473987564
1474010363
1474056402
1474094893
1474138949
1474239265
1474370910
1474469804
1474487917
1474491753
1474512303
1474520258
1474685211
1474772821
1474901293
1474998791
1475247615
1475425946
1475467419
1475504515
1475510774
1475529404
1475590212
1475702961
1475706612
1475828877
1475893784
1475916901
1475928523
1475948310
1475951009
1475962194
1476252333
1476288282
1476539459
1476629222
1476697068
1476751927
1476795830
1476970787
1477034638
1477278520
1477466644
1477514278
1477589006
1477627402
1477656617
1477728469
1477899696
1477905353
1477913102
1477974577
1478063706
1478130793
1478190762
1478347020
1478408653
1478413904
1478454703
1478461690
1478672183
1478766612
1478864946
1478872070
1479007811
1479239719
1479393426
1479422178
1479685308
1479713028
1479872290
1479987532
1480070429
1480126340
1480192795
1480203753
1480338364
1480400635
1480406591
1480573597
1480744960
1480899581
1480981720
1481023824
1481080923
1481662126
1481707728
1481772165
1482045878
1482058117
1482084194
1482116067
1482156080
1482238047
1482238822
1482267461
1482267801
1482497382
1482691367
1483057614
1483067397
1483095459
1483174065
1483321987
1483329613
1483639156
1483719726
1483754438
1483763258
1483802667
1484356705
1484656404
1484671026
1484679777
1484777560
1484780116
1484983216
1485021989
1485034372
1485041190
1485050404
1485108385
1485176426
1485177918
1485458646
1485746782
1485865490
1486118280
1486200471
1486339602
1486349066
1486392517
1486457604
1486705809
1486829009
1486904979
1486959181
1487069977
1487141945
1487269845
1487330605
1487501545
1487542507
1487750814
1487863728
1487911565
1488003392
1488015065
1488073492
1488165846
1488166846
1488212677
1488215192
1488282394
1488400625
1488468254
1488596261
1488599981
1488652373
1488704960
1488819099
1488904440
1488958667
1489175730
1489328321
1489395054
1489447342
1489500089
1489539414
1489611555
1489632818
1489644112
1489747766
1489875220
1490304283
1490354749
1490457844
1490577629
1490775901
1490782221
1490887683
1490939862
1490941813
1491029600
1491169288
1491242316
1491330411
1492080466
1492085114
1492104065
1492356998
1492488142
1492599139
1493360921
1493555511
1493726537
1493819853
1493828892
1493938035
1493955554
1494075111
1494094521
1494273266
1494350160
1494386940
1494495559
1494645237
1494864143
1494897925
1494983927
1495025653
1495114817
1495237548
1495374201
1495405239
1495790142
1495956894
1496006128
1496099604
1496108366
1496127450
1496137064
1496550244
1496622849
1497077236
1497197198
1497312689
1497380378
1497396562
1497557364
1497614080
1497651856
1497943699
1498040990
1498045670
1498095368
1498635962
1498712393
1498742252
1499178008
1499182958
1499226866
1499323290
1499368932
1499412298
1499681502
1499829497
1499955290
1500155873
1500378670
1500425893
1500525617
1500559097
1500589322
1500794965
1500852970
1500911977
1501084886
1501104740
1501186946
1501309991
1501376292
1501407990
1501644365
1501785589
1501952839
1502067326
1502117558
1502213171
1502214292
1502227918
1502359196
1502560673
1502828947
1502943018
1503407015
1503457444
1503618787
1503683165
1503899297
1503910242
1503936559
1504268601
1504316593
1504468934
1504562467
1504609895
1504910319
1504956839
1505108398
1505387925
1505438566
1505462393
1505627610
1505628313
1505768250
1505770587
1505891932
1505933971
1505987610
1506099718
1506206458
1506222314
1506243886
1506798665
1506881353
1507130820
1507264819
1507442141
1507442281
1507448189
1507528266
1507636284
1507781205
1507798096
1508022956
1508158655
1508357711
1508573540
1508643112
1508650490
1508948043
1508995992
1509248715
1509446656
1509479838
1509485252
1509530191
1509541186
1509649077
1509675015
1509706989
1509722686
1509973287
1510027229
1510114114
1510204326
1510268906
1510435830
1510457922
1510517009
1510730886
1511054250
1511260873
1511310493
1511369155
1511493872
1511514184
1511575351
1511622843
1511690268
1511711669
1511765199
1511977233
1512003743
1512011068
1512022083
1512172563
1512234259
1512379912
1512614441
1512645544
1512651298
1512656180
1512831564
1512938529
1512960790
1513051036
1513741255
1513785658
1513813408
1513864583
1514249880
1514488632
1514525981
1514536753
1514605051
1514625786
1514638423
1514937336
1515165908
1515166717
1515254530
1515303485
1515340745
1515344660
1515419887
1515473578
1515498901
1515506598
1515532546
1515662733
1515713341
1515721746
1515734658
1515862233
1515993046
1516066211
1516594395
1516800665
1516842345
1516861902
1516912514
1517015344
1517019610
1517035843
1517093343
1517110768
1517194479
1517306994
1517495040
1517507051
1517533061
1517587978
1517630052
1517788288
1517940079
1518174940
1518216682
1518282443
1518311894
1518383130
1518420629
1518652217
1518665730
1518673684
1518826694
1518956805
1518997651
1519027269
1519279440
1519289290
1519409903
1519498571
1519510340
1519530247
1519815015
1519834243
1519902010
1520034957
1520165586
1520220574
1520254378
1520320193
1520375758
1520387577
1520437272
1520527154
1520593786
1520604403
1520629116
1520689922
1520918460
1520930976
1521430236
1521768988
1521775627
1521789328
1521846373
1521990195
1522200059
1522446954
1522636721
1523304293
1523409184
1523471742
1523566332
1523653707
1523721057
1523909129
1523983430
1523984012
1524062050
1524299310
1524360786
1524502586
1524508813
1524542654
1524643435
1524656579
1524743277
1524743535
1524825229
1524842552
1524947076
1524984187
1524987067
1524987616
1525002559
1525076959
1525155230
1525171386
1525203970
1525213570
1525263960
1525333701
1525376729
1525589524
1525677357
1525835725
1525993889
1526154257
1526173752
1526189141
1526194595
1526207834
1526270716
1526293922
1526318901
1526469895
1526509619
1526516151
1526704723
1527088439
1527241498
1527241653
1527308847
1527373965
1527640769
1527796204
1527892525
1528221977
1528306786
1528317638
1528320338
1529000057
1529094651
1529101778
1529143928
1529147515
1529247154
1529255093
1529622051
1529638770
1529683751
1529738093
1529953246
1530023351
1530114934
1530116650
1530211021
1530252098
1530322673
1530465450
1530556479
1530671243
1530781575
1530814224
1530884056
1530922694
1531114231
1531134279
1531312745
1531393500
1531404387
1531466549
1531494496
1531576061
1531590836
1531622452
1531651563
1531670284
1531975808
1532325269
1532397957
1532460641
1532629506
1532771546
1532774092
1532942185
1533045417
1533202293
1533236522
1533238068
1533251172
1533334687
1533511573
1533547490
1533603402
1533720216
1533783162
1533839624
1533878661
1533921079
1534370447
1534593254
1534660724
1534849736
1534870331
1535041385
1535085808
1535149352
1535254393
1535380351
1535416753
1535600553
1535620919
1535637053
1535965351
1536002977
1536137379
1536253584
1536283195
1536342575
1536383111
1536471203
1536510592
1536533485
1536597519
1536770176
1536863292
1537095354
1537121036
1537188701
1537335775
1537465582
1537468236
1537556425
1537557436
1537630019
1537677794
1537714035
1537751629
1537844713
1538009710
1538183467
1538193121
1538352792
1538422433
1538468991
1538530575
1538562690
1538568208
1538664389
1538685310
1538755272
1538768333
1538898031
1538916798
1538959461
1538970358
1538974474
1539081442
1539271573
1539287193
1539412938
1539443905
1539748911
1539753198
1539862476
1539878203
1539952363
1540084882
1540092113
1540221555
1540225622
1540232195
1540296727
1540347822
1540408577
1540505752
1540524127
1540531241
1540571708
1540581179
1540592803
1540709810
1540716238
1540737091
1540747700
1541108316
1541174602
1541225292
1541308114
1541356443
1541379938
1541578247
1541611863
1541975138
1542012590
1542068821
1542131466
1542373545
1543257794
1543548748
1543639440
1543647330
1543700787
1543787919
1543877064
1543917162
1543953927
1544236240
1544325770
1544396246
1544413687
1544462207
1544693581
1544877597
1545123680
1545279519
1545383055
1545437470
1545455654
1545529537
1545670532
1545707139
1545729438
1545844918
1545925276
1545941276
1545983916
1546354868
1546446334
1546693336
1546741988
1546920771
1547018938
1547092672
1547166215
1547334302
1547378268
1547399751
1547477865
1547707134
1547725441
1547769683
1547992706
1548021596
1548417358
1548522163
1548642153
1548769157
1548770675
1548803965
1548954331
1548968261
1549013000
1549136114
1549738213
1549842326
1549960311
1549999891
1550008491
1550010168
1550037837
1550039158
1550376865
1550550796
1550646545
1550862728
1550902612
1550974955
1551029424
1551295603
1551518815
1551586923
1551686668
1551722641
1551763401
1552029112
1552200253
1552370409
1552428321
1552515369
1552583385
1552650733
1552690733
1552707501
1552744208
1552772304
1552838825
1552880289
1552900174
1552936354
1553176214
1553311499
1553447002
1553488323
1553725631
1553887455
1553894993
1554144947
1554278350
1554569467
1554712371
1554740167
1554781069
1554866353
1554905945
1555123738
1555123768
1555191098
1555515008
1555673998
1555884138
1556290565
1556315634
1556437255
1556454927
1556644118
1556700708
1556752771
1556789413
1556837905
1556968209
1557251742
1557305065
1557418193
1557575727
1557666687
1557758592
1557955733
1558077728
1558175377
1558199264
1558313061
1558400135
1558574096
1558604181
1558630386
1558911234
1559109780
1559137721
1559194220
1559210627
1559446322
1559470270
1560001783
1560070406
1560466550
1560552482
1560805333
1560887976
1560933764
1561019620
1561129107
1561144718
1561453617
1561523774
1561580717
1561642673
1561650240
1562144696
1562340854
1562349783
1562416699
1562441520
1562672564
1562723167
1562979374
1563067058
1563183382
1563212448
1563265621
1563296112
1563470393
1563684284
1563918638
1564111221
1564175827
1564362002
1564412882
1564600371
1564771120
1564849781
1564986812
1565042376
1565250686
1565257379
1565370561
1565467372
1565477493
1565524405
1565549696
1565730416
1566078107
1566175466
1566198336
1566204811
1566811247
1566962045
1567085815
1567089772
1567122125
1567246111
1567410292
1567478945
1567632885
1567700758
1567735727
1567906941
1567930559
1567942899
1568105821
1568144321
1568150420
1568285131
1568416169
1568439330
1568452778
1568533582
1568579109
1568607298
1568694718
1568799196
1568899413
1569132369
1569153662
1569173508
1569187498
1569215333
1569251857
1569427011
1569438724
1569459811
1569631299
1569775690
1569808885
1570093759
1570095372
1570222406
1570395182
1570587687
1570634591
1570773713
1570836338
1570997358
1571069852
1571075079
1571382703
1571396581
1571426049
1571458749
1571463654
1571647365
1571668710
1572074557
1572119157
1572244980
1572296443
1572400999
1572406850
1572597099
1572645897
1572679399
1572873867
1572975417
1573247791
1573309011
1573613133
1573796322
1573814586
1574001460
1574037756
1574362133
1574415421
1574444102
1575052964
1575096665
1575262710
1575265020
1575277597
1575518921
1575645160
1575903167
1575956088
1576153973
1576183243
1576354645
1576436041
1576494484
1576539351
1576630444
1576773800
1576815641
1576903460
1577013644
1577153484
1577237774
1577419139
1577430269
1577598327
1577696060
1577732190
1577784651
1577899929
1578015430
1578080046
1578093282
1578131174
1578326034
1578484592
1578551077
1578786792
1578829144
1578870693
1578917146
1578938741
1578951916
1578994304
1579221018
1579359315
1579380756
1579380970
1579508149
1579591753
1579766428
1579891012
1580322981
1580334604
1581103249
1581143556
1581270938
1581277779
1581295929
1581332088
1581487802
1581638764
1581748546
1581833806
1581975559
1582124849
1582229309
1582422021
1582552073
1582754659
1582966275
1583012250
1583018321
1583051286
1583357403
1583407422
1583601771
1583609157
1584052099
1584206954
1584584499
1584805855
1585274875
1585281679
1585346867
1585610250
1585682254
1585772630
1585778567
1585797031
1585865319
1585905867
1586162294
1586263481
1586334150
1586550765
1586667764
1586860644
1586907371
1586911045
1587059375
1587062010
1587093568
1587449519
1587677810
1587694041
1587751638
1587901439
1587934654
1588103347
1588125881
1588302841
1588312916
1588379583
1588411066
1588553540
1588685404
1588986202
1589196468
1589299225
1589309174
1589354443
1589383708
1589467140
1589507622
1589513331
1589635196
1589643911
1589697544
1589787665
1590022944
1590263749
1590370178
1590399746
1590536491
1590633200
1590737524
1590750124
1590783963
1590800009
1590862942
1590935940
1591278960
1591365582
1591527492
1591640277
1591687977
1591855755
1591874397
1592258940
1592274307
1592303109
1592402905
1592682583
1592723806
1592760700
1592934266
1592941327
1593089710
1593163153
1593251998
1593311408
1593386309
1593440608
1593499977
1593721647
1593808290
1593922389
1593989174
1593996746
1594028735
1594033277
1594300688
1594441840
1594443152
1594452359
1594509413
1594684988
1594815008
1594891371
1594908805
1595078309
1595163939
1595172799
1595278198
1595302710
1595390551
1595400053
1595741646
1595945461
1595962727
1596339957
1596510970
1596575971
1596587165
1596601878
1596704587
1596737478
1596872025
1596885124
1596903565
1597001781
1597025201
1597066213
1597084702
1597261277
1597347491
1597458979
1597659626
1597773698
1597825411
1597891158
1598210278
1598238621
1598460304
1598501338
1598602159
1598618959
1598661294
1598685280
1598695114
1598870335
1599002487
1599548695
1599697533
1599750413
1599766187
1599812939
1599834140
1599902304
1600091080
1600193095
1600246063
1600321914
1600348272
1600484685
1600573102
1600624242
1600732487
1600798338
1600958496
1601003787
1601099305
1601184041
1601723677
1601727403
1601999401
1602234336
1602235518
1602250552
1602392239
1602499941
1602515762
1602565250
1602598817
1602606327
1602733700
1602778189
1602799461
1602848490
1602898225
1602983218
1602993939
1602997359
1603121358
1603161361
1603244158
1603263690
1603315255
1603401839
1603443508
1603543145
1603670924
1603844027
1604109862
1604125584
1604274046
1604325220
1604386431
1604792899
1604797831
1604808191
1604882715
1605001032
1605206060
1605221039
1605400054
1605530747
1605609300
1605725396
1605856043
1606066947
1606097290
1606154753
1606222614
1606234073
1606250775
1606445313
1606492476
1606494549
1606666437
1606686437
1606886910
1607065795
1607673800
1607873352
1608140930
1608228193
1608563912
1608604079
1608721979
1608825304
1608919525
1609134941
1609235680
1609251956
1609288037
1609395286
1609529841
1609598087
1609720787
1609897482
1609905133
1610038226
1610185931
1610277366
1610449593
1610500481
1610618352
1610721051
1610933113
1611170494
1611394992
1611409315
1611583555
1611831037
1611985247
1612079389
1612372516
1612485825
1612685042
1612762412
1613002125
1613057054
1613063515
1613084416
1613093503
1613113499
1613345197
1613635931
1613791224
1613865947
1613892959
1613917392
1614130575
1614240532
1614501748
1614521222
1614648377
1614682759
1614741782
1614823497
1614895237
1614965492
1615178188
1615203409
1615213532
1615283065
1615745964
1615754582
1616120581
1616227792
1616296084
1616638695
1616648953
1616792311
1616793843
1616906753
1616908922
1616915602
1617048410
1617286348
1617422443
1617588015
1617636796
1617662414
1617711623
1617731824
1617798058
1617891128
1617932082
1618512182
1618617995
1618677364
1618720572
1618793083
1618801248
1618824442
1618826590
1618853684
1618875688
1619139593
1619210651
1619234873
1619428055
1619496479
1619521137
1619645460
1619952608
1620026650
1620061692
1620238234
1620279292
1620377458
1620754286
1620754469
1620877498
1620878650
1621186089
1621264279
1621364345
1621446039
1621455213
1621838860
1621893270
1621927070
1622014595
1622059289
1622060762
1622128140
1622241977
1622533525
1622587305
1622617677
1622728086
1622883094
1622976980
1623227809
1623307942
1623392797
1623638851
1623883862
1623930266
1624091360
1624215292
1624225921
1624336264
1624337056
1624387818
1624695039
1624727371
1624772930
1624921159
1624992840
1625086247
1625118407
1625136947
1625231106
1625259441
1625379377
1625431013
1625672157
1625779004
1625913027
1626102816
1626209779
1626308306
1626474436
1626492462
1626497460
1626572580
1626576325
1626613368
1626637454
1626649131
1626705622
1626732862
1626966149
1627109514
1627202183
1627209406
1627334282
1627416808
1627503330
1627708145
1627710298
1627769726
1627790923
1627878083
1627970700
1628264653
1628304610
1628321777
1628419457
1628565847
1628622387
1628696273
1628833410
1628880280
1629004424
1629254113
1629279657
1629478659
1629732508
1630154408
1630207647
1630281831
1630400480
1630449793
1630507801
1630515532
1630652523
1630870779
1630929944
1630993824
1631058266
1631393516
1631440047
1631854530
1631910646
1631929660
1632031776
1632266442
1632552969
1632596575
1632972471
1632999185
1633147179
1633183269
1633366608
1633378760
1633436639
1633605635
1633660376
1633803762
1633880016
1633972094
1634098362
1634154041
1634247699
1634323986
1634400204
1634602345
1634820169
1634934777
1635028039
1635073168
1635099031
1635124558
1635542819
1635555148
1635611645
1635626426
1635776677
1635795937
1635798183
1635804769
1635900969
1636019705
1636196659
1636338672
1636349107
1636685102
1636761396
1637018210
1637148454
1637169885
1637172113
1637239101
1637296037
1637489269
1637558675
1637559577
1637994627
1637997231
1638007754
1638115954
1638342322
1638448509
1638503651
1638611685
1638734258
1638741156
1638752082
1638775619
1639081522
1639119739
1639205634
1639359078
1639498769
1639710354
1639787892
1639797734
1639803790
1639831970
1639836231
1639883857
1640016376
1640046228
1640051004
1640070982
1640105414
1640336643
1640395603
1640435251
1640539800
1640849659
1640870710
1640920885
1641077523
1641104687
1641340602
1641358710
1641367039
1641513095
1641579773
1641828507
1642264770
1642306102
1642382470
1642415251
1642459522
1642563864
1642799725
1643282041
1643415103
1643477837
1643644211
1643687830
1643815846
1643876510
1643911185
1644133353
1644217574
1644244825
1644562743
1644593252
1644612369
1644645025
1644675589
1644729173
1644793142
1644923440
1644926943
1645052013
1645223309
1645244218
1645307212
1645544207
1645560268
1645701240
1645707681
1645719255
1645722035
1645746292
1645784973
1645824584
1645829263
1645917473
1646063292
1646102916
1646510124
1646737389
1646739030
1646745280
1647014565
1647020198
1647201878
1647345471
1647394459
1647445829
1647597516
1647669577
1647777432
1647880142
1647906249
1648089757
1648091108
1648147690
1648157189
1648188880
1648195944
1648613630
1648644157
1648690565
1648716949
1648834082
1648843478
1648845854
1648846464
1648953401
1649048332
1649049196
1649095767
1649168242
1649385262
1649632822
1649646087
1649679512
1649738502
1649906919
1650083694
1650085586
1650094620
1650116279
1650125704
1650166137
1650353140
1650361116
1650571946
1650628659
1650629116
1650685132
1650713444
1650891850
1651214852
1651385454
1651554389
1651832381
1651926246
1651976816
1652079843
1652167823
1652269404
1652369251
1652528343
1652546853
1652623627
1652953496
1652959277
1653108340
1653166567
1653253455
1653337833
1653366126
1653549693
1653735882
1653763453
1653900626
1654108423
1654156086
1654347647
1654618797
1654788048
1654868301
1654887171
1655003533
1655119367
1655234791
1655518055
1655642277
1655660799
1655781429
1655926548
1655938666
1656059609
1656158585
1656172543
1656564324
1656581157
1656584713
1656769553
1656819059
1656997350
1656999081
1657013300
1657062705
1657090185
1657132815
1657199257
1657363451
1657510244
1657604546
1657673917
1657814079
1657917187
1658008731
1658228863
1658280728
1658360664
1658546268
1658774609
1658855244
1658911827
1658958864
1659035284
1659073491
1659167455
1659188557
1659205014
1659265297
1659321556
1659535147
1659558885
1659562699
1659572594
1659612759
1659619579
1659745374
1659784119
1659788474
1659850447
1659854901
1660020175
1660098833
1660367615
1660457391
1660490427
1660503750
1660795970
1660878804
1660886433
1660972034
1661013878
1661050469
1661209879
1661615592
1661741731
1661828563
1661893148
1661988478
1662364455
1662627612
1662643266
1662724517
1663123792
1663147313
1663201261
1663232780
1663479822
1663685479
1664008563
1664020075
1664034848
1664054523
1664084407
1664123418
1664144377
1664343412
1664399127
1664461477
1664483192
1664495877
1664510936
1664544960
1664626207
1664788741
1664915919
1665060695
1665086399
1665354412
1665536919
1665542740
1665587750
1665709991
1665726905
1665935857
1666096642
1666288388
1666360769
1666411914
1666412074
1666659602
1666833780
1667336706
1667488660
1667677263
1667870832
1668016543
1668040244
1668043903
1668239472
1668327796
1668465510
1668514224
1668649232
1668736422
1668936028
1669473628
1669580475
1669639741
1669707535
1670057789
1670119700
1670129207
1670345909
1670377695
1670407314
1670476094
1670497671
1670516490
1670550362
1670590163
1670669130
1670815229
1671154222
1671155602
1671268249
1671278486
1671340365
1671515364
1671629609
1671673539
1671695649
1671717468
1671861237
1671867717
1671900330
1671944476
1672494392
1672617496
1672639914
1672751975
1672904520
1672968391
1673164606
1673185763
1673237845
1673280093
1673412300
1673509009
1673595433
1673602747
1673863358
1674041884
1674525400
1674936194
1675036950
1675051924
1675091828
1675360892
1675409935
1675445359
1675512117
1675571848
1675587714
1675639648
1675905851
1676127574
1676134359
1676151543
1676216621
1676229336
1676229852
1676344637
1676597117
1676657059
1676737569
1676942576
1677273017
1677330747
1677360103
1677413703
1677596543
1677602951
1677691570
1677748576
1677909989
1678063731
1678459995
1678791702
1678860940
1678873312
1679027755
1679145121
1679349204
1679370175
1679375515
1679427588
1679437053
1679564041
1679656395
1679861200
1679886967
1680118740
1680274049
1680328543
1680473569
1680480549
1680597704
1680600899
1680655379
1680702989
1680796868
1680800446
1680832199
1680971819
1680982180
1681136684
1681144261
1681214823
1681397367
1681654835
1681662164
1681790682
1681929635
1681940525
1681955431
1682033767
1682187710
1682188255
1682308220
1682318516
1682429842
1682485143
1682621417
1682811869
1682985244
1683090035
1683233070
1683622095
1683624683
1684025005
1684046686
1684047560
1684071428
1684075713
1684146467
1684273341
1684308196
1684493427
1684505212
1684540950
1684597322
1684607325
1684711013
1684802086
1684824371
1684948639
1685043877
1685186319
1685229058
1685409597
1685454439
1685515601
1685545830
1686002235
1686023865
1686040148
1686400624
1686480966
1686602946
1686746970
1687002392
1687126677
1687142807
1687624407
1687646985
1687682887
1687777765
1688122351
1688173003
1688216425
1688294969
1688321199
1688745290
1688789306
1688820182
1689038356
1689073064
1689091513
1689121509
1689476716
1689720360
1689736084
1689849238
1689869449
1689959116
1690079449
1690280081
1690376879
1690606614
1690948081
1691008686
1691042825
1691194081
1691315305
1691528558
1691571242
1691810291
1691917232
1691986577
1692016213
1692088047
1692465878
1692595550
1692905330
1693093312
1693127728
1693146632
1693159256
1693219106
1693283675
1693554956
1693663431
1693850228
1694043693
1694054198
1694064984
1694099184
1694308353
1694420650
1694449426
1694570729
1694667903
1694690741
1694780508
1694963452
1695075531
1695150761
1695332242
1695899312
1695907845
1695951299
1695968806
1696008840
1696167451
1696291224
1696293154
1696358168
1696496809
1696505485
1696514264
1697367501
1697396291
1697496051
1697590142
1697613431
1697768409
1697843519
1697846285
1698033142
1698139123
1698283292
1698378019
1698445314
1698494815
1698565144
1698644151
1699042486
1699258828
1699272202
1699342100
1699400957
1699494357
1699698942
1699819500
1700102023
1700142952
1700242170
1700351074
1700417230
1700514819
1700825426
1700947901
1700979356
1701073207
1701231416
1701237947
1701252828
1701294756
1701403813
1701414290
1701581106
1701682438
1701741463
1701841349
1701850280
1701911575
1701924416
1702179253
1702197164
1702368168
1702406851
1702528356
1702561339
1702629145
1702682023
1702773027
1702973518
1703196534
1703259275
1703673094
1703734588
1703777072
1704078774
1704407832
1704446129
1704481787
1704497486
1704641218
1704672868
1704773992
1704779834
1704822943
1704824046
1704870690
1705059597
1705122981
1705129859
1705270361
1705389501
1705401748
1705462863
1705530060
1705596938
1705689383
1705714415
1705728301
1705869632
1705907682
1705922225
1706045030
1706199399
1706223721
1706228699
1706485598
1706963433
1706985041
1707006206
1707344178
1707447408
1707584332
1707672984
1707798016
1707863234
1708143073
1708151657
1708187710
1708220943
1708426281
1708436581
1708446912
1708448395
1708490215
1708528228
1708590350
1708615386
1708657017
1709215094
1709265983
1709390710
1709604661
1709812390
1710115927
1710122745
1710159475
1710190253
1710230169
1710325527
1710408953
1710458746
1710519172
1710535267
1710538889
1710634189
1710671330
1710786542
1710922109
1711228182
1711244084
1711270304
1711361644
1711390726
1711395992
1711415830
1711520037
1711583595
1711629982
1711681951
1711817796
1711978447
1712071058
1712194806
1712260526
1712271937
1712385643
1712587026
1712793693
1712815566
1713006573
1713041741
1713098609
1713412565
1713653157
1713779172
1713843003
1713949542
1714053187
1714206016
1714358955
1714364562
1714379338
1714483155
1714507484
1714778201
1714838436
1714847885
1714887205
1715169969
1715368559
1715457967
1715480128
1715543171
1715663034
1715679225
1715776156
1715940093
1715946138
1715967352
1716025767
1716095156
1716258522
1716315222
1716711582
1716757332
1716762063
1717091229
1717293520
1717349762
1717392849
1717521792
1717797233
1717824476
1717833108
1718022551
1718334119
1718905087
1719397187
1719410537
1719506284
1719517376
1719564465
1719609982
1719625206
1719901544
1720108148
1720144974
1720179582
1720187931
1720385229
1720407950
1720430648
1720528605
1721033005
1721187843
1721215240
1721246503
1721269347
1721275222
1721332055
1721334007
1721370105
1721453642
1721468829
1721664990
1721667204
1721676392
1721691728
1721988294
1722154524
1722192052
1722271056
1722403229
1722404117
1722454196
1722496384
1722536474
1722537949
1722602762
1722727132
1722838206
1722848380
1722925968
1722936602
1722992985
1723003441
1723030984
1723086296
1723115046
1723236440
1723321275
1723466423
1723559364
1723632194
1723819543
1723905866
1723936520
1723968232
1724011858
1724154247
1724199695
1724465342
1724504991
1724507406
1724514063
1724522661
1724707447
1724785640
1725022607
1725029327
1725046353
1725166456
1725185914
1725298308
1725643471
1725757544
1726032543
1726355519
1726372317
1726387048
1726402280
1726515388
1726635056
1726659224
1726847644
1727008598
1727060002
1727196658
1727224347
1727252025
1727263878
1727560398
1727577731
1727617837
1727950090
1728067480
1728084861
1728102079
1728193233
1728235476
1728501847
1728569894
1728794236
1728859090
1728928076
1728936938
1729003442
1729134620
1729461497
1729589034
1729633101
1729915342
1730100707
1730143170
1730195666
1730275952
1730378664
1730532600
1730537860
1730547078
1730858154
1731120869
1731165695
1731175852
1731331698
1731389584
1731589054
1731650134
1731759139
1732006046
1732013625
1732066465
1732232937
1732605398
1732829921
1732972411
1733000229
1733202316
1733499015
1733789498
1733943872
1734006380
1734090394
1734238859
1734278320
1734281145
1734306540
1734386702
1734441531
1734606161
1734611314
1734668823
1734693184
1734698797
1734703523
1734710237
1734719222
1734937817
1734985219
1735186582
1735390224
1735961173
1736009790
1736055474
1736276741
1736326544
1736799803
1736846108
1736860897
1736870579
1736940260
1737139670
1737319457
1737489935
1737610112
1737679474
1737911715
1737919074
1737941240
1737984274
1738024999
1738145399
1738313198
1738342683
1738365286
1738447201
1738476836
1738479456
1738780036
1738885474
1738894088
1739226190
1739280798
1739385572
1739414236
1739443122
1739516969
1739593524
1739647461
1739727085
1739790425
1739915821
1739979962
1740089323
1740203671
1740329790
1740336206
1740379460
1740427176
1740428039
1740434211
1740452345
1740558219
1740585623
1740673659
1740696863
1740735161
1740749474
1740999266
1741212882
1741353339
1741374817
1741449792
1741468348
1741514859
1741740323
1741896794
1741996402
1742039155
1742154129
1742254799
1742289875
1742339405
1742424814
1742526102
1742801921
1742819081
1743374892
1743416297
1743590877
1744153922
1744302403
1744392243
1744526112
1744731786
1744809865
1744841883
1744864483
1744897819
1744907093
1744947799
1744961607
1745142509
1745253153
1745292916
1745421359
1745434614
1745463429
1745559936
1745686517
1745830183
1745992393
1746003953
1746082078
1746273051
1746274049
1746302808
1746360429
1746578290
1746698315
1746765932
1746805716
1746875955
1746985516
1747089919
1747294697
1747345232
1747380554
1747412888
1747470254
1747683645
1747712357
1747843920
1748099676
1748199680
1748206629
1748367083
1748518170
1748673951
1748706087
1748919905
1748947147
1749098806
1749125286
1749628792
1749676777
1749877838
1749895762
1749900179
1749905517
1750010938
1750107174
1750184810
1750844469
1750896782
1750995971
1751086593
1751122968
1751229083
1751354160
1751381396
1751438453
1751476423
1751561819
1752073507
1752268966
1752271343
1752531212
1752691680
1752834464
1752837826
1752993399
1753038622
1753059244
1753303637
1753368376
1753386525
1753491823
1753625353
1753735495
1753869199
1754152240
1754203381
1754230052
1754328735
1754334065
1754338995
1754404733
1754489172
1754582497
1754647952
1754682376
1754719464
1754771195
1754799915
1754876081
1755103670
1755126807
1755235325
1755254125
1755459590
1755608578
1755672648
1755702792
1755706208
1755801462
1755840073
1755846350
1756301890
1756321799
1756381434
1756535689
1756720871
1756732339
1756819782
1756961473
1757006894
1757078896
1757124358
1757130832
1757164286
1757551640
1757604553
1757685193
1757864103
1757951444
1758085870
1758190748
1758216854
1758296022
1758332882
1758545954
1758650441
1759048639
1759135022
1759199399
1759219232
1759560789
1759594636
1759620991
1759622137
1759694698
1760060886
1760155685
1760258232
1760363666
1760565153
1760613996
1760729015
1760797627
1760840406
1760913438
1760948677
1761015595
1761172693
1761642193
1761694335
1761727952
1761809062
1761898995
1762071029
1762158021
1762439224
1762617669
1762754800
1762764496
1762787399
1762787743
1762792282
1762993235
1763033793
1763037645
1763282701
1763391630
1763431740
1763462281
1763620220
1763649803
1763726136
1763890840
1764095008
1764143464
1764145992
1764187798
1764460762
1764471699
1764692911
1764881004
1764896151
1765017965
1765097390
1765192094
1765306036
1765412601
1765501202
1765551921
1765773373
1765890349
1766101876
1766170279
1766451105
1766503552
1766684969
1766779748
1766977692
1767151347
1767161760
1767279186
1767387572
1767977096
1768069331
1768080394
1768244832
1768318022
1768379476
1768473541
1768475075
1768660338
1768665161
1768795838
1768801324
1768804865
1768858549
1768896674
1769109139
1769139363
1769504491
1769755239
1769875442
1770073630
1770111084
1770597120
1770902931
1770943738
1771027383
1771041043
1771089950
1771166207
1771218468
1771330842
1771398272
1771558229
1771587696
1771605184
1771614541
1771615224
1771696279
1771700148
1771700787
1771794919
1771964551
1772500412
1772584926
1772792546
1772979286
1773181863
1773229965
1773288146
1773293304
1773425699
1773457893
1773476075
1773577274
1773627547
1773700403
1773821260
1773834443
1774108699
1774193698
1774377719
1774627131
1774656013
1774715379
1775144228
1775189111
1775330843
1775447477
1775750404
1775785997
1775815302
1775868335
1775962929
1775979326
1776118516
1776444275
1776781996
1776848121
1776975346
1777131675
1777247050
1777390137
1777395231
1777410411
1777572999
1777660669
1777752672
1777759764
1777832842
1777857485
1778146692
1778319164
1778768833
1778778952
1778781699
1778806321
1778858141
1779234915
1779458993
1779477784
1779631270
1779761737
1779852498
1779967601
1780000093
1780141943
1780452049
1780489695
1780506943
1780515030
1780640965
1780645843
1781426348
1781590920
1781681405
1781794846
1781834485
1781932641
1781949145
1782026981
1782142195
1782168508
1782337943
1782766870
1782860678
1783137311
1783284416
1783315990
1783416863
1783542891
1783867936
1783990787
1784409928
1784614066
1784798471
1784816001
1784995371
1785362383
1785586115
1785675547
1785816392
1785972444
1786049530
1786057370
1786135625
1786140823
1786172371
1786274784
1786725006
1786734945
1786759116
1786991079
1787040396
1787436585
1787766263
1787855977
1787870673
1787893257
1787899587
1787945141
1787960690
1788076158
1788228179
1788313774
1788328578
1788418679
1788502931
1788529940
1788578920
1788838105
1789180650
1789542847
1789629804
1789666927
1789715469
1789917119
1790021494
1790075759
1790195902
1790254513
1790732777
1790756769
1790768726
1790889588
1791000335
1791032605
1791065989
1791181253
1791280337
1791397557
1791606178
1791659231
1791710859
1791731221
1791908747
1792046882
1792060365
1792077521
1792147827
1792209277
1792255426
1792275032
1792371960
1792582390
1792587981
1792774216
1792776922
1792881207
1793038992
1793055205
1793194467
1793197016
1793199308
1793314588
1793450087
1793564634
1793603181
1793770488
1793966971
1794027535
1794052918
1794055787
1794060021
1794062456
1794181096
1794363003
1794447952
1794462138
1794514808
1794521961
1795020514
1795242617
1795366465
1795422986
1795569934
1795633082
1795649864
1795808587
1795929141
1796026172
1796123291
1796217746
1796451712
1796558997
1796620986
1796626611
1796631281
1796657595
1796768823
1796792940
1796848887
1797215343
1797304101
1797398966
1797478267
1797519408
1797572449
1797582966
1797603927
1797617550
1797798522
1797939954
1797948213
1797948934
1798063166
1798064951
1798141292
1798188078
1798270145
1798332360
1798497516
1798578235
1798884746
1798995879
1799081716
1799093547
1799141024
1799142755
1799530467
1799558243
1799595227
1799729270
1799846924
1799968966
1800039258
1800039339
1800095971
1800271296
1800455753
1800550774
1800555269
1800603786
1800647167
1800921992
1800966287
1801105536
1801355940
1801424410
1801445264
1801450168
1801625414
1801628616
1801759843
1801804825
1801859030
1801867815
1801880773
1801887252
1801993445
1801995320
1802071972
1802092130
1802294656
1802295948
1802298309
1802301048
1802302678
1802309474
1802545862
1802603135
1802681654
1802828249
1802953231
1803105718
1803270210
1803653485
1803660943
1803975260
1804064312
1804124605
1804758527
1804810289
1804940572
1805028926
1805188391
1805325550
1805922410
1805994041
1806280732
1806373228
1806594215
1807098414
1807182494
1807214854
1807312580
1807518534
1807519380
1807539128
1807542802
1807548454
1807604264
1807699332
1807921677
1807935724
1808185864
1808252256
1808318937
1808333106
1808412336
1808533140
1808563708
1808838270
1808901693
1809067253
1809322963
1809343388
1809367057
1809409119
1809473460
1809978609
1809997048
1810090306
1810168442
1810233498
1810339412
1810358567
1810363482
1810522499
1810533766
1810541676
1810652403
1810711696
1810814182
1810836432
1810882904
1810988900
1811116466
1811140645
1811172398
1811222936
1811239813
1811244982
1811270352
1811410271
1811981228
1812050414
1812571038
1812786212
1812845300
1812869788
1812870584
1812911596
1812958023
1812962255
1813048808
1813082740
1813133368
1813149485
1813161284
1813244967
1813277617
1813535200
1813572110
1813815060
1813822726
1813932829
1813960790
1814027207
1814199739
1814601341
1814616075
1814729919
1814755691
1815018406
1815264152
1815471431
1815477161
1815674930
1815900164
1815997606
1816124048
1816169455
1816365101
1816544591
1816582632
1816591113
1816725540
1816778325
1816847136
1817012886
1817019596
1817128864
1817316136
1817431232
1817457716
1817721884
1817811916
1817828027
1817883696
1817995418
1818005251
1818102872
1818211949
1818290827
1818322146
1818457122
1818570204
1818778858
1818834142
1818927444
1818975720
1819142742
1819191980
1819349918
1819449892
1819524811
1819585181
1819596899
1819738105
1819831510
1819992318
1820159349
1820311356
1820503952
1820528226
1820603722
1820629085
1820635702
1820651510
1820664749
1820682025
1820771712
1820845366
1820883862
1820943786
1821052921
1821160313
1821369456
1821420711
1821425838
1821655909
1822204023
1822263093
1822336928
1822411782
1822558653
1822762089
1822810677
1822951483
1822953621
1823010994
1823270835
1823483273
1824109396
1824160652
1824166717
1824180528
1824384152
1824409647
1824432629
1824507181
1824705263
1824820371
1825021667
1825066035
1825277318
1825483146
1825670510
1825722698
1825779687
1825847566
1825902971
1825990370
1826017603
1826249880
1826346813
1826407594
1826442183
1826443340
1826454822
1826565459
1826607917
1826616597
1826631017
1826651503
1826855631
1826916619
1826994638
1827005663
1827043683
1827047390
1827155245
1827386277
1827418992
1827587194
1827685550
1827700496
1827746047
1828235759
1828299146
1828437481
1828661221
1828679170
1829001071
1829073561
1829129109
1829201219
1829621459
1829637479
1829672043
1829702409
1829714843
1830127926
1830286146
1830312080
1830419627
1830518084
1830660599
1830688059
1830688942
1830927162
1830965298
1831039664
1831208548
1831311960
1831313484
1831619628
1831638774
1831784540
1831838495
1831861112
1832027888
1832482895
1832494456
1832536361
1832536391
1832539687
1832563990
1832800276
1833073668
1833102005
1833123880
1833125919
1833212604
1833273139
1833384222
1833478068
1833496871
1833571149
1833842220
1833975687
1834195349
1834597440
1834687191
1834693713
1834716512
1834809632
1834964074
1835101859
1835180667
1835220566
1835233819
1835487760
1835615044
1835741972
1835777788
1836006461
1836113323
1836143897
1836169595
1836455676
1836801182
1836886992
1836930013
1836931218
1837091538
1837101478
1837162841
1837168994
1837256477
1837725170
1837893401
1837952064
1837969721
1838015487
1838167640
1838215690
1838318166
1838396360
1838531018
1838665466
1839419349
1839616722
1839998139
1840041284
1840169169
1840188657
1840374420
1840800752
1841046070
1841111749
1841210184
1841219018
1841346516
1841381964
1841497212
1841639709
1841791483
1842312757
1842321142
1842457062
1842529204
1842645031
1842682244
1842779443
1843023991
1843277097
1843424266
1843428690
1843445353
1843762817
1843782036
1843933069
1843966455
1844033311
1844068097
1844201969
1844247137
1844495628
1844530383
1844948520
1844980426
1845150212
1845343008
1845651102
1845824420
1845938821
1846195366
1846196914
1846337454
1846375828
1846461035
1846481373
1846613277
1846721649
1846774303
1846835079
1846838406
1846890596
1846949173
1847022122
1847080593
1847163971
1847274248
1847415979
1847519549
1847541617
1847586925
1847618681
1847662806
1847796835
1847978029
1848011012
1848022326
1848165245
1848366524
1848374602
1848382304
1848954828
1848970284
1848991222
1849084692
1849145033
1849170766
1849232369
1849243330
1849279021
1849307926
1849336739
1849345308
1849514692
1849585648
1849732774
1850091531
1850166694
1850167422
1850248400
1851066121
1851242196
1851358610
1851449991
1851496255
1851509174
1851524849
1851647984
1851765648
1851766634
1851819405
1851943529
1852001223
1852184786
1852259560
1852263525
1852365753
1852374229
1852418342
1852565263
1852686836
1853107031
1853157866
1853245954
1853325573
1853552267
1853699321
1853849238
1853946835
1854031143
1854060586
1854442747
1854595353
1854734052
1854819384
1854862838
1855049042
1855082928
1855179076
1855237303
1855291505
1855314467
1855348607
1855437603
1855813813
1856010743
1856020598
1856298198
1856363635
1856477885
1856516984
1856734856
1856774785
1856821430
1857119230
1857325663
1857395052
1857485909
1857669878
1857700965
1857859279
1857862982
1857937702
1858056546
1858169801
1858253844
1858301382
1858358090
1858850967
1858946566
1859026260
1859032547
1859161675
1859186255
1859435165
1859491484
1859698209
1859714588
1859714685
1859759519
1859813590
1859875783
1859929912
1859992837
1860039866
1860287358
1860344423
1860414849
1860429435
1860718413
1860761691
1860768680
1861241696
1861243819
1861308438
1861452450
1861597557
1861779330
1861800992
1861828659
1861900987
1861976027
1862022248
1862294740
1862356191
1862375742
1862397724
1862434827
1862509990
1862552310
1862646585
1862762518
1862779044
1862796491
1862896217
1862903591
1863046560
1863049881
1863193196
1863412628
1863580358
1863600254
1863620709
1863819726
1863942672
1864154093
1864254404
1864431372
1864474308
1864479908
1864819223
1865028978
1865178256
1865569878
1865586572
1865872795
1865892740
1866051094
1866155847
1866186881
1866197718
1866497806
1866511929
1866530444
1866687071
1866727111
1866927214
1867054056
1867059162
1867129730
1867308804
1867397772
1867407328
1867511893
1867587364
1867985381
1868064820
1868105243
1868218247
1868240424
1868346431
1868574200
1868635581
1868686439
1868822073
1868907305
1869007534
1869008639
1869152999
1869328872
1869400235
1869549431
1869721236
1869779323
1869975362
1870053096
1870081755
1870129273
1870262103
1870314436
1870419149
1870470294
1870485618
1870952561
1871261578
1871319426
1871350940
1871452087
1871475273
1871529927
1871592672
1871629040
1871864151
1871885463
1871903472
1872354867
1872691031
1872825535
1873116577
1873157975
1873361893
1873416581
1873438143
1873575359
1873642298
1873763664
1873897013
1873985501
1874159149
1874277780
1874281027
1874492211
1874603645
1874968216
1875505698
1875555689
1875599607
1875671657
1875725500
1875810668
1875823849
1875891659
1875967217
1876163448
1876183769
1876218052
1876311945
1876454752
1876516799
1876549056
1876700049
1876921041
1876990009
1877071275
1877226101
1877234400
1877281755
1877295741
1877399543
1877554773
1877609612
1877719230
1877822621
1877846832
1877863090
1877918633
1877925047
1877994428
1878070150
1878087290
1878175279
1878351479
1878522115
1878826270
1878832960
1878851634
1878857338
1878906988
1878986644
1878999131
1879010865
1879136105
1879234116
1879483144
1879628260
1879940299
1880242817
1880621092
1880692466
1880779025
1880782962
1880824915
1880878860
1881174748
1881571644
1881708497
1881839987
1881895741
1881902947
1881926831
1882077953
1882084304
1882108067
1882232069
1882287063
1882862354
1882928976
1883012364
1883056728
1883147906
1883194332
1883262115
1883373119
1883518429
1883622767
1883701582
1883709314
1883785375
1883888554
1883906308
1883963644
1884000313
1884007489
1884381266
1884396727
1884465042
1884720360
1884957611
1885020688
1885191437
1885192470
1885233033
1885459808
1885646976
1886079501
1886132072
1886378728
1886401318
1886448822
1886459339
1886490815
1886530730
1886764889
1886826498
1886855812
1886877553
1887134308
1887380742
1887406326
1887508925
1887510755
1887544734
1887704669
1887741941
1887762715
1888063822
1888089111
1888180252
1888366016
1888383580
1888384266
1888393255
1888592896
1888622038
1888641025
1888670571
1888843055
1888954865
1888962172
1889122686
1889376403
1889403644
1889433112
1889687892
1889762884
1889788894
1889791550
1889909134
1889994907
1890207296
1890291230
1890362936
1890382362
1890398200
1890401336
1890887185
1890897362
1890918694
1891157108
1891284576
1891321062
1891398732
1891404698
1891499720
1891530911
1891634853
1891765618
1891924119
1892049775
1892079405
1892197481
1892362742
1892471304
1892532116
1892896484
1893014796
1893238675
1893260084
1893284541
1893607049
1893660874
1893722921
1893734659
1893884998
1894091063
1894168000
1894190624
1894235037
1894266351
1894369223
1894448151
1894582342
1894742094
1894907923
1894987541
1895069410
1895206719
1895265630
1895320505
1895432312
1895471826
1895537920
1895556117
1895566829
1895602080
1895610968
1895664283
1895690662
1895754544
1895976914
1896255698
1896351572
1896411215
1896581322
1896773707
1896919748
1897043484
1897070502
1897078220
1897146838
1897204447
1897238265
1897446659
1897851512
1897983867
1898121144
1898311281
1898322284
1898593760
1898628935
1898654978
1898800581
1898814015
1898931414
1898957888
1899187172
1899575485
1899602256
1899649979
1899660398
1899736190
1899969554
1900164537
1900179106
1900217894
1900222343
1900363752
1900395830
1900639935
1900692616
1900795340
1900867723
1900943016
1901031587
1901130388
1901190168
1901213280
1901569780
1901607631
1901707785
1901900785
1901934725
1901995053
1902049152
1902341604
1902529242
1902529337
1902858725
1902912714
1903369496
1903557224
1903593846
1903861998
1903949679
1904058124
1904133514
1904260665
1904261580
1904537302
1904565326
1904617295
1904618286
1905000577
1905183022
1905224673
1905233125
1905301181
1905320965
1905404677
1905444036
1905590258
1905659955
1905847004
1905905380
1905998507
1906368082
1906373055
1906461649
1906512406
1906642720
1906728238
1906804943
1906921189
1906960391
1906984736
1907012719
1907090478
1907096064
1907102163
1907112092
1907185894
1907780919
1907828118
1908316299
1908667005
1908715065
1908755082
1908768854
1908803015
1908845912
1908870883
1908965319
1909221768
1909276860
1909389781
1909637827
1909718193
1910066398
1910081879
1910161247
1910339700
1910343297
1910357355
1910361834
1910388767
1910404394
1910447388
1910456905
1910483002
1910704838
1910950509
1911346303
1911492183
1911584978
1911897414
1911960660
1912126797
1912173496
1912420189
1912452331
1912606944
1912609561
1912980167
1913324886
1913452990
1913786883
1913864372
1913995988
1914030708
1914110578
1914318454
1914409585
1914550472
1914582138
1914585348
1914663619
1914703463
1914714220
1914790838
1914819532
1914858399
1914871746
1914926284
1915065160
1915165047
1915354308
1915438296
1915737950
1915845024
1915906709
1915982707
1915994988
1916083299
1916120878
1916540406
1916843949
1916910763
1916945461
1917044964
1917087689
1917130540
1917149548
1917164328
1917249447
1917318935
1917338223
1917441194
1917724738
1918390765
1918722993
1918908419
1919079648
1919249560
1919317683
1919428947
1919490521
1919538556
1920047685
1920067188
1920551626
1920726710
1920760432
1920788284
1920807829
1920839858
1920915527
1920977250
1920978721
1921067501
1921112224
1921249308
1921443748
1921536568
1921713375
1921833106
1922000635
1922014758
1922072487
1922128314
1922280565
1922413092
1922553788
1922707686
1922709776
1922778108
1922833755
1922953208
1923143530
1923151601
1923217157
1923285727
1923398806
1923549774
1923603477
1923640259
1923662067
1923744029
1923893992
1924141948
1924280445
1924342535
1924406543
1924406940
1924553877
1924609581
1924651904
1924716743
1924868414
1924950111
1925136341
1925169916
1925212225
1925224273
1925245791
1925729804
1925736165
1925740443
1925790275
1925790551
1925792848
1926083041
1926117819
1926223392
1926259787
1926322577
1926337970
1926493068
1926510430
1926546776
1926769305
1926815535
1926850964
1926853657
1926875026
1926879493
1927122976
1927164871
1927206576
1927336892
1927351748
1927396502
1927454753
1927473870
1927513074
1927797751
1927919129
1928045690
1928333105
1928608893
1928903539
1928976534
1929143561
1929441317
1929535891
1929617816
1929722313
1929761606
1929778818
1929785607
1929820119
1929930086
1929966053
1930161410
1930176173
1930205236
1930332214
1930342283
1930467207
1930491485
1930576594
1930740937
1930748149
1930760999
1930877986
1931092889
1931152801
1931191565
1931224185
1931251765
1931341874
1931345324
1931614732
1931624120
1931926161
1931961644
1931972836
1932185332
1932230110
1932509541
1932744378
1932832521
1932840954
1932872364
1932926708
1932998891
1933232869
1933375000
1933375950
1933708625
1933755292
1933773350
1934009182
1934235915
1934363354
1934404485
1934415007
1934418681
1934595025
1934657899
1934849785
1934993322
1934993713
1935054181
1935061660
1935094450
1935432751
1935593343
1935683798
1935696724
1935753042
1935920909
1936028698
1936080165
1936112240
1936138185
1936234629
1936273152
1936282351
1936355269
1936471968
1936703468
1936811023
1936836612
1936922695
1937141232
1937183152
1937209489
1937275922
1937285416
1937682127
1937684483
1937966370
1938041224
1938081912
1938097395
1938107776
1938113155
1938171079
1938217911
1938303275
1938378767
1938582042
1938671319
1938799499
1939098538
1939162084
1939166495
1939363833
1939395018
1939403165
1939702476
1940069641
1940236678
1940359260
1940380767
1940449187
1940493957
1940508668
1940529515
1940553826
1940853943
1941026776
1941146078
1941211104
1941260251
1941280608
1941318063
1941326800
1941357750
1941416684
1941455009
1941568630
1941700098
1941856916
1941905840
1942237259
1942600961
1942786242
1942853706
1942894119
1942913015
1943053703
1943059156
1943097739
1943223000
1943323105
1943349080
1943832885
1943834426
1943853780
1943863604
1943948831
1944055197
1944081004
1944131583
1944334608
1944722468
1944793258
1944796931
1944837838
1944845389
1945034219
1945075220
1945127200
1945158757
1945210819
1945352355
1945450236
1945461323
1945461407
1945481725
1945860462
1945886743
1945918434
1945985648
1946023140
1946070206
1946116873
1946309984
1946508176
1946550710
1946709036
1946730134
1946776308
1946995446
1947299037
1947427728
1948061227
1948141558
1948437460
1948538087
1948680452
1948862206
1949097042
1949291319
1949315649
1949380674
1949448874
1949610387
1949866321
1950495391
1950849658
1950918361
1950979131
1951312868
1951371128
1951392390
1951406429
1951563262
1951689247
1951814909
1951894901
1951933001
1952053753
1952200326
1952220123
1952528010
1952612632
1952673295
1952766084
1952788559
1952808962
1952851322
1952875147
1952884112
1953098884
1953119282
1953214424
1953357007
1953506470
1953762527
1953770972
1953976835
1954264428
1954387852
1954470364
1954889902
1955117350
1955193887
1955283593
1955374298
1955582690
1955598001
1955679878
1955696354
1955841094
1955973318
1956050410
1956244471
1956244856
1956318097
1956384504
1956389835
1956414545
1956415122
1956462029
1956517783
1956560943
1956635703
1956905007
1956968801
1957071775
1957091791
1957213322
1957291555
1957345153
1957386482
1957451011
1957686688
1957840382
1957939393
1958005259
1958099384
1958111416
1958194918
1958224312
1958369403
1958573523
1958634177
1958636149
1958827867
1958985801
1959167737
1959344176
1959445888
1959530411
1959637236
1959703277
1959743370
1959753114
1959798557
1960019885
1960490929
1960555341
1960680902
1960683749
1960737524
1960966275
1961039206
1961356097
1961390861
1961427493
1961518427
1962024579
1962062628
1962196099
1962208274
1962435679
1962723814
1962886167
1962899805
1963116909
1963339166
1963683427
1964009933
1964327821
1964380523
1964547118
1964769296
1964927631
1965181139
1965392307
1965411164
1965509214
1965621423
1965936929
1966029139
1966100445
1966121690
1966126099
1966190699
1966236058
1967021691
1967104854
1967236675
1967255041
1967630286
1967719108
1967761747
1967776707
1967812278
1968035778
1968051045
1968212476
1968261292
1968279919
1968344165
1968347798
1968385857
1968431123
1968475200
1968518214
1968575950
1968620113
1968729131
1968748441
1968802775
1968909746
1968952201
1968990456
1969068997
1969089938
1969332431
1969353875
1969417741
1969439280
1969743757
1969933917
1970012158
1970083268
1970174144
1970174647
1970249261
1970255627
1970278578
1970351915
1970449369
1970528056
1970701216
1970758723
1970814060
1970830324
1971044176
1971071111
1971216697
1971324471
1971430563
1971584865
1971608491
1971609778
1972337973
1972380502
1972393402
1972434882
1972901990
1973072840
1973334035
1973364373
1973585737
1973608604
1973718988
1973738675
1973926483
1973944951
1973954756
1973982793
1974365702
1974487024
1974641625
1974681627
1974995841
1975056997
1975171601
1975180875
1975300224
1975303937
1975634049
1975842950
1976121246
1976417618
1976479095
1976502577
1976988946
1977099191
1977308524
1977351812
1977359143
1977449818
1977465743
1977550902
1977597883
1977804928
1977943261
1978321097
1978510379
1978647262
1978655793
1978706306
1979308465
1979319545
1979499988
1979645683
1979985829
1979996273
1980018528
1980131438
1980156099
1980182299
1980251990
1980269540
1980279249
1980282955
1980331250
1980370652
1980500303
1980543555
1980834782
1980959913
1981018720
1981070819
1981084454
1981087094
1981210490
1981265640
1981465697
1981613249
1981616952
1981666386
1981704216
1981744615
1981844656
1982072493
1982077277
1982117482
1982145749
1982193885
1982246166
1982548459
1982589173
1982664412
1982919458
1983005445
1983052097
1983078248
1983263040
1983770267
1983791565
1983792945
1983821494
1983852396
1983921718
1984008185
1984069960
1984175371
1984552808
1984792956
1984924925
1985079957
1985085803
1985245224
1985452482
1985463208
1985668072
1986095910
1986106650
1986127290
1986163644
1986242871
1986247134
1986262453
1986289312
1986384462
1986532552
1986777352
1986871295
1987020169
1987139667
1987321253
1987338463
1987552962
1987678620
1987838356
1987869722
1987961807
1988007079
1988272284
1988317618
1988629193
1988811578
1988962784
1988986437
1989273953
1989288980
1989388415
1989590813
1989593953
1989656805
1989702976
1989727184
1989807026
1990046670
1990129098
1990194536
1990229884
1990250195
1990279375
1990281661
1990547375
1991367336
1991404542
1991572342
1991595636
1991868674
1991913382
1991966761
1992008115
1992081680
1992236264
1992327317
1992380824
1992689236
1992696508
1993132662
1993279393
1993449525
1993472697
1993515546
1993581014
1993741762
1993743216
1993868595
1993951565
1994062196
1994204093
1994270795
1994686875
1994850770
1994933714
1995021882
1995063662
1995088661
1995222821
1995984651
1995996132
1996051751
1996091879
1996156399
1996276558
1996302723
1996480719
1996484284
1996495419
1996535861
1996876323
1996880115
1996942026
1996952657
1997243196
1997323308
1997357134
1997406097
1997785969
1997802574
1998003154
1998043999
1998177835
1998230479
1998265445
1998277839
1998302262
1998372111
1998443876
1998511382
1998639640
1998661513
1998831657
1998926092
1999023048
1999119885
1999209751
1999326992
1999354834
1999518128
1999555542
1999588903
1999589818
1999781643
1999963796
2000219431
2000228207
2000427613
2000454992
2000458192
2000491698
2000618097
2000639266
2000879128
2000916928
2001058986
2001135937
2001143274
2001189940
2001304405
2001437519
2001443114
2001562667
2001644482
2001746203
2001843246
2002143740
2002255951
2002286164
2002397531
2002425470
2002462429
2002605964
2002627712
2002770593
2002816986
2002851894
2002940075
2003100791
2003117796
2003149931
2003159065
2003380133
2003496451
2003585061
2003726745
2003763774
2003983462
2004018271
2004050530
2004306330
2004541062
2004648075
2004670659
2004727661
2004792263
2004844623
2005447066
2005455991
2005489706
2005530377
2005638202
2005783343
2005794137
2005815678
2005942151
2006160644
2006195057
2006215872
2006356919
2006404455
2006472055
2006504568
2006561955
2006586062
2006743105
2006953961
2007185008
2007269744
2007338406
2007363689
2007409166
2007653150
2007684782
2007824688
2008073251
2008125541
2008226820
2008400991
2008571485
2008676806
2008774718
2008820760
2009009972
2009032314
2009243264
2009252288
2009297178
2009345169
2009437384
2009494588
2009614180
2009736149
2009788824
2009953981
2010007382
2010027197
2010130692
2010187867
2010324733
2010402455
2010562228
2010573055
2010854149
2010889594
2011115797
2011176245
2011217655
2011467693
2011624629
2011751638
2011963747
2012184238
2012190124
2012218583
2012333444
2012406208
2012587047
2012656227
2012701741
2012718699
2012723230
2012834918
2013050738
2013080302
2013352187
2013450028
2013495787
2013798288
2013845521
2013959141
2013980011
2014181226
2014230922
2014360341
2014667900
2014676652
2014976255
2015042945
2015069143
2015094053
2015221096
2015302823
2015712485
2015768624
2015934387
2016014767
2016056761
2016070127
2016139556
2016398689
2016543816
2016574649
2016731638
2017041642
2017415511
2017432579
2017696741
2017882924
2018002244
2018075873
2018178646
2018512417
2018555808
2018603553
2018680555
2018727284
2018926514
2019133081
2019169469
2019180163
2019481569
2019534378
2019700300
2019824581
2019940817
2019992937
2020136383
2020437783
2020478779
2020491416
2020515280
2020711635
2020838610
2020869756
2020890735
2020992457
2021196038
2021284194
2021420999
2021441305
2021659740
2021738104
2021799584
2021957531
2022089700
2022185023
2022283792
2022362146
2022374409
2022451505
2022461541
2022567251
2022667180
2022696564
2022885762
2022905394
2022938451
2022953868
2023152893
2023184638
2023318011
2023544144
2023576886
2023713808
2024035901
2024151541
2024380776
2024408903
2024850341
2024909082
2024969275
2025052616
2025146328
2025208229
2025297702
2025416366
2025422690
2025627760
2025719009
2025929193
2026000034
2026003754
2026020495
2026047518
2026114415
2026149175
2026260669
2026324343
2026599733
2026606172
2026840719
2027003711
2027235163
2027238836
2027306258
2027433835
2027500555
2027610034
2027656638
2027720944
2027725546
2027776177
2028133255
2028255236
2028336746
2028378758
2028706846
2028776917
2028803802
2028834673
2028848069
2028853559
2029015884
2029171965
2029194116
2029199503
2029343882
2029591947
2029608350
2029847171
2029860195
2030066502
2030087287
2030107654
2030239421
2030252153
2030523357
2030578415
2030745549
2030806018
2030832934
2031048372
2031107988
2031201458
2031224004
2031235747
2031452715
2031733026
2031782243
2031801111
2031870241
2031922165
2031963772
2032068583
2032077374
2032081048
2032124268
2032246592
2032483967
2032525576
2032546205
2032670929
2032687482
2032699443
2032766763
2032809485
2033027944
2033279447
2033294955
2033406973
2033482422
2033739387
2033845144
2033947105
2033979497
2033991404
2034253780
2034255521
2034321557
2034347150
2034560833
2034573716
2034868556
2034868722
2035144912
2035564757
2035712684
2035746720
2035814375
2035818000
2035969896
2036143943
2036288242
2036381573
2036557408
2036633480
2036731050
2036781680
2036793283
2036822586
2037025095
2037248654
2037395477
2037415185
2037727169
2037734787
2037824420
2038010839
2038328715
2038435845
2038451220
2038595498
2038741248
2038772140
2038915577
2039006431
2039082086
2039090870
2039224162
2039431496
2039478479
2039614115
2039647643
2039691176
2040071393
2040137126
2040313765
2040520163
2040559982
2040638794
2040706847
2040773827
2040806144
2040882440
2040897487
2041116386
2041378544
2041397463
2041542426
2041577236
2041759783
2041855051
2042070804
2042117783
2042141526
2042153321
2042262220
2042286915
2042310972
2042371873
2042395156
2042413171
2042724073
2042772741
2042841387
2042856142
2042872639
2042876300
2042978525
2043000299
2043392075
2043601678
2043605548
2043641437
2043869463
2043896341
2043921119
2043990931
2044097009
2044143717
2044168810
2044255466
2044391594
2044609137
2044627696
2044710530
2044914209
2045281127
2045363030
2045407583
2045452336
2045460294
2045544381
2045858536
2046006766
2046153955
2046313721
2046647149
2046710038
2046729868
2046843119
2046969074
2046977716
2047057560
2047388793
2047429595
2047618864
2047701764
2047769959
2048077810
2048089667
2048150287
2048165996
2048191953
2048212467
2048384813
2048677940
2048685808
2048796810
2048887633
2049008750
2049060734
2049245511
2049378588
2049436122
2049472825
2049473682
2049712456
2050190470
2050263527
2050275860
2050410628
2050478736
2050544820
2050702433
2050798071
2050836226
2050936705
2050997766
2051168402
2051404806
2051405315
2051469900
2051484711
2051577903
2051910786
2052007112
2052136461
2052248799
2052296920
2052553754
2052584065
2052679033
2052793863
2052840530
2053266354
2053275687
2053447328
2053487191
2053539908
2053549987
2053851345
2053861479
2053882274
2053966060
2054111416
2054175633
2054495501
2054559140
2054910780
2054933100
2055009220
2055031609
2055063897
2055080396
2055638592
2055662918
2055780600
2055832683
2055874024
2055921935
2056000679
2056003180
2056256790
2056349582
2056464717
2056469391
2056732632
2056741864
2056777645
2056840660
2057244152
2057246197
2057428030
2057493221
2057547295
2057586214
2057676448
2057778175
2057916565
2058161812
2058196387
2058230489
2058508557
2058638563
2058641313
2058737031
2058745957
2058776082
2059051112
2059188785
2059840845
2060087473
2060150179
2060184468
2060218917
2060229948
2060604267
2060665040
2060667444
2060797982
2060858582
2060982272
2061058817
2061096992
2061153609
2061200648
2061250121
2061269976
2061351965
2061429943
2061465736
2061883981
2061980886
2062033340
2062058115
2062213997
2062519723
2062584602
2062727664
2062852393
2062863836
2062879921
2062885630
2063209580
2063358654
2063687934
2063706479
2063795707
2064091792
2064203069
2064407155
2064533048
2064585246
2064688254
2064788451
2064884523
2064908812
2064918954
2064998814
2065165217
2065189022
2065210060
2066497557
2066621372
2066675911
2066701442
2066839330
2066841830
2066897225
2067000306
2067331229
2067347850
2067605916
2067612226
2067661424
2067732110
2067981162
2068078959
2068139225
2068247564
2068293397
2068520780
2068630610
2068777890
2068857011
2068995097
2069041784
2069500457
2069578920
2069664618
2069789658
2069892466
2069959370
2070247977
2070269238
2070351450
2070355942
2070398983
2070564811
2070591071
2070596994
2070603423
2070636872
2070652133
2070727442
2070775668
2070836089
2070892487
2070897056
2070952174
2071079589
2071203689
2071253519
2071334898
2071360865
2071390964
2071547174
2071754416
2072051301
2072087562
2072630142
2072795934
2073319110
2073368791
2073370895
2073720127
2073950507
2073996016
2074352399
2074429750
2074472512
2074710710
2074719152
2074737032
2074787696
2074817076
2074928510
2074976043
2074995357
2075115793
2075309194
2075339589
2075483408
2075505512
2075577786
2075760798
2075773797
2075794948
2075918021
2076019277
2076171873
2076707915
2076828968
2077069040
2077241058
2077266199
2077304087
2077325007
2077344730
2077485529
2077565588
2077624502
2077728934
2077745160
2077838819
2077898047
2077926227
2078110081
2078154189
2078191910
2078213024
2078241450
2078343685
2078407364
2078583550
2078800936
2078810683
2078903125
2078971912
2079229770
2079291384
2079322147
2079633548
2079657294
2079897661
2079917187
2079954960
2080020322
2080122756
2080373077
2080381154
2080393131
2081036403
2081117604
2081295557
2081443219
2081651413
2081924796
2082128660
2082244923
2082440878
2082586172
2082611345
2082766963
2082783632
2082798726
2082848424
2082859282
2083013235
2083015841
2083105014
2083144187
2083321774
2083369286
2083602150
2083762040
2084007481
2084150306
2084158146
2084182594
2084372849
2084453720
2084537957
2084797367
2084802673
2084992480
2085003350
2085021261
2085053321
2085120003
2085302380
2085414092
2085565284
2085567356
2085667789
2085764173
2085781135
2085954857
2086019147
2086242821
2086323936
2086407685
2086479878
2086510218
2086603807
2086746354
2086857418
2086882520
2086910591
2086938090
2087294306
2087312436
2087351751
2087393299
2087422819
2087503966
2087542642
2087679086
2087680233
2087695699
2087896333
2087939987
2087950379
2087959234
2088361533
2088396190
2088462520
2088490696
2088498045
2088550810
2088680576
2088702323
2088907991
2088999200
2089184786
2089185950
2089220897
2089314001
2089612413
2089617130
2089870147
2089900267
2089906410
2089908275
2090110357
2090279132
2090320450
2090452054
2090531610
2090537900
2090583401
2091033179
2091299828
2091345172
2091492057
2091502763
2091927601
2092026612
2092138870
2092208669
2092438063
2092928046
2092943127
2092992140
2093202511
2093424938
2093484707
2093538034
2093812567
2093900078
2094079019
2094111035
2094115906
2094411063
2094467870
2094508354
2094681102
2094719528
2094756120
2094961662
2095116418
2095210995
2095213946
2095288285
2095447611
2095542587
2095662246
2095702636
2095723454
2095754645
2096045133
2096130580
2096369067
2096484985
2096578427
2096594783
2096676504
2096784254
2096789013
2096829346
2097115764
2097276155
2097348671
2097523768
2097626444
2097680146
2097681479
2097849570
2097859802
2097960732
2098002552
2098177961
2098292806
2098319770
2098363505
2098581783
2098767560
2098845414
2098931010
2098941594
2098985905
2099056669
2099138330
2099264841
2099355981
2099424282
2099648255
2099891547
2100062525
2100152824
2100210866
2100329796
2100357107
2100387795
2100685784
2100873381
2100942826
2101046935
2101090814
2101111225
2101125671
2101194586
2101199315
2101227648
2101334581
2101380582
2101397086
2101419636
2101495106
2101497030
2101587651
2101700495
2101761374
2101767268
2101862945
2101876098
2102121548
2102180434
2102249771
2102299903
2102499991
2102565638
2102603749
2102663989
2102689751
2102808921
2102849165
2103011210
2103078846
2103095650
2103191580
2103252469
2103356311
2103380439
2103401118
2103405792
2103531210
2103621781
2103646658
2103672665
2103815556
2103883316
2103956617
2103980114
2104009937
2104115883
2104349737
2104682203
2104686311
2104706875
2104787805
2104851945
2104961259
2105018022
2105029405
2105283123
2105416353
2105758096
2105771888
2105994620
2106119704
2106128176
2106193061
2106411813
2106507636
2106520139
2106550321
2106622121
2106647245
2106749121
2107125497
2107435675
2107445875
2107817036
2107841227
2107884546
2108156012
2108336326
2108355344
2108369888
2108406381
2108456741
2108532120
2108592189
2108699621
2108787988
2108952326
2108984493
2109135905
2109199557
2109494086
2109634125
2109740904
2109836634
2109883017
2109944555
2110206891
2110212972
2110319828
2110412943
2110619880
2110659233
2110683731
2110691388
2110940753
2111149036
2111171508
2111349331
2111819212
2111988668
2112300955
2112340309
2112374854
2112484476
2112746047
2112820714
2112972462
2112977877
2113296616
2113422120
2113437402
2113646196
2113770144
2113848414
2113853397
2113975021
2114002954
2114039705
2114117379
2114361454
2114367032
2114448380
2114453400
2114478234
2114694481
2114721208
2115012757
2115099004
2115121766
2115244106
2115362658
2115445862
2115534614
2115585592
2115681377
2115769885
2115803840
2115814054
2116385820
2116421641
2116428123
2116643050
2116820405
2116872145
2116930154
2116962997
2117172858
2117211293
2117229853
2117282247
2117315764
2117506424
2118195892
2118434483
2118859532
2118965863
2118990144
2119023787
2119431758
2119585350
2119772677
2119828040
2119852062
2119870118
2119998955
2120047982
2120122975
2120193919
2120379313
2120418397
2120539767
2120577989
2120708150
2120715229
2120774093
2120784163
2120813248
2121101666
2121118321
2121178031
2121293941
2121306609
2121394049
2121511561
2121522420
2121989636
2122126618
2122130972
2122180236
2122282767
2122437212
2122453666
2122627862
2122863730
2123162673
2123220290
2123285932
2123298635
2123342658
2123404775
2123452343
2123579442
2123621412
2123885707
2123916645
2124018872
2124148377
2124368203
2124509402
2124569529
2124607215
2124823884
2124839455
2124865027
2125026838
2125143096
2125194763
2125617050
2125629917
2125685795
2125958646
2126039029
2126190002
2126306083
2126399902
2126469399
2126585771
2126619256
2126863694
2126899144
2126922966
2126929105
2127030765
2127097541
2127257677
2127274651
2127550992
2127645727
2127649391
2127662299
2127692865
2127754268
2127783187
2127911946
2127947779
2128007589
2128043402
2128044783
2128066963
2128069912
2128137293
2128606472
2128657867
2128713325
2128742633
2128827667
2128842528
2128868488
2129040249
2129256345
2129347306
2129534262
2129542978
2129579949
2129604371
2129680112
2129723044
2129752262
2129839424
2129902341
2130025489
2130062356
2130151214
2130219615
2130234689
2130569314
2130693283
2130724328
2130755124
2130756412
2130882528
2130893932
2131429382
2131453548
2131544248
2131558869
2131566614
2131614675
2131686281
2131730035
2131758566
2131803238
2131818743
2131911464
2131946569
2132416027
2132425320
2132535855
2132567475
2132631280
2132690825
2132834864
2132849661
2132888015
2133138519
2133256396
2133287567
2133537683
2133689190
2133768682
2133914356
2133942627
2133959516
2133985971
2134203425
2134221985
2134276959
2134395932
2134501820
2134851563
2134862567
2134919020
2134934329
2135026954
2135202186
2135271623
2135305130
2135401897
2135441364
2135464921
2135692220
2135771907
2136134836
2136193797
2136881260
2136883968
2137008367
2137024998
2137098944
2137198061
2137294112
2137456096
2137470702
2137605325
2137903271
2138048766
2138091745
2138095850
2138211465
2138240785
2138249587
2138320361
2138350017
2138440482
2138514768
2138538581
2138627256
2138639582
2138648637
2138705930
2138757752
2138980184
2139080591
2139434168
2139524917
2139601314
2139957122
2139965320
2140228553
2140255011
2140357785
2140457111
2140507783
2140788339
2140863009
2140973579
2141022197
2141194765
2141554219
2141672079
2141752907
2141756387
2141764527
2141773873
2141824214
2141880688
2141915154
2142010111
2142018016
2142394133
2142394395
2142486101
2142755219
2142834217
2142855773
2143055923
2143314144
2143324132
2143346338
2143368630
2143413680
2143532684
2143857298
2143875363
2143915717
2144093566
2144470214
2144621599
2144676256
2144737288
2144764132
2144889028
2144984753
2144999985
2145088518
2145181227
2145215013
2145255959
2145652174
2145721218
2145750132
2145918204
2145928864
2145947346
2146032007
2146124280
2146228102
2146244473
2146695112
2146751926
2146799994
2146804999
2146832104
2147054271
2147222370
2147304912
2147320629
2147411823
2147482592

