50668878
300252438
332503994
426509852
642177664
1111334373
1188308334
1243636035
1903638663
1974672673

4282725
22883976
42582595
51482969
75931856
80030415
105200348
125806910
132991688
188573465
206487700
211411819
216765221
233000749
263297104
290872046
327917845
330663487
334456625
341795760
360576137
373072545
384231225
446817559
460723582
511340915
528113919
559422355
573619714
581417474
620968158
723207355
724191796
746421883
772441815
813470902
818327818
829448066
832891668
853921950
872182713
889892920
986701356
1013696550
1032823808
1035226126
1040804035
1049244993
1098388966
1111852930
1112798724
1124553112
1150361738
1180899962
1210144199
1217292585
1247792176
1260489795
1287442102
1312827722
1331353556
1354188732
1358859321
1367696284
1391679554
1405275895
1418114108
1421123607
1427097599
1448534376
1465289077
1470298750
1502565542
1539111430
1642635040
1656981963
1660605454
1672371834
1701687823
1702695239
1713864601
1725498222
1782579143
1808307336
1815846930
1864835095
1866814396
1907097347
1918536990
1921031220
1979285598
1985833889
1988790733
2007505849
2024686758
2031954991
2059884201
2107254773
2131976697
2141664789

3451844
4215398
5487182
6708504
14413863
16623120
17860041
17862726
23131305
24008774
26422943
27714243
27817118
28460862
29129283
30116696
33083639
33466343
33773340
34369896
34370492
38239267
38465497
50376311
50727993
52556953
54441729
54595564
58154600
58774772
60106259
62767734
64513611
66981359
70698284
71091204
72177600
73303028
73490119
80329417
81658585
85903661
88515108
91238574
96951012
97030332
98735077
98745479
104105305
107335337
111820768
115473138
116744153
118581996
126751841
133831015
136559218
137661321
138933538
142782356
143389260
149128612
150550738
153195176
157005487
159551303
161679542
169881711
171457945
173745896
174105681
174229591
175556870
181554464
182216024
185432195
186226589
191586729
192868818
193034746
193787662
196541834
196774140
197770452
197843980
198806886
200138702
200947587
202588273
206226957
207993868
208260760
208576898
211553400
211635924
211903730
212907565
214047234
214176287
215611774
220360257
221117658
222592768
223092158
223339748
223590314
228008532
228488153
233449770
234389112
235034502
235425037
235454534
238274230
240409548
247251448
247753237
249385256
249681928
252582772
254965018
256875602
259603941
261043602
261910000
263914792
265581318
272057116
277160954
288312361
288334731
289781982
291165835
293286131
294347784
295480348
298505966
299302815
301120437
304007711
304119290
304431399
304656769
307623783
309480624
321765319
321827170
323456651
324583647
326309415
329019748
331918298
332638130
338736012
341781725
342273135
345333008
345452401
346885795
348902955
352123535
352518769
353285992
354779443
354792450
355423047
355888578
356466871
357505614
358015688
359309626
359380698
364016152
365351864
366519474
367280895
370165816
372310557
372888908
374172088
375254187
380125082
384501355
388650148
389640738
390626597
392826904
394429455
398822215
399201226
400956498
402689637
403706900
405955722
406399482
413152293
413215272
419822331
420581413
420924166
422288835
424016047
424413884
429278784
441465171
445107806
446909667
448315826
448754952
451602945
452871066
454247919
456520225
456753113
463277896
464073721
466640886
467971170
468280576
471264149
472480902
474269685
478045757
478263237
481377001
481642417
483456830
488369605
491465991
492207225
492933878
499626635
510271238
513038330
517479252
519265596
519591315
520816547
522834661
525293800
529349410
530123646
531896561
535979662
536137865
536331403
536560436
539126743
541697832
542351397
544900412
545626383
545893287
547253858
552815244
558934299
560129568
562453152
562588759
563746992
563794675
566102059
569093250
570517400
572358732
572662079
573525064
574715715
580085325
581030008
586990188
587446391
589750016
594002564
595344286
597285918
604456535
605840551
607135936
607164161
608514153
612126879
612197216
615248782
616862107
617239492
617792764
620363860
621237519
626898375
627237512
628688252
629428210
629689053
631596719
636092154
645721164
646968560
650209662
650793274
659500864
661324744
666077498
667602397
668891749
672141395
673138382
673234311
673819643
677373551
680640483
681339084
683198322
686983375
687414099
687634618
688032805
692842572
698480657
700867085
702409606
703686832
705025761
706395480
707797930
708505218
708930154
717611566
718537789
720862708
721961294
726216443
728073702
728493648
729367934
732055236
733295074
734334728
735900015
736627029
738866841
741248877
741341970
743908124
745834603
746403082
747874470
748341947
749064751
749117769
749175881
749824722
750400013
753723344
756356501
759771161
760684795
763201547
763858528
765302135
767340713
767350935
770637387
771773312
778291623
778334625
778714472
780025890
781248939
785033852
786548579
786594810
797337134
799672892
801306416
802012879
806458910
807157848
809172969
813031475
817266429
825103429
828957896
830921745
833934228
841279718
841508157
843968263
846804375
848651857
848701851
851146516
858612782
859086304
859198974
866112344
867001956
869662908
870062058
875767744
877044650
877113590
878164600
879408157
881518799
882490696
883178984
883488117
888580923
890883159
892693995
892796786
897137531
901791835
906179583
913229032
915291315
916442545
916856383
920167450
921089038
922216671
929293615
932357558
938103384
942743695
945249204
947459429
948773570
953293578
958135051
961180938
961295092
962732444
967134863
967181761
970080767
971097384
971312015
972877494
975710431
979287620
979677822
980051700
980242457
982131343
982173129
982440736
988470389
992869924
992869985
993400803
999252161
1002448281
1003823593
1004768452
1005553693
1008291548
1014243863
1017749413
1020264944
1022000787
1025069105
1025329597
1026607644
1027469902
1028571076
1028703791
1030010409
1033063311
1035957700
1036089135
1037514935
1037560160
1044279323
1044365625
1047888777
1053953811
1054000629
1054822800
1055021551
1056063156
1056519272
1062178089
1063159862
1066871473
1067919081
1068501949
1068764016
1069551756
1079576650
1080677084
1082374054
1082847061
1086961183
1088786086
1089845587
1094335596
1097185031
1098236976
1099231744
1101543568
1102722503
1106006242
1106338876
1108950387
1109699922
1114781118
1116135387
1120132984
1122170959
1123719085
1124365485
1124460893
1124749403
1125919959
1128005714
1128472608
1130952547
1131159531
1132282791
1133023762
1139048052
1139523816
1140740894
1142170230
1143087409
1146533229
1146755446
1147148498
1149632918
1151548986
1152134869
1153421062
1154193160
1155879913
1156016972
1163143309
1163415351
1163593404
1164072642
1165612386
1167940050
1173148940
1177319427
1177768696
1182696562
1187216023
1188996638
1191940580
1193018403
1194235908
1196032232
1196149914
1199154437
1199606555
1201027427
1205469270
1210891849
1211422524
1211531188
1216875478
1217868844
1217900705
1218398217
1218694447
1218787697
1222631501
1224590103
1225317239
1226494595
1227864310
1229168278
1230436045
1232700664
1233412486
1239782552
1241288803
1241352941
1243204003
1245857748
1255869345
1256525076
1257497353
1265617196
1266787304
1269134284
1269212444
1270953676
1272475839
1274528146
1278670476
1280308422
1283757362
1284242728
1291488007
1295111127
1299385908
1299749586
1305753251
1306109098
1311052710
1311339270
1311380606
1315342259
1318716285
1320354122
1321453353
1324073206
1329142912
1330956701
1333031971
1335902552
1343074419
1343090105
1343126014
1344617047
1355137598
1356581021
1357092420
1358096514
1362258974
1363494429
1366685281
1369670965
1370191600
1370205766
1371441744
1372501005
1374939994
1375115951
1375469877
1375946902
1376909208
1379331511
1379935090
1381608375
1384549733
1385604153
1387375922
1400735057
1401591913
1401699273
1402313654
1404026382
1405563146
1408192078
1409496185
1410061856
1412225238
1413197513
1416038976
1417634802
1418160594
1418318379
1421713420
1424272270
1426503348
1427569147
1435671018
1435743110
1438364585
1438869455
1443128622
1448366647
1448409064
1452154806
1453248501
1454289674
1459712327
1460127574
1460459710
1463857594
1465520219
1465798393
1466409760
1467349345
1469167436
1470136722
1471453906
1472823028
1473102291
1476781203
1478913798
1479456403
1481801625
1481922326
1489959195
1490952415
1492558015
1494796020
1495861865
1498486155
1499061490
1501929689
1502096442
1502389810
1502538608
1503333435
1505826106
1508373290
1510248434
1511051262
1512155327
1512652627
1516078716
1518237702
1518350827
1519158065
1524611108
1525939266
1528251446
1528305209
1532329184
1534000327
1535803227
1536311722
1539388365
1543015813
1543416951
1545094147
1545266909
1546346935
1549424243
1560446566
1561531427
1562111367
1562453652
1567877908
1567886770
1568939983
1569786223
1579297125
1579387901
1579389471
1579406130
1580510408
1581162381
1582103078
1583063655
1584280629
1585423044
1587918662
1590509378
1592223404
1595223773
1598045709
1598127034
1599448585
1600338000
1606721444
1609414628
1614736432
1619475164
1623273966
1623373279
1624149330
1627052518
1633364955
1633489489
1634129549
1634669052
1636206345
1638241930
1638882896
1643577059
1644102811
1646172477
1650976258
1654951942
1656440979
1657099183
1658100255
1661276758
1663054258
1663490840
1663763716
1670186679
1670548109
1673482154
1676824575
1676993298
1677402295
1680678750
1681301493
1681334090
1682379481
1683377697
1683999903
1684765063
1685201751
1686144790
1691137671
1692437438
1694296074
1697868280
1699651066
1700684628
1707931930
1708771719
1715398187
1716997799
1718303681
1718608949
1718866397
1718931093
1721118760
1727377297
1730962532
1733533151
1735164411
1735626977
1737957124
1738781778
1739476955
1740103663
1741448960
1744082991
1752677859
1752682069
1756587114
1757890069
1758476082
1758561913
1760119968
1762402881
1764755146
1765465602
1770784855
1773005534
1777158826
1781196392
1783748858
1785278983
1788527919
1792100008
1793170442
1795570972
1796306262
1797045807
1797939577
1798531834
1799820980
1803667788
1804810016
1806809414
1811035999
1814350199
1817835258
1818571352
1818899202
1822805260
1823088781
1824468261
1834393418
1838938607
1840116274
1841428993
1844243054
1845688689
1848594700
1852860872
1857339546
1858337196
1859269247
1866834769
1872994273
1873204869
1873727031
1874575187
1875118831
1879558596
1879961557
1885133317
1888676414
1889927063
1891312428
1893153677
1895261067
1897101892
1898267996
1900962177
1903637179
1904267171
1908146292
1912219509
1913247030
1918110988
1920300221
1923741781
1923834491
1925857904
1926547550
1926798699
1933508795
1936022629
1936814349
1938914451
1943182313
1945312694
1945521708
1948501989
1949043307
1949850976
1954179997
1959097708
1961807682
1962161837
1962392775
1966218377
1969692602
1973017992
1975594934
1978598506
1982240765
1985939747
1986040008
1986047853
1987732357
1992654644
1995156388
2000532744
2002793058
2004537396
2005475963
2005572659
2008246431
2010261917
2011558224
2013061446
2014090192
2017213327
2020343725
2023052157
2025950566
2026122261
2026655886
2026693859
2027171816
2028754700
2032867236
2033780365
2041315543
2046029290
2046079470
2047779204
2053043358
2054224680
2054460995
2056877146
2060701299
2064630209
2065783542
2065913926
2066348084
2066550761
2066620992
2067972969
2070814211
2071907043
2071910482
2074595217
2079740722
2080702690
2082295329
2082537896
2083476160
2083866499
2084866345
2085093839
2089266759
2092202513
2092788794
2093782552
2094222875
2094445753
2097071512
2098199629
2098767261
2101567231
2105212581
2106121266
2112501661
2122218025
2122480157
2124860607
2128717482
2129224676
2131124708
2132599031
2133589914
2134217045
2136706321
2139008270
2139241648
2142047286
2143067959
2143451147
2145886996
2146614259

2005271
2177106
3308519
4079586
6675737
8003202
9573947
9601843
9776213
9980055
11867512
12557978
12606567
13757110
13948595
14159080
14980029
15749534
15815708
17772407
18040743
18247547
20476028
21542349
21623847
22901043
23345793
23358856
24240028
24855603
24953909
25095943
25917519
27505269
27766827
30123882
30315848
30470588
30768195
31476697
31573732
33063598
33192324
38746053
38971635
39002999
39658601
40558987
41736154
42412199
44176972
47955455
48168705
48196976
50594777
51439018
54757459
55409232
55651080
56037727
56445356
57513169
58988455
60171630
61231020
62973443
64306937
65747252
66978099
69531350
70344163
71532897
71840629
72164366
75316650
76833798
78883896
80635818
81107731
83398543
84412297
84533796
85884435
85959700
86795035
87542521
88476566
89302350
92017800
92455273
93637988
95116062
98923965
99049526
100182396
101285634
101524198
104799958
105147022
106770844
109205840
110234847
111122536
112913954
113151748
113507921
114702935
115818873
116349426
117205602
118133034
119954947
120913088
121880774
123614195
124660956
124842435
124933598
126362838
126438563
126487685
129219617
129459666
135281926
135437381
138350324
138418049
139336498
140087524
140174692
140321182
141009542
142500082
142522842
142856296
148749341
148849529
150945292
151564236
151654622
154524787
155014384
156211160
156282453
156361921
156831947
156939208
158016058
158982741
160859051
161627146
172638091
174703408
174816594
176907912
181580892
183155918
184011869
184471726
185529507
191176670
192492186
193467195
194028422
195454607
195494338
196378042
196389720
198501910
199599486
200617516
200733623
201445060
203834674
204520745
204936935
205418952
206809523
207043973
208318802
209347010
209362388
209677422
210258038
210839905
212054357
213270703
217824928
221425856
221867340
221960067
223275043
223505523
224195230
224565292
226520670
228271511
228609376
228768584
229265622
229998422
230376827
231059919
231252915
232172704
234731928
235259352
236087638
236459514
236537253
238151407
238265785
240295273
241158574
241365483
241790763
241792250
242282280
246327634
248193238
248745760
249426400
249598277
254025253
254693157
255789457
255913449
256190233
256394648
256421624
257286308
258409213
259143892
259846721
260000784
263773625
264946863
265039180
265176343
266687290
268819099
270160889
270185485
270604123
272035037
273663877
275981797
277075188
277506141
277988340
278456351
278831103
279311745
283702359
286048193
286671902
289694242
290498478
291293895
291674166
297733451
297941518
298677533
299104588
299443125
300020802
300852252
303142529
303396449
303751230
304528725
304760237
308908816
311030603
311720808
312861519
312904807
313026251
313981028
314485429
316901776
317327212
317757838
320537703
321449513
323004063
323418816
323608048
324837514
326886241
328736832
330611676
331649233
332884409
333758631
334556728
337041211
337994499
338880033
340308553
340697070
340918547
341219095
341750810
341915195
342403432
342530244
344809995
347100112
347164271
349930766
350688261
353287966
353922127
353998412
354938760
356805164
357211954
358318642
358536626
359209079
359814069
365512221
367421863
367859350
368626339
369213447
372806584
372833994
373216478
373257091
374653114
374802749
375979679
376477240
377258201
378810974
380323557
380337540
380514732
382295482
382513772
382676784
384159315
384866262
385276988
385590778
385931563
387038129
387199999
388998198
389470655
389537949
391951078
394264796
394455015
394584201
395546568
399228516
400485011
403742646
403835485
405049926
405702451
406700715
406843843
408704672
409285248
414911741
414917761
415573374
418929955
419478865
420793990
424509110
424910299
425557057
427386058
427672051
429088077
429401293
430011680
430082787
431459246
433223513
435949872
436008005
436303566
438119414
438883767
438910138
439377385
439673045
439799073
441061468
442349571
442402537
444010077
445240713
447872011
448041863
449437181
450031098
450617084
452510285
452670195
454706142
455063061
455576461
455615377
457128544
459589926
461088119
461200212
462736977
463465966
465086227
466410358
466963479
467041795
467244973
468779741
470069950
470756778
471179655
472216137
472248701
475524853
476224669
476697087
477521478
477935938
478706391
485723708
485781920
485805531
486375260
486534937
487829280
489267602
489380574
490514091
491025261
492411238
494442873
494957258
496545440
497228762
497229845
497280849
498256888
502299796
503409967
505030367
507260186
508426458
508543944
510021150
511437182
511756228
512429968
513630356
513760704
515984054
516147823
517367730
518718780
520460576
521790240
522915060
526529474
527051634
529446627
529962115
530458523
532195550
533087431
534676047
535383624
537534308
538576301
539274452
539641989
540725060
540891858
541964549
542229178
542341963
543217021
543219076
543396325
543421592
544683176
544942013
545697545
547772053
548127889
548420820
548553137
549302893
551459695
552854001
552904759
553271119
553711043
554294367
554611769
557091907
558032592
559177156
561632414
561929357
562127257
562750173
563315085
564631425
564832997
566655754
567016541
567263174
567350340
568034366
569493403
569609588
569634040
570644266
571488632
572071978
572133382
573460330
578293691
578603887
579298378
580662637
582590066
584614001
587846486
588671332
593361628
593583096
594295767
594997058
596098557
596399748
598010516
598246104
598562037
599282329
599349936
599563685
599668666
600892695
602210722
603282538
603899647
605028992
606437877
608074323
608538840
611100407
612902396
612948953
613312599
615586769
617234244
617258457
618075444
618323813
619393374
619584264
620048535
620354810
620673352
620940359
621538702
622415718
622756932
623618226
623996640
624176223
629771700
630032807
632048515
632222389
632414382
634305676
635788741
635840121
637241284
640667124
641037398
641555433
643407318
643575356
644331455
644985230
646875196
649024444
650459036
652384772
652651698
653277507
654576274
657026145
658787875
659354045
659553906
660594256
662267552
662669825
663137205
666672824
666739954
667137717
667359842
668352841
669334295
670550795
670773014
673109990
673958365
674729782
675301577
677440095
679412298
679432480
680006601
680846453
680964560
681265622
681646236
682275777
683780326
684239705
684878600
686286175
686323349
687115220
687141611
687665828
687847330
688135802
691033379
692981228
695353216
698138136
702021620
702831940
703211656
704559069
706649643
707971139
708348186
710690359
711816917
711941387
712044388
712530960
713883461
714202476
716310198
717269906
718312859
721441195
724083483
724139631
725559035
728106754
728360711
730965526
733651407
735573078
737830179
738293617
739436939
740265792
740671042
745425144
745603509
746940899
747815795
747869317
749676227
750096728
753704201
754205731
754213537
759335537
759746184
760750274
761575192
762149711
763285626
764811100
765107097
766551064
769464873
770852255
771851373
772336471
773529827
773624857
774313091
776937455
778328926
779973649
780065721
780356247
780458625
782739650
783609879
783936436
787065779
789575193
790229276
790365886
791095518
791452044
791715824
792687295
792798081
793128593
794932783
795095909
796124308
796249101
797291250
798931285
799784446
801420423
801589477
802290355
802914319
803042443
804229873
807505507
808938756
809221519
809725769
811102245
813621333
813631665
814220710
814247087
815301351
815369443
815760604
815792326
816898310
816916393
817193244
817493807
817904388
818798902
820213802
820686087
821076994
821976339
822176437
822547202
824856998
824950668
825361678
826240675
826611936
828887574
829152425
831292712
832715095
836619535
837067967
838709106
840505506
841134104
841196580
841674286
844250092
844541261
847320430
850511329
851601725
860521005
860727255
861049816
863599292
864546071
866913044
867283148
867539918
867842717
867844380
868316271
869829782
870183427
871053445
871112449
871708657
872936928
873541167
873582071
876246754
877037349
880719189
882457005
884638059
885554106
886250159
886840515
887635206
887820666
887872891
889940363
892245246
892752071
892772188
892981774
894809467
895488550
895670456
898864234
901681877
901858606
902056022
902612064
904252588
904720324
905739997
906407760
910385312
910587916
910661674
912098360
914381706
916315223
916983284
917303632
917863158
919604904
921564957
922578410
923656758
923833605
924876774
928393872
929716392
929981924
930026935
930104232
932816853
932945210
935967759
936642703
937139089
939467842
939515894
940364557
941178703
943405530
944976909
944985912
947614329
947774580
948465254
948880532
950403753
951165401
952492318
952868980
953518678
954801453
954865770
957447675
958384519
958447559
959141767
961919906
962678948
963253356
964732054
965306563
966148618
966304375
966961038
967088716
967762460
970508592
973018109
973157228
973406700
973554022
974902247
976173777
977637827
979068467
979623975
979738057
981331419
982153079
982774025
984690523
986879464
987348479
987699879
990714568
991332091
991980378
994740438
997655425
997763223
998188201
998266608
999957093
1000507907
1000827001
1001047706
1001194286
1001847100
1002421435
1003636650
1004121406
1004508606
1005567554
1005702808
1007408507
1008626350
1009189340
1010649024
1010654743
1010711350
1012432705
1015030182
1016811004
1018064530
1019663602
1028349790
1031005057
1031248091
1033401078
1036533072
1036889659
1040263728
1040563644
1041200557
1041774049
1044648427
1044787600
1045968491
1046563771
1048106269
1050048924
1050243743
1050426517
1050861880
1051140261
1051365405
1054879387
1055014761
1055599260
1057940365
1058138020
1058151505
1058405293
1058553579
1058831338
1059661835
1062029864
1064225783
1064932457
1071277681
1071346656
1071478538
1072151550
1074015362
1075981991
1079336746
1080470186
1080569523
1081386372
1082423913
1082569432
1083130430
1083134438
1083391181
1084269018
1084387195
1085274219
1087369829
1087759128
1087992175
1088813938
1090170135
1091949271
1092232847
1094354953
1094378472
1094755184
1098776811
1099318679
1100054719
1100765968
1103274848
1103860698
1105797720
1106071859
1106295690
1110943985
1111294829
1112503375
1113848173
1114445918
1114548847
1116172078
1116556583
1117611677
1121608294
1123481061
1127831806
1130329896
1131285781
1131681315
1131751175
1132917180
1134846971
1135252818
1135768338
1135835267
1136292103
1138122990
1139029048
1139036219
1140094865
1140099481
1140320011
1141240675
1142166676
1144571875
1145997132
1146699606
1146804615
1148642511
1149422308
1151060105
1151422192
1153308062
1153491835
1155034507
1155512408
1157947560
1158112638
1158341691
1158713367
1161925059
1164477719
1164694799
1164776963
1165353533
1166630981
1167812953
1168614487
1172315115
1172659685
1173909536
1174070974
1174476241
1174857250
1175441330
1175663134
1175868147
1177245335
1177590115
1177734842
1178914438
1179367168
1179497579
1182086652
1184021555
1184636279
1185612497
1186234338
1186309098
1186416954
1186689027
1187012610
1189422597
1190005225
1191090701
1191601458
1193464355
1193575479
1195127434
1195283888
1195505534
1196111566
1196245351
1197617250
1198588275
1199606779
1199709452
1204014092
1204724424
1205444482
1206858263
1207469806
1210010928
1210614037
1211191082
1211777364
1211986431
1212319253
1213292589
1214359049
1214656617
1214671875
1215180068
1215949486
1216714859
1216912489
1218019661
1218401041
1218753311
1219112215
1220774273
1221904144
1222225271
1223581977
1227016637
1228240303
1228326210
1228742881
1229764323
1232037723
1234458401
1234515437
1238841654
1239831662
1243766316
1244050771
1246718125
1246720424
1247149432
1247294326
1250104112
1252033346
1252403373
1252895748
1254382995
1255341403
1256441828
1256846173
1256991923
1257894278
1259046142
1262361925
1262411364
1262959078
1262986240
1263588632
1264368010
1264609427
1265096530
1265447232
1266357933
1266449700
1266801783
1267905629
1269483245
1270460839
1270549003
1272352194
1272818705
1272909753
1274399073
1274534085
1274684012
1275703391
1275792951
1276529065
1277724599
1277897949
1278493908
1278677312
1278851415
1280973603
1281368732
1282635690
1283423587
1284064966
1284838100
1284992525
1285006947
1287232425
1287360540
1288836693
1288881690
1289554157
1290147546
1291199809
1293308918
1293362160
1293903137
1298661385
1298985119
1302178648
1304993780
1305348811
1305395095
1306460622
1306902802
1307960945
1308595066
1309040595
1309540582
1310480711
1310706359
1312256385
1312374784
1313886405
1314911049
1316028310
1318232873
1320028116
1320913315
1322207726
1322475259
1325216607
1325876115
1325932621
1326397145
1327570252
1327637243
1328953585
1329599531
1330304848
1330832244
1334492559
1335013523
1335969832
1336247750
1336357080
1341677801
1341972516
1342017874
1342688635
1344255096
1344568684
1347966569
1348729863
1348880179
1349029958
1349945415
1350210187
1350856277
1352185450
1353352810
1355470505
1357721113
1358548122
1358680061
1359553884
1360667927
1361156261
1361309996
1362495713
1362610812
1362641978
1362913772
1364624001
1365701540
1365829900
1366562138
1367281320
1367432032
1372319234
1372653054
1373098155
1373396951
1374377981
1374951226
1376136099
1376224914
1378268659
1379005023
1379871356
1380131667
1381981875
1382397362
1382657559
1383663347
1384384087
1384710468
1385273543
1387017657
1387095142
1388187645
1388778447
1389486277
1390908744
1391371217
1391832811
1392502482
1394882481
1395156866
1395403316
1400088343
1400108904
1400313850
1401685243
1402389376
1402477531
1402543073
1404473609
1404760756
1405664442
1406292011
1406326015
1407191975
1408039643
1408182877
1408929343
1409585496
1409591861
1409721942
1410433689
1411096594
1412728877
1412913356
1416271319
1417640160
1418713228
1421375377
1421701308
1421957557
1422220074
1422365392
1423817014
1425174163
1429001918
1431187102
1431327022
1431693374
1433694802
1433764059
1433776143
1433897276
1434152787
1434302266
1434591592
1434650478
1434997541
1439720140
1440701974
1441060581
1441258333
1442319223
1443537754
1444517513
1444862904
1446185832
1446719198
1446972661
1447222812
1450074857
1450264708
1450400068
1450893875
1451315058
1451868532
1454659226
1456356247
1458582696
1462062848
1462568640
1465764321
1466614322
1466945667
1469132980
1469198058
1469789914
1470105535
1470412287
1471518342
1472680425
1473173309
1473335629
1473556085
1475690241
1475938839
1476158676
1476225574
1476673854
1476922343
1479330190
1483766756
1485550604
1486020634
1486099114
1487136268
1487236323
1487487911
1487858494
1488418408
1488760432
1489087836
1489280911
1490334992
1490410533
1490530405
1491328513
1491963083
1493089307
1493991466
1494211418
1494782032
1495162580
1497740495
1498106848
1498472637
1499029185
1499312568
1500602214
1503083586
1503773934
1504179494
1504358819
1505363282
1505518611
1508905596
1509682483
1509923898
1511114002
1511228996
1516764577
1519397186
1519974357
1520864856
1521572940
1522635857
1523335740
1525710947
1525924762
1527741313
1528317501
1528330528
1528717619
1529982245
1530048181
1530064125
1530719197
1531111382
1533690929
1534510310
1535852113
1537909218
1537990557
1540383195
1540751641
1542470375
1543577765
1543997421
1545563375
1550458989
1550588889
1551148032
1552832979
1553725717
1560273916
1560778195
1561463655
1561816316
1563643260
1565072501
1566931309
1568801379
1570345951
1570772590
1573254822
1574271578
1576069922
1576713679
1577512823
1578607780
1579251138
1583349685
1583516908
1584538894
1585339998
1586169815
1588036050
1590871300
1591500537
1592025425
1593792706
1594827409
1597396261
1598966123
1600090331
1600109278
1600510189
1602305966
1602533950
1608340061
1608837750
1610025508
1615667116
1616082290
1618431765
1619803229
1619977717
1620350944
1621652137
1621692651
1623530487
1625184762
1626101478
1630755250
1630827034
1631355749
1632134703
1632994388
1633171572
1633427729
1633740366
1636809965
1637395363
1638123746
1638541537
1639392729
1640185332
1640889691
1642636683
1642984882
1643612093
1643762813
1645631756
1647956201
1647983422
1649110660
1649636948
1652029349
1655573368
1656265764
1656458878
1658815618
1661261752
1661435992
1665124895
1665791311
1666042847
1666216011
1666724877
1666811258
1667291783
1667423206
1667458467
1669141049
1671426935
1671430408
1671664657
1672560002
1673002719
1674115775
1676589414
1678142231
1678469260
1678641426
1679013206
1680592786
1681053882
1683535730
1684322011
1685387934
1685722454
1687191300
1687858715
1689408071
1689576172
1698656685
1700402450
1701185175
1703437039
1703809316
1704798131
1705408817
1706106781
1706191302
1706230267
1706292512
1709543533
1718711869
1718998560
1720623836
1720775979
1721941078
1722442030
1723483093
1724467195
1724630292
1724978085
1725297521
1725325791
1725593234
1726118297
1726845069
1727298364
1728798724
1728950382
1729929782
1731134642
1732685520
1733937899
1733985944
1735416671
1735975431
1736381702
1736653419
1737256138
1738098984
1741205682
1743133343
1743844555
1744143058
1745544872
1745887480
1748243878
1748439684
1748456390
1748671018
1749357923
1750269038
1750515354
1751233653
1751995340
1752578703
1754732247
1754814105
1759792608
1760748218
1760918439
1761005743
1761512949
1761567231
1762315777
1763299681
1763695443
1767738484
1768497581
1769463234
1769486158
1771819499
1772417220
1773549484
1773742163
1773813443
1775395809
1775580022
1777464361
1778495020
1783466125
1783826999
1783880406
1784613012
1784806878
1784946698
1786042378
1786047779
1786601042
1790114399
1791790721
1791878206
1793772778
1793815851
1793827187
1795890756
1795986797
1798419035
1799334031
1799973608
1801372293
1801810449
1802135629
1802735271
1802878633
1802937885
1803460035
1804045139
1804539885
1806370825
1807478677
1807482503
1808476946
1808596321
1810041206
1810867026
1811089791
1811207840
1811528793
1813251408
1815634712
1815934903
1818377069
1818559697
1818814218
1820472169
1820614562
1822122340
1824138397
1825268198
1826038686
1827556869
1828068440
1832702177
1840766680
1840982891
1841027947
1841071983
1843362000
1843557709
1844749054
1845220110
1847394376
1847801503
1848413283
1848615999
1848663088
1849504202
1851438690
1851592843
1854173185
1854304724
1857722069
1858367515
1858714150
1860628171
1860849814
1861107240
1861150232
1861190389
1862308775
1862765780
1865466693
1867007539
1867713539
1868672978
1869824982
1869887508
1870102395
1872354102
1872407821
1873229836
1875076049
1875131490
1876560155
1878990188
1879672916
1880351324
1881213662
1884487252
1884572490
1885857148
1886611672
1887331190
1888285818
1888778660
1891037034
1891891188
1892161238
1892448996
1892974295
1893423189
1893651601
1893714149
1894116207
1894638679
1894706208
1897336985
1898253027
1899049182
1899982910
1904488191
1905661852
1908660073
1909461488
1910542504
1910640731
1911636824
1912141656
1912365450
1914835518
1916783221
1916794201
1916871789
1917183736
1918103057
1918895328
1919187658
1919444026
1919748046
1922693507
1923565117
1924863918
1925090606
1925611425
1927965383
1928651379
1930509923
1933730820
1933826361
1934252410
1938626152
1938816336
1939076536
1939570445
1940358666
1941205332
1941704121
1942778787
1943626612
1943876956
1946053703
1947101753
1949392178
1949823665
1951123393
1951387193
1952432305
1954026879
1957470783
1958235609
1958435583
1958663000
1958780404
1959395975
1959704527
1960696331
1960993539
1961010844
1961555957
1962070391
1962772963
1965169387
1965683080
1966338020
1967493872
1969248135
1969614840
1970141683
1970226162
1970808380
1973063409
1974440920
1976691670
1981721736
1985887518
1986969946
1987254461
1987271320
1987944293
1990066689
1990156239
1990870102
1991069125
1991157060
1993608845
1993634147
1994997327
1995182286
1995537351
1997096506
1997287098
1998347679
2000152310
2001628361
2003681022
2004741436
2007027087
2008098495
2008868306
2009825429
2010254029
2011138859
2011225756
2011321215
2011970482
2015165049
2016203997
2017042550
2017194912
2017826775
2018028958
2018561962
2020265923
2020795984
2022106772
2022200153
2022895274
2023010229
2023642231
2023802230
2024489688
2025061835
2026082620
2028090251
2028349040
2028754879
2029322366
2029389853
2036147218
2038110872
2039168467
2041570494
2041844140
2043068795
2043174044
2047111249
2048113014
2048938485
2049926640
2051626166
2052197184
2052683373
2052849338
2053908727
2054360152
2054668587
2057973639
2059823799
2061807399
2061950381
2062685188
2063495180
2063755830
2064029534
2065218099
2066044254
2066375030
2067777388
2068286030
2068919767
2073223521
2073421280
2078421127
2079437571
2080926145
2082669570
2085160227
2086105276
2087964885
2088282257
2090376474
2090936566
2091927990
2092471417
2092491081
2092974736
2093730837
2094589302
2095656405
2098505301
2098594059
2099086521
2100515756
2101745038
2103272913
2108089413
2108318470
2110457320
2110880294
2111589788
2111850697
2114838161
2116577797
2116724206
2117573663
2118297770
2118928954
2119174461
2120047883
2124981580
2125952251
2126730799
2127019171
2128337530
2131013453
2131083175
2131842042
2134409308
2136381066
2136439446
2137574834
2137784261
2137937524
2139954601
2140451228
2140523645
2140729520
2142171353
2143634082
2143857714
2144776914
2145339287

499129
554306
878062
1122594
2135320
2285376
2473326
2953019
3206651
3229119
4847004
5419000
5830174
6226494
6354717
6381801
6504904
6543788
6949576
7050397
7120695
7740919
8363772
8686468
9530632
9686165
10240766
10377202
10770578
10932868
11115120
11873351
11987068
12031808
12412292
12775272
12946313
14421005
15095043
15100253
15340436
15375461
15383776
16000253
16777436
17031080
18114961
18446058
18487333
19284732
19300454
20023870
20120604
20183001
20672354
20804155
20912510
21167934
21519652
23497449
23758356
24238252
24660839
25133016
26190413
27170314
27382890
27920717
28314712
28994217
29084843
29100984
29199223
29731769
29953606
30613578
31223931
31460002
31798689
31841031
32455283
34048118
34285387
34362565
35679567
36708159
36975320
37243314
37677575
37938721
38356948
38382369
38615099
40892002
41018258
41030131
41358618
42423573
43297936
44220555
44294315
44404934
45217887
45594017
45613634
45673123
45871715
46148171
46830871
46858351
47172869
47469999
47854125
48420607
49193057
49255884
50086298
50165512
51049027
51611519
51639893
52025630
52056103
52204876
52252715
52625878
52824696
53010974
53422858
53751083
53871797
54138799
54294422
54531832
55612673
56983204
57259102
58130522
58562113
58606190
58762869
60048444
60680786
61086801
61652025
61831448
62011617
62079626
62283365
62633017
62961913
63810991
64142901
64504113
64974791
65213433
65557223
65844794
66657474
67520657
68613420
68764194
69601683
70013905
70331029
71328379
71677417
72105929
72550809
72739707
73005049
73865646
75906964
76381528
76763431
76992336
77110574
77497355
78143886
78660240
79027835
79090691
79188449
79450332
79899884
80883547
80923848
82125487
82241643
83250587
84308098
85314290
85696983
86014240
86148437
86218003
88564561
89480621
90160010
91882134
92159999
92502565
93189545
93554557
95305739
96009757
96530345
97453878
97546830
98224731
98289285
99280099
99570197
99602019
100479470
100745616
103468282
103544444
103615466
103743408
103780601
104330652
106640937
106928810
107378222
108659611
109075543
109186969
110284653
110623069
111365934
111579246
111602576
112026672
112157390
112158763
112453884
112699681
112761179
113044379
114331045
114482275
114695410
115277404
115355801
115908920
116457254
116810137
117602700
119483070
119577934
119759831
119990260
120263933
120598525
120830871
121411586
121649030
122252607
122433737
122566276
122778677
123812620
124571381
124590792
125246891
125441100
125549835
126318593
126959903
128128449
128670212
128742209
129363751
129506029
130023607
130257067
130337103
130520174
130640436
130950892
131251272
132168072
132733426
133596310
134245139
134326818
134381641
134507235
135077926
135187108
135351123
136261915
136353473
136366211
136628481
137089659
137267890
137920308
139357025
139671385
139713166
139858192
140373746
140403195
140643374
142370181
142684493
143345149
143918336
144178354
144297989
144433181
144452135
144663508
144771706
145096467
145195618
145339128
145371776
145456556
146350303
146751571
146768119
146970844
147593627
147928867
147998598
148030219
148410798
149064884
149596712
149765503
150316869
150778829
150782333
150815266
151059314
152128576
152144899
153032066
153141517
153855132
155059544
155303178
155472789
156137522
156686940
157196411
157912352
158631481
159076239
159319561
159422022
160054739
160347637
160848568
161136050
161302025
161718000
162350257
162378979
162782324
162919691
163057630
163086076
163291914
163855128
165661529
166233263
166587467
166965507
167140643
167425063
167631685
167967271
168376737
168509969
168526973
169039240
169485445
170847366
171409827
171878367
172124837
172377911
173278382
173719071
173998661
174040744
174725638
174877868
175046692
175158180
177095337
177394545
177586868
177742412
178129352
178817861
178929755
179571667
179775566
180098553
180178546
180701233
181126928
181764661
181794605
181961424
182110533
182544473
182648562
182778954
185263052
185526023
186071268
187624007
188681141
189155287
189159655
189885406
190694011
190762967
191432124
192147236
192849452
193072918
193297465
193322489
193368227
194321837
194794110
194797435
195378894
197020042
197511410
197638373
198234430
199012299
199195029
199406972
199433191
199638597
200110374
200490821
200885319
200941968
201282331
201301071
201646122
202120823
202300408
202436627
202439337
202869306
203234028
204280206
205714327
206351584
206921132
207050068
207092182
208939840
210104952
210316297
211399951
211900443
211945804
212705526
213154274
213873026
214364356
214379275
214410016
214971936
215121412
215680924
215825416
216389348
217236291
217554333
218578432
219213478
221259141
221620451
222283945
222447034
222482868
223411661
223532850
224082365
224176625
224176874
225646824
226366029
226521386
226819028
226985285
227342255
227815146
227967085
228087346
228411123
228752408
229545232
229795130
229809960
230057194
230090453
230575195
230737169
230879220
231369965
231573352
231741045
232138894
232220751
233069765
233679909
234169220
234567374
234577449
235133270
236250200
236713483
237538313
238253218
239048676
239266452
239490700
239553841
240333382
241662950
242741645
243319200
244135117
244253322
244330947
244989452
245092248
245206738
245399413
246044323
246850105
247003915
247386404
247621372
248254228
249169241
249656712
250792737
251161030
251277787
251380308
251402816
252279104
252450676
254056602
254427528
254747545
255079397
255556936
257261414
257341524
257974637
259684653
260469671
260757845
260895129
261487929
262476704
262857974
263004189
263235735
263380101
266184823
266521774
268081408
269252812
269877804
269966956
271165649
271368726
271395881
271508453
272477806
272521582
272758712
272892536
273056828
273569721
273707198
275323502
275354216
275775610
276159842
276913576
276939948
277157268
277696950
277781393
277886929
278037988
279404838
279466051
279763248
279914123
280225828
280387006
280862690
280878768
280916971
281053458
281155271
281268572
281642947
281701861
282252559
282655051
282725475
282943383
283131884
283922386
283982251
284109001
284279895
284654181
285795125
286226499
286530460
286680423
286770842
286904912
287483669
287603278
288287810
288422459
289306922
290172933
290174724
290559283
290935469
291571164
291636154
291651557
292712474
293177957
293319092
294425748
294636008
294951436
295095415
295664616
296148229
296941027
297357712
298409356
298699122
299012793
299269405
299317355
299677602
299746401
300529602
300918603
301940942
301967771
303882903
304351263
304870265
304985057
305036781
305380157
305765873
306658393
306908680
307477885
307882551
307955415
308144323
308324172
308553238
308718768
308880352
308909754
311175292
312137109
312295733
312715528
313086782
313472154
313550611
314363723
314786205
314995945
315191126
315837480
315842624
317497529
317862402
318369189
318783404
319262755
319264923
319420841
319621014
319623113
319950680
320453838
320530328
320918273
321535174
322405494
322572819
323302827
323630482
323666499
323853325
324225458
324397491
324837318
325607517
326959913
327291167
327708724
327769362
327960373
328288263
329948432
330467688
331124589
331971347
332308421
333270538
333714301
334723680
334941812
334947243
335314188
335395877
335593192
336273387
336862658
337117116
337119055
337177488
337335122
337511409
337849093
339334731
339736746
339944354
339973788
340595086
341018629
341040316
341632968
342041331
342129220
342838133
343172996
343660265
343733275
344488329
344518178
347338528
347500021
347592208
347944169
348407823
348523096
348679004
349052174
349614993
350014642
350515682
350789364
350910853
350939653
351631405
351745152
352730125
352736571
353579725
353938803
354149014
355134238
355424829
355680583
355957919
356497225
357393394
357910550
358129168
358559393
358636234
359662713
359927160
360426642
361759640
361883751
362646272
362653454
362843103
363356023
363930171
364487403
365282243
365384881
366163850
367028734
367194818
367430726
367904433
367993071
368142937
368276963
368746778
368843257
368919081
369008702
369965435
370713430
370879826
371032529
371070635
371249144
371778788
372141428
372883200
372909629
372970778
373046121
373606472
374252729
374339796
374385611
375235779
375666933
377220554
379428741
380219190
380223903
380421965
380861564
380869529
381099881
381876430
383093182
384095257
384289195
384421794
384837249
385490799
385769472
386328025
386351280
386662290
386663800
386685325
386881825
387169229
389023267
390135794
390930712
391777190
392663005
393502207
394142495
394208954
394366556
396141078
396277971
396851974
397220046
397248277
397368758
397702130
397836795
397888088
398050257
398767692
398902248
398987253
399379651
399527666
399662420
400478279
400660030
401099350
401831850
402109935
402318959
402804914
403122961
403352067
403942993
404029480
404066116
405091368
405427509
405532508
406129689
406288129
406355707
406415179
406616635
407477861
407655370
407880832
408090552
408320739
408359596
408902381
409368007
409608743
410482564
410888127
411425466
411941926
412009938
412667743
412943540
413282790
413409895
413969335
414188561
414370628
414608712
415240558
415292161
415825483
416236415
418868922
419838620
419865705
419933714
420130936
420166482
423286107
423421516
423701571
423771952
423810633
423886765
423918703
424073149
424705218
424927092
425620180
427919201
428211429
428668667
428779914
429028130
430266504
431137276
431535224
432093413
432312155
432413065
432525740
433017495
435043892
435244035
435263349
435865667
436787520
437079434
437248515
437275555
437303318
437742108
437754185
438588127
438765331
439183168
439598340
440687663
441086216
441302452
441734467
442246197
442351625
442401324
443648500
444339153
444494943
444603239
446059970
446439774
446535733
446659140
447543056
447780777
448146453
448311040
448351836
448650280
450209837
452223353
453370168
453580434
453924570
454152458
454457034
454483933
454971814
455061252
455180112
455514737
455800462
456515123
457292753
457411295
457546080
458835380
459700064
459778919
459920843
460333351
461635963
461845231
462219737
462259624
462302652
462370992
463458607
463492477
463907499
463929159
464112822
464242865
465512772
465676866
465815898
466204925
466784540
467276452
467705594
467980765
468321608
468420528
468604669
469002716
469204862
469946133
470301153
470618016
471798846
472229332
472694862
474423035
474471164
474647067
474666340
474710000
474770785
475095996
475401877
475561006
475715365
476855460
476930438
477487197
477636163
477955152
478167069
478172605
478461246
478577188
478993156
479340924
479379771
480019576
480107139
480796296
481159922
481493165
481518742
481722007
482376758
482838883
483839643
484549559
485342200
486965280
487001192
487352854
487883450
487972534
488069961
488212016
488446847
488644630
489142698
489292283
489408783
489544926
490001289
490185498
490237173
490522977
490870684
491111365
491136168
491229839
492163022
492186857
492223926
492594669
492802581
493497177
493810104
493990013
494723011
495723154
496346825
496619015
497847564
498417215
498735485
499126839
499263257
499571205
500321216
500533049
501352324
501577635
503746173
504094357
504228483
504448248
504533139
504868460
505420177
506162446
506514753
508108872
509215060
509658175
510237021
510644014
511231225
512264211
512338038
513493442
514372754
514553190
514912756
514958410
515696753
515834808
515936753
516128035
516139360
516488122
516701680
517489625
517933035
518103231
518191874
518545056
518715534
518847133
518849309
519052241
519198005
519270210
519363053
519841603
520190827
520434020
520763809
522250873
522805769
522971557
523131450
523468316
523521919
523845262
524032185
524112579
524352177
525580908
525713153
526078233
526413642
526808666
527186826
527373348
527545352
527587733
528157740
528219644
528830886
530115038
530686986
531525194
531554705
531836713
532203153
532781058
532823593
533088452
533101528
533118808
533218312
533775812
533964713
534420223
534576215
534583259
535605812
535748006
536320817
536893433
537483328
537906814
538131602
539023415
540323919
540744579
540957341
541370609
541460015
541802361
541856928
542106775
543069582
543660921
543903275
544626273
544786311
545509482
546200088
546201663
546899460
547123218
547232662
547315240
548411246
549221395
549574843
550390324
550561506
550808814
550931218
551177810
551461531
551831892
553120060
553699401
555027162
555290852
555404281
555501981
555847996
556532357
556720529
557095909
558011192
558169025
558213302
558471432
558817618
559163691
559239766
559374714
559705964
559883460
559973905
560397670
560706987
562183181
562196860
563040733
563611244
564051589
564147537
564195985
564895575
564964924
565402196
565521852
565903278
566397695
566448689
566847475
566900212
567531156
567762542
567832168
567871772
567896277
568064823
568807186
569423653
570316304
570394008
570937210
572329297
573267138
573503440
573968464
574125134
574509719
575640990
577038807
577236253
577279674
577605488
577900759
578401072
578496948
578515365
578979455
579231826
579343555
579569248
579638244
579853657
581101587
581717022
581771153
581783217
582824453
583046487
583404322
583681021
583967055
584458988
584711858
584752170
585066300
585288327
585983964
586539966
586576342
586696077
586793683
587345621
588096168
588298459
589657760
590088137
590232983
590759005
592192618
592390874
592607944
592610356
592740443
593884077
593897845
593980197
594189193
594205226
594359173
594360040
595193867
596344055
596629635
597299798
597393706
597642719
599056013
599333929
599746575
599887774
601212851
603126685
605927731
605969402
606319370
606408952
606687332
607444899
609190302
610232835
611223948
611283522
611302378
611745895
612073699
613288084
613604903
614278420
614636944
616043021
616317923
616679983
616929084
616986479
617151959
617375058
618060406
618622154
619108994
620103259
620544096
620643147
620870814
620887672
621350635
622370089
622405045
622449358
622845330
623634601
624685455
625209125
625517129
626036509
626221624
626373360
626639815
627380955
627483061
628054113
628467988
629113799
629651879
629873730
630129600
630173178
630705254
631047871
631835126
632145634
632440373
632478098
633193403
633287193
633459654
636036191
636062531
637372952
637705478
638126912
638304093
638879182
639124104
640493662
640520070
640580790
641131827
641514709
641622877
641828091
642600378
643399482
643474832
643699354
643838155
644087473
644523098
645607062
645677134
645711339
645938430
645993126
647404877
648887287
649615067
650171343
650607262
650939294
651409476
651592482
651674267
651819493
652311055
653083013
653283896
654861524
655180125
655347098
656056175
656930512
656935305
658009095
658347475
658567283
659295628
659815506
660722847
660960658
661142088
661788438
661973942
662244247
662731772
663384796
663525787
663990352
664106504
664121497
664441742
664928180
665271474
665393092
665494695
665552095
665561040
667597156
667806292
667915084
667916441
668469336
668698684
668918935
669038451
669134192
669382557
670121609
671079633
671394109
671573811
672115240
672337594
672830282
672991298
672991445
673441412
673690535
673827622
673935774
674540603
674786926
674836674
674930442
675565817
675989963
676067072
676473589
676621032
676892080
677101167
677111049
677658552
678239281
678773028
679236209
680754191
680840648
682143161
682548494
683293944
683391065
683593450
685390048
686282854
686628833
687702101
687806661
688090730
688501209
688930274
689080572
689555090
690390449
690660454
690967044
691696600
692834244
693148636
694210697
694610638
694953169
695767716
696024925
697023461
697197983
697205663
698116666
698329708
698370321
698867505
699374553
699470368
699678124
700071013
700086405
700516038
701105334
701320841
703571795
704757222
704979213
705148732
705206681
705524828
705678094
705922865
706303327
706893640
707263660
707657775
707673738
708554091
708881913
709456271
709653257
709712878
709869089
710996557
711095364
712137223
712819691
713183105
713493969
714609924
714827590
715009180
715046391
715516432
715691641
715826232
716019321
716151922
716240912
717115634
717274157
717335387
718984890
719191851
719544897
721104152
721472202
721742504
722774087
723221367
723439286
723585433
724278148
724355532
724628615
725519723
726286354
726497688
727120836
727719436
728521678
728614617
728768397
728810218
728898219
729412558
729596516
729964785
730558063
730884471
731336907
731631877
731786106
731819578
731992102
733127744
733171056
733283913
733482489
733673913
733675719
734026595
734055508
734238159
734683438
734706073
734741453
735017008
735686551
735840422
736156780
736385937
736556125
737242259
737424282
737624173
738293141
738378961
738646177
738808201
740306789
740740793
740816950
741618047
741933181
742065967
743792246
743909688
744199543
744715467
746221401
746644085
747489266
747506678
748906952
749106187
749657110
750134852
750767594
751386849
751793919
751956121
752260860
752492761
752696577
753657891
754049920
756587711
756983759
757357425
757538376
757669251
758306715
758459244
758493601
758579073
758922036
760122068
760233849
760595646
761163762
761328734
761523000
761780737
762201817
762480531
762802947
762815779
763165161
763835739
764385718
764575607
764579904
765509244
766193529
766533874
766926184
767000789
767835570
767995245
768054233
768076754
768214822
768611709
768630321
768886630
770174931
770666206
770673719
770812596
771719625
772267497
772285542
772898117
773499064
774601018
775515050
776969555
777527505
777721074
777881136
780121483
780301855
780514550
781138343
781596239
782696106
783025704
783190167
783480168
783586072
783681355
783807810
783840111
784393859
784753674
785251638
786454721
787079840
789159870
790058997
790635713
790775896
791791438
792846083
793171972
793222728
794124010
794598449
794945417
795286485
795570553
795919798
796098969
796132294
796161770
796776414
797033278
797776907
798347255
798545760
799081521
799171827
799251901
799490707
800161214
800374272
800394994
800402848
800452199
801502762
802463722
802602736
803328929
803544736
803569164
803696921
804237626
804283491
805455029
805683779
806592443
806775738
807554498
808804874
809583405
809716238
810305779
810318470
810417967
810472494
810797353
810846062
811362339
811568465
811584722
811831638
812395497
812422640
812526123
812958700
813436552
813471581
813877846
814415943
814452631
814852080
815062813
815326434
815336148
815377156
815458778
815643148
815719972
816135504
816391760
816959073
817194563
817685957
818779788
819513674
820348998
820516018
821298150
821429257
822102138
823289637
823352186
824198062
825508461
825514715
825660529
826030772
826720016
828321574
828329315
829271501
829658255
830072037
830642341
831118444
831627559
831951957
832304599
833059188
833192267
834398271
835370447
836305748
836991400
837406894
838080645
838393184
838970216
839100842
839787339
840766706
840960595
841076865
841254104
841394670
841543129
841782561
841969198
844041862
845304878
846266144
846352166
846483234
847381683
847460986
847556398
848134377
848502907
848657788
849074238
849140736
850214015
850666554
850695106
850995548
851083117
851503384
851946406
852424905
852939416
853398886
853748083
854556005
855013742
855060506
856527576
857081288
857085592
857111049
857667604
858087550
858129727
858710818
858902992
859392552
859872992
860142751
860469653
860824573
860844779
861176774
861191187
861356774
862683291
862940423
863157555
863242766
863623660
865237792
865507826
866373434
866885218
867105443
867161517
867457526
869437739
869479530
869624031
869860437
870068929
870096830
870344615
870964761
871548197
871663666
871784822
872255208
873394298
873746378
874075184
874112725
874229733
874505289
874509099
874759782
875391770
875767002
876954724
876985884
877434012
877782639
878665317
878741209
878771661
878923839
879270959
879961969
880372338
880982127
881078792
881194671
881225254
881585163
881872276
882705388
882819826
882858775
883562337
883718818
883799514
884083053
884101265
884233674
885117953
885288324
885558198
885891186
886065090
886198183
886354272
888383057
889357515
889504155
889570391
890243604
890335532
890691853
891761443
892553773
892705255
892901176
893071316
893098556
893767016
893864211
894711369
894892449
895140847
895323530
895962903
896087809
896514640
897069250
897217830
897608127
898096599
898159153
898241908
898626938
898848667
898951570
899420987
899430978
899702651
899944021
899985943
900482974
900643623
901776341
901807864
902661773
902733108
903294860
903538468
903660248
903674314
904264891
904655330
905815119
906429441
907857426
908003687
909181764
909845021
909967017
910068469
910667622
911693279
912616297
912806981
913146444
913159567
913238713
913919461
914163739
914946396
915201592
915606464
916291223
916442573
916547766
916600718
917313347
917394887
918352392
918643083
918935011
919011170
919082644
919253150
921094789
921098049
921125506
921755362
922181750
923373486
924557080
924904035
925295693
926101027
926673143
927212809
929060287
929124845
929129393
929563670
930524025
930948706
931073355
931638122
931777378
932642987
932761189
932912685
933211284
933711093
934718342
934779541
934812274
934848411
935158513
935941570
936437703
936457864
937537405
937598553
937664519
937770338
938001483
938233079
939457239
939465561
939549149
940338917
941104192
941688542
942047680
942448514
942856458
943728215
944019746
944463512
944571747
944688776
944742597
945060708
945520618
945571485
945679546
945888564
946521237
946900021
947441031
948316583
948373458
948641553
950709385
951271001
951938484
952302667
953127602
953150878
955104860
956023848
956318904
956344643
956375458
956443165
957678867
958216122
958368413
958466797
958569428
958652042
959554791
960253331
961898262
962532838
962605173
963112293
963942230
964444633
965420374
965654676
965708344
965834098
966143392
966638968
966954947
966984736
967711347
968197541
968208647
968296189
968368992
968855227
968934622
970075231
970259635
970398137
970403359
970806739
971157824
971979466
972249404
972280847
972812327
972813566
973089657
973424244
974877145
975362868
976186671
976287128
976443206
976516282
977988516
978558193
978928513
978932445
979190156
979298324
979680295
980356272
981581750
981726336
983478949
984172050
984178907
984987092
985338321
985554700
985639859
985958615
985973895
986561829
987370833
987881541
988262048
988743194
989175707
989810982
990969660
991152604
991183839
991474046
991552562
991730547
992319452
992393394
992700611
992700678
992864875
993429574
994121757
994144116
994253549
994873270
995015373
996107166
996143892
996523157
997758104
997929627
998659819
999338146
999397145
999510383
999763088
1000537294
1002146362
1002338553
1003191707
1003358838
1003464094
1003652417
1003718131
1005406047
1005522240
1006024907
1006580532
1006882225
1007788969
1007862035
1008274832
1008484340
1009130705
1009799340
1010051975
1010069905
1010145009
1010262981
1010460702
1010727923
1011085299
1011618411
1011632748
1011636378
1011674510
1011936132
1012044131
1012058849
1012157584
1012478268
1013140129
1013579998
1013781151
1013896805
1014345625
1014454276
1015774989
1016004493
1016069124
1016138334
1017002917
1018536950
1020165108
1020249971
1020337484
1022238465
1022622053
1022720922
1022806973
1023531581
1023888507
1024157730
1024333414
1024596690
1024641165
1025176360
1025195397
1025817657
1026203357
1026886060
1027268832
1027304884
1028281073
1029788923
1029962104
1030048148
1030637121
1030637375
1031328862
1031841055
1031947967
1032337280
1032965865
1033114587
1033553717
1033867384
1034931329
1035225625
1035354930
1035702427
1036061873
1036691523
1036857237
1037655961
1038276059
1038380731
1039794594
1040177947
1040535381
1041059125
1041425828
1041930335
1042059231
1042539311
1042956629
1043278489
1043773959
1043907980
1044106357
1044552518
1044575352
1045383448
1045786612
1046847302
1047202539
1047493219
1047512302
1048499062
1048886908
1049011872
1049059044
1049218706
1049289886
1049801000
1049843814
1049939336
1050157495
1050219537
1051299468
1051496124
1052438805
1052669197
1052801077
1054404480
1054601967
1054778579
1054977316
1055016440
1055972310
1056164122
1056200175
1056526869
1057038849
1059104646
1060326199
1060343199
1060595156
1061024319
1061602256
1062054395
1062167674
1062370538
1062397911
1062438293
1063031857
1063144489
1063519898
1064264668
1064623394
1064778077
1065116502
1066422218
1066843882
1067697812
1067773287
1067825592
1068404677
1068819951
1069696954
1070507220
1070810422
1071669984
1071749771
1071760831
1072032906
1072531705
1073734254
1073737045
1074516056
1074898446
1075928999
1076080941
1076083991
1076786471
1076848735
1077023802
1078007823
1078371471
1078768560
1078898154
1079178745
1079250321
1080350143
1080837946
1080987025
1081393137
1081490991
1081628373
1081714838
1081737132
1081764931
1081769301
1082586438
1082591008
1083123787
1083422631
1083442213
1083783812
1084058843
1084205380
1084400482
1084906123
1086084212
1086399129
1086604767
1087239241
1087239345
1087358956
1089229520
1089622026
1090628052
1091260167
1091717688
1091842078
1092095240
1092539158
1092569147
1094320680
1094338325
1094816459
1095572014
1095899720
1095962748
1096151687
1096558799
1096832104
1097009727
1097409710
1098215930
1098466321
1099198021
1099350038
1100022146
1100083609
1100187174
1100334564
1100669952
1100694958
1101717395
1102694491
1103647796
1104155971
1104915912
1105471900
1105908686
1106165888
1106213786
1106347812
1107434095
1108077480
1108600332
1108699741
1109391762
1109619661
1111350237
1111767819
1111840156
1111921648
1112026616
1112055573
1112264115
1112646268
1112784634
1113024145
1113049185
1113515369
1113569734
1114099846
1114407628
1114437081
1114546401
1114654606
1114811377
1115055780
1115199773
1115651604
1115820794
1116204939
1116747244
1116856079
1117891371
1118344966
1118481043
1118552054
1118652857
1118840111
1120121591
1120540701
1121332001
1121372320
1121508365
1121859118
1122955403
1123496784
1123767946
1124435206
1124795790
1125069445
1125387054
1125394897
1126269635
1128105522
1128571214
1128898982
1128955387
1128984630
1129150064
1129481188
1130300155
1130829471
1130878765
1131097374
1131580345
1132016935
1133935038
1134511391
1134534887
1134852657
1135021636
1135075921
1135083841
1135166223
1135449862
1135722249
1135965065
1136900229
1137470686
1138256658
1138612212
1139205853
1139528742
1139598950
1139735067
1140182468
1140245133
1141482707
1141702380
1141804961
1141908945
1141996970
1142008733
1142087911
1142224549
1142271259
1142427041
1143210870
1143778528
1143944365
1144177045
1144367391
1144368673
1145234812
1145307744
1149297954
1149358072
1149864306
1150511835
1150692870
1151269397
1151510891
1151577714
1151667783
1151720073
1151855532
1152798813
1153544969
1153920247
1154038284
1154353445
1155089527
1155172293
1155378170
1156354451
1156367853
1157383952
1157464468
1157827507
1157866701
1158043129
1159417140
1159642859
1160285340
1160354132
1161139102
1161248049
1161345185
1163020430
1163750038
1163804283
1163832526
1164067113
1164963667
1165244798
1165499269
1165765834
1165800928
1165957465
1166074414
1166665703
1167114898
1167220507
1167302595
1167670914
1169420198
1170406793
1170564791
1170678831
1171086210
1171304388
1172051294
1172720289
1172765005
1173623095
1173930814
1174654400
1174815511
1175840755
1176773639
1177286095
1179902044
1180761512
1181028923
1181044925
1181611523
1182466042
1183034761
1183282966
1185743358
1186254420
1186464337
1186773985
1187430545
1187859632
1188092197
1188244395
1188268259
1189003782
1189015738
1189352376
1189457332
1189539408
1190947098
1191605785
1192248233
1192814109
1193088753
1193143355
1193582824
1193893281
1194667156
1194847053
1195412017
1195836201
1195894429
1196911393
1197223129
1197386538
1197387647
1197715852
1197737498
1197781025
1197800694
1198107839
1198122380
1198187995
1198497673
1199113317
1199136810
1199178578
1199604525
1199814177
1200677194
1200935585
1201365569
1201853683
1202040272
1202475491
1202484589
1203051567
1203668697
1204194309
1204637733
1204878428
1205081723
1205208981
1205483583
1206560703
1206662462
1206894992
1206933109
1207503852
1208080181
1208904494
1209117377
1210112240
1210184991
1210381158
1210536789
1210589446
1210797678
1210857645
1211049591
1211936403
1212251173
1212602481
1212629756
1212650849
1212675869
1214207151
1214911061
1215166549
1215400271
1215951097
1216803177
1218233205
1218530163
1219331422
1219494820
1220000411
1220027861
1220084211
1221450923
1222161860
1222221650
1223430820
1223513811
1223756779
1223778565
1224076207
1224211015
1224219153
1224666996
1225035658
1225427198
1225746342
1225861629
1226794863
1226897159
1227306636
1228798232
1229182227
1229283362
1229290802
1229297334
1229874597
1230036045
1230566225
1230875830
1232411539
1232478318
1232643905
1232678556
1232771055
1232818742
1233344248
1234022956
1234035521
1235264184
1235435279
1235606282
1236258642
1237118426
1239121200
1239320176
1239803978
1240302152
1240400414
1240909993
1241505501
1241544949
1241708625
1242195377
1242381524
1242879318
1242884966
1242914302
1243371242
1243787388
1244285500
1245209632
1246449884
1246965018
1247409448
1247861742
1248333846
1248580217
1249184407
1249495940
1249523126
1249537043
1249544404
1250997772
1251228739
1251654281
1251783685
1251950735
1252168146
1252207606
1252606813
1252653309
1252701479
1253556395
1254274134
1254300039
1255309866
1255668342
1256428932
1256793936
1256879386
1257584682
1258896504
1259268029
1259332051
1259809951
1259931281
1261356009
1261871580
1262610286
1262666318
1262978984
1263469437
1263559550
1263663322
1263775278
1264236020
1264652484
1264800009
1264825781
1265173836
1265386729
1265828973
1266150024
1266515631
1267139028
1267142761
1267280610
1267542146
1267602041
1268143292
1268486411
1268996201
1269157053
1269618345
1269906434
1270053083
1270266008
1271759143
1272644800
1272916107
1273220110
1273813813
1274155052
1274433882
1274601714
1274602827
1276261621
1276300188
1276383790
1276395598
1276925924
1277597595
1277925974
1278091092
1279271777
1279423812
1279433013
1280345155
1280512859
1281390054
1282913605
1283421006
1284534357
1284599151
1284878701
1285334652
1285694589
1286352680
1287135491
1287371656
1287906495
1288754601
1289147924
1290230467
1290991794
1291325347
1291478597
1292275186
1292509299
1292890787
1293501365
1293929034
1294300015
1294489635
1295372194
1295728921
1296074286
1296487928
1296571950
1296627920
1297187576
1297279519
1297290894
1297513289
1297910983
1298367999
1298984337
1299090954
1299281389
1299478802
1300053336
1301084629
1301146582
1301503423
1301618390
1301856331
1303499588
1303794537
1304031640
1304310401
1304615292
1305979814
1307040273
1308516792
1308792879
1309578108
1309901148
1309933506
1310353774
1310526975
1310968549
1311209538
1311692612
1312153888
1312184175
1312456663
1312866561
1313262485
1313291663
1314347315
1314547072
1315546056
1315863810
1315893850
1316420977
1316537709
1318168051
1318170560
1318810946
1318875892
1319364245
1319387154
1319436902
1320446656
1320823394
1321103431
1321276521
1321483027
1321588582
1321713528
1322224217
1322749315
1322925909
1324197297
1324333437
1324504616
1325131033
1325250810
1325354942
1326165832
1326378453
1326420454
1326791452
1328629095
1328788635
1329056134
1329400543
1329550792
1329637595
1329706374
1329714845
1329818064
1330533471
1330559019
1330593583
1330939764
1331067678
1331188626
1331594547
1332676792
1332846001
1333113499
1333240741
1334142846
1334759030
1334815237
1335168064
1336054879
1336418180
1336898370
1337401722
1337691147
1338077172
1338626472
1338733800
1339009379
1339479828
1339485312
1339572323
1339853356
1340210775
1340274281
1340310566
1340445719
1340691906
1340809437
1340884047
1341332831
1341370721
1341976694
1343316935
1343992661
1344844812
1345036554
1345186876
1345644245
1346250805
1346281582
1346323843
1347152476
1347262643
1347452250
1347869796
1348017485
1348041414
1348258873
1348852512
1348928853
1349204686
1349464613
1350168432
1350251867
1350493368
1350970303
1351029960
1351182943
1352077521
1352109177
1352467072
1353169844
1353323720
1353482095
1353781464
1354020133
1354134999
1354926783
1355225477
1355360861
1355741706
1355875628
1356625462
1356783352
1357157297
1357360592
1358489084
1358744061
1359051850
1359426666
1359524874
1359595799
1359842574
1360101663
1360724939
1360816252
1360900862
1360916186
1361388700
1362211828
1362543785
1362549158
1362866308
1363828250
1365229885
1365672989
1365942993
1366508969
1367572986
1367878500
1367948194
1368410398
1368644229
1368842787
1368916438
1369169223
1369858182
1370824588
1371060619
1371681021
1373113312
1373487036
1373667695
1373827001
1373830768
1374048220
1374357698
1375174145
1375479259
1375916763
1376462843
1376604305
1377555584
1378260679
1378674049
1378760380
1379691988
1379853159
1380112724
1380586507
1380918585
1380923800
1380945908
1381729489
1382811150
1382878178
1384934234
1386010039
1386263155
1386470141
1386527510
1386646183
1386742056
1387363092
1388404239
1388683077
1389357701
1389771093
1389887319
1389904371
1390360451
1390472329
1390671384
1390831232
1391015604
1391397548
1391511079
1391538419
1391583737
1392726757
1392924511
1394074909
1394719062
1395240870
1396069868
1398115968
1398212828
1398563744
1398738382
1400155011
1400205230
1400221823
1401046088
1402375335
1402879717
1403009113
1403308880
1403399884
1403488716
1403853427
1404432079
1405160795
1405196122
1405585419
1405868192
1406698888
1406810830
1408067495
1408189830
1408582227
1408643417
1408750970
1408976147
1410336475
1410394022
1410936818
1411402650
1412316918
1412552082
1412711373
1412742819
1414678314
1414698380
1414908135
1415856765
1415937989
1416193733
1416343945
1417486620
1417797236
1417907905
1418309795
1418499440
1418507537
1419174619
1419474441
1420217139
1420549277
1420876419
1421345980
1421377015
1421597143
1423028817
1423612108
1424741576
1424816754
1425168385
1425210343
1425942268
1426070672
1426610435
1426925584
1427612545
1427972300
1428185978
1428437898
1429100310
1429426959
1430259766
1430950298
1431097776
1431802122
1432049140
1432084421
1432391749
1432402482
1434309970
1434530246
1434585193
1434664983
1434759641
1434839258
1434973079
1435490149
1436115667
1436408208
1436573687
1436721109
1436892469
1437269051
1438299688
1438309560
1438491642
1439360497
1439769103
1439785171
1439796307
1439922669
1440179899
1440576487
1440701452
1440959706
1441197303
1441218267
1441337683
1441340144
1442289345
1442333203
1444012434
1444061012
1444359332
1445812469
1446124848
1446725004
1447010488
1447018594
1447672578
1448178414
1449127405
1449194846
1449269586
1450670254
1451320241
1451643845
1452105819
1452173231
1452201482
1452328993
1453625612
1454934797
1455970940
1456004541
1456160793
1456581047
1458064855
1458097333
1459570599
1459619071
1459961206
1462750083
1463648577
1463702706
1465169240
1465808629
1467915881
1469031691
1469402016
1469559256
1469661210
1471020745
1471183463
1471410655
1471487292
1472007803
1473078696
1473185431
1473427698
1474260558
1475230522
1475476008
1476280347
1476304970
1476433218
1476568880
1476683499
1477037248
1477074745
1477155530
1477172695
1478073815
1478960563
1479138908
1479515637
1479565970
1479733578
1479966599
1480157511
1480253357
1481440400
1481476338
1481721551
1482060438
1482316949
1482409637
1482621170
1483330062
1483344822
1483527333
1483891304
1484208485
1485145649
1485147011
1485635479
1485755317
1485830219
1487397482
1487765922
1488572554
1489292303
1489443936
1489920197
1490242824
1490598999
1490673241
1490730475
1490833086
1491393135
1491655273
1491737449
1492039236
1492662305
1493815945
1493935865
1494275367
1494928924
1495017783
1495149791
1496067728
1496223157
1496382450
1496572777
1496941869
1497793574
1497892081
1498119738
1498164648
1498569109
1500110261
1500199307
1500478490
1500589713
1500678639
1500741816
1501077902
1501269387
1501814841
1501982177
1503542762
1503805100
1503865672
1504122733
1505292461
1505679481
1505718535
1506523799
1506624209
1506849725
1508355378
1509219839
1509268294
1510302001
1510691898
1510815157
1510829760
1510975371
1511854192
1512399241
1512720678
1513331262
1513346117
1513489898
1514960076
1515223187
1515276930
1515624324
1516021774
1516729543
1516800753
1517156817
1517555172
1518879647
1519086502
1519792359
1520449564
1521165052
1521179723
1521262565
1521316473
1521560325
1521609979
1522303059
1523344065
1523403958
1523629590
1524110814
1524338231
1524763245
1524788532
1524932878
1525013430
1525098516
1525212112
1525260122
1525569886
1526256299
1526283573
1527085730
1527478331
1527616265
1527683512
1527697083
1528479356
1528584888
1528780008
1528986874
1529420836
1529935612
1529982565
1530484168
1530638418
1531441766
1531890865
1531894587
1532162980
1533060457
1533231161
1533278217
1533387929
1533734158
1533769736
1535936137
1537033532
1537939222
1538222293
1538335425
1539133270
1540123510
1540404947
1540460442
1541072705
1541824076
1542110528
1542649019
1543039280
1543641901
1543832713
1544221809
1544642363
1544819715
1545236286
1545521973
1545585831
1546611207
1546927290
1548061981
1548483159
1548806082
1549349309
1549411171
1549573271
1549724847
1550282572
1550963412
1551558151
1551781784
1553453562
1554332863
1554701107
1555479630
1557859924
1559587677
1561175118
1561290363
1561333905
1561473700
1561972822
1562117039
1562403711
1562898079
1562936851
1563583252
1564141952
1564310569
1564382213
1565863337
1565920280
1566633772
1566709768
1566807453
1566860415
1567878153
1569105762
1569263210
1569290455
1569469602
1569806223
1570189375
1570834890
1571752436
1572427610
1572615076
1573177931
1573255906
1574532593
1574816064
1575130502
1575178295
1575435534
1575633167
1575750061
1576344407
1577029916
1577159390
1578439395
1578878099
1578897861
1579229477
1579430452
1580076505
1580183783
1580252034
1580570620
1580725918
1580879097
1580916403
1581035971
1581272733
1582370883
1582615573
1584570684
1584604432
1585231183
1585456271
1586143534
1586533763
1586577697
1586950809
1586994351
1588938470
1589605920
1591426291
1591564776
1591598820
1591917463
1592844288
1592953048
1593591610
1593777563
1594206766
1595454636
1595613021
1595890488
1595994840
1596619706
1597958288
1598384222
1598439150
1598558635
1598929757
1599865727
1599974498
1600329855
1600664051
1600827598
1601143198
1601504745
1601888090
1602590903
1603037380
1603463843
1604788892
1604824855
1604827566
1605785374
1606860465
1607080344
1607109993
1607433052
1607437338
1607521706
1608937547
1609039076
1609054966
1610439818
1611657511
1611694364
1612325151
1612830395
1613475364
1613830736
1613916951
1615020077
1615147670
1615422026
1616494756
1617761986
1618201913
1618239328
1618441508
1619484584
1619974578
1620226066
1620506878
1620733937
1620789450
1621450219
1621561439
1621915993
1623554750
1624315084
1624773211
1624952352
1625511697
1625614072
1626341524
1626729496
1627027946
1627266207
1627615541
1627706479
1627884850
1628670140
1628693064
1629410402
1629513896
1629741132
1629893294
1630426047
1630506390
1632217030
1632953896
1633533419
1634070290
1634788324
1635780557
1636167979
1636601532
1636825384
1637236930
1637993142
1638491554
1638640264
1638913797
1638917467
1638990111
1639029179
1639038088
1639393965
1639771738
1640209012
1640617172
1640704837
1640886676
1642033390
1642236248
1642550100
1643029839
1643461164
1643658695
1643674704
1643709379
1644118309
1645048058
1645241102
1645815902
1645864916
1645994626
1646101233
1646205270
1646403915
1647248506
1647660196
1648198136
1648936728
1649859439
1650149547
1650162287
1650865849
1652293887
1652453360
1652627705
1653729039
1653987857
1654404992
1654596704
1654649874
1655175070
1655266534
1655360256
1656400266
1656454590
1656542014
1657828516
1657922691
1658308707
1658554336
1658677957
1658725616
1659287896
1659678971
1660162989
1660197136
1660206665
1660611447
1661526169
1661635198
1661998343
1662512089
1662955300
1663247117
1663473870
1663560333
1663678943
1664365828
1664426016
1664871702
1665151961
1666242763
1666337192
1667207159
1668566028
1668615411
1668896719
1669263936
1669494578
1670251860
1670579644
1670713879
1670809499
1671032234
1671765420
1671796117
1671855660
1672796617
1672889123
1673740251
1674338197
1674616488
1674794734
1675830782
1676228049
1676633097
1677145151
1678278199
1678382735
1678546195
1679330886
1679422292
1679800137
1680155520
1680297389
1680306825
1680438007
1680607781
1681346333
1681455385
1681701307
1682086199
1682185588
1682322476
1682363269
1682396618
1682609026
1682697216
1682698662
1683010535
1683290451
1683364078
1684218724
1684333013
1684526233
1686095311
1686221191
1686280590
1687381862
1687568182
1687569931
1687920213
1688466802
1688840864
1689156500
1689267376
1689600685
1690461035
1690725312
1691049971
1691135626
1691930002
1691941293
1692280277
1692466500
1692997707
1693245362
1694828677
1694843591
1694986048
1695386511
1695423128
1695731654
1695924495
1696378913
1696568171
1696603837
1696763671
1697341409
1697666995
1697899920
1698093429
1698138246
1698350104
1698416749
1698978709
1700180201
1700286046
1700613257
1702102627
1703392647
1703434688
1703523434
1703761485
1703768781
1704585808
1705199317
1705614266
1705652073
1705869345
1706541647
1706788100
1706967461
1707078755
1707304860
1707682810
1707753695
1707780681
1709004901
1709119951
1709171322
1709277673
1709765681
1710593480
1710615345
1710829045
1711241748
1711328668
1711492897
1711909205
1712033255
1712982131
1713578467
1714951577
1715820905
1715993589
1716071594
1716206405
1716558494
1717240096
1717340052
1719682539
1720141444
1720438644
1722581180
1722688610
1722788295
1724635208
1724651300
1724683380
1725217619
1725820234
1726120965
1727717969
1728088506
1728559571
1728943819
1729035264
1729101149
1729749033
1729952130
1731385706
1731849381
1732584000
1733104402
1734101630
1734385137
1735307761
1735959481
1736639483
1736738198
1736777349
1737110574
1738219014
1738238342
1739058012
1739966853
1740145001
1740148589
1740435700
1741160900
1741362573
1741797351
1742048461
1742309841
1742398906
1742774746
1743905945
1743999819
1744219709
1744521043
1745509100
1745545950
1745570545
1745726916
1745912076
1745920155
1745926027
1746347942
1746571578
1746934806
1747225004
1747319011
1747725055
1747770070
1748123386
1748358456
1748405621
1749120020
1749149369
1749358093
1749550988
1750137337
1750672705
1750674011
1751786634
1751995876
1753305719
1753690707
1753868649
1754101332
1754307890
1754697813
1755034520
1755219991
1755283588
1755527296
1756896585
1757148119
1757537224
1758805835
1760071356
1760556334
1760764694
1760920331
1761075110
1761083441
1762665196
1762792886
1762815297
1763082271
1763134843
1763602237
1764194620
1764890796
1765476488
1765561262
1766774141
1766928991
1767742203
1768138152
1768184640
1768431833
1768433319
1769750816
1769932448
1771056930
1771470895
1772340775
1772344448
1772631994
1772780994
1772879154
1772905843
1773089746
1773369716
1773441784
1773689203
1774195560
1774479713
1774685161
1774838559
1776146457
1776193447
1777124509
1777268021
1777270501
1777801264
1777991147
1778515391
1779240309
1779666312
1779877923
1779912739
1781282488
1781398576
1781472721
1781612037
1782667014
1782730120
1782791760
1782975092
1783315311
1783744615
1783845350
1783940267
1784294833
1785193103
1785348536
1785411429
1785853906
1785996669
1786210440
1786395301
1786687554
1786753228
1787449674
1788869103
1789155845
1789218328
1789973063
1790300568
1790394975
1791616548
1791775801
1791971019
1792386987
1792591651
1793292513
1793472008
1794304537
1794465387
1794468277
1794476401
1795824032
1796729480
1797051209
1797770356
1797823924
1797991505
1798155300
1798239241
1798486194
1798536361
1798687662
1798844377
1799151817
1799205616
1799268363
1799363726
1799930654
1800159138
1800190738
1800453188
1800690875
1801551463
1802109021
1802569233
1803817310
1803912018
1804221098
1804928298
1804933443
1804987060
1805628614
1806036608
1806125353
1806239946
1806307259
1807919948
1808518327
1809276877
1809468709
1810128760
1810586412
1811096841
1811618650
1811738362
1813128252
1814373780
1814524850
1814542029
1814750879
1815418712
1816058366
1816167125
1816738612
1818008378
1818332266
1819250025
1819453959
1820032813
1820559854
1821738011
1822330554
1822413323
1822917707
1823179530
1823520253
1823806551
1824386157
1824471779
1824659846
1824992282
1826655165
1826737125
1826781641
1827136190
1827566848
1827601940
1827642430
1827747682
1828719663
1828747208
1828916770
1828992473
1830021654
1830751734
1830934870
1831107649
1831590755
1831794667
1831824949
1832096901
1832159914
1832234733
1832781967
1832860239
1834008463
1834151018
1834845656
1835093270
1835135151
1835454713
1835617992
1836036035
1836275250
1836526922
1836842657
1837008659
1837328667
1838085177
1838968900
1839059920
1839227089
1839486950
1839639623
1839743858
1840328437
1841152675
1842161056
1842194807
1842426540
1842694785
1842705387
1842724528
1842787738
1843052481
1844493835
1847158703
1847454450
1847704793
1848372824
1848434623
1849075929
1849126793
1849167028
1849687790
1849717567
1850309576
1850615279
1850828964
1850947108
1854702938
1854887108
1855662571
1856180778
1856659881
1857004779
1857645450
1857684623
1857935305
1857972308
1858123847
1858937666
1859022965
1859239415
1860338703
1860577831
1860651053
1861624201
1862298479
1862622593
1863560985
1863726522
1864621567
1864724315
1864809893
1866995266
1867081764
1867352629
1867382606
1867662452
1868387316
1869053029
1869511647
1870084140
1870313905
1870763996
1871982601
1872594840
1872686152
1872687184
1872750956
1872926609
1873026254
1874104168
1874630935
1874895279
1875140054
1875155792
1875792217
1876146017
1877509693
1879654941
1879888215
1880180030
1880558854
1880666094
1880998888
1881046231
1881275910
1881685314
1882380031
1882797007
1883080712
1885701647
1886382826
1886667643
1886810807
1887847595
1888425062
1888564337
1888946147
1889168752
1889535504
1889833306
1890235116
1890596019
1890876628
1891671716
1891736703
1892479039
1892673369
1892688809
1892771792
1893033499
1893203329
1893350278
1893771289
1894974040
1896267561
1896344005
1896586566
1896677642
1896953781
1896974230
1897210160
1897825074
1898654445
1899316782
1899560630
1899786527
1900077391
1900448340
1900669246
1900980212
1901264898
1901287077
1903004909
1903092433
1905435069
1905743485
1905773120
1905822222
1906443755
1906679443
1906891035
1907201584
1907210265
1907600892
1908885331
1909097726
1909689013
1909725608
1909769933
1909866858
1910087596
1910693098
1910982185
1911018122
1911576247
1912036110
1912631212
1912644931
1912798911
1912858399
1913484923
1913664909
1913989252
1914037915
1914274885
1914346071
1914451963
1915007767
1915299418
1915545497
1915596114
1916318240
1917005557
1919237565
1919354747
1919931704
1920654795
1921296283
1923667671
1923733071
1923799245
1925494553
1925617985
1925707602
1927027124
1927076329
1927680066
1928051623
1928238358
1928724933
1928750939
1929535379
1929678906
1930525545
1930953734
1932117942
1932210411
1932363693
1932439945
1932545310
1933324989
1933698356
1933895368
1934224264
1934258751
1934687315
1934889831
1935319955
1935427554
1936690730
1937085714
1937460633
1937545042
1938110597
1939154135
1939620804
1941055863
1941676436
1941717048
1942198448
1942225508
1942810544
1943134978
1943956296
1944440834
1944795993
1944928771
1945229057
1946076220
1946087974
1946275089
1946410162
1946536456
1947159256
1947776991
1947878756
1947887237
1948309105
1948419741
1948521026
1948843420
1948867613
1948939101
1949075915
1949420587
1950636551
1951178402
1952088765
1952175704
1952543189
1953053808
1953739178
1954063520
1954403083
1954554475
1954721624
1954840360
1955268659
1955375434
1956903349
1956923219
1957524732
1958440639
1959222533
1959447685
1959832363
1959947084
1960702487
1961781113
1962119687
1962359799
1962911422
1963099457
1963429229
1963435652
1963924476
1964980153
1965045651
1965218238
1965257499
1965509812
1965511013
1966229800
1966545035
1966837368
1967177355
1967967047
1968023054
1968455410
1968622422
1970502290
1970817179
1972570216
1972672532
1973771212
1973865127
1974134231
1974242413
1974273525
1974500897
1974630731
1975471670
1975551319
1976407419
1978587783
1978620624
1979202179
1979624204
1979828894
1979850136
1979882924
1980356722
1980388704
1980712373
1980924335
1981439448
1981828168
1982011991
1982402482
1982857384
1983095389
1984025443
1984319042
1984667636
1985510300
1985595233
1985824300
1986657515
1986846612
1986914733
1987303343
1987476811
1987871257
1988198675
1988283295
1988609392
1988757956
1989127384
1989565704
1990096137
1990152816
1990687496
1990759153
1991821372
1993044973
1993284226
1994666676
1995310384
1995472963
1995567522
1995943674
1996623131
1996867782
1996934722
1997409323
1997487470
1997580121
1997772869
1998055999
1998128403
1998488702
1998703221
1998890092
1999334611
1999361625
2000024481
2000118181
2000137076
2001091738
2001243578
2001415011
2003382992
2004697177
2005523659
2005526315
2005667308
2005736095
2006012559
2006220539
2006579835
2006701289
2007608398
2008257122
2009177864
2009673912
2009905555
2012310461
2013247363
2013315437
2013591299
2013727407
2013894914
2014095085
2014239645
2014249880
2014842920
2015456828
2015480088
2015624843
2016914006
2017262743
2017557966
2018038262
2018097852
2018241721
2018792378
2019136075
2020411399
2021304938
2021529146
2021613186
2021870005
2021969021
2022014712
2022128289
2022214597
2022410745
2022810705
2024981433
2025252346
2025578600
2026354541
2026918157
2027318986
2027581409
2027609526
2027944995
2029168134
2029561010
2029798856
2030475090
2031584058
2031852388
2031868858
2031967610
2032230704
2032255883
2032777726
2032978440
2033420220
2033984032
2034668578
2034708458
2034831226
2035826279
2036166388
2036317448
2036533347
2036618908
2036776251
2038053029
2038154214
2038417327
2038486000
2039528992
2040207527
2040278173
2041276459
2041559305
2041610794
2041681403
2042107516
2043263856
2043545867
2044045938
2044215312
2044216723
2045628455
2045754658
2046674497
2047240409
2047302780
2047380858
2047838410
2048523721
2049274481
2049388465
2049608981
2050057183
2050146426
2050442429
2051640197
2051920178
2052283784
2052771686
2052962927
2053174530
2053529162
2053619849
2055685982
2056114630
2056323283
2056595816
2056684120
2057383223
2057551788
2057770947
2057938382
2058422479
2058582649
2058897771
2058940707
2059133128
2059613199
2059816707
2059933174
2060712866
2060765228
2061139881
2061226963
2061838997
2061970842
2062008527
2062062867
2062500217
2062720934
2063216444
2064367865
2065278275
2065288618
2066475491
2066894045
2066965807
2067112420
2067708432
2067732986
2068992737
2069125346
2069447490
2070539442
2071239146
2071852241
2072797442
2072877727
2073062589
2073113734
2073299868
2073376410
2074914662
2075096771
2076073271
2076673976
2076814070
2077688992
2077701364
2077947369
2078129838
2078739289
2078800575
2078804430
2079008392
2079072278
2079526514
2079646911
2079874975
2080043669
2080297148
2080868778
2080967135
2081763993
2083328808
2083861962
2083872538
2084085852
2084442306
2086486713
2086521882
2086919014
2087287312
2087949944
2088834957
2089192993
2089477807
2089584683
2089779089
2090505919
2091330377
2091505199
2091549831
2092281060
2092535030
2092736636
2093030367
2093625521
2093811914
2093853727
2093946865
2095607303
2096488180
2096574965
2098826992
2099089007
2099133018
2099241286
2100633938
2101280279
2101301449
2102305657
2102432647
2103368150
2103692949
2103701103
2104100961
2104639701
2105351249
2105525601
2105555446
2105711847
2105731860
2105948313
2106023819
2107260827
2107331744
2107585045
2107740902
2108532798
2109068963
2109274723
2109997525
2110581379
2110628589
2111382252
2112063327
2112466030
2113115451
2113431467
2113922835
2113937185
2114005689
2114437951
2114476492
2115293463
2115485421
2117555363
2117941262
2120582153
2120623476
2120961160
2121520240
2122432119
2122534270
2122885315
2122891489
2122962034
2123850338
2124159055
2124168306
2124182889
2124438847
2124692005
2124854588
2124936540
2125140347
2125317317
2125351325
2125677787
2125799267
2125897605
2125930080
2126152237
2126217229
2126342665
2126721761
2128228198
2128414787
2128643799
2129572535
2130762778
2131128387
2131362232
2132349791
2133179441
2133221535
2133522573
2133763261
2133944790
2134304509
2134336246
2134515148
2135795064
2135836837
2136576976
2136851369
2136953252
2137096764
2137534013
2138864520
2138939228
2139082377
2139134880
2139505866
2140130721
2140445787
2141011016
2141510938
2141800064
2142439972
2142535643
2142806885
2142823323
2143093862
2143445539
2143749427
2143774453
2143965625
2144377179
2144825680
2144871182
2144945494
2145096461
2145348980
2145487325
2145656528
2146354760
2146892152
2147013545

704994
724477
1365646
1436174
1475341
1878790
2047738
2124057
2502313
2505679
2693557
2794985
2960047
3157022
3271405
3583518
3820087
3898264
3993854
4125484
4136623
4250856
4657759
4661018
4678243
5071837
5180761
5359658
5433743
5696009
6130379
6157322
6232367
6357632
6436985
6638701
6834608
6991669
7083862
7286588
7408937
7670773
7799047
8095298
8391972
8394650
8558823
8719501
8870156
9189711
9359486
9390561
9949148
10018445
10073569
10142488
10280436
10384559
10386312
10473173
10665673
11327748
11557521
12826769
12994878
13162194
13239497
13445210
13585232
13848963
14112924
14414563
14457042
14602199
14847607
15096803
15286354
15500626
15544629
15966618
15992821
16421484
16519620
16546067
16736095
16955502
17311349
17692487
18012192
18119460
18423268
19542124
19572366
19585232
19859520
20518735
21008300
21462621
21757692
21952165
22387331
22562167
22688395
22763386
22990808
23021360
23212511
23400665
23542002
24028232
24176423
24182231
24274611
24628880
24769145
24827112
25109388
25498286
25634803
25772513
26178917
26327332
27357700
27692246
28444072
28496763
28522328
29118452
29253733
29265532
29495646
30008010
30200451
30252511
30314973
30335185
30425742
30962795
31139936
31142878
31817013
32129445
32222230
32567191
33032436
33290567
33831583
34058108
34313584
34398951
34485329
35066937
35073943
35648967
35822209
35849342
36298996
36458510
36479921
36519925
36602267
36644257
36758034
36879412
37357132
37480302
37631181
38216440
38216968
38337557
38366656
38392483
38524070
38602198
38799872
39091461
39221909
39412615
39524375
40031957
40613201
40691303
40782435
40805704
41157533
41404029
41488534
41739515
41745502
41770249
43257419
43585360
43648091
43721151
44233482
44380186
44496157
44617948
44711795
44727666
44902626
45027632
45208390
45369050
45434225
45626287
46420801
46747106
46865668
47203832
47540960
47573611
47747129
48031492
48040240
48082583
48086219
48191278
48387964
48671466
48737983
48876118
49088871
49104322
49200215
49379534
49454203
49956753
50067327
50523253
50537309
50597431
51007618
51357649
51387792
51493537
51578026
51879193
52107852
52330565
52761465
52767337
52843606
53027115
53317253
53403750
53726397
53945777
53985559
54709182
55028744
55236069
55481140
55566623
55686857
55688299
55861622
55890048
55986730
56183363
56242460
56254711
56486276
56594214
56962593
57104355
57259605
57451826
57642011
57873481
57940175
57984553
58069375
58105019
58182982
58245551
58256212
58575321
58655994
58759436
59116637
59995776
60270736
60375044
60463971
60643559
60746193
60952665
61507779
61571092
62346196
62396088
63182579
63296458
63328201
63342476
63516822
63553696
63564197
63630118
63886822
64057517
64402445
64412975
64484515
64487664
64582177
64732630
64754497
65074886
65256059
65298994
65319420
65460037
65510472
65657810
65727285
65773526
65780134
65808894
66467582
66580233
67090787
67188293
67284992
67626886
67854400
67893948
67997789
68599672
68698852
68821287
68928063
70127734
70137052
70214022
70479448
70851070
71028883
71634484
71636595
71687763
71799629
73062951
73142552
73420621
73662991
73729116
73815318
73894958
73963725
74165129
74193725
74368480
74504430
74719560
75130711
75548077
75560806
75970759
76189044
76382532
76727236
76746630
76850950
77139269
77222798
77354738
77360559
77674913
77996506
78030479
78358712
78949365
79041662
79595515
79600873
79610303
79629654
79718195
79721474
79825146
80135027
80355156
80394454
80517014
80631022
80698372
81389720
81500116
81705510
81741036
82076688
82080462
82299397
83227753
83282012
83617520
83789393
83823461
83938866
84079697
84207533
84283758
84343952
84471627
84749220
84957602
85055010
85224789
85965912
86016883
86234930
86328450
86689030
86715437
86771211
87118407
87258266
87529608
87939513
88002408
88261124
88263038
88465873
88529439
88811387
88959444
89088784
89579559
89834350
90581658
90716627
90738765
90990271
91290522
91753218
92013636
92041161
92106820
92349247
92510223
92656450
92774734
92813775
93124491
93253068
93351288
93484976
93559647
94013422
94044947
94048261
94226399
94292737
94408610
94507332
94663751
95068374
95155155
95292658
95800468
95832293
96003253
96185829
96548775
96777670
96949589
97090382
97179711
97352719
97378876
97857069
97969316
98032867
98039015
98105269
98127575
98229117
98311144
98341670
98388795
98447108
98644910
98645783
98731112
98738417
98772575
98927031
99164937
99249913
99297693
99413699
99698610
99989714
100108999
100299171
100455502
100565971
100618432
100770533
101559623
101837642
101884732
102001810
102134444
102211928
102291012
102616972
102985569
103405497
103531959
103557339
103561593
103579790
103646299
103761727
103924173
103948587
104001671
104054016
104180776
104274702
104488798
104488805
104490812
104670504
104804553
104944967
105070127
105330491
105397717
105971013
106051772
106246676
106292248
106430939
106676658
106855204
106924970
106927384
107047094
107695496
107852814
108172387
108441394
108627885
108907935
108982537
109152123
109681452
110017339
110031399
110084488
110295864
110513818
110581466
111023660
111781482
111784082
111983169
112799213
112851192
112880794
113106920
113201197
113254241
113800377
113875553
114566790
114632272
115084243
115214431
115263489
115320432
115402872
115569588
115718284
115845921
116048541
116450656
117076518
117301551
117846947
117906774
118070070
118563656
118606012
118622359
119015652
119134176
119339524
119504532
119646970
120118637
120240452
121116625
121158435
121182761
121251662
121259598
121288244
121860724
121909504
121964574
122177351
122890558
123438738
124097926
124234672
124552582
125125649
125336053
125422396
125656787
125760062
125871680
125913352
126306936
126431928
126542670
126667280
126809410
127478127
127698623
127753420
128050440
128212147
128238265
128255675
128776662
128903316
129010321
129031302
129455525
129692822
130343889
131058423
131268807
131363272
131634008
131715667
131745990
132168255
132980588
134028171
134055048
134426733
134484425
134648562
134782269
134862358
135024704
135173987
135188814
135438796
135633402
135697283
135718954
135891612
136120928
136195903
136297185
136354587
136443622
136520942
136707278
136864033
136995245
137153910
137458108
138106957
138313497
138473566
138532776
138706432
138741998
138783982
139227096
139367163
139409664
139591050
139616306
140742156
140865221
141298850
141419900
141881297
142076832
142405874
142453450
142606094
142644408
142898080
143098427
144130806
144777807
144805061
144967814
145278716
145349523
145356504
145675173
145809956
145878394
146624555
146991085
147051797
147072109
147080220
147186008
147268631
147297568
147510089
147510944
147717683
148507922
148601823
149102086
149656734
149717902
150215162
150748939
151033283
151128139
151846644
151932497
152384605
153563971
153636988
153936051
154076457
154235733
154359329
154375489
154478144
154586074
154706722
154727229
154848850
155378335
155438311
156016971
156034864
156746789
156996927
156998036
157083007
157242365
157304887
157600349
158046331
158294981
158583094
158608059
158608172
158963237
159297525
159483860
159548037
159687122
159776477
160042421
160085025
160196500
160316347
160371625
160872164
160928665
161399190
161501387
161853450
161855575
161923642
161932437
162496353
162590176
162613396
162774995
162799970
163131414
163146319
163216819
163458957
163851084
164064363
164756203
164802321
164883371
164916609
165208069
165367026
165623005
165666564
165942434
165967432
166135039
166579450
166624325
166644272
166680494
167091918
167453007
167752224
168413080
168524546
169165901
169269688
169546982
169645205
169680081
169917864
170064826
170425936
171420796
171618325
171711654
171777217
171879589
171943598
172220621
172517763
172842482
172994245
173124552
173443174
173455912
174282790
174708691
174995944
175131666
175192138
175374975
175495547
175735567
175738549
175952404
176131214
176394167
176397665
176620772
176675426
176738349
177068758
177088156
177208884
177418270
177485611
177500386
177611566
178181875
178534489
178608681
179066840
179554002
179585429
179756299
179896027
180004924
180126097
180333480
180453549
180645415
181062833
181519109
181630198
181881427
182069293
182546799
182673974
182937987
183001401
184193061
184331428
184708319
184740809
184811021
185150950
185378085
185504794
185746605
185771485
185965492
186000209
186126380
186482662
186519391
187063687
187123235
187309907
187603971
187714093
187821395
187915419
188057241
188211663
188486654
188676930
188803569
188871806
189343630
189711333
190123176
191025624
191261611
191639799
191743183
191826616
191870024
192034932
192093131
192405207
192629179
192906045
193138498
193236681
193295133
193573855
193583086
194213487
194891827
195024524
195153388
195496801
195546057
196034249
196225982
196456012
196864611
196889159
197026179
197041307
197286570
197347148
197418737
197862083
198036708
198163015
198260562
198399175
198467009
198667061
198958201
199213873
199303879
200002249
200083731
200107279
200240417
200469370
200564704
200881787
201069504
201938805
202178232
203076380
203135731
203210029
203619119
203729367
204399057
204832670
205258594
205692471
205878826
206016617
206046830
206096627
206236264
206249008
206398549
206452965
206562238
206735114
207199646
207441375
207638005
208375353
208786352
209125129
209275640
209323388
209341950
209488662
209527584
210188889
210283587
210397166
210920729
211001180
211524190
211566878
211721495
211723454
212022024
212196916
212439428
212988809
213441390
213687764
213873218
214289503
214970723
215013085
215044588
215633275
215741653
215756803
215995519
216057886
216237141
216407630
216517193
216793413
217364573
217681865
217786087
217953251
218217643
218327680
218451189
218533149
218686066
218816303
219092109
219257048
219345261
219667832
219872530
220499803
220510077
220644895
220722727
220901078
221422884
221568529
221651272
221679095
221885033
221928415
222346964
222431773
222432707
222530329
222723889
223107958
223255614
223579843
223636077
223655532
223917180
223959737
224305687
224310552
224622633
225186870
225190734
225467391
225934189
226137911
226389906
226482451
226496711
226562899
226807870
227202602
227247306
227332250
227489822
227622907
227851373
227854795
227944322
228139875
228561659
228574427
228716951
228841684
228901179
229594244
229756030
229945907
230017476
230092468
230350013
230368851
230530567
230678983
230933746
231207727
231224283
231275031
231609951
231735251
232236228
232265156
232304476
232455859
232743966
232750457
232762202
232803665
233148520
233600902
233634490
234329064
234409547
234437274
234808586
235016704
235441936
235550314
236054879
236105492
236620938
236807983
236980951
237608972
237792177
237830946
237864321
238051848
238150343
238672958
239058345
239151309
239259837
239312849
239363442
239402266
239693566
240031245
240242131
240293362
240350734
240633339
241199570
241357253
241827976
241838652
242055329
242115983
242448349
242591503
243198073
243528131
243646951
243718630
244248859
244492564
244523385
244566152
244665023
244922797
245649600
245868852
246092153
246392295
246459535
246673954
247080392
247221893
247419190
247613510
247971990
248052392
248064366
248100756
248248379
248710583
248920044
249086309
249262170
249464839
249876369
249934428
250113169
250410400
250445867
250882032
251344577
251466880
251581422
251710014
252551411
252592676
252606340
252828303
253028235
253463075
253750203
253933465
254029978
254079863
254183329
254701123
254737083
254879628
254942976
255182361
255191904
255576541
255652741
255823801
255874261
255876896
256405702
256422483
256764634
256934798
257112737
257283608
257392857
257649593
257676623
257714946
257951424
257975472
258280141
258445828
258474703
258739340
258901283
259313675
259667651
259669043
259810645
260132518
260334490
260557838
260977126
261057559
261755207
262305090
262365361
262479825
262521119
262543086
262600267
263020297
263155761
264014214
264229918
264337808
264435759
264590284
265128033
265251061
265914280
265964948
266326089
266494333
266771797
267166658
267232859
267466935
267667327
267956231
268109280
268198365
268273103
268613147
269002444
269116072
269355474
269420778
270356311
270459749
270866352
270879496
271219493
271226505
271233248
271250532
271339780
271557391
271731604
271863636
271880149
272120071
273443786
273589369
273839874
273918555
273924390
274067410
274154080
274910758
275108907
275773486
275976694
276127031
276270156
276327239
276382088
276424163
276575855
277135108
277353731
277605485
277750513
278137988
278244113
278435875
278831458
278854931
278958897
279273211
279355836
279688284
279716144
280096378
280223417
280334444
280898654
281430633
281711580
281795392
281933323
281988633
282021398
282222663
282478628
282649869
282675896
283316134
283331648
283559376
283882879
284067222
284209011
284350010
284393991
284603181
284625135
284655486
284929512
284954412
285303292
285769490
285903520
285926561
286008185
286125606
286322889
286411243
286913424
286999321
287532952
287935592
288335252
288460838
288564101
289507379
290046848
291305601
291387351
291496580
291614320
291847623
292316411
292489558
292917349
293402657
293796401
294086972
294119825
294295823
294314494
294400129
294650042
295048994
295200756
295266219
295355959
295398736
295670822
295687436
295886715
295952784
296246203
296612282
296915863
297400064
297441487
297699241
298257653
298295970
298315825
298512537
298644584
298646787
298699405
299255203
299341618
299407786
299510538
299786140
299901232
299996337
300295231
301008166
301035152
301083702
301332405
301334319
301427738
301532532
302167539
302257539
302378895
302553880
302556201
302723029
302748378
303234324
303273043
303319333
303852890
303948535
303978620
304551988
304643875
304688978
304731407
304884312
305175089
305196445
305469254
305470928
305544186
305700178
306002092
306110530
306242427
307187473
307834553
307904733
308104242
308808881
309335390
309343725
309508738
309558286
309759726
310029656
310152680
310243908
310941303
311283496
311484193
312131053
313850483
313852783
313885114
314087578
314297276
314302926
314591550
315140903
315167377
315522772
315977816
316633635
316786088
317467593
317963600
318514712
318520458
318566892
318650354
318816694
318858418
318981104
319324508
319763030
320032825
320627079
321121143
321143865
321439849
321465672
321709626
322115205
322121001
322493969
322590162
323229819
323318797
323372607
323502743
323574508
323792577
323854703
324210543
324300745
324833996
325018909
325030140
325098268
325361135
325372103
325449450
325753488
325767620
325931327
326215700
326701157
327220710
327538120
327629645
328169438
328418492
328556327
328631630
328710837
328787892
328897675
329071242
329747433
330199914
330766691
330867571
331158232
331764145
332139336
332542967
332619436
332961748
333033985
333096595
333379723
333394879
333535365
333537138
333813670
333998904
334067184
334631434
334756688
335190884
335422337
335863826
335986196
336289393
336322880
336611200
336697704
336904990
337052003
337162959
337819348
338200820
338208997
338560075
338656782
338981049
339360079
339647566
339835313
340130937
340269674
340521049
340810237
340923218
341131414
341472332
341577694
341886939
342162132
342451641
342493502
343159400
343250178
343348811
343353267
343632461
343648654
343856961
343861919
344226766
344233753
344243822
344306683
344358320
344727018
345400663
345499207
345555926
345584797
345639304
346076982
346100492
346189391
346492360
346545871
347266204
347312098
347528925
347561339
347763245
347855828
348352036
348701235
348778727
348941124
349026051
349089265
349145318
349171323
349205079
349278127
349316885
349344355
349474427
349736083
349924729
350117434
350584160
350888141
351311075
351434199
351456135
351515622
351605142
351679141
351930679
352188217
352365246
352401513
352436333
352664441
352763573
352781109
352846033
352943352
353158637
353435809
353561932
354137362
354646659
354798482
355117144
355119120
355133405
355147671
355422420
355547409
355547492
355787179
355815838
355837363
355851430
355886672
355942030
356044655
356777751
356814453
356920759
357089147
357152120
357244853
357324351
357386048
358074264
358151642
358288236
358515276
359067292
359971700
360318477
360345606
360604529
360631399
360688116
360791076
361234087
361427470
361721356
362486432
362503163
362850071
362920938
362979408
363117791
363386935
363602752
363639724
363878168
364340169
364638950
364832424
364833220
364836854
364841173
364874975
365130786
365710200
365902005
367120976
367174887
367287195
367813287
367873197
367977027
368055871
368207448
368256425
368362113
369306797
369553214
369718334
369812803
370086963
370503666
370687812
371045769
371059499
371133724
371149352
371198768
371210468
371415327
371474791
371613530
371676057
371692931
371706499
372105401
372317835
372424343
372560463
372941060
372975131
373066223
373294461
373479852
373580477
373592632
373820711
373975458
374109576
374134893
374220540
374220958
374266583
374906988
375055611
375144832
375279817
375297602
375376195
375901025
376002357
376090830
376503570
376582966
376590938
376613131
376694864
377155139
377420593
377478406
377539519
377774989
378679702
378977389
379919949
379996472
380111764
380169932
380180274
380199142
380340368
380476793
380780953
380841837
380953812
381006624
381046325
381182803
381325868
381610770
381977583
382147751
382298627
382317166
382448431
382482100
383051122
383101652
383356782
384335253
384348961
384426590
384526787
384792731
384971336
385304549
385341076
385566735
385643564
385692921
385738797
385757002
385759746
386194050
386272838
386368282
386774841
386891125
387112616
387218968
387613176
387724122
387757371
387920412
388058081
388213307
388471198
388999914
389210142
389701462
389859397
390045642
390221169
390324249
390977460
391817691
391817856
392224346
392396564
392794407
392883728
392988398
393133686
393140566
393344127
393556261
393739433
393741889
393984836
394122008
394131991
394201819
394278382
394431745
394717218
395193568
395753152
396095894
396151093
396254499
396556008
396647202
396691741
396714680
396929490
397283996
397386301
397779341
397940109
398298228
398336463
398384107
398729978
398888237
399006271
399010260
399466438
399717737
399719790
399892928
399956997
400084191
400189397
400426261
400477408
400591564
400826764
400880974
401685256
401828903
401873606
402220108
402379819
402685707
402764632
402790112
402934449
403119291
403463232
403938932
403967359
404039219
404108799
404911461
405733502
405890009
406272101
406825833
406895798
407736881
408053835
408778556
409053102
409069196
409295028
409377258
409538059
409608246
409662862
409875753
410154730
410381425
410516684
410529883
410568195
410570841
411042990
412391198
412573322
412607321
412867078
412927092
413505729
413625920
413878540
414269987
414318620
414338937
414747108
414928574
415415911
415782376
415927215
416328579
416468895
416593273
416713985
416779870
416859660
417558214
417624375
417892302
418031476
418122731
418255518
418608248
418619826
418909440
418922174
418995348
419405362
419958480
420188652
420435145
420803233
420810388
420898543
421068978
421278364
421379001
421495704
421741426
421795686
421799982
422027672
422059233
422374415
422401445
423450377
423863484
424464553
424480511
424715502
424818299
425161235
425879780
425888984
426013256
426151580
426406589
426436697
426672543
426981423
427039423
427339671
427415782
427497095
427504493
428104113
428498745
428575005
428598047
428992737
429154234
429252732
429258150
429264336
429382797
429431520
429465840
429873024
430093923
430949624
430953191
431270649
431707679
431874958
432254219
432725118
432791390
432863231
433021486
433154532
433252853
433261522
433475572
433649835
433873679
434047751
434927711
435030999
435297343
435584968
435627797
435927174
436356516
436360326
436494712
436705766
436913929
437227257
437305027
437632011
437657096
437672051
437702325
437890577
438030851
438887475
439060573
439278571
439572280
439963568
440053175
440053693
440066536
440371725
440544076
440739043
440854570
441004361
441632445
441634292
441721606
442161099
442304925
442556303
442847740
442905322
443105154
443378552
443523424
443548320
443565876
443699380
443742216
443743863
443792884
444218337
444395327
444419507
444440263
444537288
444606850
444970439
445108036
445372288
445453403
445560196
446310830
446364907
446516911
446829321
446863301
446934486
447264520
447561383
447782994
448092884
448329280
448881439
449318219
449320124
449348921
449798980
450671135
450701029
450913245
451505078
451513975
451516950
452063604
452099555
452111793
452754019
453073153
453282697
453366745
453390997
453433469
453463482
453475051
453626227
453801938
453855957
454036556
454233892
454645441
455033292
455117444
455557293
455652810
455935323
456193567
456198237
456487428
456557176
456645490
456943232
457184111
457599954
457616631
457672367
457687333
458195566
458732078
458981231
459020277
459289251
459348323
459610115
460260132
460448123
460634725
460695680
460823114
461199791
461652873
461680370
461880890
461923643
462434305
462611284
462677113
462849031
462903659
463098654
463126925
463204718
463325969
463351354
463617182
463628679
463689024
463824305
463947036
464198887
464331741
464415948
464616046
464719517
464976845
466026637
466035502
466447764
466547884
466740381
466776824
466869143
466892407
467325575
467370195
467438978
468003311
468075276
468286888
468532330
468805086
468805919
468971238
469200649
469258603
470068414
470075976
470118465
470267034
470307994
470466775
470611569
471231016
471547842
471553180
471603816
471642315
472031151
472618240
472947089
473059556
473527770
473531023
473569208
473662481
474091712
474170127
474446908
474542392
475074040
475376967
475394339
475453591
475815527
475887901
475984601
476427033
476655953
476802771
477021873
477170386
477188660
477775875
477801436
477933590
478146738
478369824
478792455
478971853
479110861
479194852
479766764
479999903
480041870
480214500
480239357
480589137
480690262
480999764
481325338
481342304
481467069
481605362
481725801
482263716
482441574
482574219
482630533
482802478
482810046
483387593
483600398
483684867
483818697
484122028
484285325
484961452
485073969
485232642
485487469
485600294
485913415
487038523
487155808
487226648
487861535
488700919
488833993
488913784
489698218
489816509
490026400
490166304
491332048
491343666
491385842
491790297
491889352
492049295
492756996
492775529
492965888
493123431
493379140
493403381
493439228
493621774
493687935
493786015
494341141
494518093
494808681
494902142
495019731
495319689
495527862
495692523
495858829
496308201
496430236
496451005
496603932
496691004
496974349
497691225
498444501
498489794
498622217
498905827
498957525
499127851
499930970
500037554
500091664
500100763
500577335
500645200
500818784
500826477
500907208
501520007
501712511
501759495
502013176
502174101
502314850
502575346
502601734
502859373
502947454
503070153
503094543
503672147
503723852
503799458
503833640
504244150
504654254
504778737
504962818
505040360
505157702
505380478
505414084
506006634
506314236
506415759
506548378
506617672
506703947
506882977
507221045
507384567
507630587
507708445
507827722
507964103
508048775
508892175
509019118
509255488
509494988
509666851
509697045
509839493
510384463
510409554
510503764
510996852
511099326
511369003
511747982
512022740
512159765
512677111
512707096
513108045
513192890
513531731
513985925
514211572
514267239
514322990
514495252
514792381
514971193
515262714
515269430
515310174
515399851
515456301
515634175
516219739
516539146
516580113
517173138
517637281
517696680
517810245
517879836
518413352
518425679
518438420
518707424
518854176
518928671
519003053
519090729
519325250
519440790
519765311
519811756
519968330
520132576
520297398
520542236
520923880
520987242
521035764
521120623
521168517
521284839
522299015
522524903
522601543
523143359
523143740
523942922
523983105
524087189
524248554
524403353
524754733
524826627
524835673
524869300
524974545
525405562
525453386
525486593
525567253
525633412
525652166
526219255
527289740
527309527
527687744
527699250
527847779
528686520
529007857
529050339
529138907
529207343
529511119
529535905
529639080
530119412
530247128
530251750
530253198
530497290
530645855
531285854
531346220
531812695
532477232
532682003
532914177
533098222
533211597
533229753
533436566
533698696
533705611
533760075
533842368
534082095
534306761
534683410
534783705
534921447
535146052
535770594
536070793
536119891
536405519
536434727
536625250
536987211
537147788
537239319
537316489
537360880
537370995
537774992
538162322
538182328
538574971
538912958
538971564
539716034
539865682
540382582
540512656
541003939
541288127
541664451
542129309
542171714
542224786
542386025
542484274
542984777
543168801
543190131
543199740
543393428
543614700
543745856
543781903
544210351
544327993
544504804
544563805
544728859
544909916
544955983
544958434
545345519
546080133
546135072
546258076
546419268
546486166
546609678
546791015
546807093
546850748
547047826
547439653
547564280
548122433
548300879
548592677
548866848
549223048
549587579
549893810
549978803
549982347
550101518
550126872
550294697
550306577
550605981
550631562
550636878
551344630
551401970
551994559
552106123
552352623
552389632
552488324
552636716
552711121
552773802
552840176
553091143
553133899
553930904
553946801
553958124
554098339
554218281
554271363
554695554
555001114
555129429
555141036
555163889
555271677
555371321
555371929
555513296
556030225
556152790
556318914
556347134
556672995
556992477
557188614
557870962
558160574
558243257
558413209
558805636
559258736
559479212
559578942
559769673
559861320
559975564
560052536
560287466
561245066
561492791
562593501
562867973
563664169
563802100
564261282
564834897
565580463
565847253
567007837
567176121
567321311
567396973
567892893
567909321
567942918
567951674
568288636
568371081
568435990
568435997
568581230
568696723
568766803
568798074
569037318
569084050
570535635
570562226
570831428
570834997
571004920
571021187
571248324
571321497
571584437
571596735
571809808
571827257
572210750
572326929
572565808
573085731
573148945
573694762
573812259
574292485
574537414
574749676
574847070
575058120
575093783
575299094
575309197
575398136
575629192
575949494
576481288
577176441
577377701
577464037
578118873
578409967
578565042
578636111
578927625
578948853
579051708
579354813
579504894
579941983
579998497
580123097
580198607
580209218
580342254
580388219
580451644
580545380
580749749
581540098
581871145
582186904
582216884
582298710
582348389
582527706
582662416
582893812
582896330
582897016
582928301
583293292
583688400
583805045
584072325
584251473
584286017
584353902
584559820
584644182
584871291
584905639
585118762
585123679
585143010
585620828
585679996
586033758
586223739
586469528
586682875
586753143
586988010
587050838
587072515
587107706
587548919
587698771
587715275
587839287
588159576
588372326
588583918
588591629
588703480
588870345
588946478
589318633
589541873
589693491
590324558
590481217
590755230
590922843
591141349
591221729
591274506
591323822
591416473
591506950
592196964
592202142
592436565
592474381
592916472
593191931
593501560
594443875
594501764
594526158
595043909
595186802
595360547
595601853
595651020
596002687
596215356
596647240
596721867
596784195
597096603
597293610
597322528
597594729
597609311
598255875
598460823
598482579
598564996
598593486
598849554
599166876
599217651
599519851
599764597
599879242
599880843
600048156
600147073
600292330
600581052
600849128
601148798
601397157
601566299
601591086
601619674
601846555
602112983
602390372
602432641
602519773
602714826
602852528
602868257
602970781
603173189
603258490
603316670
603327736
603561979
603691896
603779224
603875161
603983514
603996233
604193786
604208391
604813755
604881960
605046783
605337065
605496511
605855561
605864461
605879782
606022835
606317916
606465346
606665296
606820214
606839908
606897338
607350779
607382691
607789426
608041742
608333320
608489118
608581060
609008896
609075533
609273265
609309454
609756779
609792258
610017374
610046558
610366171
611102448
611254019
611439591
611540804
611548616
611571851
611701995
611820103
611845753
612148916
612344514
612733322
612821272
612868320
612876404
613129764
613309687
613487872
613799557
613948603
613981305
614407532
614577457
615311584
615314585
615459379
615530707
615982017
616083834
616135763
616295357
616570377
616573238
616577170
616768339
616859212
617303897
617319170
617350852
617532884
617872114
617924514
617959681
618020227
618897962
618920778
619064964
619084736
619287100
619401757
619432698
619618767
619862877
620060826
620222650
620361106
620669143
620786706
620867756
620972318
621048096
621163577
621172645
621579496
621647061
621767856
621917656
622002426
622529566
622962839
623105786
623137308
623349899
624094925
624175840
624248732
624394826
625449259
625462249
625498263
625823464
625865741
625891388
626104101
626105603
626109347
626319108
626494074
626557158
626598041
626778791
626968262
627301938
627769875
627924585
628370735
628597876
628660428
628782243
628867544
629019420
629102758
629111756
629125816
629365075
629503461
629747510
629800273
629994827
630402711
630474620
630554133
630961258
631354554
631363649
631414255
631482597
631578306
631683023
631869861
631985672
632051185
632369898
632372636
632487486
633117848
633417405
633418217
633491458
633503374
633817153
634374714
634415223
634641009
634919646
635190276
635410377
635832050
635888479
635951664
635991285
636246069
636376223
636491849
636827450
637026113
637168260
637311446
637532868
637550305
637562272
637969417
638359777
638933825
639051502
639112691
639508623
639562743
639676179
639688176
639901629
639973690
640077799
640864243
640947661
641369746
641733993
641850508
642060322
642125434
642498935
642851606
642914850
642926706
643095342
643404593
643725096
644219937
644432679
644662770
645113938
645339409
645531933
645684895
645731163
646326469
646572238
646785736
646864149
647338904
647467593
647734125
647860811
647866699
647872484
648127050
648527898
648641177
648723847
649040970
649111532
649150538
649262335
649630810
649666826
649762580
649902154
650061989
650114251
650240249
650511281
650883233
651118551
651247837
651984338
651984407
652470364
652501439
653025635
653607598
653734299
653809376
653900553
654010894
654445884
654532221
654620840
654703717
654719788
655268976
655349747
655518980
655585117
655696976
656112116
656322928
656382674
656955399
656980965
657259381
657364955
657443866
657451640
657540563
657635310
657838546
657937903
658026582
658027420
658148002
658766710
658951161
658997240
659577927
659578443
659627683
659642579
659893335
660192363
660283726
660710210
660787792
661259341
661523986
662068244
662279740
662320662
662377949
662619406
662653250
663226435
663466768
663480793
663561107
663834994
664023581
664236723
664263204
664425050
664543658
664578307
664995633
665149122
665230749
666370905
666405635
666518684
666791136
667026932
667329192
667422870
668515566
668795611
669401109
669520213
670121209
670132185
670269635
670318489
670460262
670543345
670596106
670832736
670835290
670883046
670999373
671063934
671154516
671326723
671957759
672350246
672383895
672514627
672737983
672803826
673499895
673715695
673902835
674157421
674213535
674594789
674749217
675214595
675377301
675535444
675701605
675871422
676072929
676430213
676940201
677038750
677808216
678427543
678656807
678787362
679491435
679698921
679815854
680032838
680381146
680398699
681186348
681222965
681265526
681490755
681533523
681676263
681958266
682066655
682166584
682393446
682734706
682734718
682833160
682864051
682930293
683009454
683011570
683217895
683321165
683461379
684120413
684287064
684780238
685026720
685137906
685391803
686116355
686213336
686295408
686445259
687111438
687266070
688196202
688703942
688821797
689011456
689598873
690123477
690415670
690614569
690646937
690695423
690777860
690846650
691556835
691600748
691861486
691977554
692386081
693727642
693828456
694149206
694273530
694511821
695143943
695150132
695225237
695317002
695558277
695572302
695692810
695786304
695850379
695881332
696039024
696417469
696509590
696534234
696622254
696625016
696767150
697103286
697172751
697174409
697216949
698412023
698441686
698553171
698956664
699785521
699956908
700340877
700433114
700541387
700652991
701785276
701794419
702079717
702191064
702303661
702350281
702512912
702624042
702880729
703057676
703083030
703283074
703317295
703581307
703886849
704979794
705453470
705763393
705855714
705871922
706128530
706160555
706244090
706289929
706297039
707011140
707088988
707268717
707922104
707925993
707966532
707985314
708030029
708201967
708531644
708564771
708769285
708929635
709211129
709842387
710303978
710458718
710637984
710792183
711285710
711388074
711597349
711648025
711776930
711789226
712247330
712407994
712924473
713010892
713106717
713491921
713495798
713723702
713727560
713807576
714072059
714236620
714258009
714303984
714323560
714352841
714424997
714574086
714635842
715295958
715359242
715946401
715961391
716214335
716387750
716482419
716499076
716724280
716792992
716992349
717077821
717129546
717279505
717388608
717511041
717536422
717560947
717701877
718041741
718086261
718718840
718727143
718778291
718824188
719009376
719031280
719383602
719731396
719737042
720332475
720784457
720818950
720960593
721106040
721276490
721556074
721638724
721661817
721746625
721932685
722106583
722481920
722563627
722875053
723018739
723318035
723889177
724125333
724139739
724281281
724922377
725039642
725338175
725381072
725697816
725779959
725978993
725986182
726458759
726858623
726936028
727097184
727157943
727202482
727291209
727496498
727555144
727573734
728118514
728192308
728660779
728958115
729232987
729410257
729587257
730050949
730287112
730310116
730656571
730776776
731231461
731426352
731813629
731928531
731950049
732147142
732339470
732566379
732705327
733332161
733623303
733893781
734166355
734283310
734403571
734549527
734612576
734630856
734904276
735115987
735226001
735463147
735712385
735736336
736048700
736423463
736490501
736512059
736595793
736634025
736687910
736840225
737077997
737192884
737722167
738833248
739340123
739421672
739514031
739560776
739597363
739805452
740397410
740448787
740680783
740925860
741031560
741101889
741457550
742014616
742447250
742838249
742846430
743108021
743123418
743176107
743179056
743340474
743486971
743495589
743660973
743729351
743772016
744300596
744489596
744498863
744558823
744572390
744683064
744772328
744929864
745466208
746349589
746424340
746547242
746836886
746901828
747004446
747192993
747266273
747545872
747567087
747752958
747933757
748051202
748141905
748365331
748456745
748735610
749035845
749065719
749174722
749197937
749300455
749370600
750078229
750165260
750502472
750515855
750754674
750793517
751260675
751402163
751722520
751881522
752197299
752539933
753203577
754323138
754388956
754500025
754616039
754656255
754713179
754768462
755298063
755435353
755506687
755955042
755956829
756229474
756343864
757371434
757642355
758116371
758494153
758647486
758900129
759168803
759299951
759375975
759459807
759596301
759623152
759854202
759862810
760031337
760198834
760301876
760416333
760614905
760955080
761662714
761743341
761784432
762137254
762165564
762249604
762431987
762435618
762679897
762696718
762720981
763037109
763282199
763413321
763779057
763967690
764020642
764200502
764201314
764380494
764501737
764521458
764835746
765372443
765580505
765581222
766203725
766454274
766652793
766776204
766830649
767129927
767134443
767283353
767464956
767536872
767654795
767667284
767773028
767822763
767921347
768017471
768095683
768358915
768445503
768486910
768632670
768637403
768807382
769133780
769429726
769607594
769887656
769954586
769960617
770190161
770336021
770502656
770666575
770776255
770872307
770888845
770899643
770997118
771129075
771133334
771207154
771265661
771384392
771649170
771715264
771753708
771869563
772008133
772068435
772221896
772226115
772309033
772821253
772839265
772878712
773125562
774183735
774294252
774502276
774829531
775903106
776018810
776047485
776287460
776319089
776374576
776726722
776882388
777531105
777642955
778014422
778393842
778430426
778638395
778786995
778852581
778877168
779039379
779389186
779563021
779697640
779740473
779767479
779861013
780481175
780597168
781160864
781371608
782444843
783173971
783177673
783534940
783612028
783689341
783791043
784158254
784260811
784267594
784325986
784412666
784875516
784922187
785243866
785347232
785676018
785821505
786025241
786111044
786579116
786657475
787223891
787243787
787460656
787631065
787653938
787657350
787756959
787758878
787887317
788017012
788424594
788663513
788844913
788860746
789036450
789260906
789357148
789791533
790233169
790272971
790591251
790695036
790872128
791161974
791264077
791374231
791714978
791757873
791759531
791942843
792176275
792417395
792600064
792685997
793281491
793313183
793517245
793717490
793844160
793858737
793883209
794292746
794298162
794568252
794613556
795193958
795566541
795586814
795864950
795939397
796092600
796197122
796326243
796560885
796788480
796990474
797151697
797529104
797659944
798015461
798216483
798371760
798542944
798593707
798733494
799042732
799083965
799349543
799524169
799923349
799931866
800143233
800144081
800191799
800203715
800518893
800580207
800875503
801014342
801110140
801135111
801237361
801313214
801324925
801331063
801559709
802916653
802988971
802991034
803138842
803256164
803279863
803316329
803397323
803443198
803646671
803673636
804043298
804045181
804560408
804572127
804746057
804872727
805738970
805811320
805821957
806073562
806755163
806784866
806811211
807077081
807149469
807403296
807451886
807491191
808306747
808855428
809094063
809163460
809266146
809537816
809739666
810737768
811363334
811573325
811998969
812224396
812224545
812629051
812708930
813019083
813568621
813587703
813684446
813855205
813945224
813977470
814038134
814228281
814636026
815159081
815686571
816005078
816322604
816385010
816854176
817368867
817441675
817957494
818341050
818629569
819164341
819582779
819782426
819882655
819952182
820097105
820708046
820716516
820736737
821163297
821245716
821607446
821674509
821675457
821878083
821997289
822246933
822670182
823022824
823135242
823356853
823878833
824631556
824736081
824861692
824957040
825141409
825702115
826153234
826359696
826401555
826765824
826865790
827225063
828009184
828072206
828570367
828572975
829226269
829292040
829360439
829413326
829447117
829536502
829592456
829697814
829758374
829997198
830307267
830840090
831141883
831287265
831365215
831378444
831939864
832224065
832389257
832723980
832815204
833199896
833337028
833422725
833464879
833495251
833567113
833950285
834063592
834450988
834567156
834824635
834874078
835299951
835334738
835786913
835905942
836143154
836371119
836677957
836696486
836978964
837028531
837065432
837998653
838189810
838507201
838534144
838655243
838700415
838892483
838910886
838923821
839138074
839221664
839231074
839503540
839591783
839936230
840583762
840835981
841331276
841664551
841823460
842274662
842302038
842307182
842445187
842887544
843123649
843571915
844061612
845129940
845370442
845386760
845503240
845700312
845761865
845985738
845993162
846053340
846107032
846387337
847017207
847233535
847245244
847321945
847596113
847778418
847988703
848173723
848459714
848519877
848541550
848839923
848920164
849327092
849538076
849628582
849879200
850665523
850728872
850844132
850860783
850922629
851230683
851342711
851527275
851553913
851619207
851766900
851958673
851968452
852254498
852262693
852660828
853078887
853169351
853232052
853272527
853668365
853735959
853770787
853779080
853907284
854104561
854351225
854560187
855259386
855318775
855603160
855692047
856179655
856624173
856762182
856829313
857008784
857060586
857185693
857476385
857591764
857647255
858227804
858370185
858966261
859064704
859148752
859488559
859812813
859942064
860106205
860331267
860957988
861046767
861268257
861692886
861931198
862410525
862614065
862711601
863355899
863851802
864276119
864366385
864449537
864665804
864871313
864907748
865167280
865571076
865647856
865661726
865731452
865930282
866387006
866399557
866409434
866627560
866865962
867470129
867486311
868241291
868298330
868321835
868339072
868499869
869057024
869601266
869610076
869646242
869878956
870082822
870173190
870360263
870422580
870507023
870797869
871037075
871073945
871076616
871107144
871163309
871211776
871727302
871757094
871884437
871894814
871995902
872059091
872153780
872534935
872832232
872856024
872971545
873100770
873145074
873472358
873475131
873479385
874406948
874483793
874627126
875194638
875467003
875712443
875973072
875980602
876280649
877144594
877382742
877658134
878072440
878188128
878483219
878562581
878770581
878881602
879350342
879581198
879695076
879799796
879951439
880162167
880942975
881089302
881122052
881326106
881398587
881429983
881707801
881738672
882144074
882226631
882336403
882347233
883260060
883275241
883502574
883684528
884178619
884249145
884298016
884494945
884543917
884791694
885141814
885272430
885394269
885503655
885734622
885743563
885782729
885893899
886001238
886157634
886202817
886302636
886450091
886505594
886724175
886771787
886932677
887162086
887345078
887525070
888161752
888272606
888861617
888973975
888975511
889372702
889441057
889727026
889829956
889864230
889887085
890329273
890667240
890883065
891021545
891651514
892110509
892472932
892600089
892909368
893068892
893167322
893467671
893682997
894317150
894593408
894612978
894621672
894682609
894740579
894853191
895073214
895812139
896433762
896534664
896541545
896856047
896912551
897178911
897197993
897840155
897933189
898281144
898395609
898410722
898463905
898546248
898870427
898876605
898976306
899135518
899179992
899306032
899392412
899703896
899977054
900165582
900335921
900345183
900414313
900472665
900513485
900546694
900591227
900751592
900858110
900954632
901246828
901440139
901513622
901534266
901560065
901734909
901855682
901870189
902065743
902224155
902236012
902388889
902460436
902525333
902569446
902913774
902928105
903181742
903229303
903384922
903783977
904012626
904166771
904340249
904518082
904589680
904625784
904673048
904819236
904976154
905353502
905428081
905446611
905507563
905681560
905712365
906110791
906220936
906508715
906514395
906533426
907052930
907186439
907198991
907289020
907345309
907570388
908179695
908256861
908378978
908800126
909603055
909842182
910265579
910537584
911161564
911222462
911541698
911675085
912062271
912114351
912221416
912416126
912813986
912849120
912861217
912902961
914206689
914419315
914480324
914781817
915178887
915335205
915432856
915615655
915746966
915977159
916616849
916620873
916871979
916927987
917226862
917484605
917894583
917991554
918138010
918234399
918780996
918943583
918987355
919050016
919201254
919472613
919503389
919503495
919562091
919618454
919635110
919832270
919926975
920360671
920399939
920542309
921020791
921456463
921809712
921819631
922033852
922251672
922349755
922452276
922893637
923773920
924116439
924236055
924460992
924848527
924894357
924944408
925279628
925935342
926015293
926467112
926820246
926826915
926978615
927266551
927277367
927699581
927909721
928117259
928333122
928804871
928817979
928993753
929088570
929513113
929905622
929973269
930253076
930283425
930426359
930498891
930702087
931547334
931713919
931802935
931823429
931831623
932536736
932595579
932610374
933071159
933282694
933317659
933338681
933412338
933711709
934239961
934242539
934349651
934424072
934860542
934882365
935006232
935101327
935456688
935888504
936037150
936067103
936250389
937194108
938084303
938371747
938575878
938709503
938847857
938945429
939677373
939823206
939877648
939886701
940075163
940143872
940523776
940524679
940823817
940911767
941114349
941179348
941356597
941678161
941728892
941747475
941814194
941865646
942263568
942298732
942439646
942548843
942671455
942764977
943306558
943512692
943628619
943807190
943837811
944691201
945095442
945426565
945447207
945810568
945968170
946060270
946225380
946305836
946319575
946758030
946868049
947606354
947696381
947712441
947776995
947967360
948010774
948056651
948220019
948541072
948597331
949389443
949547136
950059958
950183417
950329379
951037892
951082838
951209406
951790433
952040535
952298412
952407767
952473959
952479445
952512202
952523631
952807843
952816234
953321466
953398605
953407104
953519803
954069718
954223640
954314769
954866585
954953071
955371057
955821599
955929121
956102884
956295831
957012523
957515751
957627611
957729171
958099229
958251094
958417178
958599533
958641145
959209680
959245129
959287343
959439044
959444457
959450074
959465273
959469066
959490881
959512409
959656970
959666326
959801813
959912801
960205572
960345117
960447121
960502307
960510476
960692310
961333375
961766973
961989577
962020949
962414062
962419201
962543420
962666794
962674143
962949225
963079119
963202616
963415286
963652507
964151933
964243060
965135027
965195045
965569528
965815610
965870113
966042672
966193419
966272161
966301465
966806429
966954102
966961594
966963274
967019721
967087004
967192737
967378719
967640154
967681198
968122588
968410401
968636440
968920083
968955713
969344407
969601196
969682541
969968195
970277408
970560748
970815767
970955039
971308678
971546520
972055344
972332336
972589125
972649457
972652063
972712498
972864862
972870524
972875467
973000310
973187986
973210321
973544221
973604742
973628628
973727217
973822965
973940013
973962110
974169088
974352360
974553343
974666683
974794694
975185253
975368366
975573440
975866358
975871574
976039919
976556150
976593281
976732751
977346879
977673899
977884963
978007069
978230572
978327780
978730607
978927377
978949643
978956523
979207404
979503619
979896823
980077023
980269108
980381759
980403684
980487054
981036501
981186718
981300797
981333130
981387736
981655110
981785654
981976046
981983523
982023140
982456137
982589287
982614320
982778743
982857029
982998901
983100467
983716368
983762537
984064899
984173383
984377680
984451159
984527109
984596092
984694716
984747276
984773995
985344027
985831568
986193213
986269406
986349665
986440505
986483391
986516722
986799397
986826918
986990347
987307376
987324880
987397548
988542775
988614544
988787807
988789651
988993983
989114994
989296279
989324403
989342786
989677199
989795519
989822642
990277982
990429134
990537851
990719836
990990231
991016695
991825007
991939495
991962786
992535515
992843312
993140196
993208926
993241946
993382479
993508512
993685299
993784302
993978427
994056115
994229530
994355336
994646536
994790353
994937198
995009025
995119515
995333935
995454942
995636284
995959703
996232016
996244803
996360725
996707241
996731610
996751670
996757304
996762667
997444475
997725626
997735423
998064138
998091484
998304223
998400519
998856373
998903676
998929775
999451937
999475333
999553020
1000139956
1000363549
1000509779
1001054259
1001625545
1001774687
1002835593
1002992641
1003056613
1003186102
1004191963
1004684896
1004848132
1004885723
1005075867
1005224052
1005295223
1005374733
1005411402
1005914660
1005915920
1005937185
1005964896
1005978203
1006033453
1006115469
1006180318
1006250529
1006783076
1006888419
1007024594
1007379535
1008187400
1008689180
1008690189
1008964916
1009292658
1010381511
1010535858
1010602524
1010858982
1010935146
1010979327
1011054951
1011184244
1011622304
1011751240
1011913908
1012387981
1012656862
1012707330
1012808059
1012863783
1012881868
1013113098
1013168898
1013278268
1013933456
1014409887
1014612132
1014868185
1015167348
1015251284
1015412138
1015617278
1016427448
1016479296
1016723985
1016740694
1016823410
1016875208
1017367681
1017533842
1017565835
1017584491
1017704544
1017786762
1017803274
1017848647
1017906166
1017977773
1018180233
1018339982
1018375194
1018629721
1018754968
1018850679
1019144490
1019786645
1020231744
1020307170
1020972985
1021296442
1021429272
1021517529
1021667543
1021854323
1021887688
1022206339
1022438720
1022772546
1023255169
1023318056
1023559948
1023715332
1023777310
1023795971
1023825465
1024086420
1024338093
1024339013
1024356435
1024613597
1024855489
1025479846
1025501864
1026082315
1026085999
1026442503
1026534204
1026721347
1026998291
1027659367
1027894536
1028020647
1028099407
1028107417
1028123508
1028318234
1028562704
1029146408
1029365719
1029526040
1029544348
1030386318
1030499812
1031347850
1031379306
1031953413
1032033487
1032083822
1032085659
1032114154
1032283385
1032435175
1032580323
1032923454
1032979385
1033516254
1033516680
1033652257
1033881865
1034116825
1034271766
1034586240
1034826771
1034884869
1035459261
1035569859
1035819226
1035901525
1035998295
1036312229
1036403321
1036422639
1036431481
1036793962
1037306378
1037356572
1037610526
1037754963
1037785915
1038135966
1038219478
1038253994
1039800163
1039872083
1039874322
1039921924
1040501568
1040615962
1041007350
1041247812
1041468983
1041550298
1041966577
1041979970
1042598761
1042735918
1043404532
1043906002
1043964852
1043975711
1044023000
1044290427
1045021052
1045603945
1045624878
1045658961
1045781760
1045922836
1046001351
1046024692
1046066367
1046161082
1046282658
1046308113
1046518848
1046627866
1046683399
1046788352
1046859932
1046973623
1047307106
1047506515
1047917191
1047918786
1048397849
1048506900
1048581369
1048819663
1048947475
1049179140
1049337125
1049339224
1049398947
1049800176
1049825768
1049831614
1049912065
1050134871
1050306437
1050394818
1050533095
1050597660
1050748298
1051283582
1051354243
1051643454
1051882367
1052056138
1052250592
1052523406
1052555702
1052623365
1052683635
1052691922
1052759971
1052838053
1052848628
1052923284
1053096451
1053129653
1053266767
1053275905
1053301621
1053342686
1053369061
1053889048
1054634826
1055020616
1055034532
1055076512
1055899056
1055905508
1056103714
1056165406
1057310189
1057454832
1057638025
1057991871
1058178571
1058213387
1058572594
1058611098
1058805601
1059016377
1059094525
1059286232
1059595318
1060604801
1060606070
1060786153
1060852496
1060868085
1061156099
1061726222
1061783271
1062155794
1062869307
1063101920
1063912763
1064040350
1064096423
1064151437
1064357606
1064420961
1064467252
1064679034
1064901480
1064962727
1065060577
1065237369
1065335133
1065523535
1065594449
1065955774
1066125422
1066272970
1066448779
1066448843
1066603270
1066819487
1067302130
1067323096
1067703607
1067817116
1067881342
1068555447
1068616598
1068649106
1068796179
1068850842
1069087809
1069168571
1069698968
1069888940
1070352740
1070411163
1071670329
1071735410
1071782795
1071880924
1072788535
1072841058
1072943061
1073104798
1073193288
1073350711
1073352096
1073664281
1073920545
1073925580
1074337394
1074575384
1074911464
1075311657
1075363775
1075508759
1075591419
1075609741
1075850294
1075910869
1076011644
1076496404
1076614650
1076704843
1076785878
1077163217
1077211354
1077228844
1077240723
1077781168
1077798937
1077843125
1077948202
1078049368
1078363907
1078412936
1078610809
1078961306
1079050598
1079112254
1079213982
1079374398
1079415876
1079985931
1080087013
1080109419
1080386970
1080412998
1080494064
1080927264
1080949508
1081220050
1081466743
1081477171
1081732061
1081765977
1081876567
1081950177
1082021676
1082394375
1082498172
1082666758
1082797958
1082998887
1083070690
1083215119
1083324428
1083587590
1083859588
1083974897
1083980460
1083985259
1084152142
1084318904
1084475399
1084493097
1084849732
1084958171
1084963563
1085192852
1085269667
1085750303
1085797408
1086033391
1086554102
1086610616
1087238483
1087388182
1087560098
1087694201
1087733895
1087993052
1088569230
1088808771
1089569405
1089729464
1089766992
1089923064
1089958699
1090204681
1091545136
1091615259
1091803488
1091871026
1092437403
1092559478
1092574757
1092974825
1093131730
1093425011
1093555625
1093613638
1093735523
1094199960
1094275301
1094284412
1094766714
1094783435
1094943978
1095070935
1095270583
1095409186
1095660808
1095883719
1095939195
1096026437
1096123318
1096168146
1096172198
1096182041
1096548755
1096843063
1097191079
1097646638
1097694858
1097844090
1097939481
1098049816
1098143527
1098402056
1098556874
1098619365
1098623637
1098739604
1098765468
1098915314
1098934513
1099619352
1099793788
1100184695
1100741092
1101082803
1101225504
1101230544
1101244365
1102585008
1103305584
1103309065
1103345352
1103422848
1103538661
1103655705
1103794512
1104136940
1104286538
1104434379
1104672480
1105182296
1105207390
1105724011
1105748551
1105805083
1106081070
1106275716
1106298323
1106617901
1106689304
1106911675
1107066849
1107163684
1107327660
1108172273
1108218374
1108263677
1108338133
1108562609
1108628604
1109120631
1109365564
1109730848
1109744938
1109851484
1110071728
1110318198
1110350266
1110437947
1110569207
1111083124
1111381981
1111415923
1111578225
1112191245
1112193513
1112484834
1112534929
1112992589
1113128023
1113744766
1114082031
1114561117
1115250608
1115436922
1115580647
1115709291
1116126168
1116405314
1116430656
1116510259
1116798661
1116866965
1116935520
1117236971
1117266708
1117353018
1117684345
1117933138
1117974772
1118029488
1118052658
1118109378
1118545551
1118741560
1118866458
1119115443
1119250968
1119400995
1119547576
1119832442
1119839927
1119883998
1120201776
1120254559
1120277690
1120644205
1120831906
1120884980
1121474094
1121509158
1122008022
1122162072
1122623072
1122767205
1122820707
1122996072
1123413672
1124044136
1124066282
1124511798
1124569070
1124637306
1124853196
1125300102
1125370926
1125596231
1126044192
1126069639
1126830116
1126849734
1126872666
1126934331
1126953000
1127282476
1127369167
1127884887
1128387458
1128429799
1128473645
1128532166
1128551990
1128949224
1128972875
1128983651
1129059204
1129135917
1129239864
1129258593
1129331909
1130120398
1130605427
1130621584
1130636448
1130823125
1131339370
1131747221
1131972114
1132641926
1133022637
1133304437
1133673995
1133699783
1134405942
1135025150
1135503524
1135779463
1135840298
1136021531
1136034164
1136536637
1136828562
1136946335
1136971481
1137070246
1137106481
1137192255
1137814291
1138168800
1138204005
1138667026
1138737856
1138803881
1138902054
1138996069
1139327673
1139790112
1139868835
1140043188
1140254063
1140420058
1140546572
1140580083
1140641807
1140861576
1140932079
1140996220
1141082692
1141516100
1141827660
1142202226
1142466500
1142561775
1142840075
1143166904
1143183644
1143439856
1143483234
1143787673
1144156777
1144566941
1144725299
1144774730
1144826643
1144908230
1145987047
1146262808
1146283228
1146356954
1146549477
1146805339
1147534294
1147829318
1147836734
1148285132
1148556815
1149387300
1149531473
1149582644
1149658397
1149725194
1149801649
1149830521
1150102933
1150244801
1150359338
1150693275
1150874552
1150904902
1151159846
1151731515
1151949484
1152288340
1152349916
1152548462
1152729608
1152826056
1152915717
1153027255
1153064024
1153076043
1153337009
1153395534
1153430801
1153600857
1153646979
1153655948
1153828245
1153945027
1154013596
1154217756
1154359247
1154383738
1154556288
1154660179
1154961508
1155152776
1155206123
1155826258
1155893847
1156279218
1157019884
1157475273
1157528358
1157694943
1158378787
1158525383
1158532197
1158913736
1159195980
1159407980
1159411629
1159462164
1159563214
1159696698
1159858069
1160036022
1160046642
1160115375
1160251030
1160273140
1160706364
1161368265
1161518090
1161528030
1161561854
1161862185
1162120537
1162162764
1162317178
1162766370
1162806722
1163052148
1163080473
1163343425
1163390179
1163840186
1164242732
1164429206
1164515791
1165861864
1165955660
1166116531
1166206140
1166560072
1166682141
1166690750
1166748993
1166901372
1167063580
1167164733
1167262563
1167624971
1167641845
1167691757
1167752937
1168378278
1168461503
1168532499
1168615205
1168675120
1168811349
1169021108
1169168056
1169257666
1169806902
1169859817
1170023642
1170311155
1170759214
1170763690
1170821216
1170949457
1171776966
1172080841
1172744966
1172826344
1173704247
1173736070
1174014895
1174159687
1175161652
1175248980
1175306966
1175408692
1175466411
1175686786
1175741639
1175951644
1176408448
1176592498
1177065181
1177140398
1177200266
1177204253
1177968447
1178379755
1179065726
1179111079
1179176789
1179191391
1179423534
1179638830
1179641141
1179795612
1180158972
1180723098
1180726213
1181116568
1181206535
1181534024
1182318160
1182640923
1182788892
1183072601
1183295971
1183372424
1183443703
1183917781
1183971054
1184125847
1184312017
1184408728
1184442828
1184742097
1184825052
1185247176
1185322544
1185488209
1185738353
1185795840
1185848767
1185985767
1186040888
1186090245
1186502241
1186516810
1186949453
1187020757
1187546450
1187785009
1188122795
1188538356
1188635247
1188715154
1188952706
1189000745
1189046864
1189091117
1189266548
1189819746
1189848672
1190045954
1190068412
1190138439
1190166792
1190250466
1190688183
1191388954
1191397251
1192180563
1192257276
1192787961
1192820383
1192955740
1193445101
1193498767
1193683807
1193758613
1194251468
1194256495
1194396676
1194500695
1194911244
1194930032
1195298570
1195520054
1195687180
1196263400
1196651789
1196685903
1196919894
1197523460
1197792570
1197817882
1197845352
1197949573
1198277701
1198994332
1199400877
1199420783
1199558319
1199561483
1200084689
1200185880
1200353762
1200405836
1200447049
1200526422
1200614622
1200691333
1200819394
1200948387
1201342742
1201378919
1202004319
1202486190
1202533852
1202908174
1202991590
1203378733
1203571215
1203878205
1203899415
1204741781
1205119121
1205706168
1206149895
1206169147
1206378348
1206445983
1206569749
1206606355
1206717786
1206736148
1206865121
1207241642
1207255633
1207331502
1207497847
1207783509
1207993339
1208114957
1208429079
1208441527
1208628314
1208840900
1209331066
1209392208
1209446452
1209755129
1209883100
1210032077
1210110344
1210260764
1210477512
1210767942
1211107753
1211831057
1211922550
1212205759
1212242896
1212785969
1212821113
1212894696
1212906265
1213079138
1213163770
1213243061
1213431458
1213435796
1213645154
1214157493
1214343430
1215623833
1216044111
1216115142
1216141351
1216382908
1216443333
1216497397
1216522427
1216938247
1217048048
1217705852
1218121084
1218214239
1218997593
1219134636
1219245629
1219249246
1219272627
1219633750
1219823133
1219981576
1220004132
1220039472
1220616097
1220674153
1220922377
1221219851
1221526364
1221728237
1221983236
1222146649
1222280406
1222423884
1222481507
1222812016
1223033579
1223816951
1223956548
1224082415
1224135754
1224338349
1224414959
1224469834
1225737354
1225847107
1226561123
1226569897
1226767769
1226777634
1226909926
1227308599
1227594200
1227879483
1228045916
1228135870
1228677679
1229037864
1229311818
1229384187
1229684534
1229833881
1230845649
1230945269
1231058565
1231170775
1231586523
1231739831
1232026749
1232063650
1232285810
1232430446
1232447584
1232962819
1232997724
1233050071
1233108348
1233399373
1233535692
1233564802
1233746325
1233799909
1234007878
1234228806
1234243045
1234246854
1234860579
1235260195
1235276601
1235356947
1235362496
1235397372
1235569245
1235592183
1235864102
1235961766
1235962994
1236077184
1236226668
1236247831
1236429716
1236451131
1236601522
1236866318
1237998405
1238673686
1238801300
1238977258
1239025989
1239634318
1240382311
1240573137
1240814910
1240996782
1241452775
1241517909
1241690181
1241957890
1242123187
1242207372
1242315369
1242451040
1242585406
1242719873
1243129769
1243542795
1243552825
1243562199
1243632818
1243837578
1243863272
1244143306
1244394024
1244673238
1245031698
1245218551
1245218897
1245405242
1245421354
1245519974
1245619869
1245658137
1245702079
1245834789
1246015548
1246140842
1246354793
1246402032
1246536212
1247273966
1247545460
1247713111
1248124879
1248273510
1248546246
1248562076
1248929517
1249014837
1249191939
1249323796
1249397608
1249899883
1250183337
1250198046
1250295185
1250409485
1250571936
1251140977
1251392985
1251718065
1251945102
1252114448
1252449273
1252597697
1252616439
1253150183
1253160416
1253225588
1253226441
1253293985
1253508365
1254041685
1254185298
1254379001
1254634103
1254738734
1255108030
1255294318
1255458059
1255462883
1255574525
1255724617
1255782877
1255827109
1255882721
1256119887
1256261501
1256318407
1256324890
1256441176
1256817553
1257673979
1257765841
1257896869
1258032830
1258043858
1258165060
1258211254
1258212922
1259161603
1259487970
1259542301
1259759967
1260409297
1260428922
1260474546
1260729778
1260755424
1260776534
1260825336
1260873493
1260995625
1261036095
1261064372
1261211914
1261374255
1261459416
1261537720
1261952146
1262316378
1262368547
1262500402
1262517136
1262584552
1262589186
1262610957
1263251488
1264453963
1264517422
1264556480
1264694180
1264731326
1264902330
1265491740
1265587931
1265604524
1265738824
1265836931
1265894699
1266266632
1266390533
1266726253
1266768973
1266898537
1267224068
1267959094
1268029380
1268059525
1268168754
1268201801
1268485224
1268539858
1268878347
1269209612
1269287229
1269360972
1269388837
1270015616
1270476177
1270478415
1270484309
1270637300
1270871512
1270971201
1270997335
1271149594
1271872922
1272191885
1272257998
1272838657
1272890095
1272932344
1272939412
1273254993
1273420358
1273449811
1274058663
1274088137
1274348629
1274352909
1274375801
1275069815
1275230777
1275257863
1275480403
1276112957
1276212710
1276299266
1276531370
1277315281
1277691836
1278675899
1278847518
1279001433
1279070034
1279118350
1279277388
1279282786
1279308189
1279551995
1279564990
1280009373
1280225745
1280782563
1280854162
1280896729
1280968279
1281018245
1281270976
1281587035
1281656748
1281986451
1282065837
1282142947
1282151016
1282276580
1282462222
1282481410
1282975882
1283404779
1283531129
1283594546
1283598878
1284024490
1284166079
1284355107
1284593039
1284829834
1284839430
1285026541
1285078591
1285083362
1285411553
1285432846
1285569288
1285617390
1286095058
1286152887
1286201237
1286456132
1286670757
1287130936
1287324360
1287559493
1287885920
1288430388
1288607628
1288669530
1288840640
1289260756
1289304602
1289341866
1289943445
1290421859
1290694800
1290712987
1290823129
1291113446
1291900896
1292035106
1292751865
1293155038
1293173988
1293491747
1293681816
1293747745
1293760705
1294167120
1294267099
1294464766
1295147985
1295412660
1295814619
1295952033
1296048709
1296108694
1296210715
1296236965
1296508747
1296747681
1297001825
1297196875
1297274128
1297516530
1297867068
1297983702
1298210076
1298238515
1298906487
1299009086
1299060305
1299899879
1299904833
1300020218
1300322671
1300832882
1300868008
1301102060
1301374507
1301541810
1301747609
1301860559
1302106114
1302239439
1302394139
1302402536
1302431823
1302572383
1302579591
1302816984
1302946453
1302999200
1303236094
1303316105
1303422096
1303451446
1303465963
1303549971
1304586304
1304606616
1305234375
1305486673
1305736222
1305761606
1305874319
1306167326
1306280810
1306638798
1306645047
1307486399
1307856100
1307914960
1308305284
1308319388
1308816360
1309115152
1309457297
1309606435
1309661491
1310351098
1310757660
1311062766
1311124975
1311146941
1311224415
1311367029
1311428915
1311470075
1311472568
1311565444
1311798413
1312490579
1312502127
1312543981
1312706837
1312830496
1313012125
1313471647
1313488733
1313614636
1313914477
1313972549
1314051163
1314559730
1314681074
1315097375
1315774720
1315934833
1316258459
1317818809
1317856089
1318148470
1318529310
1318575980
1319779041
1319863122
1320580975
1321330146
1321586739
1321824928
1321892631
1322179371
1322270907
1322411103
1322521071
1322827598
1322864332
1322914795
1322999552
1323431737
1324432987
1324763769
1324852880
1325141053
1325174796
1325410438
1325411340
1325755655
1325825860
1325879038
1326206426
1327472732
1327549011
1327597325
1328211763
1328396149
1328456403
1328807189
1328858548
1328873161
1329047435
1329550389
1329980571
1330300379
1330442152
1330762174
1331116784
1331121002
1331163961
1331485300
1331508375
1331567453
1331926032
1332040415
1333168523
1333458535
1333648623
1333828281
1334076501
1334430234
1334587028
1334653521
1334741469
1334982322
1335200374
1335479373
1336188573
1336257409
1336288449
1336389030
1336450043
1336805389
1336806982
1337274602
1337320950
1338650945
1338662878
1338862613
1339019152
1339287647
1339371837
1339516921
1339701976
1339983573
1340204540
1340578833
1341033278
1341278774
1341603898
1342073758
1342285777
1342320524
1342536834
1342559832
1342894555
1342986288
1343222692
1343231695
1343439904
1343493840
1343540436
1343672078
1343979422
1344508848
1344525648
1344568793
1345107940
1345118447
1345583022
1345668195
1345808662
1346041448
1346268005
1346487017
1346655473
1346735778
1347000601
1347160463
1347404621
1348229425
1348245633
1348446210
1349169879
1349489990
1349927565
1349990114
1350094206
1350668059
1350888997
1350948720
1351073851
1351511258
1351645082
1351988380
1352169000
1352409024
1352492822
1352505820
1352537542
1352668942
1352912798
1354492335
1354669119
1354793585
1355157381
1355199745
1355428286
1355813719
1355888329
1355906758
1356600785
1356987148
1357290143
1357383641
1357712835
1357957576
1357960514
1358530731
1358685423
1359203871
1359866657
1359982445
1360217568
1360255908
1360789949
1360877015
1360995999
1361120798
1361174621
1361444142
1361532323
1361892164
1361900924
1361915884
1362139677
1362288942
1362685240
1362685476
1362737084
1362850471
1362940353
1363020230
1363732508
1363770708
1363780120
1363941859
1364023090
1364145018
1364223749
1364619529
1364687694
1364750647
1364886223
1364926648
1364943514
1365204210
1365397333
1365488518
1366018423
1366246859
1366369494
1366490594
1366755917
1366988154
1367197685
1367327043
1367504084
1367542745
1367683162
1367837296
1368023120
1368171647
1368777211
1368785701
1368862326
1368982831
1369395716
1369930268
1370199770
1370261777
1370341127
1370432661
1370797425
1371642167
1371652067
1371911974
1372106381
1372190023
1372261059
1372442339
1372569607
1372615312
1372682079
1372751962
1372942509
1373428657
1373583552
1374013725
1374421914
1374694817
1374695516
1374842396
1375137192
1375847508
1376212624
1376407083
1376564559
1376646653
1376907672
1377014450
1377081849
1377306145
1377394331
1377629414
1377777996
1377972208
1378030331
1378310942
1378471908
1378691818
1378994259
1379313840
1379329803
1379439357
1379784681
1379978543
1380110889
1380629454
1380687185
1380905111
1380949226
1381144428
1381154755
1381292985
1381373071
1381597708
1381769190
1381804012
1381821663
1381854050
1382213241
1382244077
1382278286
1382343395
1382490409
1382956153
1383161173
1383376997
1383673656
1383785726
1384219683
1384355939
1384933840
1385314072
1385318391
1385797109
1386121095
1386511546
1386539221
1386549181
1386585422
1386592727
1386891422
1386938585
1386974594
1387031470
1387086000
1387192090
1387555767
1387807978
1387885287
1387892640
1388237564
1388410151
1388531383
1388606958
1389140073
1389199293
1389247469
1389841528
1390120409
1390370254
1390422210
1390711062
1390871762
1391097504
1391298450
1391350635
1391445675
1391534621
1391820837
1391892981
1392103433
1392186963
1392224532
1392340823
1392388438
1392644761
1393211033
1393564339
1393568406
1393596610
1394313791
1394443300
1394863968
1395224756
1395368239
1395466984
1396060503
1396087695
1396912550
1397013831
1397137031
1397444611
1397933192
1397947390
1398205879
1398306320
1398864081
1399173139
1399638175
1400412087
1400537352
1400552363
1400576874
1400666645
1400793387
1400818531
1401062029
1401590590
1401688697
1401745166
1401837122
1402014647
1402017306
1402051084
1402186346
1402206181
1402210065
1402257814
1402325738
1402653879
1402746473
1403107137
1403231525
1403271590
1403333875
1403445586
1403687960
1403706562
1403776460
1403893147
1403906980
1404082468
1404134967
1404498653
1404536884
1404653058
1405409845
1405420278
1405476735
1405771811
1405870722
1406217479
1406565115
1406899700
1407191946
1407299538
1407456748
1407740578
1407888119
1407941388
1408031983
1408437643
1408676928
1408682530
1408842569
1408850699
1408939179
1408973683
1409172480
1409239515
1409366286
1409791589
1409998335
1410145341
1410971919
1411109786
1411430996
1411517161
1411564013
1411661571
1411720037
1412578299
1412607779
1413058316
1413339570
1413523147
1413532531
1413750751
1414195124
1414454214
1415022302
1415034785
1415207416
1416421436
1416438292
1416442184
1416928494
1416956176
1417292340
1417397901
1417643429
1417753317
1417770583
1418129037
1418283973
1418940276
1419066741
1419288911
1419672649
1419796099
1420002692
1420566424
1420609141
1420771119
1421653632
1421670659
1421746474
1421903663
1422035833
1422093937
1422198776
1422742467
1422887125
1423274296
1423294491
1423728547
1423971942
1424353207
1424590337
1424627820
1425108558
1425197452
1425204083
1425217914
1425307949
1425405613
1425459317
1425499552
1425500025
1425577330
1425719917
1425892625
1425980271
1426001370
1426063879
1426887954
1427029713
1427283182
1427734574
1427836404
1428078093
1428479463
1429038152
1429071780
1429324388
1429881660
1429927616
1430040482
1430148233
1430659772
1430687404
1430941680
1431245510
1431270179
1431302623
1431429484
1432092890
1432436993
1432525537
1432567633
1432590633
1432772572
1432995791
1433019863
1433234295
1433267683
1433420815
1433648259
1433737772
1433833265
1433911214
1434205898
1434430858
1434534738
1434630779
1435873145
1435973241
1436007795
1436359683
1436470512
1436791539
1437074014
1437422653
1437598256
1438017214
1438132270
1438744957
1438866704
1438984348
1439201772
1439647157
1439703654
1440361455
1440890622
1441192026
1441476163
1441755103
1441991054
1442112400
1442328805
1442801573
1442834906
1442851393
1442927815
1442981187
1443119714
1443131629
1443516059
1443790661
1443970409
1444147588
1444231178
1444260756
1444341383
1444424574
1444448473
1444642927
1444649829
1445198207
1445347475
1445354352
1445504883
1445814563
1446206676
1446236815
1446252284
1446394544
1447349455
1447384321
1447393341
1447687916
1447857791
1447873272
1447901691
1448510631
1448900926
1449030910
1449201391
1449346432
1449707568
1450062394
1450097479
1450107441
1450132198
1450161820
1450584751
1450592394
1451031385
1451086785
1451509441
1451517046
1451593255
1451732008
1451736190
1451743781
1453061911
1453077007
1453088218
1453184846
1453327334
1453334372
1453863375
1454456622
1454483811
1454806251
1454984798
1455032224
1455145318
1455514093
1455666594
1455787475
1455869587
1456267955
1456612825
1456765838
1456947144
1457287522
1457402877
1457403203
1457436349
1457450280
1457904322
1458469790
1458735496
1458869023
1459404221
1459485517
1459580800
1459944042
1460042114
1460363119
1461516764
1461948908
1461964482
1462194516
1462547327
1462683958
1462775962
1463347733
1464171695
1464193499
1464266403
1464369688
1464470749
1464604020
1465010084
1465037354
1465111603
1465409532
1465465224
1466074076
1466167186
1466338704
1466485566
1466607827
1466850736
1467103824
1467379793
1467523676
1467537827
1467565401
1468357416
1468420197
1468616293
1468889957
1468968840
1469084120
1469118972
1469231504
1469278851
1469316674
1469597245
1469744711
1469920740
1470069435
1470277203
1470312420
1470522161
1470584986
1470620307
1470770907
1471197428
1471801662
1471846763
1472511157
1472620198
1472719734
1473223039
1473366638
1473696660
1473770349
1473985941
1474146826
1474596772
1475240164
1475464998
1475530375
1475705453
1475746059
1475751234
1476003112
1476383702
1476422354
1476542069
1476550324
1476865759
1477268162
1477438874
1477575852
1477701299
1477894072
1478680691
1479020919
1479112418
1479245306
1479655893
1479855629
1480387609
1480477149
1480809178
1480883175
1481026775
1481068714
1481086679
1481240491
1481312423
1481412383
1481739548
1482281178
1482796611
1483264838
1483283090
1483371269
1483569459
1483684430
1483709518
1483877953
1483909729
1485589801
1485909303
1485949705
1486131191
1486443605
1486528143
1486746603
1486985395
1487096962
1487270579
1487287968
1487759974
1487935407
1488039024
1488131557
1488290756
1488713039
1489052856
1489137985
1489293557
1489333894
1489727251
1489828498
1489878628
1490107615
1490324310
1490502226
1490546371
1490557814
1490863769
1490929924
1491084428
1491490153
1491492278
1491948390
1492194450
1492280266
1492350691
1492581209
1492637687
1492891372
1493088582
1493186753
1493235883
1493267184
1493486043
1493496845
1493616185
1493738455
1493829524
1493835360
1494105005
1494470918
1494494001
1494985583
1494999622
1495066808
1495156994
1495161990
1495330292
1495386886
1495632943
1496333626
1496571668
1496909000
1497158135
1497244434
1497354717
1497587817
1497682799
1497817858
1497966752
1498191021
1498400515
1498643478
1498751596
1499039081
1499104380
1499326731
1499542833
1499646811
1499686684
1499711935
1500021809
1500048224
1500239574
1500378371
1500445363
1500792736
1500916272
1501395534
1501508372
1502103182
1502335851
1502445495
1502565903
1502623087
1502755862
1502765163
1502857778
1502949176
1502953090
1503280710
1504161919
1504178721
1504376717
1504690678
1504795124
1504909753
1504926233
1505406668
1505462215
1505499935
1505610553
1507388427
1507692382
1507730510
1508097201
1508105720
1508347922
1508354224
1508376302
1508599446
1508910819
1509066199
1509269992
1509752112
1509824046
1509836368
1510409495
1510620398
1511201387
1511248709
1511288800
1511896125
1512052472
1512061252
1512111682
1512212244
1512376142
1512377763
1512410760
1512703433
1512713261
1513089310
1513292979
1513295814
1513606865
1513879816
1513966649
1514139617
1514287058
1514318396
1514412944
1514413083
1514489586
1514626979
1514700432
1515617566
1515634161
1515985307
1516024573
1516160866
1516415292
1516423900
1516806278
1517003512
1517169459
1517229230
1517412446
1518002581
1518081310
1518169938
1518791790
1519425448
1519781761
1520027020
1520096495
1520461226
1520498348
1521681868
1522008812
1522216026
1522786945
1522800013
1522875640
1523588073
1523747406
1523894610
1524109433
1524127706
1524453828
1524468933
1525042708
1525252968
1525329278
1525483760
1525763319
1525866979
1526130264
1526175870
1526434234
1526487306
1527022001
1527331888
1527446832
1527983911
1528177186
1528460908
1528468059
1528786832
1529220593
1529348834
1529448287
1529474276
1529624109
1530157797
1530371560
1530376135
1530378131
1530568254
1530780446
1530841913
1530897946
1531248684
1531474126
1531665805
1532043582
1532298488
1532544104
1532590586
1533481878
1533517104
1533563616
1533565636
1533774344
1533911734
1534625173
1534648773
1535021845
1535179061
1535293712
1535589168
1535652974
1535835648
1535844032
1536036121
1536891359
1536947644
1536983192
1537018358
1537424670
1537433573
1537509566
1537706661
1537842806
1538070965
1538444947
1538501263
1538628145
1539243039
1539251142
1539531101
1539974256
1540183691
1540308181
1540719768
1540814432
1540821378
1541106391
1541604391
1541889242
1541923643
1542023677
1542399258
1543164040
1543376200
1543570601
1543846757
1543857968
1543984226
1544025600
1544280275
1544777842
1544856717
1544860356
1544863945
1545124212
1545125972
1545359253
1545746592
1545971787
1546190746
1546515371
1546746411
1546864896
1546960750
1547054942
1547190914
1547219524
1547252908
1547318297
1547456395
1547555798
1548098818
1548293444
1548571012
1548679298
1548719254
1548878513
1549024492
1549037372
1549068977
1549451144
1549478576
1549540406
1550055254
1550082540
1550586932
1551550412
1552274072
1552436416
1552440995
1552663019
1552739197
1552896842
1552954806
1553048359
1553246589
1553557534
1553855228
1553880117
1553910359
1554189736
1554192546
1554229802
1554312790
1554744913
1554822076
1554957251
1555125728
1555212500
1555281744
1555865843
1555950313
1556011730
1556072536
1556147538
1556284606
1556285972
1556498094
1556599915
1556637048
1556865842
1557297171
1557607592
1558101269
1558237538
1558348797
1558437632
1559149220
1559150555
1559196392
1559852933
1559951880
1560010932
1560223905
1560482875
1560530026
1560541526
1560635984
1560714432
1561094030
1561105244
1561272677
1561293501
1561409756
1561484628
1561584217
1561617057
1561785579
1561879924
1562191529
1562194166
1562516992
1562634755
1563327341
1563453824
1563622553
1563647265
1563872204
1563970566
1564095062
1564260633
1564303828
1564697815
1564922708
1565161751
1565614323
1565704230
1565945344
1566177771
1567110770
1567238677
1567346519
1567524075
1567918702
1568031701
1568152649
1568314984
1568585443
1568788250
1568917634
1569334416
1569417458
1569761777
1569945641
1570371067
1570375427
1570581110
1570713192
1570754773
1570866006
1571545707
1571616796
1571918415
1572334142
1572353548
1572481878
1572749399
1573596024
1573895850
1574061134
1574460821
1574724625
1574766632
1574835233
1574841883
1574853656
1575001466
1575028048
1575198805
1575208624
1575374410
1575741315
1576009627
1576113952
1576343145
1576404014
1577547103
1577946162
1578032934
1578163173
1578195033
1578496213
1578647001
1578700697
1579024029
1579313022
1579541619
1579555589
1579659258
1579675876
1579772010
1579824325
1579980370
1580356075
1580490154
1580696259
1580901591
1581307315
1581512567
1581608707
1581691915
1581871352
1581916417
1582404796
1582635772
1582681329
1582995071
1583495944
1583641439
1583794641
1584333927
1584448867
1585653799
1585959882
1586368148
1586429484
1586558121
1586605881
1586660624
1586733311
1587144367
1587568461
1587722120
1588119942
1588155118
1588602562
1588835465
1588845821
1588952266
1589147415
1589279077
1589375227
1589648652
1590274743
1590568811
1590705711
1591300163
1591392355
1591433094
1591437437
1591986478
1592059764
1592208353
1592217504
1592351923
1592396119
1592573815
1592585690
1592588867
1593169767
1594258693
1594337434
1595273438
1595792917
1595848169
1595942562
1596165851
1596277344
1596278841
1596674753
1596716527
1597102057
1597217217
1597378433
1597820410
1597857081
1598262816
1598529212
1598741340
1599296297
1599903120
1599972709
1600314081
1600434061
1600667201
1600696887
1600701887
1601059526
1601811244
1602253403
1602316018
1602743242
1602863799
1603754403
1604807459
1605211028
1605428277
1605577629
1605634597
1605898881
1605931832
1606138571
1606529438
1606693378
1606805559
1606914522
1607105616
1607183603
1607574491
1607680572
1607945979
1608083402
1608816396
1608927418
1609064585
1609761542
1609785121
1609854636
1610557244
1610876450
1610909318
1611321961
1611631690
1611653374
1611960157
1612039533
1612055406
1612309181
1612351157
1612633544
1612641583
1612881986
1612969814
1613062718
1613426974
1613478595
1613700559
1613894685
1614457239
1614642832
1614648176
1614827633
1614891429
1615144925
1615153750
1615223512
1615805489
1616665574
1616721502
1616805941
1616844251
1617336697
1617468896
1617758491
1617998846
1618879505
1619074992
1619244368
1619289351
1619428515
1619503748
1619632202
1619872490
1620030520
1620197028
1620250143
1620284992
1620378869
1620725936
1620743350
1621156034
1621749636
1621821687
1621909444
1621976456
1622178876
1622275799
1622468440
1622849068
1623920532
1623974917
1624489534
1624808122
1625332877
1625565809
1625647394
1626016145
1626022321
1626210001
1626313321
1626919690
1627431939
1627744521
1627872452
1628033566
1628079937
1628331501
1628605950
1628773752
1628937959
1629088880
1629483608
1629780997
1630129836
1630235464
1630245283
1630365368
1630424572
1630601195
1630743714
1630884584
1631033658
1631378922
1631773298
1631859248
1632121010
1632447045
1632545003
1632898169
1633820524
1633909101
1633986234
1634540827
1634629124
1634811286
1634906714
1634965303
1635345382
1635991127
1636186105
1636513989
1637220716
1637443135
1637451906
1637802694
1638227839
1638300254
1638367938
1638385292
1638710989
1639095068
1639137897
1639199035
1639398474
1639530344
1639583577
1639993731
1640001299
1640002595
1640297563
1640334578
1640994638
1641013478
1641132658
1641526853
1641533126
1641838850
1641917961
1642125310
1642345655
1642449983
1642452399
1643656215
1643668935
1644433949
1644529424
1644766793
1645256184
1645323095
1645652377
1645737455
1645977719
1646117676
1646216907
1646275847
1646532663
1646539366
1646792388
1646971414
1647223779
1647297588
1647808485
1647811685
1648009088
1648357270
1648492960
1648712460
1649056924
1649088387
1649206036
1649212015
1649363240
1649715279
1649957459
1650738643
1651672522
1651867483
1651953076
1652179180
1652530585
1652536338
1652763564
1653214073
1653261821
1653578090
1653726606
1654062676
1654384351
1654414518
1654450763
1654812395
1655215417
1655246775
1655470267
1655472884
1655595331
1655880511
1655903561
1656058315
1656900202
1656950225
1657425341
1657687436
1658031574
1658367366
1658459037
1658555508
1658665775
1658678123
1658692162
1659543741
1659759230
1660069610
1660397460
1660835785
1661341873
1661820805
1661964896
1662350635
1662731733
1662788643
1662905385
1663113474
1663141232
1663594103
1664137015
1664170450
1664209806
1665133260
1665329617
1665398879
1665649528
1666741908
1666818988
1666916414
1667031784
1667087527
1667129158
1667505643
1667511533
1667635379
1667687638
1667746643
1667923159
1668052486
1668177113
1668892850
1668927503
1668931289
1668990238
1669304553
1669328523
1669422624
1670026930
1670127786
1670155812
1670273339
1670375746
1670902871
1670907060
1671026685
1671231988
1671453957
1671472880
1671732673
1672183828
1672376758
1672404465
1672538832
1672567072
1672665440
1672975203
1673163236
1673859637
1673866919
1674336744
1674645615
1674800475
1674851792
1675035732
1675055610
1675124086
1675536261
1675625983
1675681425
1675734111
1675838573
1676310829
1676337429
1676432287
1676848614
1676858481
1676918517
1677229322
1677753898
1677754234
1677755922
1678006059
1678121653
1678360176
1678919685
1679049690
1679181212
1679220080
1679228084
1679372520
1679440926
1679515678
1680489022
1680671422
1680894695
1681195072
1681764849
1682232959
1682378309
1682613341
1682937685
1682952973
1683103009
1683139937
1683148908
1683482902
1683498215
1683504547
1683628390
1683795184
1684108702
1684657650
1684839876
1684900440
1684948768
1684961419
1685289735
1685414473
1685508665
1685782692
1686036391
1686186429
1686204325
1686514102
1687525459
1687573947
1688120509
1688129694
1688223853
1688463238
1688502069
1688938166
1689735744
1689793613
1689823539
1690340023
1690612459
1690614021
1691264582
1691286049
1691633417
1691698364
1691771517
1691902064
1692267274
1692497364
1692625336
1692690626
1692916627
1693043852
1693513884
1693538972
1693545076
1693890230
1694413933
1694611957
1694687938
1695071997
1695097426
1695116287
1695285023
1695479191
1695722670
1695778170
1695871285
1696009630
1696422074
1696539723
1696696319
1696881107
1696992301
1697184012
1697221704
1697508999
1697575284
1697887997
1697908561
1697979681
1698036898
1698144889
1698171984
1698713932
1699086626
1699522690
1699704357
1699723310
1699838591
1699899860
1699950215
1699951603
1700058398
1700108697
1700227012
1700368344
1700445771
1700504844
1700662769
1700663784
1700720182
1700946174
1701521212
1701740097
1701900253
1702095458
1702105697
1702180396
1702255520
1702690293
1703573064
1703633634
1704088907
1704156945
1704353555
1704935884
1705427894
1705617279
1705824054
1706163868
1706173496
1706514491
1706604264
1706759916
1706999054
1707646907
1707960391
1707970576
1708057516
1708151794
1708264500
1708385991
1708412030
1708691061
1708778417
1708870636
1708921487
1708989277
1709202315
1709856979
1709952128
1710619458
1710711460
1711137041
1711394161
1711688481
1711837406
1712689685
1712877352
1713096694
1713142119
1713190621
1713360222
1713478065
1713500631
1713600064
1713784924
1714721314
1714753509
1715069464
1715158076
1715423453
1715533682
1715987759
1716003459
1716026067
1716563611
1717877742
1718679087
1718679378
1718983868
1719082761
1719098917
1719305201
1719409857
1719983768
1720072200
1720112424
1720257277
1720333399
1720515373
1720826467
1721210453
1721493886
1721561479
1721570088
1721642633
1722041116
1722259793
1722834695
1723298184
1723445122
1723458986
1723720163
1723940940
1723982764
1724159673
1724383867
1724758944
1725041314
1725551208
1725581493
1725663351
1725738870
1726046013
1726188064
1726325011
1726507416
1726634198
1726638810
1726647661
1727018224
1727109233
1727128327
1727136597
1727318192
1727345718
1727455386
1727894209
1729064032
1729357060
1729539625
1729604750
1729764611
1730189093
1730333518
1730648659
1731203076
1731319625
1731397986
1731534926
1731828915
1731903414
1732029759
1732404696
1732601810
1733432922
1733695641
1733699480
1734098944
1734329287
1734506488
1734528576
1734644828
1735041977
1735214636
1735298834
1735749342
1735796237
1736290180
1736369448
1737421316
1738101243
1738162430
1738388497
1738569993
1739529882
1739834726
1740077636
1740129898
1740748444
1741352776
1741611305
1741620191
1741879659
1742012753
1742637889
1742962012
1742989269
1743170286
1743549313
1743663388
1743728948
1743819416
1744263871
1744476864
1744538901
1744696004
1744772498
1744944552
1745018109
1745255629
1745451020
1745528641
1745649244
1745662128
1745857382
1745993457
1746516480
1746812580
1746915179
1747316654
1747391877
1747516260
1747671795
1748516154
1748524534
1749171376
1749884547
1750602001
1750655725
1750715834
1750824235
1750970266
1751100614
1751612652
1751713120
1751822606
1751840740
1752202682
1752365092
1752543104
1753004901
1753077982
1753462700
1753580557
1753694811
1754120968
1754197960
1754657526
1754913294
1755164158
1755270184
1755606396
1755683339
1755855020
1756084236
1756099860
1756179540
1756421528
1756846147
1757256729
1757344683
1757522698
1757540080
1757716384
1757734018
1757868253
1757932825
1758390649
1758670394
1758671333
1758916092
1758972294
1759226157
1759505734
1759630622
1759804901
1760117580
1760298215
1760411275
1760446787
1761465667
1761750299
1761821255
1762187363
1762259827
1762569498
1762702842
1762986871
1763050868
1763593391
1764192835
1764268627
1764454229
1764595005
1764733480
1765197958
1766213261
1766777476
1767009548
1767481108
1767583522
1767649543
1767782494
1767872735
1767895965
1767987493
1768000667
1768156720
1768355894
1768431763
1769163564
1769188736
1769275671
1769970747
1770575128
1770657453
1770928046
1771075022
1771171700
1771229688
1771442031
1771647338
1772172074
1772188537
1772900146
1773103968
1773288680
1773404368
1773493755
1773619154
1773840012
1774224811
1774456590
1775225221
1775484930
1775494488
1775624695
1775700183
1775903389
1775918823
1776306058
1776742997
1776760296
1777145403
1777872829
1777923776
1778780433
1778903209
1778945014
1779358481
1779381263
1779659376
1780038785
1780056034
1780164016
1780300961
1780343557
1780555587
1781146527
1781269095
1781406251
1781553244
1781683729
1782022531
1782156659
1782671797
1783594311
1784182692
1784517700
1785091007
1785839284
1786061147
1786391710
1786501129
1787164532
1787291696
1787637452
1787717342
1787739625
1788238126
1788323987
1788530540
1788696960
1788735213
1789263031
1789296092
1789380962
1789767209
1789778939
1789922707
1790021729
1790741136
1791002283
1791415528
1791425314
1791641898
1791750558
1791947074
1792525333
1792550231
1792612618
1792679018
1792980058
1793049028
1793379269
1793409978
1793618451
1793669583
1793705680
1793768938
1793788078
1794032334
1794373325
1794386472
1794747408
1794999111
1795123079
1795162267
1795395428
1795540528
1795610491
1796009960
1796014306
1796060813
1796326753
1796362791
1796406050
1796433959
1796488699
1797631192
1797854848
1798147352
1798186445
1798240447
1798743929
1798837580
1799101642
1799525736
1799853635
1799942481
1800004510
1800007423
1800106758
1800970483
1801058872
1801298634
1801341203
1801525647
1801724742
1802109611
1802340891
1802749717
1803018632
1803193289
1803395771
1803773385
1804118195
1804202028
1804230578
1804406855
1804725776
1804960769
1805064152
1805303258
1805337290
1805362225
1805980521
1806366295
1806701869
1806887903
1806956264
1807019477
1807386558
1807491995
1807680161
1807706789
1807984439
1808350148
1808468392
1808584156
1809917672
1809981634
1810201112
1810568043
1810660496
1811049861
1811186048
1811320277
1811368072
1811930833
1812083512
1812114940
1812588654
1812646843
1812791814
1813529815
1813695386
1814235773
1814426567
1814515836
1815043916
1815290345
1815458912
1815507862
1815542280
1815566587
1815775245
1815786782
1816332859
1816707784
1817003391
1817151386
1817449466
1817946537
1818092891
1818136972
1818144269
1818299650
1819158490
1819334543
1819413815
1819793757
1820416495
1820532882
1820728018
1820790360
1821031952
1821259824
1821405709
1821414699
1821477791
1821800550
1821923407
1821975543
1822045933
1822230469
1822234076
1822700338
1822708035
1822821381
1822822847
1823265387
1823903221
1824131513
1824150251
1824906948
1824982353
1825329047
1825366473
1825421529
1825834792
1825932716
1826217972
1826444387
1826989309
1826994490
1827033495
1827302275
1827319062
1827339462
1827353073
1827547793
1827568192
1827572080
1827740972
1827788822
1827790557
1827916272
1827952309
1828464858
1828487697
1829340472
1829441277
1829491044
1830371815
1830676144
1830685550
1830780440
1830801980
1831048855
1831138599
1831541797
1832041391
1832085618
1832213996
1832455960
1832489238
1832504880
1832675930
1832965854
1833325705
1833450672
1833753108
1834236298
1834809155
1834934246
1835023845
1835038297
1835220890
1835493876
1835871319
1835993627
1836027379
1836433824
1836877139
1837058859
1837129932
1837237853
1837831145
1837897333
1837996123
1838059031
1838401115
1838781527
1838952440
1839522362
1839552662
1840342015
1840376470
1840388907
1840475899
1840508337
1840708676
1840942848
1840952753
1841438350
1841446708
1841866907
1841884463
1841985477
1842505691
1842690799
1842903605
1843333837
1843990185
1844089282
1844513039
1844946139
1845218164
1845745812
1846397140
1846536533
1846665678
1846796989
1846903902
1847079387
1847381906
1847485329
1847647296
1847662646
1847854144
1848154123
1848650693
1848935354
1848939870
1849269105
1849689942
1849752384
1849786553
1849850846
1849855683
1850698963
1850948259
1851097900
1851220087
1851232699
1851504638
1851589693
1851701759
1852118163
1852410456
1853018250
1853629323
1853731026
1853794590
1853821980
1853887088
1854008071
1854140360
1854358696
1854375210
1854543824
1855392888
1855526172
1855597549
1855602333
1855675907
1855992685
1856079996
1856175058
1856619521
1856824883
1856836924
1856958063
1856970498
1857215339
1857505554
1857522016
1857623441
1857962201
1858004494
1858091019
1858298964
1858743632
1858768728
1858961465
1859089617
1859631180
1860063953
1860259481
1860940750
1861019516
1861061983
1861162018
1861308478
1862410937
1862595032
1862741460
1862778109
1863072845
1863285648
1863334333
1863726440
1863769786
1864194707
1864374807
1864394334
1864450255
1864951341
1865023769
1865162596
1865426143
1866463921
1866476910
1866714893
1867557182
1867632780
1867640485
1868040626
1868199483
1868304574
1868371484
1868874288
1869441009
1869738948
1869751643
1870474275
1870506077
1870520306
1870587601
1870719281
1871231889
1871622184
1871876192
1872005214
1872260086
1872599409
1872639488
1873108872
1873651799
1874613897
1874701602
1874846879
1875102223
1875108203
1875764277
1875789619
1876310634
1876643647
1876665843
1877044523
1877346400
1877436226
1877567345
1877592643
1877933969
1878156308
1878322875
1878462986
1878486465
1878970121
1878990681
1879529533
1879530420
1879589628
1879767707
1880142879
1880532917
1881287539
1881462194
1881514466
1881542408
1881656885
1881679699
1882181276
1882570542
1882576784
1882717284
1883062847
1883142090
1883206967
1883252571
1883942460
1884184469
1884250560
1884263163
1884412301
1884457079
1885217072
1885336967
1885598680
1885709037
1885943169
1886089631
1886273980
1886313778
1886343467
1886513882
1886696977
1887230857
1887454199
1887617361
1887737573
1887816705
1887844209
1887859948
1887934945
1888769257
1888980900
1889183524
1889291014
1889362143
1889453446
1890727170
1891129499
1891233697
1891391374
1891901953
1892029243
1892233139
1892709497
1892904491
1893198201
1893358129
1894126387
1894316450
1894370905
1894893573
1894901479
1895304623
1895636326
1895823870
1895874369
1895932799
1895992164
1896013700
1896078944
1896158176
1896168440
1896184623
1896870581
1896933329
1897068901
1897260802
1897263379
1897419060
1897601102
1897672668
1897687251
1897902576
1898143967
1898360165
1898844149
1899136156
1899184667
1899451778
1899489131
1900226844
1900233074
1900300507
1900329963
1900807252
1901046677
1901093035
1901309326
1901926023
1902220568
1902235038
1902394031
1902444781
1902586299
1902588648
1903452512
1903461312
1903807986
1904040521
1904567356
1904625440
1904686153
1904709416
1904755727
1904889479
1905229505
1905693722
1905736893
1905903833
1906069602
1906269409
1906555866
1907519438
1907761528
1907841465
1908287727
1908356879
1908514601
1908619194
1908761963
1908928540
1909089283
1909182676
1909298863
1909334251
1909335400
1909376576
1909477128
1909828896
1909946039
1909946393
1909949281
1910324248
1910329497
1910502720
1910606282
1911129325
1911470851
1911923910
1911982809
1912027028
1912137308
1912201928
1912486385
1912639707
1912665648
1913069832
1913083904
1913229408
1913900633
1914012662
1915034895
1915293591
1915897408
1916024857
1916253885
1917366598
1917563316
1917874065
1917968673
1918008381
1918351392
1918637282
1918638033
1918687902
1918759049
1919259713
1919296055
1919486992
1919672210
1919780812
1920046749
1920305192
1920360500
1920632667
1920781134
1920925021
1921490750
1921718878
1921823460
1921911580
1922051370
1922527595
1922620707
1922755644
1922932425
1922948527
1923037365
1923102185
1923347257
1923523894
1923744361
1923918408
1924105366
1924156710
1924462766
1924799381
1924810191
1925171345
1925203986
1925440696
1925807708
1925989134
1926140255
1926158324
1926293699
1926923501
1927110850
1927176446
1927354683
1927678282
1927690424
1928179134
1928201348
1929012496
1929268711
1929544007
1929577861
1930030427
1930341247
1930502815
1930805217
1930890840
1931092776
1931095709
1931342116
1931389138
1931717395
1931777110
1931807952
1931847735
1931878428
1932013732
1932505910
1932651245
1932791349
1932841340
1932859692
1932930071
1932930569
1933013054
1933315199
1933503122
1933560022
1933642129
1935158650
1935490197
1935672465
1935731648
1935930072
1936102955
1936244422
1936295827
1936488828
1936718805
1936841924
1936952012
1937086137
1937378646
1937467117
1938055657
1938113833
1938213425
1938472784
1938581179
1938854714
1938919190
1939113486
1939416632
1939672323
1939883057
1939901714
1939994983
1940102666
1940161582
1940162082
1940620364
1940762574
1940831938
1940924335
1941391284
1941646947
1941647257
1941663402
1941665789
1941729624
1941768531
1941925433
1941964049
1941980926
1942220442
1942229825
1942450703
1942519129
1942894531
1943188036
1943342051
1943416627
1943432839
1943828666
1944590102
1945403478
1945731347
1945818893
1945826724
1946126690
1946458425
1946490432
1946497795
1946602820
1946693841
1946944390
1947392390
1947676821
1947820408
1948059476
1948261723
1948292135
1948503035
1948664754
1949086340
1949535945
1949633753
1949717171
1949812774
1949944508
1950605572
1950695940
1950722212
1950782153
1951119096
1951731346
1952118277
1952177099
1952237332
1952245876
1952524539
1952687564
1952701574
1952906021
1952932197
1953141515
1953165010
1953221304
1953275206
1953828893
1954210983
1954461376
1954639598
1954775140
1954789728
1955123756
1955392152
1956813377
1957360178
1957491425
1957643594
1958824170
1958848024
1958918419
1959376816
1959393258
1959689062
1959773759
1959806860
1960076191
1960531894
1960532262
1960699483
1960865725
1960873474
1961324307
1961772756
1961782750
1961794756
1962324854
1962401289
1962542961
1962656819
1962984194
1963837172
1964086693
1964308838
1964438331
1964595973
1965382961
1965628054
1965829408
1966005091
1966212427
1966463134
1966616691
1967027350
1967171679
1967383531
1967609304
1968205692
1968277758
1968304430
1968793824
1968893191
1968901324
1969104575
1969245869
1969614341
1970042822
1970381956
1970413485
1970421717
1970519855
1970869760
1970952633
1970953856
1972092866
1972364739
1972394408
1972399087
1972641685
1973108431
1973134071
1973228857
1973245699
1973292928
1973658821
1973692767
1973811385
1973841303
1974206129
1974457666
1974580517
1975009063
1975187923
1975303606
1975307913
1975502479
1975638277
1975698152
1975904404
1976093133
1976344091
1976728542
1976922956
1976954132
1976971021
1977092108
1977474231
1977543202
1977601490
1977827320
1977857184
1978862067
1978984630
1979202703
1979275338
1979317030
1979340424
1979344930
1979612716
1979868118
1980042396
1980133840
1980175067
1980432870
1980776591
1980855818
1980887463
1981975108
1982025623
1982054959
1982273800
1982318047
1982331091
1982390345
1982480374
1982733975
1982795823
1982925046
1983423586
1983609852
1983759646
1983874106
1984035085
1984249687
1984473076
1984721802
1984781800
1984790832
1984942949
1986018546
1986070761
1986352894
1986709596
1987072392
1987139924
1987371502
1987497948
1987503930
1987540089
1987655313
1987790733
1987960181
1988038441
1988274168
1988325239
1988922913
1988955064
1989068711
1989306541
1989674049
1989836812
1989987107
1990103281
1990158146
1990331325
1990357289
1990901013
1991182724
1991252485
1991262974
1991278933
1991882370
1991918845
1992146657
1992499388
1992564990
1992827000
1993756582
1994453820
1994456772
1994897425
1994980432
1995156961
1995294329
1995359362
1995983723
1996133957
1996501437
1996640261
1996916641
1997273632
1997451006
1997680058
1997925637
1998038636
1998424226
1998679691
1998860852
1999239762
1999295558
1999345762
1999668104
1999796843
1999968635
2000506300
2000569546
2001278990
2001558759
2001701678
2001935214
2002108439
2002220902
2002448023
2002505401
2002706614
2003034460
2003449065
2003631610
2004192606
2004441678
2004481480
2005124802
2005169742
2005694047
2005940731
2006080831
2006314533
2006937243
2007095699
2007647261
2007948884
2008216101
2008244108
2008597876
2008814575
2009214044
2009282653
2009343901
2009509185
2009650187
2009858632
2010517461
2010664330
2010966791
2011190298
2011248430
2011487426
2011697752
2011717544
2011805349
2012088083
2012473580
2012566356
2012658334
2012722730
2012725842
2012734784
2012810552
2013152920
2013261608
2013432115
2013453865
2013940011
2014024449
2014162537
2014215905
2014496427
2014653672
2014881406
2015289224
2015340270
2015537142
2015578486
2016235451
2016279376
2016718646
2016953150
2016986723
2017000614
2017054869
2017121879
2017591755
2017602465
2017648217
2017906072
2018363687
2018649040
2018730759
2018748545
2018835885
2019121348
2019127237
2019435006
2019533112
2019636187
2019683616
2019743001
2020016309
2020779391
2020950182
2021061596
2021212342
2021894123
2022255759
2022882870
2023075361
2023080382
2023114758
2023384317
2023401739
2023905767
2024271212
2024305988
2024436157
2024530791
2024572838
2024622526
2024807053
2025005764
2025337730
2026769552
2026871725
2026963724
2026992171
2027064296
2027201033
2027333429
2027672692
2027980083
2028080910
2029098472
2029172156
2029198776
2029284896
2030678082
2030786352
2030955442
2030983607
2031053697
2031510847
2031660037
2031695819
2031982830
2032284952
2032871090
2032942479
2033004172
2033058017
2033120161
2033670784
2033773551
2034029549
2034327600
2034343094
2034563172
2034637436
2034832131
2035039811
2035210493
2035213169
2035296763
2035713851
2035725513
2035842019
2035981221
2036439943
2036496100
2036882617
2037216584
2037505763
2037516692
2037526572
2037753727
2037962040
2038238510
2038323392
2038385484
2038749315
2038858745
2038864430
2038914356
2038999033
2039270642
2039467413
2039827837
2039872036
2039895398
2040336650
2040410188
2040597784
2040644666
2040788107
2041219015
2041665959
2041996946
2042225635
2042337925
2042610338
2043312050
2043746863
2043831755
2043867405
2044215471
2045324933
2045526857
2045592540
2045644603
2045738140
2045839732
2045873687
2046014702
2046020702
2046138406
2046295873
2046331880
2046648038
2046708667
2046900012
2047364628
2047389702
2047844380
2048111149
2048344870
2048369950
2048514288
2048607941
2048772225
2049028997
2049432698
2049490384
2049768018
2050019946
2050227214
2050287658
2050323045
2050354732
2050395949
2050433126
2050790629
2051034343
2051225742
2051417351
2051481005
2051536091
2051701641
2051879486
2052466221
2053428367
2053513355
2053561073
2053648058
2054028270
2054064094
2054254703
2054698916
2054895602
2054981710
2055170278
2055272974
2055672207
2055764968
2055786797
2055847383
2056050768
2056145451
2056152474
2056520463
2056696355
2057012578
2057445040
2057842242
2057879021
2058269417
2058316429
2058333771
2058707853
2059184525
2059465271
2059513152
2059578128
2059912530
2059978052
2060192452
2060416656
2060460115
2060708322
2060814750
2061176852
2061200243
2061295061
2061639184
2062185878
2062501199
2062571256
2062976498
2063444315
2063533477
2063595567
2063939120
2064084910
2064214664
2064387839
2064388112
2064627062
2064981891
2065213460
2065704343
2065733617
2065809228
2065868470
2066026032
2066044480
2066662252
2066755743
2067058162
2067329327
2067329710
2067527084
2067545994
2068086748
2068316094
2069012598
2069259021
2069428901
2069464727
2069608643
2069761030
2069804811
2069838869
2070209641
2070295606
2070520251
2071043391
2071097432
2071448931
2071827949
2072109282
2072255399
2072405468
2072486957
2072628581
2072664480
2072665595
2072671615
2072827857
2072950676
2073136680
2073205527
2073261284
2073549537
2074219885
2074583725
2074804542
2075304404
2075313650
2075710734
2075767123
2076192671
2076324285
2076443204
2076482608
2077233945
2078027542
2078310719
2078394256
2078397469
2078950549
2079010403
2079028031
2079355863
2079494058
2079803573
2080065705
2080233805
2080314502
2081142258
2081299927
2081316287
2081326830
2081588562
2081965148
2081993904
2082460926
2082527713
2082582920
2082892390
2082903728
2083137798
2083200364
2083421244
2083507944
2084048922
2084970328
2085116171
2085129835
2085620938
2085817758
2087168567
2087451442
2087565546
2088065070
2088195900
2088217808
2088649599
2088762418
2089021951
2089135524
2089473990
2089541355
2089941347
2090013030
2090394449
2090645717
2090768717
2091084849
2091129210
2091258051
2091443160
2092035943
2092088807
2092123869
2092124178
2092173982
2092301245
2092502098
2093013478
2093581829
2093732536
2093789446
2094358436
2094477627
2094496820
2094645685
2094904355
2095122334
2095185245
2095289914
2095365689
2095473908
2095796686
2095839768
2096017342
2096070220
2096263762
2096683753
2096877253
2096975562
2097370395
2097957529
2098036596
2098360898
2098444303
2098494205
2098576076
2098798646
2098929438
2099429767
2099455487
2100197287
2100400388
2100433871
2100987749
2101548444
2101865553
2102321798
2102338979
2102699644
2102826408
2102827534
2103143759
2103307952
2103390977
2103764013
2103769247
2103811540
2103825052
2103892009
2104474022
2104525341
2104748406
2105095977
2105283133
2105539427
2105717603
2105946055
2106024248
2106503480
2106650122
2106693362
2106700074
2106964579
2107211662
2107629020
2107819183
2107850997
2108444266
2108692268
2108861938
2108977794
2109123163
2109228704
2109494411
2109986436
2110195776
2110343098
2110347008
2110674555
2110860083
2110895997
2110907393
2111443959
2111602314
2111675042
2111881285
2112086953
2112119372
2112393065
2112696575
2112781771
2112970920
2113080048
2113127485
2113166325
2113625695
2114217459
2114438436
2115071278
2115093399
2115130958
2115201743
2115366002
2115436280
2115737910
2115818000
2115836477
2116003799
2116242046
2116680168
2116892736
2116960417
2117044077
2117152514
2117424548
2117519166
2117644008
2117985056
2118100205
2118254221
2118416216
2118462257
2118503982
2118581899
2118731331
2118751131
2118757563
2118909092
2119659762
2120044484
2120214094
2120650210
2120765767
2120953846
2121310339
2121887456
2121975083
2122069832
2122074966
2122126506
2122278451
2122371025
2122404104
2122730433
2122960366
2123032738
2123139562
2123578941
2124163440
2124325636
2125039587
2125185852
2125378495
2125649266
2125657622
2125714176
2125766753
2126280072
2126560030
2126673492
2126731110
2126744304
2126751953
2126766954
2126771009
2127069908
2127352632
2127372770
2127399281
2127561728
2127858699
2128656030
2129473858
2129688693
2129893904
2130003710
2130087905
2130091904
2130141425
2130259176
2130350044
2130414316
2130732026
2130834146
2130946135
2131348973
2131459995
2131646320
2131822373
2131868405
2131878465
2132020667
2132450721
2133059826
2133224486
2133429893
2133846825
2133905819
2133992934
2134263271
2134428363
2134662199
2134908341
2134982252
2135214041
2135906179
2136184012
2136430621
2136754186
2136966370
2137137217
2137182688
2137197192
2137233243
2137549596
2137553048
2137671847
2137750378
2138169043
2138468287
2138483950
2138985099
2139116744
2139125016
2139899166
2139914057
2139932155
2140120643
2140290104
2140304992
2140555426
2140678844
2140727595
2140864914
2141076931
2141279066
2141484670
2141987674
2142200705
2142408617
2142662451
2143201828
2143204076
2143268873
2143651429
2143710741
2143903397
2144087226
2144100918
2144206320
2144318811
2144539920
2144809917
2144869558
2145776434
2146096818
2146351205
2146414770
2146432703
2146454858
2146457650
2146690426
2146731023
2147069507
2147285187

338792
401740
443313
444853
592277
596142
637150
729612
841724
1115622
1125582
1242509
1386939
1455000
1815816
1908171
2055367
2172113
2184550
2226285
2366966
2381522
2390695
2396183
2412626
2634822
2699903
2772294
2774509
2804395
2888993
2911030
3101653
3215112
3378598
3415545
3525929
3584399
3812257
4005907
4026720
4107171
4151826
4367030
4367245
4402117
4563972
4564715
4574955
4586006
4588320
4623997
4667651
4843527
4990365
5073838
5076727
5090852
5114823
5127799
5278777
5297880
5314570
5346311
5371829
5405960
5445862
5472839
5489829
5526397
5628073
6000990
6023647
6059031
6473759
6709065
6784645
6788347
7028466
7272761
7298334
7385511
7819388
7853161
7863755
7909691
7920579
7984112
8186111
8230749
8746492
8765812
9149293
9189008
9248869
9504759
9684385
9869493
9990748
9991311
10031964
10163692
10195137
10375103
10377927
10386297
10473746
10582128
10868092
11003434
11220522
11312849
11356019
11617196
11681437
11753144
11825473
11958369
12283758
12470158
12655169
12773957
12839261
12943028
13049617
13100122
13153995
13289329
13476452
13526340
13539355
13543309
13646528
13795628
13867631
13887273
13896631
13928190
14075078
14369878
14452164
14561883
14639857
14687830
14834555
14943554
15108317
15112902
15167113
15185565
15194765
15238707
15307300
15324228
15330740
15371807
15375078
15453215
15586771
15664980
15766845
15827477
16081735
16301074
16523927
16850129
16874724
17028325
17040982
17044462
17061265
17223978
17230379
17310428
17416309
17448871
17488173
17597232
17637029
17817558
17851656
17852294
18003984
18291860
18315682
18321957
18573232
18647350
18762818
18861568
18887740
18907983
18963220
18963541
19240465
19343551
19344754
19398158
19411977
19492167
19514265
19663020
19710078
19715062
19832899
19865781
19908847
20089798
20314583
20336816
20515223
20934066
21005089
21176004
21187779
21244396
21316382
21395478
21431276
21599467
21738850
21832915
21900185
21952983
22000300
22057621
22136635
22206349
22228246
22235753
22249966
22283893
22348048
22510217
22709313
22739611
22806951
22864535
22922511
23414775
23686453
23799484
23847691
24098943
24123611
24270021
24342717
24485596
24599949
24841723
24925079
25001616
25118026
25187449
25285797
25620122
25627887
25846847
25877792
25981763
26188249
26200839
26321123
26366988
26424654
26535238
26733543
26737149
26751227
26808510
26855270
26905161
26937290
26985537
27042016
27304582
27310260
27404856
27457601
27518565
27676715
27702879
27766544
27848360
27932897
28092140
28196132
28267259
28518397
28833554
28874192
29002171
29113362
29247555
29361494
29500018
29639126
29859390
30043908
30059163
30173834
30220118
30350209
30509866
30558559
30729229
30783743
30856719
30924923
31293623
31304403
31436160
31511120
31605170
31842495
31897493
31912272
31937920
31943621
31953828
31954746
32016476
32102902
32127446
32395834
32451215
32507523
32553817
32730324
32822267
32978233
33103591
33227865
33260954
33567980
33643933
33649442
33759975
33847216
34464325
34565512
34702280
34834279
34868497
34908691
34981974
35351267
35359937
35590014
35902908
36068199
36076405
36317698
36441457
36514463
36666077
36777015
36804717
36858815
37143900
37250027
37295896
37407870
37478763
37575101
37681989
37690591
37760368
37804735
37953962
38315108
38557797
38581934
38758413
38957856
38970776
39004791
39019527
39048903
39214067
39344913
39495838
39784727
40002107
40124811
40329520
40628639
41034484
41106921
41401377
41617370
41702362
42001323
42104455
42188332
42326941
42358377
42420822
42509562
42598442
42720162
42728859
42771954
42925587
42976613
43268799
43276289
43328773
43423429
43458959
43466769
43671364
43854245
44146917
44186455
44381856
44405158
44557268
44609815
44669707
44682549
44698134
44729512
45147425
45164867
45285817
45409828
45506104
45509915
45532142
45827378
45901430
45907994
45939473
45976459
46175997
46218313
46232494
46288168
46540717
46667464
46754531
46875626
47013908
47131939
47158714
47212640
47226436
47441338
47501504
47632103
47659694
47798200
48152361
48175981
48241611
48480236
48604284
48609301
48697868
49022359
49063907
49081063
49081840
49096757
49108609
49567597
49622149
49721268
49759168
49842388
50080449
50272385
50322186
50393715
50585689
50631807
50713968
50779485
50849054
50903746
50962373
51124374
51359989
51442222
51474347
51724600
51818773
51851243
52285900
52311733
52415289
52598864
52686923
52702371
52753673
52832850
52942107
53038162
53200806
53330944
53395574
53945139
53967193
53977911
54146093
54311746
54394343
54500574
54666544
54871926
55100616
55123060
55321237
55423807
55514452
55571023
55753318
55986655
56030541
56161032
56266071
56383616
56515357
56523298
56584957
56667031
56918601
56954240
56958820
56988436
57224037
57367639
57422181
57458902
57499724
57539865
57557690
57574325
57586092
57703100
58059653
58301982
58495518
58588948
58678812
58856959
58948657
59021503
59103617
59171321
59266624
59289586
59366836
59406221
59559351
59618884
59682458
59849234
59881564
59951052
60028722
60035445
60108393
60155120
60181728
60202553
60235825
60290919
60416492
60583713
60599195
60685874
60879494
61340641
61370560
61618030
61939919
62067219
62157474
62190723
62376458
62387844
62396341
62457602
62531913
62942355
62989249
63038101
63212534
63315065
63347370
63764837
63812700
63828379
63857366
64017052
64134304
64138287
64209114
64290161
64346684
64349897
64577055
64625650
64630949
64747837
64843723
64951427
65194229
65209176
65290537
65442941
65460767
65467407
65484281
65490574
65566576
65653639
65680396
65695185
65704726
65855752
65888467
65899683
66173254
66228138
66511263
66549631
66560864
66563958
66732217
66737235
66782246
66828734
66966977
66981148
67026659
67035400
67151784
67343071
67468397
67592553
67623308
67664674
67758282
67789682
67833319
67864671
68679940
68683246
68792134
69052910
69166467
69291445
69295555
69319241
69395123
69608585
69784357
69802752
69830033
69865817
69922929
69965165
69982165
69982763
69984273
70085734
70164008
70165042
70196558
70206043
70224480
70238804
70267566
70305337
70327294
70525652
70551547
70572122
70791438
70808430
70944956
70959350
71273123
71327137
71570373
71638004
72099604
72348389
72494959
72576553
72672211
72768792
72803117
72872392
72969447
72972810
73283380
73299063
73513334
73665561
73951012
73959935
74043904
74061022
74064146
74135002
74251127
74252442
74304934
74595687
74813649
74902297
74934197
75004507
75137654
75151668
75283164
75304715
75342824
75398025
75590229
75813647
75989119
76082272
76333240
76438533
76452673
76510070
76526568
76540452
76604564
76617543
76691551
76812450
77030335
77185490
77188221
77229151
77307525
77379774
77405414
77469997
77498034
77726063
77848012
77907190
78174309
78284367
78396226
78449559
78556383
78563618
78782296
78891948
79128663
79183225
79203462
79242840
79325505
79556133
79577146
79966240
79987120
80284154
80380908
80598948
80646919
80760139
80817464
81062728
81115318
81134143
81159079
81197586
81510706
81695011
81705002
81732491
82108864
82114326
82204657
82285345
82542649
82568453
82672505
82827862
82865466
82976029
83125847
83247501
83330978
83546183
83628334
83640041
83641657
83658559
83821014
83915279
84093673
84130009
84413007
84453633
84590489
84782850
84883550
85210660
85329857
85667969
85674116
85739144
85743604
85758028
85808414
85835120
85853026
85853109
85997586
86074588
86125546
86238572
86293293
86396521
86528875
86714881
86896924
87107868
87135243
87229131
87243280
87265738
87273249
87339691
87502711
87534453
87550138
87595975
87622704
87673632
87833008
87980271
88053070
88192086
88306990
88332374
88452759
88458258
88558015
88564446
88644794
88782039
88809246
89024930
89062508
89200199
89293118
89327297
89596175
89670875
89729807
89797117
89801794
89842607
90016829
90059169
90169571
90212021
90474124
90515887
90542908
90546004
90569525
90614394
90624983
90674074
90739048
91237669
91535148
91668675
91678653
91711138
91887661
92044201
92098906
92160894
92174598
92225898
92259198
92338081
92377748
92413529
92519857
92624195
92635008
92969418
92989532
93114776
93391905
93419766
93494618
93701707
93755568
93766457
93775554
93849282
93884087
93908703
94445152
94525122
94544330
94572737
94656559
94752045
95181474
95338852
95686855
95823524
95936276
95936646
96301121
96795687
96847181
96858621
96898018
97210246
97257475
97505526
97519675
97594643
97645688
97703936
97789010
97900460
98161156
98419447
98493648
98656154
98926227
99031845
99125895
99146814
99213975
99256460
99319241
99487213
99674896
99920034
100092527
100292327
100341829
100450196
100539369
100543797
100563716
100606079
100646617
100682293
100711209
100738347
100749875
100804790
100895724
100977822
101047653
101107861
101128019
101131837
101192494
101275606
101423532
101426097
101438726
101456108
101503247
101584932
101588283
101590491
101667384
101742443
101799688
101841973
102061831
102081466
102172355
102195503
102227359
102285725
102291772
102449455
102460881
102500975
102517614
102554101
102630341
102694487
102830319
102892890
103146934
103206895
103337173
103392836
103589836
103665567
103695266
103798142
103834562
103851935
103951746
103957999
104199343
104201653
104249099
104269662
104660878
104744623
104836430
104883811
104933471
104999644
105016825
105120191
105323338
105340682
105581584
105810032
106022968
106189995
106204735
106217974
106228452
106401209
106436343
106549367
106681826
106811457
107098014
107115125
107365025
107583658
107674056
107717323
107847047
107999575
108073544
108193861
108261205
108380140
108535847
108649482
108651770
108849292
108898528
108898984
109120861
109534641
109573099
109589289
109757509
109813682
109818167
109890324
109987901
110027358
110058065
110102314
110104314
110238721
110468360
110472553
110581405
110636013
110736259
110804282
110969239
111056210
111112328
111121317
111161978
111469973
111495498
111703533
111775452
111775613
111794771
112166905
112238483
112456927
112757174
112784904
112801458
113033458
113203677
113343436
113428892
113445863
113451877
113468149
113553282
113573552
113578254
113706184
113838216
113876860
113998850
114116255
114171719
114251175
114280749
114329767
114577552
114644327
114675568
114753027
114793341
114900103
114978835
115054827
115069274
115380670
115431775
115491678
115516743
115554156
115780266
115789560
115791731
115862857
115982945
116067616
116188660
116348483
116354188
116375323
116382141
116485620
116561254
116754534
117121109
117147652
117215280
117595276
117671678
117673876
117709380
117817853
117944821
118166342
118183664
118256741
118451800
118562708
118576737
118645829
118653030
118855579
118877672
118952912
118988410
119052191
119341067
119632053
119718493
119731614
119845142
119863667
119898337
120047358
120053740
120198744
120365876
120367515
120384357
120430410
120511990
120520167
120830996
120887568
120940615
121043904
121099757
121112620
121202322
121334274
121355766
121385719
121399008
121457771
121663332
121727558
121728354
121778023
122015699
122020435
122029397
122287404
122754794
122806564
123353438
123393088
123567642
123587098
123912249
123967317
124014221
124042373
124110193
124139121
124336170
124406394
124981662
125009972
125070410
125085966
125088628
125178587
125181140
125229245
125231633
125255506
125255982
125284255
125333977
125334823
125464834
125478736
125653325
125698156
125746503
125975344
125991269
126138736
126278678
126282116
126305366
126439786
126491257
126568040
126708205
126739191
127084184
127191803
127215991
127406806
127433743
127445082
127462209
127495885
127591603
127626366
127734076
127734157
128004092
128007155
128178925
128236803
128279279
128371649
128392490
128443704
128545567
128611497
128640754
128643345
128668742
128880174
129006836
129124296
129224643
129232622
129421304
129618139
129690371
129992993
130021973
130075344
130173478
130219638
130229966
130440171
130479657
130718677
130746688
130978453
131048938
131067766
131163270
131225291
131502903
131566503
131575375
131763459
131918826
131935616
131964195
132007328
132176204
132189444
132512342
132519895
132631331
132699824
132707153
132737655
132775782
132884807
132915865
133142147
133244113
133246614
133339337
133757057
134117756
134387513
134743270
134745485
134821520
135022293
135268243
135345179
135379155
135427588
135450725
135518466
135794987
136164144
136310942
136418293
136470188
136635197
136737116
136861394
136943368
136965047
136983607
136985964
137059259
137144154
137192076
137306122
137451260
137568182
137624298
137819081
137868419
137884736
137907487
137937628
137952397
137974282
138022786
138024822
138323274
138406282
138595968
138832359
138856689
138979061
139071580
139116952
139119296
139139376
139396334
139473999
139526791
139636897
139710823
139759446
139766310
140009686
140032000
140088696
140437687
140483565
140552873
140564057
140624415
140689853
140752691
140950514
140984506
141047918
141070324
141132825
141260547
141274245
141339768
141447790
141497354
141518470
141535931
141554767
141567066
141738315
141752135
141800212
141914720
142025386
142234116
142272330
142288405
142305185
142326254
142548849
142566980
142628757
143336817
143375272
143423214
143616734
143652647
143914448
144177870
144375487
144494825
144682450
144701021
144773016
144834294
144960060
144972235
144973386
144977421
145014169
145040658
145092756
145133963
145193715
145622071
145644864
145647632
145698628
145820414
145994510
146020820
146205396
146248254
146375065
146431948
146514770
146589882
146621801
146768341
146793291
146913203
146921407
146989180
147113738
147138739
147170652
147258351
147442489
147552211
147648882
147970361
147984678
148062766
148074604
148123631
148197231
148223184
148305113
148754716
148759683
149029269
149101552
149110295
149172172
149173468
149349247
149386630
149502199
149514815
149618846
149631734
150167293
150291851
150312151
150351547
150581810
150959436
151794101
151847420
151862173
152106299
152248839
152286772
152289853
152305890
152352571
152845364
152969470
153030838
153145285
153247122
153327342
153544263
153551743
153592399
153770624
153844458
153848631
153893261
153963635
154072231
154249423
154310841
154383688
154549924
154591171
154594457
154604283
154605761
154681075
154698267
154741620
154864732
154874451
154878086
154918252
155094473
155184924
155232211
155396279
155411184
155422667
155460643
155633307
155749095
155767658
155824145
155866389
155897645
156036023
156095351
156224302
156484066
156491588
156613352
156662889
156723496
156772628
156916381
157057252
157062106
157196112
157202701
157223381
157358518
157434190
157444022
157487638
157625602
157627241
157766294
157961207
157976351
157981899
158017452
158346798
158677895
158697756
158775461
158837769
158894390
158964233
159243392
159378247
159617991
159674329
159799293
159872828
159921444
159958112
160002727
160071125
160072879
160138055
160449991
160949020
161094580
161137149
161187075
161197708
161310164
161399782
161410819
161452594
161504153
161506114
161883475
162045821
162121803
162134082
162202115
162547151
162654615
162669944
162694462
162859865
162957702
163069004
163467292
163557195
163560937
163630229
163631559
163660452
163674339
163812303
164021804
164094277
164236940
164262961
164266793
164361119
164430197
164449251
164530289
164604808
164610357
164653752
164682713
164784004
165190263
165213842
165253376
165281653
165282315
165345642
165449005
165471737
165501105
165565300
165611875
165708902
165949342
165990154
166136050
166192504
166269207
166345245
166409527
166495312
166495562
166525670
166573356
166636809
167010994
167060436
167089693
167108467
167423521
167669842
167969827
168000250
168130169
168224742
168237216
168376907
168385217
168387270
168562172
168676865
168708914
168879468
168929370
168934212
168990682
169477272
169551689
169867608
170050068
170326055
170729735
170768352
171014727
171054440
171200366
171285186
171316970
171699549
171740260
171781986
171827726
171943667
171979859
172017968
172024795
172034840
172050091
172186203
172197947
172478866
172544358
172668794
172711281
172741130
172782124
173063728
173167917
173449289
173508048
173723921
173789364
173792949
173923365
174161402
174335817
174339579
174409774
174422398
174574201
174736368
175040455
175137884
175216140
175364951
175373546
175442864
175629448
175668653
175809343
175897258
176132802
176212440
176304694
176328248
176331152
176335308
176407642
176647044
176735842
176999732
177029540
177064710
177075446
177742507
177826437
177934695
178034525
178209280
178236755
178253816
178293855
178415390
178683631
178685165
178799034
178883526
178952936
179618718
179703710
179712143
179875689
179953554
179980147
180024364
180036290
180179992
180199599
180366034
180519344
180670069
180681597
180830049
180911630
181013265
181267191
181299814
181351638
181565876
181589692
181605332
181882872
181938273
182099321
182131951
182224364
182255631
182256553
182365964
182367841
182392786
182524354
182705302
182769144
182776521
183477125
183515113
183529078
183555549
183573021
183696951
183730193
183762842
183901415
183934743
183938049
183941968
183948061
184121396
184148993
184155856
184266521
184333292
184364414
184367624
184385439
184589473
184672445
184732837
184814817
185092109
185244262
185284697
185298451
185463422
185765334
185798681
185956867
186107657
186203721
186251288
186261896
186274710
186341702
186367881
186657007
186660811
186756189
187040676
187083362
187242172
187252516
187580900
187668074
187669255
187721708
187725337
187768377
187946313
187986692
188061220
188315844
188361375
188390734
188699492
188777592
189249670
189599999
189615101
189622351
189633981
189683281
189897359
190015663
190084989
190108640
190254062
190406965
190443753
190476456
190738694
190751755
190973084
191149663
191371990
191393345
191489970
191648142
191786387
191937160
192098693
192106545
192198067
192339163
192364447
192504272
192572898
192649529
192653221
192764841
192859023
192868683
192920808
192980966
193186743
193214602
193391411
193584556
193712865
193763208
193928700
193946655
194023902
194051494
194096604
194134047
194220322
194242018
194390055
194706793
194825560
194864024
194962754
195124418
195136392
195172335
195400358
195513602
195625823
195644899
195649798
195689648
195783336
195912488
195997631
196069740
196153543
196199009
196232367
196649966
197350141
197658913
197714107
197832585
197914469
198110543
198282362
198297146
198696032
198732412
198933310
199254445
199289781
199364026
199479823
199568314
199809589
199947273
200121136
200216442
200260390
200705564
200717834
200723719
200735117
200820958
200916295
200970464
201070746
201141162
201299800
201496413
201562126
201580314
201585758
201638388
201760436
201800470
202065031
202213957
202473012
202621236
203043111
203076171
203147380
203173914
203410198
203514485
203523938
203572991
203603042
203983757
204051325
204196762
204209948
204431388
204462313
204608320
204766447
204854817
204908407
204994122
205186915
205485942
205553259
205565984
205613807
205661786
206033707
206096484
206465417
206480606
206675229
206683966
206738649
206764424
206821195
206930444
206996675
207071939
207159898
207192150
207381561
207407713
207419939
207463486
207539207
207642412
207917791
207957287
208057019
208136780
208208457
208431382
208499293
208509851
208759200
208914089
208990383
209154011
209551314
209688086
209728476
209731815
209774810
210232411
210308621
210314599
210356757
210500705
210534621
210930376
211289616
211293977
211427703
211474391
211475723
211591877
211651450
211685115
211688667
211714710
211736581
211878339
212007281
212010702
212157956
212239369
212408359
212408494
212448410
212612771
212707666
212895224
212950598
213027950
213082198
213283754
213300970
213465597
213598654
213600444
213652685
213732597
213809783
213822687
213850781
214060082
214190022
214193420
214212457
214381105
214611891
214724252
215071712
215209361
215223317
215232713
215260825
215269650
215313110
215322674
215357831
215518696
215559101
215577838
215697609
215719162
215815050
215826323
215925802
215976796
216060071
216262833
216345416
216365750
216393417
216420659
216614804
216789941
217087742
217320238
217377009
217403946
217792156
217881758
218109541
218224201
218242989
218343971
218435997
218729952
218778340
218903310
219005213
219016811
219225651
219381996
219632897
219808618
219928487
219955700
220043240
220053081
220204897
220231125
220271415
220466501
220528252
220536404
220562424
220610783
220627364
220917487
220979634
221173255
221283690
221474323
221515972
221707579
221743985
221942398
221990881
222268943
222307559
222376583
222529867
222540256
222714809
222993264
222994241
223047349
223146622
223150718
223335994
223565434
223748710
223857535
224045134
224047099
224087668
224158115
224717793
224795653
224920207
225154728
225230687
225314611
225443201
225444258
225647106
225991846
226035712
226130029
226148531
226326170
226347481
226380524
226392617
226416034
226423167
226444383
226656527
226802425
226968214
227163757
227184720
227346180
227355065
227468406
227517591
227727073
227755800
227765886
227871382
228094299
228111338
228122009
228359321
228385938
228398340
228571519
228614329
228641948
228672763
228998413
229007315
229101091
229227585
229270769
229340030
229564227
229731478
229757631
229820473
229898194
230257190
230580380
230619393
230708115
230730377
230773443
230837652
230900468
230919996
231077564
231096714
231139633
231256417
231353335
231544570
231677450
231759581
231768637
231868237
231904543
231948319
232093656
232210134
232241696
232267109
232331084
232376274
232387241
232422228
232439786
232551411
232579390
232612947
232678738
232696180
232748108
232751229
232789317
232811426
232995809
233186965
233195095
233326582
233424847
233483521
233534906
233586733
233676186
233736347
233976474
234081771
234102343
234102519
234107505
234204220
234357279
234440907
234905034
234950880
235430783
235613162
235670839
235723626
235738589
235836301
236001494
236024467
236096927
236212145
236410698
236490057
236621293
236702669
236809578
236941510
237058310
237320847
237369427
237575343
237651042
237812305
237825314
237971296
238019277
238262028
238263588
238273641
238372189
238560136
238569854
238823083
238866500
238899819
238919077
239003693
239132351
239150673
239320405
239499502
239762100
239798977
239856713
239893246
239895028
239903747
240211940
240269922
240380895
240452118
240855233
241113501
241215547
241373674
241454056
241612856
241670175
241737712
241743755
241758141
241799138
241839299
241969372
242044695
242178477
242207163
242419851
242556063
242621844
242703292
242782895
242829930
242862869
242930323
242950304
242987909
243064993
243099518
243154885
243184347
243529153
243641299
243646368
243662806
243871648
244033497
244130812
244158987
244311635
244331543
244497071
244506016
244527089
244787924
244861244
244871925
244973868
245325748
245352821
245356482
245507679
245559138
245600707
245641717
245670948
245808277
246140396
246142931
246242424
246269653
246270844
246335785
246338175
246385839
246514782
246769285
246978158
247066177
247185795
247210054
247253366
247298750
247513884
247596543
247657718
247863046
247927470
248136111
248467681
248564357
248601215
248687015
248736209
248756017
248771962
248902324
249001014
249086244
249261097
249267525
249283628
249701617
249816440
250071341
250221642
250226420
250233858
250386275
250428376
250535820
250621394
250634198
250692582
250698333
250812940
250945696
251020090
251020144
251104556
251121596
251127177
251199199
251239707
251384411
251576927
251579215
251677356
252040751
252105161
252359860
252540965
252619738
252995432
253196033
253209543
253334887
253382344
253449971
253503868
253586116
253790019
253895018
253901268
253973300
254190930
254221128
254253322
254620672
254735732
254765565
254855020
254942564
255041248
255051394
255184376
255289678
255468549
255505047
255535444
255606126
255742249
256061437
256070982
256111028
256194389
256285952
256427086
256531659
256559063
256604794
256620220
256719425
256757920
256761397
256818872
256891007
257274064
257323288
257342613
257372584
257494575
257506441
257655476
258048343
258099272
258384010
258426770
258539966
258625534
258706027
258947953
259149935
259183955
259238263
259328191
259479013
259598132
259626787
259631585
259645376
259866727
259922120
259957094
260035690
260050259
260279219
260300586
260314172
260574303
260778774
260797564
260924038
260945082
260988068
261195503
261250293
261314085
261432754
261463019
261466628
261545302
261658809
261722888
261725999
261727242
261822907
262067740
262222114
262400330
262700822
262767063
262872009
262894955
262993406
263253555
263285957
263463491
263550429
263605246
263770974
263817858
264177007
264210362
264288107
264380853
264677777
264701152
264880296
264976415
265028906
265075074
265263198
265288104
265474073
265710293
265770337
266104498
266113487
266262072
266313023
266370781
266471097
266500446
266524864
266646844
266981302
267009028
267053571
267148409
267154923
267200075
267565145
267589310
267599604
267659028
268019011
268604687
268666495
268754195
268963325
269003096
269006407
269096560
269296698
269369904
269502814
269573267
269728645
269758180
270283933
270742022
270786279
270973758
271157445
271176884
271258096
271402793
271419546
271440843
271446635
271567218
271671060
271677327
271705393
271834603
271971565
272004076
272133252
272214625
272375320
272509265
272750654
272760034
272793787
272823799
272849347
272871458
273156607
273269730
273548271
273605337
273615766
273656015
273781906
273797969
273852055
274021442
274023582
274141758
274463021
274500864
274668379
274816374
275114738
275236509
275330573
275361817
275607729
275867783
276035760
276073158
276237740
276313788
276817488
276921788
277040211
277148419
277208829
277268603
277317511
277318327
277401817
277501699
277533903
277545055
277747999
277789656
277844944
277922197
277929058
277960253
277962729
278136381
278189766
278287835
278316667
278390911
278487379
278711203
278828328
278844680
278892163
278892837
278964183
279041995
279168413
279245958
279300295
279909416
279926124
279986333
280007255
280041801
280093296
280113050
280113134
280128244
280134369
280186640
280315897
280449006
280650162
280682939
280699695
280771632
280826157
280852338
280965123
281021438
281083152
281296562
281335193
281565650
281580925
281655524
281708822
281740736
281796731
281853264
281919284
281926696
281927100
282002387
282098986
282581983
282636148
282667091
283109458
283215693
283458976
283571913
283829049
284012390
284457238
284474759
284520924
284534965
284743864
284764432
284811025
284819661
284988254
284992383
285064952
285317758
285367902
285452124
285632378
285639809
285722087
285811238
285836729
285973126
286589010
286632755
286754320
286769188
287110968
287151476
287454596
287560930
287578573
287708940
287757515
287760055
287771320
287915946
288140793
288171156
288222803
288233735
288250577
288270294
288368545
288663697
288679017
288705845
289092979
289304711
289390761
289804749
289812283
289945325
289984276
290024149
290034052
290192773
290209852
290486558
290554631
290620185
290704260
291021902
291043250
291143062
291201888
291251161
291387807
291567229
291602317
291694706
291714707
291788243
291821077
291974436
292110238
292114815
292193800
292337261
292387712
292416691
292602852
292631960
292646352
292689758
292948206
292985442
293023984
293130878
293164774
293409626
293421408
293594218
293902839
294041316
294082741
294100065
294145447
294212593
294246152
294367279
294684509
294690594
294694157
294721582
294732500
294743630
294785634
294793775
295190211
295266285
295328198
295338691
295461205
295466071
295922483
295999473
296476551
296554345
296578226
296825538
296856167
296947886
297072087
297105594
297279013
297279334
297296029
297365603
297397214
297457495
297567273
297597500
297768357
297780499
297854145
298035467
298079315
298113581
298284525
298373841
298602299
298614954
298700190
298704722
298746480
298830534
298895213
298924598
298945097
299051867
299123045
299188334
299877606
299894546
299912132
299976613
299994068
300080828
300186495
300241418
300367716
300396368
300438509
300538378
300547506
300635778
300667803
300703073
300823559
301027319
301166529
301595824
301768480
301924567
302011406
302039037
302809064
302865200
302875675
302878662
302980276
303291028
303325520
303439894
303543981
303630160
303641580
303663867
303692008
303741986
303775617
303789688
303919750
303932573
304113714
304399661
304432106
304686395
304704924
304833784
304937786
305000781
305080596
305096647
305330728
305356106
305364698
305489613
305491876
305559959
305651474
305765389
305839871
305882518
306106044
306195841
306278366
306302388
306579617
306766892
306848790
307007243
307051279
307098614
307369292
307398438
307539029
307595098
307703720
307801073
308121241
308297144
308331825
308405211
308652980
309035233
309327482
309394661
309564744
309579699
309593239
309746293
309763537
310034949
310157282
310184818
310302089
310435541
310466153
310511034
310744976
310814349
310838287
310866413
310867948
311125676
311197712
311496315
311597746
311776044
311834869
311956095
312325175
312460337
312586519
312617075
312712147
312805642
312860898
312874132
312985394
313132074
313147328
313305256
313421297
313495549
313798902
313840341
313848997
313852842
314139615
314149427
314486817
314694156
314745202
314840657
314958225
315146874
315176234
315268236
315283667
315299778
315413064
315605114
315607416
315619573
315659586
315675823
315986696
316029897
316215628
316270526
316633855
316911596
317020718
317209000
317234466
317273294
317274294
317634647
317845411
317862478
317905999
317940938
318052323
318122385
318263559
318331921
318516775
318529627
318689571
319016030
319069741
319218338
319229082
319306558
319327343
319438546
319531802
319733066
319862990
319957604
320166914
320282561
320314979
320384646
320456022
320579045
320664197
320883545
320935867
320952663
321109575
321112489
321149096
321213643
321333326
321398204
321492228
321529498
321582670
321629499
321665877
321768687
322092525
322175473
322244526
322252320
322413730
322420009
322445891
322573398
322764392
322772076
322791081
322862193
323024873
323084069
323180328
323215713
323235734
323369287
323505379
323531008
323638301
323644554
323879115
324221736
324321138
324321901
324363201
324675940
324734313
324868136
324963060
325040069
325125675
325251956
325391679
325487346
325504944
325595551
325681840
325918253
326016175
326367184
326422441
326574008
326602102
326731521
326870544
327058841
327063702
327070821
327076399
327113062
327153373
327157274
327701686
327786468
327793073
328112737
328261860
328315671
328369146
328513493
328596602
328674276
328736488
328760623
328775809
328975905
328979847
329118383
329219626
329281544
329519135
329550987
329780053
329942879
330075124
330238390
330292559
330345967
330639373
330666452
330767873
330802931
331026720
331029448
331115079
331157358
331306508
331544759
331585922
331741697
332107638
332198052
332269053
332357872
332379737
332424233
332436265
332591764
332659762
332692493
332707067
332847418
332967205
333049755
333076322
333117289
333128299
333183274
333205126
333206322
333236240
333323850
333555321
333788857
333806658
333930942
333953744
334052499
334233749
334339052
334362501
334377195
334414006
334573474
334642492
334825509
334832825
335205084
335252727
335299693
335596735
335600626
336067209
336192336
336619744
336634776
336810246
336908299
337046545
337106256
337244152
337278919
337284902
337398236
337508744
337586688
337631589
337790366
337810480
337829625
337844399
337866379
338031489
338055718
338128446
338328685
338368713
338394703
338411845
338470428
338805463
338923455
339005107
339051373
339113073
339401415
339418211
339616837
339628248
339628715
339638760
340070217
340109180
340243509
340331846
340417093
340461486
340474693
340483690
340731474
340768802
340797953
340800290
340903790
340944942
341129499
341200895
341241327
341288026
341481770
341583554
341884741
341890391
341969131
342092056
342095057
342158432
342340576
342497395
342509331
342541624
342543716
342729409
342740391
342741836
343282181
343387543
343768068
343956432
344105668
344146103
344202390
344261935
344297630
344329468
344446442
344514341
344581481
344840122
344856388
345002791
345044046
345295200
345371845
345720652
345837718
345850426
345949753
346059878
346091979
346173175
346246259
346308958
346332699
346446108
346524654
346831503
346928428
347052406
347087352
347094376
347128904
347200511
347513015
347530154
347605222
347782420
347972085
348061976
348154483
348576845
348618989
348619849
348674636
348692397
348695124
348783682
348832394
348865521
348877285
349109480
349153024
349175303
349254531
349280599
349296209
349322096
349590411
349635019
349724843
349766539
349788243
349820647
349980405
350012536
350039055
350133044
350157252
350392469
350492889
350594355
350616126
350636359
350644199
350727340
350798747
350966639
350967004
351315234
351478104
352183400
352214558
352424713
352624568
352706870
352798841
352858563
352865563
352922585
353028735
353332280
353391250
353465887
353554909
353688138
353699640
353871241
353938477
353992230
354202796
354284131
354660780
354718203
354751844
354754164
354769326
354776982
354826133
354910707
354993340
355061218
355115895
355152708
355152848
355756847
355830839
355891810
355931517
355956990
356230580
356387760
356496083
356556504
356577787
356657478
356811243
356951182
356951633
356976073
357036569
357150128
357336551
357584189
357666418
357681517
357779555
357790482
357864015
357936052
358091842
358225572
358337967
358363090
358432227
358451804
358494855
358547623
358649988
358812780
358817839
358964373
358993115
359068078
359140953
359164239
359270807
359399717
359510534
359651946
359989010
360008955
360039961
360101430
360142351
360197274
360260712
360319692
360333923
360530688
360803026
360906911
361066777
361180233
361226979
361240066
361274712
361644366
361679632
361883463
362064456
362079929
362277417
362286809
362289595
362385313
362386569
362443357
362446582
362488340
362541550
362554345
362569803
362593268
362637429
362655895
362956400
362981634
363003413
363037907
363089916
363154125
363492727
363615617
363757356
363853688
363974599
364239018
364354035
364502216
364625834
364768195
364855375
364947036
364986759
364989498
365031724
365060052
365070518
365146951
365199056
365258101
365271877
365370353
365420777
365991262
366230459
366472556
366565377
366849641
366886908
367040112
367108976
367275273
367373568
367383075
367400315
367410326
367442291
367497546
367616956
367749730
367842789
367936809
368017479
368037497
368069714
368108506
368249352
368286850
368354401
368434339
368530619
368690238
368819824
368861916
368970443
368979296
369088322
369117807
369213667
369234665
369607942
369835992
369873199
369996802
370154481
370292625
370318524
370519374
370550468
370586376
370605199
370809205
370895747
370995529
371171476
371217313
371240490
371326958
371342572
371368127
371380319
371393304
371420420
371458728
371718672
371829149
371836847
371879667
372004214
372095247
372246962
372314378
372532997
372796643
372993210
373019948
373085493
373147430
373427080
373583521
373649459
373686228
373745918
373793609
374289913
374544269
374562704
374723240
374792923
374837659
375451783
375521040
375851349
375901642
376156708
376198969
376373756
376394136
376423318
376500738
376745581
377019804
377025531
377094534
377286541
377609803
377611219
377614908
377746456
377905782
378127780
378169081
378220611
378224912
378437646
378462224
378482904
378618503
378763444
378810194
379091072
379144367
379174864
379296206
379416547
379450015
379488501
379594863
379764846
379793635
379850086
379929250
380008664
380358313
380567194
380581465
380750838
380839024
380963073
381026372
381031823
381128316
381331682
381434851
381515529
382128985
382184706
382229212
382287243
382291005
382433879
382657234
382684065
382854101
382879181
382897154
383055504
383421929
383660073
383719491
383737036
384058881
384069640
384176842
384287368
384352054
384362718
384409402
384414092
384532170
384717858
384739082
384788518
384850523
384890907
384952266
384957020
385030179
385071426
385120539
385142083
385267675
385268913
385387904
385417619
385842717
385958107
385980925
386198942
386199320
386201518
386207625
386367838
386428584
387523975
387555206
387882123
387896798
388016616
388069159
388098539
388125525
388183551
388215675
388477557
388488354
388494087
388524908
388597618
388712783
388729152
388950414
388986830
388988924
389109870
389236385
389321318
389692414
389706413
389840769
389984559
390190912
390214235
390791612
391188980
391404179
391515010
391516324
391632022
391729218
391854816
392114877
392253341
392271066
392307920
392419920
392547861
392578985
393376707
393569148
393977131
394005926
394022017
394037040
394055815
394405194
394550740
394663147
394711386
394730655
394820716
394829942
394918875
395114584
395191925
395432399
395627470
395841742
396318954
396405326
396591843
396669543
396704976
396773822
397051323
397129332
397149766
397212845
397291723
397310163
397319106
397453564
397660407
397957514
398188662
398366737
398420523
398456136
398524113
398628802
398670174
398733947
398753636
398913287
399081711
399193631
399590053
399718715
399856575
400040861
400043351
400069254
400091812
400219498
400292153
400315554
400542716
400570724
400588834
400781717
400957248
401081614
401295455
401359340
401500680
401546603
401548448
401728060
402056083
402459365
402466598
402607736
402988016
403112896
403247823
403251098
403513050
403540185
403568436
403685432
403691057
403823176
403832201
403969512
404422882
404448652
404461060
404560178
404751988
404754391
404852857
405025112
405070803
405146401
405196906
405407931
405419952
405492903
405499623
405543620
405566439
405586123
405849174
405955136
405962679
406065451
406106287
406167307
406326172
406353936
406373272
406377619
406466344
406954192
407028265
407045997
407262549
407556930
407643890
407726424
407736788
407987791
408074525
408268341
408303110
408355425
408384603
408617958
408725333
408947351
408958956
409013994
409124229
409371215
409427860
409480336
409569599
409731085
410334061
410432198
410526355
410650194
410666492
410715395
410736064
410759706
410777170
410860211
410970717
411348359
411562380
411699362
411755344
411810777
412003751
412158100
412282192
412356579
412387783
412393204
412504521
412626973
412664374
412702429
412712967
412761520
413061730
413070163
413194854
413527417
414031383
414430992
414460442
414660695
414817145
414874109
414983098
415050139
415377070
415688632
416034220
416093397
416184461
416203324
416236051
416261759
416269265
416367260
416406623
416477622
416503753
416643583
417130122
417153597
417379573
417398325
417478375
417577515
417683629
417696408
417767705
417807520
417847700
417852139
418111742
418236723
418417465
418429831
418469476
418523451
418595278
418653532
419110041
419217322
419226725
419245625
419341878
419520905
419804737
419845098
419905574
419956831
420014858
420028511
420194580
420220220
420239511
420258661
420367683
420395598
420570444
420601108
420674959
420750002
420899649
420916350
421086132
421170773
421312929
421391932
421555816
421680101
421933861
421969043
422273866
422301530
422416881
422493705
422499956
422659554
422786710
422856258
422929783
423073313
423174063
423258826
423538492
423755464
423788672
423842900
423951649
424070488
424127113
424225738
424259391
424353743
424565302
424836229
424936523
425215285
425271898
425297841
425408977
425470303
425519193
425691082
425767433
425836904
426047965
426078663
426185606
426230068
426262135
426378917
426461541
426675267
426791154
426870842
427000077
427091920
427500521
427592341
427702184
427705130
427706753
427732155
427978640
428089208
428138876
428180714
428200570
428206786
428348415
428436449
428455982
428556719
428621249
428642730
428871171
429144784
429146877
429177066
429187680
429259562
429389434
429412693
429621717
429709853
429855200
429945055
430410882
430419374
430485986
430558982
430571989
430699608
430701658
430767625
431165712
431228112
431473273
431805415
431968484
432072251
432260851
432312684
432471341
432973970
432982652
433054615
433085282
433296836
433655823
433666055
433770850
433978774
434109024
434119887
434220221
434367419
434415373
434449526
434515496
434628865
434662128
434694330
434728421
434923840
435258753
435308094
435412194
435545699
435608483
435800064
435885446
436008867
436066707
436086428
436121429
436173128
436175827
436435861
436534401
436542871
436546471
436615414
436696630
436707332
437126434
437285247
437427433
437445756
437552864
437959458
438046462
438107940
438500276
438514356
438701711
438728404
438856444
438864061
438896932
439053642
439376332
439402196
439686570
439721582
439762927
439848952
439862507
440109760
440249356
440358705
440534954
440557618
440854007
441289612
441300969
441326611
441357892
441674800
441679084
441807097
441878162
441903128
442108330
442115400
442142267
442224092
442233324
442252965
442397341
442593751
442683549
442715110
442763760
442989329
443005587
443354648
443394806
443695367
443714893
443887959
443894908
443899837
444058046
444149273
444213271
444220479
444343068
444373106
444407793
444408207
444595006
444839445
444969972
445019006
445097539
445108539
445217715
445435713
445563341
445791181
445834886
445885295
445924543
446033600
446095926
446261516
446365302
446463354
446467501
446540031
446541308
446718091
446748808
446818188
447085395
447133860
447140889
447200934
447221307
447334006
447376363
447405297
447759963
447788549
447796005
447813503
447821976
447842314
447994273
448121836
448309677
448522818
448588469
448616076
448635199
448708129
448737293
448836263
448839103
448909934
449166594
449260235
449490747
449546704
449797662
449811375
449980707
449986891
450063982
450066226
450158345
450414265
450453086
450489707
450636454
450789716
450835071
450881007
450909660
450938275
450956705
450958891
451056099
451153080
451168410
451208373
451250024
451399433
451538220
451690301
451794567
452001931
452309522
452501010
452583074
452612928
452757515
452774282
452795176
452892621
452927372
453302960
453385362
453553609
453571908
453648454
453692348
453896929
454087605
454495919
454554726
454604890
454622131
454677513
454790059
454795231
454950738
454966400
455016754
455158289
455236256
455251690
455257050
455280018
455429668
455465284
455465718
455533435
455554991
455796448
456228346
456240509
456244453
456304291
456325811
456599829
456670551
456810883
456876678
457200288
457227409
457290432
457331675
457394817
457488537
457490428
457506981
457639319
457734627
457879840
457997748
458046542
458109802
458305219
458390942
458401220
458670173
458739508
459199434
459220800
459417483
459428573
459547382
459559229
459735445
459739264
459777807
459835500
459989444
460053063
460150961
460189608
460400071
460430541
460502905
460703306
460804783
460888311
460920860
460969649
461133322
461487069
461532258
461688499
461777160
461824650
461971308
461981325
462214527
462277145
462519456
462612002
462706355
462882303
463213125
463383442
463446463
463449441
463497643
463646000
463942499
464039701
464295232
464463246
464688495
464709457
464818324
464905113
464933410
465125493
465127711
465193099
465229030
465257552
465292233
465389636
465544214
465560985
466100300
466269653
466592992
466625542
466649709
466893861
466939696
467037676
467246088
467295617
467423075
467499221
467512866
467846278
467892766
468038142
468086028
468190024
468217017
468443859
468716528
468751450
468769135
468834497
468879475
469054653
469097008
469217423
469351584
469357998
469446222
469492266
469591873
469818723
469885059
470279581
470296247
470682232
470711139
470723408
470729090
470960444
470990660
471032623
471358932
471404794
471426689
471522159
471568208
471624788
471758920
471883307
471934080
472003448
472057786
472153012
472205750
472262504
472367056
472395693
472454887
472552794
472783020
472825849
472888125
473015975
473165479
473308247
473342329
473731806
473754505
473903994
473975448
473980168
474035613
474274973
474387345
474419812
474456334
474491710
474950744
475082213
475153189
475368203
475429556
475466953
475643682
475698861
475712732
475782249
476054613
476260307
476355913
476541550
476729584
476852153
476891257
476896959
476898191
477190837
477232165
477297730
477429315
477499826
477516032
477557029
477687229
477728130
477856239
478110594
478271669
478464785
478575102
478578761
478772646
478806805
478807126
478809354
478867256
478880324
479083015
479088571
479315503
479384336
479401118
479472067
479983541
479986290
480082771
480437730
480459476
480551383
480577799
480655269
480672972
480936783
481184059
481351107
481422407
481450325
481453477
481590936
481723980
481830858
482136243
482183940
482289588
482309905
482387851
482527375
482599934
482739437
482877949
483155064
483157686
483267010
483453368
483544298
483544479
483629721
483665113
484218249
484324935
484440799
484692217
485146379
485171485
485296957
485305459
485413379
485426037
485460092
485484116
485499816
485512556
485615547
485631867
485769170
485821370
485910286
486109825
486332776
486574978
486847776
486875368
487082251
487339480
487402208
487424261
487584322
487620084
487752443
487942055
487942594
488281098
488454055
488497082
488673158
488691429
488824033
489087390
489118247
489202269
489216450
489381716
489455379
489650760
489684774
489697229
489737840
489825189
489912412
490031828
490090321
490397735
490447623
490480197
490679553
490783375
490810023
490862851
491103022
491113040
491140747
491229860
491424867
491433634
491438735
491510137
491587481
491649225
492208854
492478294
492499634
492639650
492735324
492759373
492815356
492885647
493043394
493148251
493216093
493267864
493333699
493366958
493474217
493494411
493500666
493546061
493574106
493644197
493646443
493807395
493825650
493853171
493936026
493947019
494118204
494302407
494335419
494524636
494564798
494686548
494768210
494772870
494774155
494847019
494849151
494906441
494949176
494977764
495170343
495182056
495285683
495500960
495511609
495519836
495597406
495862734
495875479
495878513
496093101
496205126
496453145
496699243
496732687
497157100
497366206
497392444
497592624
498030378
498184528
498195389
498249710
498550786
498720507
498759200
499040229
499316533
499411949
499677465
499677987
499765600
500021158
500021349
500100525
500352310
500571653
500578360
500632028
500754411
500756092
500844594
500857693
500864935
501310539
501371796
501486350
501588738
501674337
501757493
501825031
501924688
502031965
502054379
502334722
502691617
502711825
502746833
503128655
503487958
503698502
503732667
503807074
503947109
503994833
504275700
504318031
504680488
504705521
504711018
504979905
504999587
505121915
505156625
505174729
505221899
505244472
505360630
505367648
505516101
505605886
505665955
505771695
505793109
505864353
505871668
505933257
506194538
506226504
506246904
506264141
506463001
506490516
506495550
506632811
507126155
507136259
507203225
507288512
507377062
507412907
507413367
507654306
507749247
507857333
507879234
508337275
508442989
508493420
508515000
508536293
508612609
508844280
508871140
508906337
508972512
509110773
509213060
509350985
509685244
509722597
509810066
509846635
509854336
509867516
510398844
510601255
510659769
510707031
510863359
510992963
511081299
511100198
511356847
511373289
511616656
511669437
511738596
511797014
511907483
511965518
512023557
512179675
512263741
512318323
512401623
512549655
512609095
512624286
512689174
512821353
512862730
512966025
513475410
513532844
513741903
514042791
514091072
514098482
514370885
514384666
514454715
514468871
514527578
514770162
514774599
514923155
515189010
515338728
515352182
515426146
515556716
515589595
515771218
515782721
515792626
516059442
516062759
516114034
516150268
516162124
516212412
516246278
516306645
516678591
516703491
516711802
516866193
516942286
517108466
517129096
517339297
517779227
517780698
518403036
518408398
518412093
518419668
518451407
518455625
518473378
518633598
518704737
518724522
518819713
518966469
519042837
519164852
519190087
519277826
519334306
519377369
519539431
519799311
519821899
519824117
519851250
520072798
520227090
520300271
520328032
520456543
520581606
520917712
521087135
521112756
521112794
521223675
521273038
521605109
521955028
522104681
522343688
522397063
522413473
522466464
522510633
522549712
522669190
522833455
522868669
522981067
523152456
523374176
523597019
523685771
524094626
524101249
524213043
524217969
524546448
524553029
524599647
524653291
524840385
524856871
525027393
525175310
525515146
525525172
525624326
525783111
525918347
525959942
526088293
526195357
526228951
526552372
526658034
526712669
526825770
526834622
526930017
527107996
527112356
527212624
527507372
527800090
528489630
528649782
528773106
528919241
528955450
528977287
529332842
529339505
529373299
529489112
529519827
529535155
529961232
530037587
530039365
530185943
530221088
530561679
530601367
530618020
530626354
530682284
530815673
530931513
531001394
531169992
531196180
531228777
531494643
531496699
531666169
531706799
531773320
531798027
531813607
531833923
531904016
532184397
532234949
532267893
532286446
532348501
532465800
532642915
532655096
532687244
532711193
532724905
532772910
532791899
532976131
533027073
533032828
533041487
533066372
533111716
533178253
533745310
533869580
533880985
533904135
533918348
533922902
533943078
533950175
534296754
534306623
534372530
534512737
534527510
534551891
534592566
534802776
534918805
535010340
535078517
535181277
535236429
535334388
535409105
535422896
535473310
535474451
535481368
535537306
535753514
535772345
535823862
535957862
536190945
536314213
536401995
536526066
536559979
536704157
536722374
536850255
536854462
537009816
537050550
537339621
537499814
537616405
537771679
537790734
537876162
537939788
538232468
538286094
538326835
538449239
538838451
539460106
539479838
539909914
540048059
540056461
540100320
540357558
540607982
540619041
540807703
540878735
540939973
541114107
541178731
541234492
541266725
541367141
541570190
541669675
541962909
542142858
542191746
542237014
542298681
542344731
542361638
542386000
542397892
542533976
542616024
542700103
542776352
542884788
543167915
543269057
543275777
543277277
543322410
543543932
543635711
543683200
543796594
543887707
543900412
543927885
543960677
544011496
544110197
544389424
544511155
544893089
544947571
544952497
545038955
545078347
545525238
545689033
545695496
546042860
546056157
546132569
546326391
546354143
546532069
546863725
547021083
547089219
547140458
547181020
547190799
547192111
547199788
547294384
547630357
547996175
548148896
548337624
548638356
548697289
548789307
548806258
548869723
548902632
549278893
549416024
549521334
549648177
549870257
550125717
550321692
550725447
550729306
550946028
551066076
551174382
551267324
551275585
551293561
551425086
551511576
551650208
551692264
551870280
551971273
551987099
552030681
552126968
552283254
552376526
552400427
552425113
552439016
552448689
552798404
552951814
553021448
553121630
553154909
553552250
553558575
553657698
553692303
553810216
554070720
554122941
554163715
554178879
554239083
554276870
554475742
554514695
554578359
554799308
554896432
555192079
555225808
555346055
555504559
555755022
555999352
556077205
556275378
556449650
556584122
557021488
557043534
557591825
557614617
557706756
557730719
557765652
557822217
558088438
558161849
558202354
558288681
558349688
558478327
558491645
558514866
558594088
558688304
558752740
559137281
559165577
559352407
559353894
559368434
559607425
559630653
559685389
559732212
559788772
559958540
560276495
560409017
560413156
560656156
560727648
560728098
560734493
560757414
560862808
560963697
561172578
561208280
561217894
561241280
561730453
562317826
562374283
562401450
562705525
562788009
563175221
563184090
563214498
563505122
563509585
563510791
563525714
563576682
563616898
563763943
563785109
563841917
563884710
563959247
563991055
564008033
564143096
564196759
564218357
564260745
564382492
564423220
564426052
564486399
564637845
564694021
564698790
564766115
564876051
565091530
565126503
565152622
565256037
565518877
565551884
565592679
565827281
565827342
565895297
565969246
566048534
566394556
566398640
566445100
566450726
566624416
566674164
566711992
566712381
566836789
566862462
566932354
567057213
567129422
567216985
567276923
567464394
567513910
567554717
567590043
567594558
567654711
567764597
567767690
567902677
567954053
567994450
568000969
568085315
568175413
568183558
568408226
568618226
568731442
568952792
569023595
569161329
569213080
569304154
569327187
569360325
569374483
569422643
569581219
569585963
569592039
569644629
569734945
569768847
570087810
570259131
570320482
570941928
571010002
571030662
571064479
571216609
571304224
571319809
571356025
571385706
571554204
571611087
571682986
571700237
571777455
571785527
571801104
571810230
571850779
571953016
572090761
572234726
572278170
572403665
572566226
572739726
572806050
572873683
572911313
572932909
573029735
573178841
573237539
573293708
573346795
573469185
573515915
573580405
573749412
573776774
573847974
573850183
573957398
573996661
574032864
574154463
574199380
574200844
574258563
574412858
574511017
574603676
574605307
574651707
574729299
574869181
574972111
575010028
575089121
575120210
575498006
575542080
575792252
575852037
575865605
575877126
576159362
576159907
576285135
576329886
576333833
576397361
576446804
576459803
576484619
576652011
576910305
576918467
577061822
577123781
577175534
577276577
577288914
577412341
577430588
578135208
578292014
578336291
578358383
578360184
578428207
578444895
578591189
578623178
578692357
578720963
578761870
578788366
578910041
579470087
579556953
579698880
579733224
579797028
580027050
580068323
580239081
580253714
580319344
580453021
580474372
580532241
580697178
580715258
580824227
580869549
580877728
581056078
581168814
581217292
581292465
581394257
581602227
581677945
581780661
581806181
581907385
581925225
581975036
582265633
582624543
582630253
582788744
582901512
582909975
582949402
583045552
583255133
583421687
583441351
583449169
583516716
583536465
583624129
583660411
583666843
583733707
583745366
583760594
583814335
583890236
584013047
584102039
584126319
584215215
584252793
584290695
584434892
584607531
584892312
585123649
585229527
585479954
585556516
585580948
585695631
585706716
585748870
585768601
585919510
585925640
586160619
586203461
586233092
586237594
586285441
586419224
586582444
586647351
586716325
586781597
586835402
586888276
587056515
587103759
587143160
587162345
587166625
587180103
587193138
587260424
587301844
587346335
587625692
587918612
587988577
588187404
588216758
588256489
588323246
588343551
588379210
588405549
588454631
588498141
588819909
588946109
589123693
589183655
589363314
589507258
589575883
589709736
589797383
589874443
590089484
590168574
590171367
590547413
590626830
590788707
590944906
591076955
591210389
591320643
591365800
591427918
591669324
591726154
591803775
591856400
592010246
592274239
592526265
592572289
592588119
592604892
592626624
592643599
592646549
592714287
592839334
592871075
592999314
593056957
593143742
593625477
593628154
593828637
594222280
594385791
594406275
594771500
594858106
594994576
595188254
595197637
595419896
595630214
595633730
595717737
595917113
595976915
596208825
596466395
596662512
596780001
597139418
597171397
597267520
597397850
597424773
597504323
597711695
597757574
597770524
597835136
598009321
598136917
598274180
598301343
598325807
598418901
598483719
598573932
598721352
598851919
598852276
598906110
598957301
599037079
599145785
599325949
599352502
599473568
599501177
599823240
599845970
599892890
600023407
600219849
600224206
600321167
600405687
600590855
600717064
600930171
601179965
601194009
601197720
601237874
601243825
601249282
601492852
601613326
601803245
601912964
601917487
601978588
602113872
602232928
602395353
602494065
602499263
602706908
602834112
602881244
603015473
603051243
603235099
603395457
603542582
603590641
603697819
603746896
603750159
603750823
603868258
604366960
604523318
604554027
604698355
604978111
605056744
605072696
605077365
605327670
605329429
605460888
605896986
605921483
605934405
605952377
605992956
606006045
606014079
606062038
606134606
606206373
606579549
606584756
606792046
606867794
606937464
607316583
607432810
607476221
607513172
607788514
607832139
607846113
607907977
607947910
608148204
608153886
608319274
608644684
608650835
608734227
608754965
608829116
608947871
609015406
609128477
609156844
609256546
609370519
609385056
609389809
609422056
609439799
609498018
609609582
609787878
609884421
609895760
609926238
610006641
610047044
610313869
610337302
610346751
610750444
610835940
610853885
610854281
610870144
610882721
610891172
610938170
610982173
611012398
611166435
611182034
611208896
611221179
611268904
611335110
611663997
611837165
612223970
612239714
612278841
612435971
612541901
612567929
612849617
612876356
612948970
612984766
613035749
613040141
613484308
613721351
614166052
614311409
614431709
614440765
614502047
614574356
614592627
614683577
614713499
614767497
614814230
615001078
615022650
615244486
615257522
615373799
615440660
615495784
615573641
615577857
615604821
615721787
615780725
615816764
616069048
616181504
616220242
616255101
616260835
616281379
616318272
616441158
616517676
616717585
616756971
616892765
616942504
617078741
617197755
617200693
617378769
617433486
617441323
617516739
617670741
617866350
617983060
618201527
618231651
618365208
618418678
618454303
618569726
618706650
618763985
618818290
618839039
619274020
619287619
619528794
619722608
619783837
619851181
619858409
620203485
620212823
620509612
620553045
620710006
620920964
621507941
621566125
621620227
621623289
622081722
622170608
622173224
622348867
622396253
622441643
622605679
622678052
622731905
622751500
623061548
623166234
623408679
623594628
623633242
623647175
623717116
623829031
623847987
623901306
624108428
624178070
624322799
624467971
624540313
625083905
625128854
625313219
625483216
625496270
625557296
625733229
625741276
625743649
625754941
625755723
625768725
626234513
626449440
626656892
626760855
626852181
627305740
627423426
627427867
627442649
627468385
627563416
627596209
627752755
627810804
627869495
628077586
628136743
628227882
628309886
628607822
628653189
628767574
628829991
628868442
628954230
629025885
629206110
629243052
629472653
629652123
629730047
629750379
630134729
630254727
630350165
630357572
630643619
630653485
630735898
630787832
630893064
631376452
631403299
631475358
631780601
632005083
632207218
632234474
632260024
632403838
632740530
632905547
633118857
633154836
633493645
633497343
633709330
633767510
633837854
633839247
634347977
634933364
635076398
635247781
635315282
635366178
635374947
635443539
635603141
635615167
635715110
635747588
635792785
635855562
635875683
635940527
635946284
636183564
636332277
636495682
636562320
636616875
636638841
636654506
636695662
636724810
636745951
636879592
636946103
637222468
637354714
637465436
637554810
637623249
637721695
637985652
638044192
638211454
638392585
638475099
638560323
638565396
638724951
638929618
639065182
639125311
639149865
639166359
639331875
639345119
639559598
639677374
639695693
639858078
639933966
639959042
640025406
640040578
640164094
640255547
640347381
640381543
640436688
640553981
640586115
640729185
640902419
640966834
641023498
641163886
641267830
641310070
641401063
641497129
641610959
641638538
641745482
641767127
641892502
642032255
642099496
642119205
642265168
642486500
642543754
642604688
642640714
642816638
642894174
642979257
643023371
643280694
643315414
643328925
643470261
643709829
643833938
643846081
644185274
644202692
644305465
644340605
644499024
644652040
644797473
644942316
645013022
645050521
645138012
645179441
645232495
645382417
645384902
645727769
645893569
645941176
645948788
646066409
646089384
646092399
646100993
646570072
646578361
646735893
646855340
646878564
647049362
647112664
647276640
647332763
647663357
647796892
647817408
647859763
647922747
647928927
648077506
648153992
648229341
648372734
648378914
648522306
648692993
648711731
648730199
648746587
648781602
648898552
648950631
648951838
649030843
649168252
649552601
649656227
649683408
649888635
650209052
650249653
650276402
650674161
650771727
650950998
651194185
651208831
651301361
651359317
651393945
651569886
651620448
651767330
651857767
651897910
651912381
651988407
652047503
652176757
652633388
652750838
652811452
652992540
653076196
653378919
653506946
653541206
653681566
653751205
653798255
653959063
654142680
654228005
654268779
654331712
654487631
654513821
655070418
655269152
655298670
655311919
655388745
655401156
655654736
655867141
655922609
656047847
656336008
656394570
656452585
656540115
656612698
656850985
657009224
657086788
657266503
657375051
657418571
657507591
657584943
657597932
657813890
657877638
658129371
658254838
658268883
658322370
658324657
658497718
658537791
658564645
658580792
658663750
658667499
658776006
659023856
659048092
659134971
659140203
659168157
659193666
659243445
659258482
659373751
659473938
659512001
659715570
659781889
659907710
660177506
660229163
660255050
660294698
660383004
660450638
660556005
660571977
660733933
660903097
661133002
661268779
661306691
661307248
661443416
661511883
661538529
662073622
662208133
662225702
662395199
662680146
662700329
662718123
662851360
662957391
662985331
663149497
663258542
663297624
663301196
663346005
663352419
663494014
663553165
663645149
663656546
663689768
663815900
663845567
663999648
664241713
664275064
664346805
664366043
664457588
664574422
664908508
664962258
665007320
665020266
665108954
665124940
665174464
665201642
665204883
665234286
665252781
665320878
665339103
665382770
665413899
665584710
665611359
665618669
665678209
665704635
665800058
665802397
665833125
665949523
666244911
666552537
666607423
666847043
666887096
666989839
667050957
667136565
667394674
667415884
667422698
667570539
667701990
668167392
668169878
668197398
668200320
668303467
668353609
668356745
668383988
668572937
668588680
668603222
668708987
668751169
668816605
668901574
669042233
669179890
669499881
669526658
669540339
670023712
670090797
670387453
670400353
670457108
670501359
670707942
670995850
671105658
671232183
671306193
671325511
671371698
671376764
671537365
671668034
671805541
671883465
671942232
672017945
672419154
672467716
672578128
672685765
672689449
672774287
672944918
672987926
673173553
673209390
673575512
673735508
673740257
673782136
673813331
673899871
673912265
674059706
674096517
674414196
674595088
674646942
674649931
674783853
674835322
675011752
675374065
675490100
675513828
675708006
675886522
675913200
676049576
676095667
676099865
676179822
676278896
676518032
676527017
676802205
676826854
676827706
677119575
677131485
677467150
677508140
677535940
677561197
677607734
677924166
677977260
677986011
678083612
678386109
678403222
678492039
678527615
679116686
679359363
679370744
679440757
679484043
679495862
679607356
679733300
679938637
680034666
680378047
680408274
680605708
680625663
680711720
680864059
680932119
681086327
681086723
681112771
681423806
681472668
681550376
681878464
681879975
681957537
682492564
682983806
682992563
683061960
683077297
683171591
683180497
683315136
683402063
683532642
683539877
683848748
683880653
683904819
683983982
684198727
684204265
684273585
684298367
684438170
684604880
684636857
684656189
684746326
684914712
685000218
685014005
685220698
685264854
685479453
685530139
685919478
685934295
686054295
686080871
686186065
686281657
686718398
686956794
687007973
687031307
687035792
687045506
687137249
687197868
687357607
687483705
687485657
687504331
687793490
688148287
688189866
688389056
688456560
688479708
688679962
688970255
689105359
689237954
689254560
689322909
689396527
689499475
689540073
689649278
689915713
690076353
690092513
690141373
690245938
690258057
690551811
690953848
690959726
691009741
691077667
691565187
691731258
691863274
691928251
691980373
692157842
692250626
692427486
692464070
692609689
692628479
692861170
692897589
692987561
693136098
693178258
693728331
693886209
694031230
694174214
694174575
694367454
694429117
694651329
694660986
694681310
694774389
694846720
694896437
695090633
695149571
695282525
695333357
695395520
695406031
695898940
696282161
696437044
696537658
696629689
696731019
696842491
697028747
697137284
697162469
697197273
697270805
697367181
697376684
697469047
697580848
697684773
697825568
697946852
697969134
698283069
698411745
698539057
698593661
698628042
698647937
698706059
698734519
699004546
699037234
699332308
699695319
699786220
699866668
700068735
700315766
700317940
700439546
700548682
700613554
700616648
700853568
700909897
700945319
701029227
701192018
701273912
701322056
701517178
701884597
702035809
702156268
702247947
702376809
702385795
702397413
702407695
702420784
702718566
702745910
702771989
702823846
702950182
702983419
703476319
703541014
703865542
704065435
704234360
704251787
704461862
704598161
704862963
704869905
704878462
704914378
704924400
704943178
705049442
705303796
705404384
705629433
705647636
705700329
705744297
705805047
706008637
706024286
706064967
706152792
706318729
706324243
706835528
706927033
706948160
706955509
707061472
707259713
707264716
707395806
707570030
707676226
707740703
707749252
707791274
707931937
708157822
708405631
708683242
708749165
708801377
708917443
709022692
709107382
709411890
709590454
709603128
709647802
709680376
709771793
709785590
709917499
709937553
710228902
710365548
710429191
710446666
710457417
710631175
710744024
710843543
710898306
710941017
710965728
711027822
711161447
711299805
711562666
711730545
712032565
712151817
712166959
712374136
712619246
712840404
712948261
713130670
713284904
713307259
713392514
713458980
713843362
713988616
714195031
714256211
714284794
714490410
714534333
714662500
714662760
714692796
714751070
714901115
715153867
715201910
715226324
715316214
715373969
715421799
715587890
715588509
715637380
715787610
715788320
715788835
715880090
715915800
715993384
716045962
716295894
716438032
716495428
716589824
716610158
716699816
716715626
716732582
716804898
716937068
716940913
716994907
717134861
717260466
717277861
717287329
717300946
717483812
717547893
717632752
717691248
717756011
717761656
717880819
717910235
718075034
718109085
718379806
718489948
718787321
718838766
718915351
718999053
719071081
719086488
719121941
719173010
719208827
719212470
719256378
719331617
719451733
719514840
719582296
719680163
719825492
719875228
719904089
720061590
720173497
720185807
720280797
720357373
720394436
720414019
720417113
720458423
720499473
720509922
720512147
720594848
720609699
720624063
720720320
720795046
720800717
720889818
720965206
721142612
721202144
721244205
721269584
721441649
721479538
721511011
721511611
721564915
721584610
721718176
721817734
721846769
721951171
721969368
722142199
722161837
722410732
722463265
722567719
722574523
722612046
722647731
722810874
722828384
722988357
723075435
723170380
723278782
723283451
723379291
723386721
723531413
723730100
723815626
723876002
723885024
724046581
724053106
724181434
724201472
724347454
724368699
724425474
724445045
724459052
724487144
724676681
724844900
725038114
725102250
725116917
725263670
725335443
725485942
725603490
725729202
725800476
725918229
725970395
725977027
726050711
726217936
726228149
726301978
726331476
726397707
726448746
726582504
726745389
726929098
727160854
727267191
727269941
727359103
727396247
727462173
727511531
727587369
727698901
727878957
727896954
728071819
728363125
728410071
728436318
728529030
728619456
728656602
728820596
728875259
728983046
729106613
729320962
729345013
729422498
729494918
729530717
729703761
729744907
729786410
729830307
729931587
729973876
730007950
730060427
730069560
730185317
730433880
730539545
730715393
730788592
730931506
731024329
731044584
731205182
731548069
731653604
731693775
731841650
731843047
731857237
731870999
731884843
731992930
732217523
732228723
732239887
732354850
732540873
732550919
732602447
732709945
732888940
732942427
732953330
733160035
733219006
733262059
733283905
733298044
733532182
733582865
733599466
733743883
733950296
733973736
734044897
734148526
734277375
734525614
734577214
734671015
734809504
734826623
734924068
734943144
735056401
735143055
735257964
735292112
735295596
735507513
735545625
735584411
735645885
735673600
735754100
735919471
735932325
735966666
735981213
736101114
736248459
736307981
736310400
736453642
736566404
736621516
736706793
736729461
737216523
737309372
737309936
737364533
737432722
737451315
737605514
737722542
737910150
737926153
737970805
738116864
738129587
738204197
738224636
738848492
738869564
738890385
738924349
739055273
739076298
739121967
739149383
739162537
739304430
739572822
739762491
740166179
740186082
740288518
740379497
740545730
740662261
740730299
740737295
740832404
740932227
740955692
741001347
741088364
741147492
741189590
741203158
741204653
741505853
741650174
741655878
741681550
741788308
741844332
742010065
742124750
742162458
742255463
742387468
742465077
742645132
742861621
743145534
743595189
743666993
744099338
744287923
744415150
744753295
744761867
744854205
745087788
745258947
745286616
745353984
745412155
745630860
745742285
745750381
745814205
745852297
745886469
745953767
745973268
746123353
746315569
746350915
746365318
746374056
746380972
746528266
746682701
746932944
747535274
747691599
747946093
748060932
748260681
748274088
748396677
748466033
748534764
748666261
748668900
748768844
748771042
748881120
748957501
749028283
749043934
749047633
749080131
749171692
749198440
749217296
749555468
749597891
749690914
749764504
749989902
750137828
750174450
750189953
750237241
750303084
750359094
750488266
750512584
750523587
750580075
750779352
750957911
751037729
751338443
751387860
751400007
751491341
751795262
751818415
751830795
751836399
751882139
751895783
751970076
752091795
752102464
752441602
752455137
752535794
752677423
752766027
752813544
753097631
753154288
753252493
753297099
753340136
753356991
753429299
753646556
753819644
753849210
753961062
754265883
754453824
754487936
754515935
754532262
754589316
755154159
755241212
755285892
755301932
755329938
755349385
755472636
755528764
755621542
755736161
755793419
755822838
755851828
755857297
755913126
755920867
755998818
756166248
756235553
756690028
756700485
756708302
757024838
757107948
757643892
757673757
757890122
757972533
757991085
758089520
758303198
758392504
758427017
758567995
758577399
758687764
758898859
758995123
759102323
759404337
759516204
759550672
759555983
759581871
759631381
759811221
759849266
760116932
760194828
760236846
760312843
760371365
760392991
760816831
760881450
761013899
761088492
761106130
761111544
761149293
761159708
761306329
761345438
761395207
761415623
761430342
761698259
761775309
761823781
762033635
762121187
762221940
762457818
762478388
762734627
762774556
762839979
762914529
762933549
762938265
762983482
763192131
763202512
763312953
763600536
763603695
763726656
763730691
763801975
764077489
764098575
764106295
764181721
764260587
764382905
764603039
764682857
764768425
764860794
764943142
764948048
764949798
765051075
765121783
765158043
765452850
765454684
765532362
765554479
765728764
765730683
765857044
765944848
766010951
766054142
766102556
766176112
766217568
766431028
766775657
766988174
767036491
767146010
767148000
767195929
767453923
767498525
767519647
767523376
767737336
767742690
767864980
767869095
767869989
768036659
768078310
768151865
768336034
768340800
768377220
768481829
768579890
768634649
768861814
768971107
768991681
769225334
769345879
769635028
769686434
769807698
769959525
769982857
770019118
770162115
770261368
770318988
770502712
770649630
770659612
770699601
770943555
771003647
771049805
771050617
771379555
771514527
771726323
771765401
771800817
771925536
771946473
772062386
772120718
772158723
772384100
772402409
772436095
772438666
772553329
772607784
772644126
772776120
772783518
772868474
773290289
773291680
773612599
773691528
773791928
774188145
774236345
774328157
774343050
774397191
774598002
774599249
774712168
774780863
774819081
774859365
774887196
775009900
775022573
775028189
775058209
775181409
775259507
775269998
775405688
775456375
775576248
775580560
775623886
775691837
775728779
775765752
775799578
775803207
775887424
776016427
776033650
776280110
776335490
776407288
776438848
776465319
776653410
776728137
776861353
776925464
776986688
777067350
777079957
777279774
777497648
777543018
777718282
777899980
777905797
777935539
778016170
778138352
778173213
778436250
778437801
778457591
778467219
778476922
778651230
778724444
778783508
778859719
779065982
779181999
779298777
779841280
779852735
779891574
779913726
780418118
780425032
780449656
780522512
780544315
780572832
780697211
780844373
781241178
781541404
781652750
781663975
781685178
781865537
782010020
782104775
782195755
782352704
782356137
782405172
782460114
782751409
782751751
783043667
783169442
783268136
783357825
783475304
783580382
783590251
783701895
783724273
783769036
783771559
783789966
783820677
783879296
784118943
784442847
784456088
784516608
784902040
784936420
784980105
785055452
785171514
785608113
785608649
785704489
786696854
786752112
786794789
786824105
786916869
787233320
787419848
787475493
787756350
787774576
787940740
788031122
788172943
788265764
788285788
788295368
788357284
788440673
788447589
788513717
788763092
788802686
789024765
789136741
789153573
789362974
789383677
789433606
789457879
789486987
789621090
789702490
789775154
789821841
789940066
790100478
790410076
791027298
791072280
791160171
791486701
791662849
791677531
791689073
792006398
792013619
792056756
792086736
792185234
792187953
792286745
792373580
792395217
792436955
792459423
792512610
792665671
792749290
792778520
792829425
793133346
793159458
793335829
793356349
793393755
793483004
793498253
793536462
793645724
793758849
793845105
794013661
794492472
794706661
794802550
794920848
794994045
795097623
795297617
795305175
795334662
795537850
795539875
795559295
795854284
795855919
795899832
796290774
796462941
796624200
796766065
796839048
796900321
796947944
796957920
797221362
797242006
797303157
797393814
797510134
797512319
797540439
797549393
797582312
797599641
797640078
797778094
797798182
798025300
798036609
798219309
798385993
798471887
798524364
798581463
798660367
798672296
798713110
798839295
798848285
798956094
799004249
799082185
799182957
799187897
799195947
799220779
799297512
799372890
799548064
799888911
799933831
799982353
800047312
800152444
800282152
800327644
800348171
800354044
800391876
800506141
800537188
800696202
800735141
801046341
801347084
801364352
801522851
801537430
801539231
801734448
801807824
801876630
801925826
801934865
802261256
802297531
802548078
802558680
802559990
802566460
802636524
802740896
802809056
802841373
802877412
802896216
802943703
803201877
803247238
803339554
803469942
803478209
803509447
803592638
803717240
803733540
803772025
803802040
803871159
803898992
803951604
803999203
804072600
804181307
804260256
804353997
804619308
804792454
804932238
805130659
805191173
805478969
805517888
805642802
805651529
805999444
806010258
806019176
806047749
806069564
806143323
806163798
806180153
806298099
807323417
807519579
807528142
807661580
807839993
808035970
808080262
808104386
808255404
808305862
808317426
808346016
808359467
808435659
808461476
808620913
808719172
808782960
808945345
809082180
809576899
809601193
809612768
809780010
809873966
809966972
809983711
810201800
810206145
810240592
810434484
810464232
810517663
810611028
810652660
810750486
810751423
810768713
810849835
810924061
811213410
811299979
811532779
811597621
811613121
811780311
811849882
811929212
811956488
812132424
812147864
812151874
812176405
812180276
812303558
812308740
812353401
812495848
812727459
812777075
812948606
813168723
813306740
813377838
813590479
813740876
813754525
813764185
813828188
813906881
814076697
814232460
814518876
814693598
814703207
814842144
814867040
814907869
814924081
814950696
815020480
815118461
815323510
815452132
815689368
815711592
815802492
815947465
815998582
816015996
816040154
816138917
816229196
816558973
816618048
816739564
817009304
817164533
817241594
817247041
817345026
817553097
817566246
817626047
817681482
817691683
817861729
818006052
818242423
818300711
818310688
818601200
818677954
818743565
818925533
819040421
819178466
819230584
819335532
819552876
819571199
819587467
819717636
819909696
819926742
820121420
820257879
820389807
820572382
820573466
820627178
820629500
821211895
821226383
821485172
821526399
821642128
821765256
821888769
821913744
821962704
821971201
821975426
822056176
822108410
822407102
822682107
822778067
822831570
822841833
823025460
823053500
823332893
823794440
824724311
824760885
824825692
824952788
824975313
825028103
825101406
825218682
825277174
825586964
825655648
825666480
825673733
825773998
825789741
825869667
826102268
826419012
826499346
826571105
826846462
826918699
827082884
827161703
827238315
827328937
827339226
827383922
827406717
827454963
827475068
827483051
827993002
828043942
828131450
828167152
828314169
828412805
828419966
828501403
828636560
828722108
828776238
828822676
829284493
829331006
829468399
829609552
830028433
830089926
830185443
830337323
830367368
830737497
830765044
830872923
831045977
831242684
831278054
831306700
831737344
831748280
831855253
831864883
831941907
832320415
832321219
832339240
832355327
832385661
832495009
832501849
832507452
832652588
832694635
832816422
832825534
832851572
832900427
832941184
832977656
833198975
833270636
833356861
833401985
833807243
833990042
834095333
834280571
834411850
834456353
834457307
834468259
834881074
834889650
835071633
835122453
835193163
835218592
835257013
835427380
835647910
835874028
835882743
835893387
835907274
835959737
836606770
836829346
836896059
836946451
836990580
837030960
837061650
837171672
837261626
837275728
837310566
837342185
837391291
837402201
837439255
837642883
837693699
837790033
837801444
837899700
837901076
838013347
838077422
838097459
838259618
838385012
838412900
838464059
838476399
838525737
838579135
838646694
838768703
838859720
838966028
839071427
839087259
839154823
839237474
839333194
839440343
839445348
839611518
839631162
839764096
839900358
839960243
840092690
840214751
840306251
840406022
840685245
840696664
840738113
840767516
840808370
840944908
840947036
840954210
841194582
841277032
841355223
841500443
841541890
841692868
841919148
841986627
842065323
842124295
842350014
842653470
842712219
842725184
842759099
842778503
842876062
842946036
843194052
843335528
843403565
843410495
843428202
843560801
843658908
843803396
843843259
843997904
844111432
844317410
844849957
845132508
845133420
845154159
845212715
845410669
845543584
845549130
845599886
845905080
845910207
845941184
845971361
846284511
846402021
846446011
846730540
846885539
846914276
846969778
846980347
847038342
847046665
847345163
847497897
847547382
847687472
848089643
848095266
848109782
848188298
848274963
848415328
848649517
848848149
848997416
849003191
849009133
849017102
849147744
849216664
849456457
849603367
849607899
849664665
849754656
850101456
850157745
850183535
850300527
850363986
850368538
850445995
850555195
850713871
850896238
850947783
850982073
851012233
851403899
851455799
851719136
852129701
852384127
852557020
852686839
852725831
852781820
852875334
852981675
853067887
853070202
853118231
853308719
853421531
853422854
853496362
853593324
853627863
853667897
853938305
854037145
854263485
854358408
854397795
854576365
854580577
854593353
854678740
854856413
854868062
854954604
855103439
855119351
855219036
855248861
855300242
855507834
855508968
855527125
855552985
855621541
855697941
856022511
856104360
856251026
856288771
856562426
856644876
856695026
856705658
856747798
856777065
856828678
856939618
856953110
856973222
857249687
857249781
857337971
857612942
857665849
857674586
857710642
858005700
858320161
858611087
858621301
858709595
859054748
859069564
859173145
859318477
859365545
859365684
859396585
859452435
859607048
859696110
859747444
859796087
859832620
859846228
859865474
859894070
859971005
860008496
860052530
860570420
860680309
860708947
860723693
861232500
861277534
861278376
861436058
861583024
861660532
861684701
861698581
861711518
861790532
861909989
862416933
862457828
862546130
862643996
862681101
862681475
862725899
862731681
863056611
863076065
863211582
863235073
863312551
863421658
863479134
863539501
863664213
863708841
863729042
863815731
863917703
864049100
864309034
864361457
865027873
865046948
865143468
865360872
865488387
865806345
865834698
865879605
865931606
865950699
866167991
866168025
866246470
866459608
866583249
866611022
866656391
866861035
867321650
867398585
867437036
867599471
867804833
867971252
868132518
868422626
868480906
868509129
868515460
868519106
868676291
868686527
868724630
868768422
868792563
868874364
869030968
869323443
869380098
869392472
869723079
869860332
870016051
870096027
870177392
870197762
870224561
870353766
870627305
870705539
870737195
870974673
871085303
871105909
871128805
871271837
871591518
871968512
872055834
872095486
872673561
872695201
872965206
872972380
873087339
873250620
873387165
873412198
873420946
873522833
873616627
873643183
873766750
873833971
873857471
874089461
874146165
874205649
874220981
874416091
874438564
874454778
874609087
874628080
874712053
874749500
874824408
875174015
875198946
875459735
875612206
875615576
875735908
875738640
875762483
876301762
876380329
876431934
876567018
876664013
876759600
876975477
877038435
877269294
877273375
877417034
877431867
877668657
877695280
877895135
878015069
878024348
878185456
878230277
878564445
879008274
879042577
879052242
879150465
879349052
879439874
879513111
879685479
879765169
879970314
880013174
880019952
880107373
880295996
880490898
880735657
880739275
880992292
881027544
881202307
881241345
881557016
881582118
881589120
881609080
881614298
881631449
881685326
881716057
881743596
881743682
881847526
881876497
882011707
882090733
882161037
882468747
882484908
882678753
882798448
882881953
882889788
882987773
883545659
883589882
883603429
883636073
883731176
883775636
883782775
883938079
884109184
884228840
884395115
884428715
884577802
884701123
884750185
884962729
885027421
885083920
885160727
885282642
885305845
885621730
885641023
885831405
885931184
885931805
886003016
886084428
886271931
886557370
886594921
886610283
886623361
886626161
886712747
886784975
887077636
887194494
887258784
887498222
887501795
887526520
887613340
887656058
887812289
887817563
887862993
888099967
888338596
888351390
888729651
888874965
888923943
889013891
889015304
889033990
889097484
889198588
889273635
889435793
889498370
889773567
889939990
890041088
890091750
890324027
890343934
890615077
890623413
890783201
890803279
890926435
890936324
891154457
891161809
891332906
891367181
891394596
891570139
891575792
891688867
891748040
892170660
892217298
892219504
892284193
892296137
892351877
892543405
892620573
892653831
892776073
892870400
893008912
893092723
893368920
893384667
893510385
893893403
893990938
894032353
894034351
894240177
894277989
894381811
894421656
894826129
894851334
894853140
894942032
895226335
895245035
895603583
895695812
895827271
896132142
896198805
896274687
896346315
896471509
896620206
896624271
896653275
896700755
896873739
897331812
897352800
897465119
897562779
897650904
897690935
897771096
897789814
897859741
898035985
898097435
898141757
898173510
898215827
898274512
898429718
898522390
898542166
898905612
899215746
899346381
899387998
899534133
899638036
899653773
899796536
899802546
899951236
900061444
900216892
900242390
900634492
900643163
900645413
900819008
901025500
901039946
901061419
901071663
901251743
901388684
901541715
901595584
901617012
901879723
902250914
902402608
902518507
902607635
902619528
902623290
902716603
902724978
902860772
902868549
902892741
902951498
902968197
903010943
903053826
903206109
903243181
903586063
903631817
903698606
903752539
903777626
903959107
903981408
904179382
904386144
904416292
904508921
904589064
904611931
904824527
904888551
904992260
905003108
905147711
905238637
905422281
905440119
905461310
905502908
905709047
905724518
905786535
905875043
906023203
906087746
906134861
906142474
906243528
906497666
906553340
906562396
906710837
907133442
907141760
907246565
907375318
907391019
907416405
907446945
907470580
907500829
907743680
907838400
907952457
908071563
908159744
908273143
908395157
908399172
908603691
908645949
908843905
908858912
908899782
908987132
909052168
909152075
909226076
909270882
909381294
909399347
909480818
909515281
909631678
909949996
910218069
910371582
910600736
910686830
910892121
910896398
910952890
910962575
911024239
911149437
911150744
911161995
911225797
911242209
911254711
911397003
911453141
911896465
911988801
912014572
912116076
912378801
912451312
912466628
912762359
912773498
912805567
912830936
912902062
912976632
913016163
913047652
913124562
913181785
913252781
913391893
913459156
913726639
913735433
913821796
913837124
913878844
913926437
914039420
914141108
914141396
914354383
914572710
914736263
914746267
914942356
914993490
915003006
915513964
915575480
915641949
915660471
915912472
915957949
916063433
916454767
916637298
916649926
917007778
917079152
917126993
917165483
917220597
917462028
917585044
917672167
917817302
918144847
918193563
918246288
918391155
918413127
918506883
918700432
918713038
918828292
918848500
918944215
918980549
919027536
919035588
919233076
919387230
919439017
919449201
919466693
919599731
919689107
919814434
919829803
919857538
919956799
920175990
920305825
920384248
920633337
920717003
920965046
921003376
921012586
921275757
921740283
921754706
921772927
921790681
921817134
921968732
921994790
922186151
922262527
922320949
922393807
922510351
922623356
922671420
922760788
923010729
923157469
923259562
923276212
923367044
923439276
923676004
923731885
923761212
923803722
924033743
924079920
924191225
924210978
924403096
924447061
924530531
924574097
924604612
924625092
924972436
925001019
925029232
925063794
925093405
925407285
925478750
925492568
925492598
925663974
925893204
925935056
925969622
925976055
926245388
926383566
926451561
926452963
926502375
926553803
926828616
926864658
926943549
927333747
927503482
927511833
927892177
928138605
928175006
928258466
928297115
928790548
928821537
928883080
929182777
929360724
929580440
929587589
929645826
929724649
929745776
929787737
930022890
930059379
930138409
930186669
930715458
930818170
930844379
930913569
931070101
931088990
931115266
931115895
931194846
931197893
931444331
931475066
931535892
931539812
931884256
931926281
932051332
932212099
932270231
932276477
932529111
932736047
932750176
933300076
933504167
933653475
933670918
934018526
934068759
934084734
934171802
934185559
934317246
934633159
934665922
934698080
934744284
934754126
934811810
934935605
935330110
935406364
935508794
935509624
935711851
935952711
936021385
936028461
936157176
936258828
936331202
936460085
936642562
936714951
936785109
936823347
936975553
937033416
937058829
937278990
937471064
937505305
937505312
937508331
937572009
937926760
937952966
937970096
938078171
938158040
938179038
938203359
938360866
938390597
938498266
938630276
938666670
938794466
938834252
938855468
939164438
939255733
939259580
939340553
939345467
939409830
939559837
939627807
939898205
940048374
940062747
940127346
940564496
940595164
940670981
940796807
940822917
940955662
941109857
941114149
941323735
941479578
941522976
941638480
941756084
941949978
942102187
942240707
942253975
942270888
942364521
942451442
942654078
942742285
942867558
942999215
943031414
943185337
943211596
943268206
943284093
943322111
943378180
943404751
943524680
943644115
943728943
943751080
943971699
943986427
944016372
944342718
944461952
944499667
944881043
944979875
944993132
945023757
945027363
945033138
945240817
945264208
945356575
945428844
945561022
945571360
945709174
945803062
945887605
946013392
946032241
946125109
946152716
946183280
946426686
946434354
946440618
946576330
946872416
946874905
946977159
947016732
947250496
947322694
947379258
947589525
947839159
947881792
948020166
948077724
948202021
948227048
948296626
948328217
948364226
948401176
948587102
948609815
948630342
948690618
949326642
949334002
949434222
949439367
949479648
949521764
949706647
949840626
949928281
950057642
950100601
950172685
950191210
950203986
950220864
950224534
950272542
950275030
950376726
950511764
950667356
950748369
950767912
950923979
950987046
951078996
951151521
951161758
951362083
951401673
951449574
951511090
951548388
951605686
951642125
951674107
951902011
952053405
952630953
952843626
952907360
952923935
952959023
953132141
953581880
953647711
953821327
954272235
954317504
954600345
955013244
955070322
955116673
955216384
955306520
955364098
955441798
955449299
955744903
955795781
955869516
955876981
955878589
955907503
955936007
955979081
956152388
956216282
956308963
956326328
956421967
956424695
956462369
956584878
956983843
957051290
957088744
957171786
957227257
957326514
957359085
957532153
957609745
957667679
957722896
957910673
958143131
958356759
958700984
958742959
958757299
958990686
958994575
959120793
959124255
959352261
959470373
959518988
959755525
959811381
959946005
960035078
960367455
960415186
960550206
960814012
960823700
960881200
960993284
961144987
961286450
961488616
961639627
961809424
961909715
961975539
961975719
962060221
962113212
962160006
962204310
962375704
962578956
963113168
963242293
963640180
963778275
963811964
963846473
963901010
964029697
964030075
964174430
964184365
964243678
964501455
964632381
964721722
964847755
964879520
965345841
965564571
965616772
965654463
965683413
965729605
965776448
965784701
965913589
965962021
966117366
966172487
966372072
966404256
966468054
966650244
966706206
966881667
966894655
966901424
966922223
966953944
966977216
966977920
967028350
967124361
967179019
967354910
967736725
967773440
967841523
967853088
967868936
968186372
968319180
968495375
968651143
968744039
968918154
969021158
969036538
969180791
969234305
969293128
969458405
969512467
970001870
970063782
970470018
970562278
970698942
970764437
970961273
971008652
971034265
971103287
971191232
971434693
971803325
971936421
972040117
972176846
972219015
972228234
972228683
972382720
972916177
972938693
973014277
973141562
973195321
973398218
973403048
973413708
973478798
973521839
973570384
973574324
973737730
973837737
973865158
973918181
973963252
974112464
974167798
974198762
974278320
974302767
974460787
974661314
974696013
974761598
974859404
974915824
974957486
975146017
975165209
975282142
975592279
975756925
975787242
975848290
976020103
976090189
976093413
976144991
976280586
976306093
976593098
976653245
976655000
976699085
976803624
976806096
976822512
977045843
977113027
977244030
977250675
977648811
977652465
977758978
977972014
978265232
978337191
978371015
978448271
978566876
978631850
978633130
978787205
978837816
978908446
978931543
979091281
979118392
979429649
979540827
979615225
979760967
979782326
979866612
980279603
980387626
980500663
980613499
980803227
980841625
980911867
981114205
981456297
981459266
981609332
981969068
981983310
982090137
982251552
982329257
982418553
982552167
982709813
982986322
983173046
983219962
983321609
983332686
983713089
983764430
983775823
983779366
983849364
983949549
984211772
984431546
984442498
984813717
984910260
984933582
984947939
985117252
985211044
985424141
985486614
985501312
986061896
986092304
986093435
986439140
986458866
986498645
986528792
986759788
986776338
986800104
986833242
986936469
987166166
987332456
987369630
987369783
987451162
987612174
987647563
987669764
987733947
987741584
987887629
988081656
988100625
988166000
988209328
988317310
988402702
988491571
988504443
988556879
988626166
988772113
988776151
988837613
988992252
989000305
989099403
989102042
989167911
989218458
989522559
989675760
989685989
990094183
990173329
990190671
990620553
990645073
990969746
991056052
991131858
991180782
991195089
991204090
991278178
991292665
991336900
991411222
991502382
991574460
991744502
991879562
991909428
991929953
992090540
992152260
992296606
992321111
992332936
992359900
992689354
992821410
992858658
993000718
993028004
993054390
993344964
993604247
993631837
993664762
993757992
993855949
993958230
993981821
994397832
994420533
994423315
994639633
994761420
994787806
994788782
994835628
994878574
995039975
995101987
995270929
995312394
995353067
995502548
995502998
995530319
995557895
995605284
995715376
995807447
995810782
996334445
996371082
996374130
996391894
996632241
996632307
996900624
997013844
997053745
997073223
997328391
997369140
997426001
997530134
997686872
997893841
997939164
997952855
998266406
998330609
998553432
998900050
998920895
998926484
999050556
999322386
999430145
999439686
999566785
999775798
999844418
1000050227
1000058917
1000117218
1000469028
1000561213
1000623884
1000704092
1000765102
1000796771
1000885292
1000996048
1001094453
1001255937
1001280102
1001462931
1001614906
1001720864
1001815364
1001935223
1002022219
1002096107
1002125768
1002159066
1002223827
1002292765
1002292928
1002306629
1002309996
1002507032
1002507586
1002549613
1002572583
1002615938
1002622459
1002645893
1002658632
1002670472
1002777907
1003000052
1003093279
1003201757
1003245871
1003247800
1003274189
1003398088
1003613076
1003637281
1003683080
1003737902
1003852811
1003906388
1003951292
1003952476
1004150499
1004454680
1004507193
1004792285
1004865682
1004878325
1005014248
1005147352
1005148681
1005174623
1005237311
1005328662
1005381516
1005398899
1005482975
1005486833
1005552428
1005598556
1005714480
1006053812
1006342750
1006366692
1006640653
1007511493
1007596058
1007615971
1007682014
1007794512
1007814515
1007895569
1007940703
1008204514
1008310650
1008543003
1008788306
1008851415
1009023500
1009120422
1009228417
1009248995
1009427641
1009731817
1009894432
1009932157
1009974140
1010120936
1010549462
1010592402
1010624570
1010813369
1011167773
1011282407
1011549998
1011671783
1012083302
1012193132
1012509005
1012883809
1012896784
1012928995
1012945829
1013153724
1013183922
1013275003
1013614937
1013615221
1013809293
1014107917
1014122916
1014149319
1014180611
1014241818
1014288905
1014527773
1014723358
1014821959
1014869028
1014877223
1015005216
1015079442
1015120831
1015162084
1015254358
1015533078
1015563834
1015584698
1015632035
1015843126
1015965250
1015989993
1015994881
1016151563
1016248260
1016306444
1016360423
1016390033
1016498000
1016502159
1016615962
1016938209
1017120235
1017122988
1017200159
1017318709
1017707420
1017994229
1018093333
1018144965
1018270825
1018294267
1018385099
1018450718
1018630001
1018925345
1019056330
1019077740
1019114528
1019309571
1019395086
1019715306
1019740844
1019745178
1019757782
1019940742
1019963158
1020008860
1020035587
1020151850
1020237771
1020422838
1020543305
1020571919
1020759702
1021082984
1021346626
1021375577
1021578199
1021751199
1021941414
1022055240
1022135279
1022151479
1022522699
1022731701
1022748902
1022781882
1022867980
1022895518
1022980190
1023108472
1023233316
1023278755
1023373237
1023391569
1023439793
1023469267
1023491966
1023537465
1023621223
1023704210
1023728458
1023848354
1023877330
1024094987
1024192278
1024215982
1024250828
1024810821
1024824422
1024849911
1025363587
1025479996
1025670172
1025683067
1025694448
1025875712
1025976908
1026071051
1026143308
1026344756
1026455452
1026462719
1026476089
1026528238
1026593327
1026789406
1026855311
1026891244
1026981367
1027336706
1027374576
1027404024
1027515523
1027527816
1027535319
1027859566
1028051180
1028068223
1028126418
1028312283
1028531074
1028567414
1028574330
1028599666
1028704513
1028761409
1028888300
1028957093
1029025117
1029246764
1029310599
1029539455
1029557904
1029630358
1029741397
1029796963
1029797567
1029807930
1030111911
1030223534
1030290778
1030366533
1030841479
1030870695
1031537648
1031902884
1031914334
1031929814
1032040502
1032113499
1032681019
1032693890
1032908702
1032951525
1033022942
1033025391
1033176015
1033365130
1033453638
1033541680
1033662771
1033703104
1033704846
1033729639
1033849073
1033915656
1034015336
1034098742
1034193430
1034193805
1034301646
1034546611
1034582503
1034715436
1034986023
1035025987
1035047411
1035144123
1035150815
1035327497
1035329006
1035453899
1035516766
1035699492
1035712057
1035714617
1035768913
1036200023
1036279054
1036332129
1036445242
1036531491
1036540926
1036599637
1036670572
1036674434
1036768085
1037068210
1037192632
1037305764
1037444143
1037522641
1037643530
1037799935
1037828520
1037840588
1037851876
1037955361
1038106063
1038158147
1038160385
1038436875
1038482285
1038493991
1038506338
1038571543
1038717165
1039045934
1039065235
1039112436
1039154604
1039156536
1039227551
1039373100
1039701560
1039769876
1039856734
1039996326
1040012384
1040044959
1040117179
1040279988
1040551381
1040948832
1041094927
1041104213
1041179577
1041189729
1041214905
1041527742
1041759222
1041791051
1041806348
1041967753
1042065181
1042254891
1042433849
1042538815
1042561012
1042592867
1042703211
1042703307
1042782991
1042942066
1043431438
1043451826
1043517297
1043672237
1043727769
1043868624
1044002183
1044018698
1044081082
1044119155
1044136317
1044194277
1044243351
1044255782
1044303937
1044375021
1044434451
1044531859
1044545608
1044827856
1044925045
1044931603
1044984270
1045056527
1045060627
1045182033
1045446314
1045577849
1045597900
1045729486
1045804816
1045825284
1046015168
1046091957
1046371141
1046904426
1046941285
1047234777
1047241944
1047276358
1047343376
1047396243
1047428822
1047565896
1047762068
1048000895
1048010143
1048095801
1048478657
1048633156
1048754215
1048857056
1049109055
1049205460
1049288470
1049474115
1049592180
1049764902
1049863957
1049912163
1049921087
1049949413
1050105018
1050149864
1050167136
1050252651
1050279426
1050421010
1050601014
1050648054
1050774693
1050794079
1050963739
1051024271
1051186969
1051286519
1051374849
1051468897
1051495804
1051561186
1051608098
1051640570
1051651015
1051781994
1052046157
1052124358
1052132790
1052155087
1052180781
1052215323
1052268796
1052391806
1052765912
1052823499
1052944754
1052994689
1053045112
1053594358
1053631633
1053651564
1053720064
1053745843
1053887367
1053905376
1054058387
1054111013
1054120882
1054243432
1054430549
1054524443
1054751242
1054755442
1054866064
1055290388
1055434185
1055569056
1055694180
1055814189
1056664768
1056689473
1057123348
1057206220
1057242751
1057456243
1057485236
1057685213
1057729412
1057753922
1057783931
1057989324
1058014091
1058117291
1058298100
1058475440
1058561564
1058707822
1058778807
1058786815
1058860554
1058907678
1058980103
1059003293
1059071227
1059273773
1059440017
1059557456
1059678669
1059765129
1059900867
1059979719
1060211230
1060250842
1060262878
1060404324
1060469442
1060745444
1060816594
1060827156
1060994067
1061215042
1061404131
1061468253
1061881276
1062375369
1062457969
1062460747
1062555654
1062666341
1062862915
1062989672
1063219682
1063230321
1063321193
1063846271
1063870511
1063901151
1064189672
1064192325
1064222809
1064336291
1064442705
1064559989
1064825430
1064874585
1064947411
1064986783
1064987228
1065092802
1065251018
1065305331
1065317306
1065429378
1065539672
1065600938
1065683101
1065857576
1065926808
1065984905
1066112828
1066197005
1066212408
1066306081
1066354413
1066496944
1066780374
1066933417
1067118237
1067283564
1067306235
1067360909
1067420970
1067486621
1067534396
1067541716
1067778623
1067800117
1068062720
1068410628
1068417509
1068795472
1068808391
1069135817
1069496137
1069737830
1069753789
1069833329
1069932529
1069943913
1070076523
1070164383
1070184372
1070200641
1070426891
1070479430
1070617284
1070627685
1070754542
1070839738
1070911055
1070987239
1071024787
1071106897
1071233014
1071646138
1071740012
1071854726
1071885676
1071904908
1072008455
1072021407
1072260550
1072491473
1072493252
1072494561
1072522446
1072643159
1072692448
1072749847
1072940363
1073000465
1073023453
1073039145
1073073737
1073131406
1073202411
1073487513
1073574598
1073601297
1073721025
1073764735
1073770392
1073957780
1074003037
1074048190
1074147063
1074553915
1074614843
1074725024
1074766243
1074872531
1074898404
1074968747
1075005666
1075162909
1075315532
1075379094
1075541751
1075636017
1075794234
1075820644
1075831241
1075859539
1075871646
1075904194
1076158090
1076323284
1076490471
1076498150
1076543590
1076609075
1076796734
1076814604
1077241456
1077348457
1077688533
1077873649
1078019440
1078139534
1078320987
1078544154
1078551829
1078697746
1079014537
1079156838
1079185496
1079289539
1079481637
1079544768
1079814535
1080127886
1080169762
1080217448
1080300551
1080581272
1080645016
1080708119
1080719729
1080810970
1080952682
1080954847
1081052830
1081074143
1081126633
1081217568
1081374737
1081433330
1081558719
1081568610
1081698232
1082004621
1082174854
1082268123
1082445072
1082651665
1082683503
1082778494
1083080279
1083156043
1083278623
1083496037
1083537650
1083633416
1084001518
1084052875
1084236179
1084357515
1084468354
1084471264
1084642650
1084837135
1084961757
1085236711
1085251567
1085481299
1085699688
1085843458
1085913703
1086035289
1086064018
1086160415
1086165659
1086170611
1086172427
1086355617
1086508471
1086579401
1087003506
1087104400
1087343884
1087447591
1087783021
1087899659
1088026336
1088029697
1088170523
1088341709
1088442088
1088507813
1088552780
1088696834
1088730724
1088857551
1088930177
1088955613
1089011519
1089331225
1089340549
1089389271
1089440627
1089452544
1089493557
1090105811
1090187381
1090221542
1090246029
1090316720
1090663325
1090682477
1090834935
1090836249
1090941770
1090979007
1091041770
1091202636
1091306442
1091329053
1091485338
1091526565
1091543039
1091570773
1091807900
1091839507
1092050420
1092157089
1092603831
1092616813
1092631230
1092740061
1092744504
1092753518
1092815565
1093209223
1093302918
1093359188
1093474171
1093481278
1093521721
1093868964
1094034744
1094090752
1094124024
1094152556
1094237228
1094290658
1094389183
1094426480
1094512544
1094550243
1094819983
1094912074
1095375804
1095714508
1095921209
1096111210
1096117047
1096237232
1096341308
1096407024
1096556732
1096679387
1096688717
1096755906
1096785559
1096832095
1096873669
1096995637
1097229214
1097272722
1097290891
1097346072
1097365193
1097543805
1097653485
1097761116
1097829542
1097873382
1097976404
1098037662
1098174136
1098395239
1098571025
1098608322
1098796691
1098816161
1098899537
1098996208
1099035350
1099130765
1099193839
1099229869
1099377083
1099383486
1099599376
1099649609
1099660238
1099837853
1099869946
1099969544
1100043339
1100097770
1100155082
1100317077
1100404926
1100408063
1100419045
1100443126
1100489876
1100523716
1100661054
1101049770
1101335054
1101646806
1101734972
1101820502
1101919604
1101947503
1101999102
1102060730
1102483945
1102552685
1102659089
1102673822
1102736888
1102813754
1102901312
1102904334
1102930747
1102932413
1103017289
1103045888
1103070245
1103118621
1103201065
1103382534
1103494482
1103605636
1103623985
1103705071
1103741365
1103780643
1103947815
1104010774
1104108920
1104205682
1104219553
1104342519
1104606520
1104670294
1104730180
1104763636
1104889141
1105033141
1105089983
1105103531
1105126613
1105562689
1105604884
1105666806
1105759837
1105821288
1106016834
1106151689
1106152452
1106355864
1106371994
1106380815
1106722328
1106755424
1106892001
1107114053
1107141532
1107293369
1107465201
1107674190
1107681748
1107741826
1107937560
1108049574
1108148527
1108344273
1108387785
1108675836
1108741965
1108776714
1108866298
1109154984
1109181697
1109416339
1109516604
1109544988
1109640277
1109839179
1109885578
1109892782
1110068587
1110248825
1110276124
1110338772
1110525230
1110540102
1110642816
1110764483
1110782339
1110824122
1110846146
1110865754
1110868554
1110931389
1111032886
1111104251
1111110692
1111291184
1111562766
1111707002
1111811181
1111937382
1112022289
1112089575
1112113851
1112198871
1112289987
1112346813
1112409040
1112492785
1112538297
1112617670
1112662730
1112686793
1112872363
1113191710
1113472073
1113503399
1113578342
1113631254
1113799030
1113942033
1114255272
1114268677
1114325694
1114697032
1114726405
1115065248
1115231041
1115413192
1115487373
1115547485
1115608896
1115618036
1115810978
1115873140
1115982400
1115993354
1116003998
1116010947
1116024577
1116033022
1116037695
1116103913
1116294980
1116410015
1116462457
1116592088
1116596274
1116976726
1117123637
1117140860
1117149373
1117211479
1117268616
1117746637
1117802512
1117872863
1117885061
1118004173
1118009666
1118494814
1118499725
1118672512
1118678677
1118734955
1118800680
1118842920
1118957405
1118973287
1118983867
1119137658
1119162681
1119374428
1119474630
1119518906
1119537395
1119772170
1119960589
1120361379
1120468543
1120612237
1120631404
1120744899
1121394450
1121498154
1121573001
1121626594
1121733127
1121975494
1122043639
1122049429
1122318818
1122329348
1122592235
1122659188
1122663645
1122676651
1122987680
1123060266
1123069728
1123357510
1123366967
1123464246
1123630953
1123768712
1123776098
1123789279
1123831874
1123868532
1124138242
1124178437
1124508137
1124581582
1124740464
1124810785
1124871945
1124903045
1125024179
1125052627
1125169013
1125289829
1125314219
1125331689
1125346536
1125420194
1125461180
1125719244
1125788204
1125845534
1125957628
1125960968
1125984614
1126055586
1126099414
1126166168
1126408398
1126475093
1126590917
1126621470
1126891916
1126977134
1127055639
1127221374
1127245500
1127455322
1127635782
1127869208
1128024831
1128083363
1128113132
1128134635
1128174704
1128200157
1128335598
1128362639
1128386525
1128455307
1128895110
1129245660
1129262475
1129346118
1129367319
1129386243
1129398981
1129909186
1129973184
1130084411
1130148527
1130164647
1130208903
1130349057
1130418460
1130434120
1130442175
1130479472
1130567875
1130649455
1130652989
1130829111
1131007207
1131393921
1131505134
1131581233
1131728944
1131892190
1131895884
1131906798
1131961377
1131992467
1132154361
1132236547
1132275912
1132309371
1132386302
1132498227
1132502154
1132645180
1132661487
1132662694
1132768973
1132833123
1132890575
1132988723
1133213474
1133285897
1133355804
1133502121
1133536366
1133559491
1133646784
1133770097
1133773903
1134025150
1134367356
1134369392
1134438823
1134482619
1134487344
1134795455
1134889593
1134914506
1135003045
1135029716
1135470363
1135478266
1135809992
1135882310
1136161134
1136208511
1136259637
1136353450
1136360292
1136490851
1136604460
1136675406
1136782198
1136931586
1136968975
1137078562
1137281085
1137445387
1137623191
1137906821
1138004378
1138009238
1138085608
1138366421
1138373749
1138974189
1139040791
1139266242
1139289028
1139302177
1139332128
1139498119
1139634133
1139681297
1139699928
1139766128
1139799065
1139810487
1140025398
1140117605
1140119779
1140142137
1140494989
1140648361
1140664997
1140865461
1140999612
1141058146
1141171619
1141229661
1141231724
1141484004
1141518010
1141677364
1141727975
1142214972
1142251461
1142305952
1142338324
1142556494
1142568311
1142811061
1142857068
1142903937
1142913255
1142996004
1143186324
1143462512
1143518305
1143559337
1143581802
1143868156
1143868354
1143945007
1143956613
1144172166
1144305396
1144439649
1144498288
1144693755
1144724389
1144796387
1145040341
1145072250
1145201296
1145247051
1145307895
1145385691
1145441685
1145787989
1145789740
1146190102
1146241660
1146503055
1146572578
1146794878
1146869725
1146896848
1146957656
1146978112
1147061229
1147407655
1147424260
1147426522
1147427287
1147491415
1147516023
1147565185
1147568023
1147664160
1147870210
1147875074
1147876015
1147884090
1147887080
1148103891
1148292937
1148540111
1148544603
1148688252
1148801373
1149030677
1149061429
1149068819
1149078898
1149103894
1149178238
1149500774
1149684058
1149738158
1149764230
1149804244
1149893296
1150000312
1150036960
1150155392
1150202595
1150229065
1150355324
1150483806
1150757952
1150937872
1151117542
1151181659
1151513136
1151547139
1151618718
1151627777
1151724089
1151745592
1151756239
1151763934
1152218677
1152234508
1152300378
1152328446
1152563679
1152588668
1152660779
1152720405
1152986924
1153143791
1153162451
1153285032
1153440740
1153480095
1153484752
1153534331
1153608790
1153839322
1154051678
1154197399
1154236161
1154321277
1154457699
1154597564
1154762679
1154874348
1154909334
1154932797
1154936998
1155026831
1155067381
1155146071
1155174083
1155236471
1155274551
1155331078
1155519720
1155531707
1155592013
1155623938
1155660184
1155707480
1155807753
1156067584
1156084693
1156129035
1156141153
1156390006
1156492207
1156758660
1156800092
1156824413
1156914907
1156938710
1157304099
1157456842
1157567714
1157725852
1157733183
1157736965
1157935418
1157978515
1158065455
1158066155
1158093438
1158432905
1158450379
1158770031
1158800366
1158841926
1159360502
1159430348
1159477687
1159480868
1159548699
1159716266
1159876341
1159876961
1159949183
1160166534
1160464729
1160529129
1160542214
1160597083
1160722469
1160911432
1161006054
1161020945
1161197392
1161315170
1161350005
1161366697
1161450815
1161537197
1161601558
1161622349
1161728778
1161883362
1162034122
1162123261
1162257568
1162310520
1162320626
1162327437
1162336545
1162418216
1162470951
1162558115
1162850759
1163113596
1163298211
1163300801
1163374134
1163419347
1163600179
1163701989
1163742877
1163785625
1163807457
1163956556
1163959096
1164087303
1164209611
1164312184
1164356377
1164436895
1164484274
1164539784
1164645002
1164667321
1165116529
1165197054
1165236443
1165274463
1165355440
1165388522
1165437823
1165452051
1165637929
1165739436
1165787598
1165810755
1165973379
1166142295
1166330685
1166511621
1166789156
1166873040
1167016598
1167217538
1167219435
1167426670
1167641172
1167654279
1167656500
1167759411
1167836853
1167888261
1167950214
1168273951
1168534912
1168581214
1168651999
1168753118
1168989824
1169015800
1169226000
1169252109
1169359696
1169386629
1169627818
1169634796
1169658106
1169689953
1169963331
1170029959
1170033670
1170061892
1170101306
1170143690
1170183416
1170196374
1170229951
1170241654
1170321266
1170512040
1170700641
1170745873
1170766754
1170941451
1171120689
1171162218
1171187849
1171474530
1171894745
1172164826
1172242569
1172336556
1172358292
1172432019
1172469029
1172794446
1172920413
1173060269
1173117952
1173160224
1173631471
1173671519
1173675645
1173968618
1173998748
1174258300
1174328615
1174392338
1174434364
1174562526
1174697885
1174852464
1174910893
1175192770
1175201167
1175267378
1175375669
1175388659
1175997587
1176057803
1176092761
1176166727
1176246209
1176482754
1176534139
1176562332
1176619607
1176663276
1176820327
1176828662
1176953642
1176959168
1177080194
1177179905
1177207445
1177265139
1177391124
1177410239
1177421963
1177548430
1177637722
1177688539
1177907060
1178213240
1178287151
1178356159
1178497029
1178601304
1178608267
1178624685
1178657678
1178747578
1179096013
1179104328
1179500094
1179535147
1179570037
1179629659
1179695958
1179709901
1179755974
1179889244
1180010747
1180025466
1180467870
1180501701
1180653434
1180660895
1180892139
1180925993
1180997898
1181184462
1181188511
1181414937
1181700636
1181808624
1181867352
1181967991
1182228940
1182229187
1182340507
1182374952
1182390499
1182480132
1182570309
1182600684
1182858683
1183352615
1183427959
1183445776
1183487670
1183780927
1183820378
1183972347
1183991527
1183992499
1184125625
1184216816
1184339991
1184693819
1184889552
1185037464
1185095015
1185125623
1185180134
1185239800
1185458190
1185645373
1185699665
1185756975
1185842624
1185945060
1186211025
1186686766
1186855736
1187041894
1187103507
1187111487
1187132572
1187240776
1187336425
1187454591
1187461320
1187630017
1187661388
1187903214
1187972381
1188217071
1188267764
1188301995
1188392559
1188446059
1188449954
1188634160
1188759311
1188821757
1188835333
1188999137
1189296169
1189344979
1189388655
1189408828
1189568961
1189576436
1189643623
1189700392
1189762377
1189782934
1190197811
1190251800
1190303973
1190479037
1190683023
1190770678
1190947780
1191119013
1191147489
1191546242
1191874400
1191916440
1191935188
1192101474
1192193204
1192318215
1192326017
1192386400
1192444308
1192716763
1192855780
1193097703
1193139723
1193213496
1193331792
1193348025
1193387560
1193458010
1193514718
1193534019
1193752869
1193876306
1194079609
1194246118
1194280387
1194373895
1194407640
1194508343
1194749196
1194790554
1194878762
1195090772
1195262659
1195385317
1195421158
1195538603
1195601175
1195604848
1195700658
1195714581
1195928685
1196066022
1196112050
1196156171
1196259028
1196324655
1196362081
1196549263
1196583494
1196617046
1196861323
1196900718
1196910993
1196950611
1196974015
1196990109
1197097945
1197327869
1197443487
1197502943
1197616204
1197630761
1197654304
1197745813
1197788049
1197849108
1197849667
1197894771
1197916382
1198069744
1198221748
1198344760
1198376791
1198389651
1198421171
1198550506
1198767791
1198912310
1199073999
1199111911
1199132369
1199145013
1199175007
1199253630
1199443955
1199585410
1199658262
1199673132
1199810797
1199984944
1199990630
1200013677
1200062868
1200076097
1200205010
1200225027
1200321222
1200409600
1200451591
1200578532
1200591218
1200989308
1201027905
1201071681
1201188240
1201237127
1201360037
1201543251
1201546251
1201589414
1201659400
1201678023
1201683512
1201722209
1201969441
1202007632
1202346430
1202376731
1202401638
1202677788
1202691258
1202795227
1203010233
1203092536
1203163318
1203260784
1203473837
1203512634
1203625130
1203864731
1203894172
1204183610
1204248856
1204270217
1204502924
1204567184
1204585726
1204626400
1204682708
1204741301
1204787903
1204881197
1204942896
1204989768
1205075196
1205083485
1205086340
1205116845
1205145174
1205233509
1205234505
1205349641
1205376014
1205398905
1205417782
1205569685
1205634744
1205639703
1205660559
1205676250
1205755894
1206103393
1206252597
1206536583
1206564214
1206656522
1206953145
1206982649
1207001769
1207089899
1207108676
1207223466
1207233767
1207242906
1207243865
1207381863
1207453371
1207473263
1207769837
1207803606
1207861040
1207958599
1208383761
1208793138
1208866745
1208980548
1209073086
1209223588
1209229240
1209411123
1209426285
1209442200
1209467895
1209702160
1209894310
1210019758
1210372528
1210591174
1210592977
1210723747
1210897404
1210940250
1211052177
1211150173
1211193537
1211255713
1211276920
1211317033
1211370814
1211555224
1211770168
1212156419
1212237888
1212336348
1212657929
1212704392
1212756895
1212778277
1212790011
1212843445
1213144830
1213282274
1213432185
1213515546
1213779413
1213918392
1213924204
1214036174
1214258193
1214311672
1214330424
1214376502
1214596718
1214608513
1214775810
1214875990
1214906278
1214918803
1215166575
1215332679
1215426772
1215450608
1215497786
1215550972
1215556019
1215623587
1215665561
1215839509
1215855512
1215937069
1215976260
1216059697
1216124368
1216150604
1216325488
1216625802
1216796903
1216834068
1216858868
1216879686
1216892309
1216911086
1217046005
1217077318
1217313841
1217367611
1217475775
1217770413
1217821510
1217862897
1217911141
1218080218
1218091488
1218195361
1218220044
1218235564
1218283267
1218423680
1218754807
1218876882
1219334290
1219380254
1219510826
1219602457
1219616327
1219652305
1219900659
1220237750
1220292107
1220302773
1220486961
1220568414
1220639262
1220733108
1220785913
1221082658
1221144874
1221326655
1221347957
1221448442
1221800404
1221821430
1221910863
1221958698
1221960064
1221988892
1222188928
1222283637
1222335078
1222376264
1222388648
1222491604
1222687515
1222791159
1222885473
1223039261
1223066795
1223247687
1223475057
1223565711
1223589433
1223684990
1224540261
1224657297
1224769699
1224848203
1224990608
1225146032
1225207640
1225372920
1225471333
1225507901
1225520508
1225704218
1225757512
1225797982
1225925816
1225968877
1226381489
1226382504
1226460504
1226845968
1226863018
1227030118
1227174155
1227281788
1227395889
1227470118
1227722056
1227724484
1227998199
1228147949
1228172209
1228257994
1228258262
1228280066
1228390688
1228586190
1228696483
1228822936
1229115474
1229402081
1229467052
1229656240
1229704979
1229707430
1229729969
1229775935
1229792526
1229935669
1229959491
1229966990
1230000382
1230031175
1230047204
1230457857
1230491075
1230528334
1230629464
1230659494
1230726336
1230766479
1230770535
1230848896
1230871442
1230894404
1230954664
1230973246
1231029308
1231167409
1231292547
1231305646
1231409043
1231431697
1231522358
1231594951
1231739979
1231767844
1231913575
1231985949
1232082698
1232329366
1232398680
1232399945
1232482866
1232603948
1232647967
1232679146
1232727945
1232920028
1232928498
1232950269
1233559402
1233833654
1233847737
1234005818
1234040469
1234262490
1234334107
1234345148
1234391586
1234467447
1234595265
1234638434
1234741469
1234836698
1234842316
1234888417
1234937510
1235132744
1235182625
1235248949
1235288067
1235342469
1235354873
1235470410
1235523016
1235532060
1235626785
1235684840
1235773605
1235887489
1235901191
1235992588
1236003659
1236012151
1236191478
1236258081
1236516971
1236528061
1236657392
1236769922
1236846050
1236997396
1237184197
1237185065
1237537358
1237540283
1237677500
1237821738
1238120046
1238253197
1238364351
1238390365
1238463547
1238619896
1238774408
1238940841
1239030268
1239092953
1239111289
1239198421
1239207457
1239277351
1239288725
1239395986
1239478986
1239576413
1239759594
1239902161
1239986446
1240039652
1240052107
1240081558
1240124993
1240226024
1240256232
1240267397
1240317072
1240434639
1240500634
1240623003
1240723769
1240869054
1240872235
1240952455
1241013961
1241015706
1241084853
1241122818
1241162659
1241280509
1241457867
1241547343
1241639668
1241717026
1241727549
1241770099
1241838302
1241907242
1242010862
1242055325
1242111203
1242375158
1242423673
1242520062
1242531205
1242575577
1242605973
1242638617
1242716325
1242796253
1242856077
1243086291
1243226003
1243302686
1243379396
1243391915
1243506389
1243551166
1243667421
1243810757
1243991496
1244121357
1244122320
1244172785
1244190216
1244341817
1244472598
1244835084
1244911132
1244935711
1245138365
1245249718
1245312065
1245328189
1245387048
1245762904
1246307757
1246417231
1246450996
1246848656
1246851699
1247249574
1247291968
1247491472
1247525397
1247555890
1247874757
1247921229
1248243828
1248302849
1248336962
1248516368
1248590531
1248655159
1248936668
1249017508
1249022259
1249096907
1249279991
1249548883
1249552889
1249791749
1250161785
1250297329
1250377334
1250476842
1250526163
1250534367
1250673449
1250695353
1250752151
1250783775
1250788077
1250828799
1250982290
1250991950
1251043531
1251099132
1251104043
1251182241
1251445306
1251463952
1251725568
1251752003
1251836944
1251868170
1251881698
1251948205
1252171563
1252207861
1252359024
1252406237
1252435465
1252530999
1252551716
1252576021
1252827883
1253011040
1253364850
1253457562
1253461916
1253618372
1253672472
1253709604
1253818641
1253827549
1253984602
1254257566
1254712966
1254867179
1255098640
1255112827
1255215906
1255247136
1255268893
1255585014
1255604522
1255669970
1255689880
1256063647
1256189828
1256359363
1256385490
1256449279
1256521661
1256558699
1256688729
1256941640
1256978500
1257061720
1257130410
1257134381
1257280644
1257349653
1257467397
1257501640
1257519609
1257955733
1258080628
1258112543
1258220217
1258304495
1258593720
1258626654
1258823121
1258835011
1258857181
1258953830
1259065443
1259275257
1259305768
1259337297
1259463104
1259475022
1259545939
1259618143
1259638003
1259702432
1259870664
1259922138
1260085875
1260208308
1260224095
1260292385
1260352258
1260355782
1260457803
1260764929
1260796959
1260976573
1261110589
1261157144
1261177404
1261215430
1261317674
1261350156
1261413067
1261598561
1261622418
1261654662
1261860462
1261901197
1261935566
1261951427
1261953386
1262065681
1262872150
1262897327
1262922678
1263125684
1263226317
1263292996
1263407688
1263434738
1263500041
1263615378
1263708549
1264105084
1264120852
1264245139
1264378868
1264601187
1264665588
1264759342
1264775842
1264844260
1264851702
1264916035
1265370014
1265402215
1265407753
1265588360
1265672491
1265743133
1265743393
1265756870
1265798837
1265929022
1265969043
1266083422
1266159256
1266280198
1266316777
1266330469
1266551830
1266562576
1266727237
1267175856
1267180549
1267204403
1267296049
1267311187
1267316529
1267563197
1267615370
1267618191
1267637323
1267646589
1267712401
1268078294
1268328612
1268435963
1268634049
1268694458
1268911157
1268959126
1269044764
1269250427
1269355653
1269469365
1269591544
1269614655
1269644904
1269650844
1269821838
1270025432
1270128200
1270497511
1270735931
1270762953
1270887434
1271103117
1271147312
1271468253
1271641570
1271761415
1272013932
1272059094
1272113838
1272188555
1272518749
1272534460
1272634881
1272704065
1272712948
1272897167
1272999489
1273008261
1273041312
1273064713
1273112810
1273128252
1273151623
1273232321
1273303257
1273436526
1273590596
1273695168
1273744850
1273782708
1273802924
1273807853
1274168750
1274259328
1274339163
1274340630
1274538179
1274546481
1274735900
1274848869
1274864283
1274953232
1274974753
1275148463
1275336226
1275350869
1275364389
1275370231
1275416184
1276006497
1276160513
1276179697
1276201621
1276201781
1276379510
1276394201
1276501718
1276598705
1276619083
1277012466
1277115920
1277174552
1277251146
1277338309
1277484037
1277514872
1277524115
1277579194
1277742892
1277877350
1277935392
1277950853
1278230234
1278247699
1278470641
1278546466
1278567691
1278663144
1278682810
1278921403
1278949071
1279111401
1279364841
1279385111
1279621845
1279654976
1279661985
1279837785
1279848460
1280018930
1280031747
1280210170
1280297285
1280802650
1280950572
1280982182
1280990964
1280995132
1281082786
1281133739
1281220801
1281344280
1281380641
1281677551
1282037239
1282143426
1282176339
1282184616
1282213427
1282221816
1282281738
1282350778
1282401149
1282704261
1282790210
1282877196
1282975643
1283072199
1283181704
1283265116
1283345395
1283545934
1283557833
1283688143
1283747990
1283781411
1283826894
1283863949
1283894973
1283976709
1284039125
1284074724
1284104641
1284316872
1284358388
1284509903
1284586374
1284755970
1284798719
1284827831
1284982123
1285021876
1285082739
1285650046
1285808224
1285917228
1286123439
1286137487
1286184887
1286193406
1286220142
1286327263
1286336112
1286398349
1286429149
1286621216
1286628014
1286755107
1286767196
1286882836
1287203886
1287464511
1287492187
1287614699
1287658737
1287837079
1287846417
1287868675
1287909239
1288104799
1288313926
1288338692
1288431212
1288584013
1288621408
1288745899
1288756240
1288820932
1289090451
1289172101
1289234579
1289322392
1289477904
1289497352
1289536636
1289550764
1289639018
1289664176
1289770764
1289966050
1290091775
1290157505
1290349781
1290443547
1290445242
1290473285
1290764371
1290814586
1290845745
1291016259
1291276133
1291279155
1291317706
1291452613
1291483261
1291518974
1291584777
1291824565
1291923724
1291972746
1291976729
1291993726
1292025391
1292162770
1292203920
1292266715
1292426501
1292464636
1292564547
1292566003
1292578588
1292960100
1292961409
1293057204
1293143422
1293160181
1293162367
1293228688
1293262924
1293827259
1293845086
1293852705
1293863204
1293918235
1293968016
1294115299
1294155645
1294255183
1294277476
1294313157
1294343791
1294346867
1294376918
1294419439
1294438488
1294525525
1294548543
1294765572
1294901410
1295321477
1295324372
1295370481
1295491204
1295768685
1295834714
1295972141
1296120203
1296416371
1296447488
1296733042
1296767129
1296928675
1296934585
1297118484
1297233860
1297284876
1297311827
1297371116
1297486973
1297595662
1297601550
1297666911
1297702772
1297775892
1297868754
1297908995
1298114288
1298152157
1298167163
1298189660
1298202969
1298259926
1298270832
1298277168
1298323451
1298532485
1298611751
1298839112
1299054835
1299094702
1299096506
1299397329
1299406893
1299489473
1299572482
1299655479
1299726130
1300345128
1300398911
1300526063
1300621924
1300828514
1300876903
1300999060
1301100888
1301384459
1301403867
1301605837
1301607453
1301714816
1301849685
1301880148
1301892204
1301897947
1302242850
1302250168
1302314651
1302639829
1302666071
1302773550
1302894252
1302908136
1303025127
1303066866
1303162115
1303305970
1303404696
1303469205
1303567408
1303576011
1303653565
1303843371
1303894280
1303947472
1304009365
1304404088
1304533597
1304603947
1304898451
1305135370
1305184538
1305188300
1305221171
1305230853
1305272188
1305344518
1305479520
1305668359
1305856974
1305941800
1306081253
1306326152
1306471600
1306555576
1307124905
1307347401
1307381211
1307481558
1307564602
1307726558
1308018399
1308044265
1308046277
1308194295
1308357365
1308398073
1308529150
1308604874
1308642998
1308656917
1308657655
1308722646
1308927122
1309073922
1309260065
1309311453
1309403506
1309805672
1310004949
1310194094
1310206161
1310434218
1310567031
1310660762
1310665117
1310694691
1310703699
1310735267
1310745713
1310772921
1310938617
1311024061
1311047398
1311148016
1311822089
1311835906
1311994419
1312018363
1312128949
1312340364
1312400386
1312404756
1312507521
1312600860
1312628220
1313075286
1313191432
1313244109
1313806505
1313843931
1314068914
1314084171
1314297411
1314298998
1314370145
1314375230
1314397383
1314552864
1314603573
1314604043
1314627008
1314666253
1314712609
1314854386
1315270246
1315280469
1315341822
1315503556
1315582481
1315719382
1315941944
1315976952
1316065356
1316105811
1316396957
1316764833
1316803092
1316908140
1316971656
1317231691
1317247952
1317268827
1317334520
1317340411
1317367626
1317675497
1317807495
1317862736
1317884182
1317971972
1318021269
1318128809
1318363720
1318452963
1318498259
1318508722
1318645933
1318720421
1318917754
1318934437
1319175874
1319265309
1319308978
1319336646
1319780017
1319782858
1319944037
1320351367
1320416347
1320424205
1320534444
1320624899
1320657676
1320664346
1320706542
1320710215
1320909383
1321094885
1321242804
1321277192
1321347417
1321388089
1321408569
1321418389
1321461679
1321559057
1321659452
1321835391
1321867248
1321878207
1321949221
1321955247
1321987017
1322132402
1322135547
1322310118
1322344626
1322354047
1322532209
1322536174
1322613946
1322645581
1322861634
1322894043
1322910562
1322965071
1322978772
1323033142
1323080505
1323402704
1323691425
1323695157
1323962655
1324119827
1324130015
1324268444
1324284545
1324369941
1324484963
1324717881
1324756947
1324823819
1325070878
1325089857
1325262793
1325462751
1325507018
1325578478
1325854353
1325857647
1325901639
1325984511
1325989224
1326045393
1326192242
1326277267
1326300029
1326416678
1326779728
1326803616
1326887551
1326985914
1326998162
1327064240
1327344345
1327390460
1327462653
1327526563
1327777242
1327818674
1327907978
1328041347
1328373407
1328409038
1328428533
1328454192
1328605091
1328874750
1329267820
1329318749
1329450128
1329471817
1329483353
1329537954
1329676283
1329928752
1329992964
1330018990
1330186324
1330598730
1330707454
1330756043
1331026084
1331398065
1331411075
1331660493
1331834890
1331917831
1331941802
1331982100
1332015715
1332032702
1332061618
1332140935
1332181591
1332491926
1332599368
1332629098
1332735319
1332737743
1332758059
1332845317
1332950682
1333424857
1333495722
1333535398
1333726890
1333780414
1333813822
1333942249
1333995161
1334141787
1334146675
1334289460
1334321704
1334385716
1334570633
1334655318
1335428580
1335503656
1335573208
1335602954
1335605705
1335703176
1335728031
1336232680
1336377249
1336393955
1336576229
1336623966
1336650794
1336683075
1336860938
1337042858
1337134042
1337312544
1337471944
1337660256
1337795268
1337804260
1337868222
1337870293
1337881547
1337892575
1337922901
1337960897
1338046609
1338276569
1338282282
1338354016
1338609020
1338649160
1338801861
1338871729
1338998997
1339307184
1339311525
1339393369
1339701831
1339702585
1339835482
1340048977
1340588387
1340701470
1341027727
1341281187
1341284837
1341451101
1341463914
1341560855
1341947398
1342070119
1342076077
1342088391
1342467147
1342481140
1342522212
1342533496
1342591579
1342855209
1343019708
1343090213
1343098138
1343125241
1343376492
1343706551
1343716206
1343789599
1343798838
1343866372
1343986108
1344054170
1344104506
1344132937
1344175169
1344189655
1344212177
1344385174
1344444438
1344484163
1344710806
1344890613
1345150267
1345221398
1345390319
1345683762
1345684993
1346000444
1346274332
1346327862
1346398312
1346426569
1346521874
1346565001
1346644842
1346919907
1347383513
1347663974
1347787728
1347810920
1347875804
1347902902
1347937412
1347937988
1347992350
1348089863
1348238802
1348289121
1348344554
1348574723
1348581925
1348741216
1348754034
1348859574
1349155960
1349294570
1349327368
1349458665
1349524413
1349607137
1349815836
1349850080
1349930747
1350059724
1350109602
1350138055
1350165237
1350168215
1350565141
1350668312
1350786293
1351115926
1351555615
1351721984
1351837275
1351853714
1351959032
1351989460
1352341165
1352367424
1352438871
1352612321
1352680735
1352944684
1353160514
1353187119
1353227876
1353319412
1353333895
1353339823
1353471503
1353682412
1353878928
1353884604
1354044121
1354107621
1354190643
1354190799
1354265460
1354652308
1354657320
1354718946
1354896070
1355112813
1355146495
1355248863
1355311168
1355347188
1355358521
1355500676
1355760856
1355806234
1356156744
1356298536
1356391976
1356506776
1356579178
1356602246
1356689803
1356761605
1356772010
1356789360
1356796138
1356835591
1356910812
1357008724
1357120832
1357207859
1357258210
1357283878
1357344832
1357455650
1357609557
1357627355
1357746123
1358148672
1358152337
1358561427
1358589847
1358604056
1358715658
1358720233
1359059200
1359458311
1359681200
1360035395
1360136040
1360262348
1360433581
1360462863
1360464827
1360585745
1360663734
1360666308
1360806371
1360817950
1360893835
1360918220
1361079504
1361399816
1361494847
1361509983
1361607198
1361636973
1361670300
1361814842
1361916507
1361917554
1361968080
1362041225
1362074701
1362194991
1362360144
1362592411
1362691793
1362766934
1362859323
1363043911
1363327993
1363429972
1363441876
1363531815
1363552658
1363842596
1363869926
1363962204
1363977262
1364236446
1364269760
1364297338
1364464951
1364483453
1364583691
1364605699
1364623762
1364634221
1364684936
1364763281
1364957138
1365002590
1365098897
1365309601
1365404863
1365406309
1365458692
1365514581
1365604236
1365725044
1366049291
1366091284
1366156063
1366245951
1366432293
1366592733
1366633940
1366688656
1366745370
1366851050
1366905888
1367038836
1367072983
1367260277
1367405209
1367442270
1367685929
1367716934
1367738956
1367799904
1367853103
1367982056
1368107663
1368118786
1368121883
1368207068
1368340648
1368419952
1368521071
1368543926
1368719514
1368757031
1368762791
1368907568
1369009831
1369075966
1369151974
1369232107
1369242111
1369263676
1369553946
1369639654
1369776550
1369840570
1370187990
1370444308
1370490451
1370771365
1370854014
1370887466
1371152522
1371187306
1371336532
1371534608
1371612626
1371628774
1371685181
1371815924
1371918660
1372468589
1372513982
1372624448
1372625340
1372931972
1373033519
1373186178
1373223210
1373297207
1373310280
1373351939
1373413298
1373471966
1373643699
1373848175
1374003728
1374238738
1374376677
1374481950
1374503204
1374503687
1374858799
1375070367
1375099225
1375101456
1375316790
1375810720
1375823510
1375841585
1375859819
1376058316
1376080782
1376113395
1376184295
1376494556
1376543953
1376572717
1376642260
1376672528
1376706427
1376938761
1376981685
1377099983
1377108058
1377274022
1377324903
1377485121
1377594665
1377625731
1377736748
1377744978
1377784658
1377838686
1377979379
1378097449
1378116058
1378251275
1378274643
1378319201
1378419019
1378626079
1378630443
1378659187
1378712246
1378813070
1378838353
1378867127
1378954490
1378997670
1379369336
1379451280
1379475934
1379483481
1379488984
1379554500
1379807209
1379834000
1379935357
1380039830
1380071852
1380185500
1380204667
1380312498
1380443843
1380604518
1380717565
1380780089
1380854418
1380872122
1381028996
1381276278
1381303837
1381326438
1381411383
1381570615
1381892226
1382144247
1382174977
1382215913
1382338840
1382356393
1382375631
1382468768
1382470881
1382502274
1382536772
1382557046
1382816894
1382844088
1382895613
1383150800
1383380602
1383443684
1383443904
1383871458
1383999433
1384348123
1384449552
1384591081
1384640381
1384828472
1384842695
1384894363
1384927090
1385062513
1385453911
1385694908
1385805797
1385808056
1386093194
1386156251
1386180742
1386189548
1386298062
1386344144
1386612444
1386658271
1386671257
1386926268
1386979086
1387032970
1387358098
1387855960
1387856963
1387881953
1387905029
1387913435
1387940267
1388016496
1388084541
1388247186
1388267152
1388267567
1388404794
1388502337
1388602664
1388846096
1389047054
1389053453
1389059049
1389072295
1389311674
1389714703
1389791078
1389835785
1389860717
1389978400
1389993610
1390027042
1390084527
1390137184
1390139080
1390201629
1390222939
1390295523
1390641162
1390689152
1390762170
1391135645
1391218838
1391246903
1391250530
1391333513
1391336184
1391571108
1391661535
1391716954
1391736348
1391922224
1391936858
1392006563
1392038422
1392158701
1392321628
1392473588
1392516724
1392559182
1392826513
1393084547
1393255995
1393334156
1393343011
1393408328
1393450019
1393574694
1393609943
1393628727
1393702736
1393703420
1393851591
1393923058
1394395811
1394424314
1394443900
1394615263
1394669191
1394776987
1394779838
1394797672
1394821443
1394983345
1394988087
1395284451
1395426293
1395484119
1395506588
1395541103
1395862077
1395982942
1396080599
1396140041
1396311205
1396527603
1396675427
1396888986
1396925877
1396999630
1397207862
1397290409
1397326847
1397348812
1397423064
1397440968
1397830628
1398025247
1398440357
1398471511
1398506794
1398580639
1399049324
1399106085
1399109850
1399151857
1399173863
1399444022
1399447243
1399547231
1399561639
1399935586
1399970903
1400075085
1400096335
1400137747
1400179452
1400305737
1400348417
1400548874
1400732992
1400916693
1401088488
1401104754
1401211697
1401410510
1401432349
1401569830
1401782574
1401804169
1401842781
1402163720
1402376934
1402432800
1402540225
1402608023
1402682453
1402775081
1402839421
1402901760
1402991207
1403070209
1403195252
1403477045
1403658130
1403711485
1403777644
1404093133
1404115954
1404251291
1404303383
1404345278
1404519278
1404901252
1404903984
1404969961
1405094526
1405177762
1405211614
1405298798
1405312525
1405333177
1405353754
1405994946
1406105116
1406169331
1406636201
1406672887
1406700397
1406779389
1406892829
1406932700
1406995138
1407099352
1407267652
1408162707
1408394883
1408396824
1408470142
1408539253
1408542965
1409018469
1409088450
1409167974
1409223380
1409358393
1409459550
1409469784
1409483597
1409556133
1409729968
1409760128
1409785020
1409964585
1410100275
1410160575
1410178963
1410259403
1410319449
1410453468
1410928280
1410975708
1411019268
1411168337
1411170596
1411260509
1411348490
1411478527
1411686213
1411743308
1411798485
1412315446
1412490125
1412791514
1412915750
1412920254
1413016476
1413110712
1413196579
1413232907
1413262511
1413327426
1413328331
1413422991
1413428105
1413911842
1413922932
1414186843
1414232928
1414295964
1414301112
1414326672
1414626680
1414779920
1415077647
1415119518
1415147663
1415207437
1415239610
1415283519
1415304730
1415433340
1415661575
1415838422
1415947069
1416030702
1416212923
1416242265
1416301168
1416313273
1416370673
1416408770
1416426265
1416437644
1416631547
1416721885
1416733793
1416863712
1417031270
1417092405
1417199102
1417244007
1417262237
1417335209
1417631709
1417789543
1418094485
1418128725
1418217401
1418219670
1418334245
1418598289
1418672576
1418924370
1418974885
1419096892
1419163610
1419226412
1419321894
1419504418
1419606559
1419720102
1419782146
1420273162
1420561865
1420623117
1420626983
1420692097
1420722762
1421223607
1421475113
1421596420
1421597258
1421721503
1421758448
1422023226
1422045927
1422059906
1422164830
1422176908
1422277117
1422473795
1422532168
1422637485
1422744788
1422766872
1422943509
1423070979
1423079971
1423092301
1423129269
1423169277
1423270257
1423466711
1423708682
1423734178
1423734463
1423765181
1423895305
1423943959
1424235074
1424280431
1424295977
1424588645
1424802691
1424847249
1424888572
1424918855
1424934590
1425288223
1425342387
1425346199
1425437655
1425449428
1425503092
1425568242
1425867691
1425886015
1426055080
1426145074
1426334300
1426721535
1426805780
1426867739
1426974772
1426999636
1427073314
1427131016
1427202251
1427362694
1427402948
1427514265
1427532049
1427606175
1427650684
1428210664
1428491804
1428507258
1428835695
1428874399
1428886443
1428938617
1429016698
1429090908
1429222110
1429239858
1429424006
1429600627
1429637795
1429676817
1429761462
1429781153
1429909858
1429928668
1430285163
1430289917
1430315194
1430568273
1431081266
1431146662
1431172330
1431263384
1431525869
1431551236
1431625153
1431636211
1431724274
1431963289
1432110086
1432119705
1432214426
1432230361
1432377001
1432526946
1432546044
1432550912
1432700778
1432717201
1432740237
1432839203
1433069906
1433310042
1433386664
1433395965
1433463498
1433613265
1433621546
1433855532
1433965619
1434050734
1434419755
1434503357
1434533199
1435171096
1435206718
1435398227
1435413049
1435436811
1435521995
1435568668
1435595372
1435644882
1435925804
1435980186
1435991542
1436442177
1436479902
1436494575
1436624825
1436781576
1436827080
1436859754
1436865390
1437246164
1437296937
1437371936
1437447200
1437534772
1437800891
1437832091
1437899385
1438466258
1438508869
1438625502
1438834641
1439036435
1439126146
1439369569
1439372400
1439440299
1439533998
1439709985
1440186346
1440327874
1440337579
1440471642
1440572460
1440581082
1440684153
1440723055
1440782166
1440788018
1440913224
1441218196
1441284304
1441300548
1441373210
1441422584
1441479433
1441600778
1441656528
1441710873
1441723737
1442151159
1442166517
1442230434
1442243108
1442288294
1442324767
1442422579
1442459561
1442492925
1442605792
1442848947
1442934233
1443014876
1443049113
1443103700
1443108427
1443154616
1443257897
1443326011
1443402341
1443493353
1443529420
1443742115
1443781090
1444011467
1444055623
1444204047
1444366962
1444489200
1444555722
1444636051
1444658302
1444753306
1445095290
1445102583
1445256366
1445327705
1445391536
1445437178
1445482486
1445487268
1445641740
1445977028
1445985788
1445988184
1446086610
1446108409
1446111583
1446186578
1446329603
1446336885
1446472509
1446723662
1446802513
1446862779
1446969284
1447045168
1447244560
1447248630
1447690993
1447756568
1447912912
1448112807
1448367782
1448428628
1448630137
1448740595
1448934478
1448959209
1449113534
1449118184
1449277168
1449499162
1449509422
1449530317
1449550671
1449614804
1449773170
1449874002
1449934836
1450030320
1450125718
1450153553
1450159984
1450204104
1450227034
1450236577
1450242059
1450367803
1450367835
1450477121
1450639883
1450678789
1451177085
1451368807
1451538828
1451733158
1451797343
1451843273
1451962230
1451963216
1452069465
1452496429
1452685576
1452745165
1452841682
1452984267
1452995403
1453050370
1453100703
1453106654
1453241769
1453264772
1453299919
1453514576
1453574211
1453640095
1453732218
1453850870
1453978639
1454410761
1454437483
1454638158
1454883258
1454917866
1454974027
1455108507
1455134367
1455536748
1455595823
1455789470
1455802025
1455884254
1456043260
1456080359
1456252499
1456263202
1456273075
1456372203
1456675913
1456775477
1457038407
1457163833
1457185667
1457188184
1457244433
1457355162
1457479928
1457491355
1457493818
1457541472
1457585244
1457658794
1458013819
1458041345
1458064012
1458076183
1458119458
1458182553
1458185636
1458235600
1458348727
1458433793
1458496958
1458567356
1458616968
1458661557
1458767137
1458815404
1458843096
1458912315
1459182993
1459381075
1459406622
1459459221
1459638714
1459690942
1459727120
1459733040
1460025496
1460082993
1460136606
1460368452
1460646080
1460654718
1460767191
1460819044
1460908702
1461166739
1461334395
1461441731
1461520817
1461534521
1461645399
1461729643
1461789366
1461851340
1461967404
1462284654
1462373971
1462452578
1462978459
1463021456
1463047805
1463082849
1463299216
1463328862
1463409804
1463457574
1463502525
1463546121
1463649665
1463715182
1463984494
1464004563
1464065740
1464134941
1464188514
1464287971
1464307442
1464366123
1464526333
1464622497
1464836128
1465053165
1465072825
1465101834
1465153372
1465279475
1465290355
1465354933
1465364205
1465386868
1465391672
1465396444
1465645853
1465746365
1465795307
1465882204
1465884652
1466636775
1467155471
1467246979
1467288014
1467439031
1467518937
1467536426
1467571163
1467585076
1467649569
1467741359
1467833592
1467836475
1468004577
1468246030
1468312775
1468452639
1468586948
1468673628
1468718007
1468723155
1468813712
1468860030
1468893038
1468901609
1469056346
1469392550
1469442373
1469490487
1469778342
1469907016
1470119375
1470123387
1470268968
1470422720
1470439394
1470461070
1470558341
1470635362
1470693707
1470710627
1470949628
1471169791
1471212122
1471334683
1471557891
1471591388
1471820259
1471832577
1471837518
1472065339
1472230025
1472249865
1472289121
1472291336
1472420281
1472425195
1472714481
1472850121
1472992723
1473185049
1473694744
1473775209
1473786607
1473898903
1474060605
1474123601
1474223523
1474271512
1474342085
1474406624
1474409860
1474420232
1474568301
1474777626
1474990565
1475127957
1475163435
1475204138
1475438572
1475734547
1475832568
1475887196
1475974009
1475984973
1476157463
1476520242
1476650028
1476754394
1476922233
1476963201
1477097087
1477171922
1477201182
1477468091
1477469048
1477520393
1477543158
1477596881
1477641240
1477678234
1477754456
1477794216
1477974070
1478017389
1478405605
1478408627
1478497136
1478641845
1478739754
1479127035
1479246511
1479259340
1479310308
1479408959
1479486534
1479572884
1479669263
1479697596
1479828412
1479922049
1479974383
1480130189
1480502373
1480517353
1480526773
1480532220
1480539058
1480713697
1480790084
1480873977
1480904277
1480911627
1481050626
1481175874
1481280879
1481395695
1481442726
1481487365
1481532917
1481665281
1481807094
1482049147
1482152280
1482349636
1482428482
1482480616
1482633951
1482874629
1482924066
1483003671
1483077979
1483089774
1483467888
1483617366
1483632894
1483755956
1483972227
1484013734
1484207099
1484241395
1484874389
1485061845
1485328301
1485347840
1485574202
1485803910
1485903297
1486005030
1486140369
1486154881
1486273364
1486394006
1486655884
1486799201
1486850151
1486857455
1486912149
1486983578
1487068513
1487078214
1487085960
1487095405
1487238529
1487344729
1487480206
1487659911
1487681940
1487734186
1487773366
1487778741
1488084500
1488150562
1488341066
1488611819
1488707860
1488752988
1488840969
1488859585
1489313952
1489329163
1489368397
1489542758
1489552672
1489640512
1489674400
1489775335
1489819998
1489960439
1490021296
1490086710
1490138531
1490180506
1490286509
1490451979
1490568194
1490711674
1490756813
1490767028
1490767717
1490790634
1490868763
1490870156
1490955365
1491101096
1491101762
1491460866
1491483678
1491608411
1491614062
1491698477
1491706054
1491792755
1491813346
1492177134
1492239566
1492342303
1492343921
1492456582
1492675168
1492838537
1492940727
1493065477
1493475793
1493529693
1493532816
1493637730
1493748706
1493849728
1493867826
1493880410
1493903418
1494092863
1494141549
1494627179
1494838171
1494870661
1495087178
1495091257
1495116537
1495153777
1495304874
1495367508
1495402615
1495405921
1495547147
1495706508
1495829572
1495872749
1495959229
1496138962
1496445522
1496520579
1496628418
1496631613
1496788671
1496976890
1496984939
1497020579
1497079164
1497353154
1497451997
1497722938
1497805618
1497879115
1498061730
1498101430
1498125378
1498168082
1498207786
1498297610
1498393582
1498400103
1498631396
1498633024
1498680702
1498758671
1499047486
1499162988
1499185748
1499210092
1499211076
1499326622
1499446530
1499489906
1499492230
1499874618
1499981530
1500204205
1500360650
1500368510
1500386049
1500560657
1500649874
1500755585
1500777894
1500791948
1500946612
1500946943
1501031669
1501139674
1501231258
1501928570
1502078319
1502295581
1502421828
1502605556
1502607940
1502679395
1502710409
1502813319
1503063861
1503178592
1503481225
1503516579
1503948649
1504008662
1504072509
1504135840
1504156474
1504173853
1504515781
1504554864
1505000523
1505032559
1505133911
1505189250
1505229961
1505314292
1505378282
1505691341
1506035210
1506051225
1506160874
1506171331
1506284787
1506287601
1506353938
1506421595
1506425125
1506469299
1506583104
1506717964
1506894948
1506910908
1506921073
1507014139
1507269670
1507386319
1507403641
1507467146
1507519057
1507580022
1507589455
1507713334
1507716453
1507733410
1507808240
1507938488
1508092670
1508115161
1508142076
1508157177
1508199160
1508343220
1508422955
1508490365
1508628496
1508729364
1508731449
1508808658
1508820514
1508906807
1508971675
1509068102
1509305321
1509395872
1509473028
1509528072
1509632573
1509657421
1509882210
1510100554
1510160828
1510213442
1510243084
1510406049
1510559402
1510562383
1510597845
1510634539
1510663483
1510675507
1510729672
1510742342
1511020134
1511176187
1511280065
1511337777
1511341749
1511344317
1511745292
1511787561
1511907329
1511926122
1512081907
1512135686
1512191062
1512222177
1512295141
1512377426
1512485122
1512520614
1512540771
1512629752
1512634323
1512877699
1513598386
1513682444
1513930439
1514353589
1514408493
1514507753
1514878621
1515262270
1515343157
1515343622
1515350635
1515427115
1515714802
1515747222
1515763655
1515764053
1515887642
1516017637
1516035553
1516174613
1516189137
1516192555
1516609035
1516692246
1516716941
1517025914
1517054124
1517146536
1517228255
1517240375
1517283188
1517326190
1517419709
1517456688
1517534281
1517614973
1517681557
1517773313
1517817274
1517862414
1518084575
1518185641
1518208640
1518412999
1518642117
1518713987
1518795030
1518945755
1519022364
1519041224
1519341965
1519960250
1520053609
1520190930
1520258092
1520391132
1520392287
1520752182
1520861322
1520985478
1521183364
1521214560
1521381228
1521400850
1521635589
1521710009
1521781866
1521972616
1522002673
1522106415
1522342058
1522416918
1522837657
1522871173
1523056497
1523490979
1523492303
1523749895
1523801832
1523854156
1523935519
1523936348
1523980030
1523999123
1524011056
1524133033
1524314824
1524340612
1524351483
1524384936
1524470711
1524525885
1524532038
1524625020
1524625445
1524879568
1524973539
1524985237
1525015786
1525170649
1525172826
1525246855
1525262043
1525437870
1525561519
1525689932
1525705219
1525714849
1525804034
1525878830
1525885796
1525896194
1525917252
1526047331
1526224118
1526224227
1526270602
1526465707
1526517467
1526735721
1526742832
1526777066
1526790005
1526791869
1526919336
1526923608
1527006883
1527051221
1527228371
1527239379
1527311571
1527332026
1527395013
1527452183
1527533689
1527585889
1527649083
1527684494
1527913284
1527963075
1528053502
1528187138
1528236718
1528260627
1528351362
1528448522
1528448559
1528459110
1528583926
1528635138
1528738292
1528852282
1528879209
1529188740
1529202369
1529273552
1529371098
1529429429
1529443698
1529476327
1529660660
1529830158
1529947817
1529984521
1529995088
1530042303
1530161014
1530220993
1530266874
1530274118
1530844769
1530866989
1530902501
1530952315
1530992037
1530993527
1531015636
1531265787
1531280817
1531320989
1531335658
1531373616
1531394972
1531398150
1531444114
1531524913
1531586370
1531767806
1531950206
1532057173
1532403731
1532411114
1532555459
1532848061
1532895926
1532929567
1533018724
1533034642
1533127379
1533139489
1533430936
1533591045
1533886557
1533934349
1533937440
1534016176
1534165694
1534443974
1534779892
1535056625
1535063955
1535112177
1535145515
1535299721
1535399976
1535659655
1535769440
1535821462
1535848881
1535849778
1535878961
1535937882
1535961501
1536032724
1536129847
1536324346
1536343594
1536351724
1536595574
1536599938
1536649260
1536671915
1536715947
1537176698
1537268101
1537389534
1537454162
1537488171
1537651535
1537772730
1537795919
1538003481
1538086262
1538211072
1538241434
1538308531
1538352811
1538465183
1539004420
1539160452
1539232615
1539239796
1539361021
1539596254
1539604761
1539619645
1539623582
1539673511
1539771559
1539774598
1539785331
1539856226
1539952818
1540038699
1540068244
1540085082
1540181899
1540448472
1540572856
1540694116
1540724467
1541273403
1541376722
1541381151
1541392471
1541425147
1541438856
1541599445
1541659742
1541714933
1541770560
1541919906
1542068947
1542150350
1542321690
1542522268
1542544067
1542593705
1542633377
1542688317
1543241388
1543260190
1543278325
1543283512
1543293038
1543335828
1543376014
1543402995
1543454210
1543635929
1543718033
1543836715
1544002310
1544075757
1544099871
1544134324
1544382501
1544606161
1544749759
1544914009
1544986577
1545035229
1545130531
1545248795
1545367805
1545457047
1545591869
1545662228
1545675083
1545714885
1545910661
1546021349
1546132074
1546164523
1546288895
1546405412
1546415273
1546758277
1547016623
1547149942
1547181473
1547259172
1547338746
1547408860
1547788740
1547824840
1547907928
1547929342
1547979318
1548126094
1548175381
1548403745
1548577412
1548604429
1548612680
1548686816
1548986841
1549082646
1549233538
1549250970
1549392916
1549504629
1549518339
1549590024
1549649856
1549694120
1549763425
1549808538
1549816643
1550003784
1550373204
1550434430
1550598806
1550605230
1550686671
1550788528
1550888912
1551010926
1551279112
1551341756
1551418585
1551441676
1551451998
1551521278
1551873136
1551881964
1552121402
1552164135
1552189516
1552209211
1552555453
1552572556
1552658963
1552899587
1553110953
1553484989
1553498769
1553509142
1553584864
1553647078
1553649767
1553660384
1553736564
1553796579
1553875081
1553892603
1554038169
1554092668
1554164179
1554500969
1554512217
1554656432
1554834293
1554914251
1555108393
1555141053
1555218227
1555447977
1555495940
1555521638
1555695525
1555732890
1555769120
1555784575
1556061833
1556096276
1556137320
1556157418
1556320630
1556458883
1556799520
1556806849
1556811966
1556874468
1556944815
1557031511
1557079038
1557087896
1557136642
1557237360
1557372818
1557688786
1557692935
1557804798
1557846143
1557982954
1558002074
1558334161
1558493327
1558560599
1558583315
1558672869
1558737511
1558748652
1558760717
1558805963
1558808373
1558822944
1558878474
1558918439
1559003862
1559029316
1559156264
1559325585
1559568752
1559819752
1560299289
1560386588
1560427968
1560436852
1560545106
1560836060
1560888942
1560925793
1561055775
1561324450
1561404426
1562276652
1562429019
1562498127
1562499763
1562520074
1562815182
1562842179
1563090728
1563275464
1563557678
1563837093
1563859891
1563923294
1564019576
1564066961
1564382167
1564406574
1564466344
1564711815
1564942518
1564953854
1565072952
1565294261
1565294830
1565322006
1565383068
1565402333
1565621347
1565669990
1565686683
1565758952
1565911948
1566080800
1566291599
1566316375
1566495068
1566505031
1566589049
1566918081
1566934342
1566941090
1567249715
1567266810
1567272061
1567315504
1567389609
1567429774
1567456453
1567721893
1567806971
1567904912
1567949577
1568333961
1568542073
1568554968
1568601307
1568630499
1568717534
1568809232
1568809751
1568898468
1569548846
1569591927
1569618189
1569717877
1569828458
1570070019
1570297473
1570331886
1570355796
1570389778
1570429996
1570457518
1570489993
1570563028
1570564790
1570767531
1570818072
1570879055
1571093149
1571106465
1571165042
1571616711
1571904635
1571939869
1571978043
1572046779
1572240192
1572320662
1572439378
1572442865
1572596637
1572619582
1572688456
1572745822
1572870553
1573352243
1573391124
1573592479
1573646822
1573945184
1574001323
1574124176
1574155878
1574260866
1574643220
1574699510
1574808665
1575089046
1575231313
1575570512
1575764164
1575775615
1575902781
1575961395
1576073289
1576098170
1576167590
1576423597
1576580912
1576601184
1576688979
1576809037
1576876607
1576900781
1576930069
1576947219
1577111039
1577190315
1577229198
1577278478
1577309983
1577405492
1577409674
1577562313
1577777971
1578215200
1578363909
1578453000
1578501480
1578512892
1578725359
1578809775
1578846030
1578853394
1578860105
1578898237
1578981136
1579001801
1579019547
1579092974
1579173682
1579235811
1579289557
1579494043
1579597988
1579699374
1579754620
1579900639
1579911050
1579919637
1579920708
1580026248
1580228324
1580491998
1580503209
1580937002
1580967896
1581012071
1581162924
1581191583
1581392955
1581461964
1581621516
1581719052
1581784281
1581995076
1582055143
1582661048
1582796869
1582819397
1582894303
1583045642
1583064028
1583099784
1583135663
1583159702
1583194575
1583233298
1583282860
1583309296
1583437310
1583701680
1583733029
1583766271
1583879898
1583885776
1583901781
1583928031
1584046740
1584136120
1584712245
1584810291
1584893848
1585026036
1585376551
1585573869
1585582714
1585634515
1585767383
1585781382
1585837456
1585854898
1585870531
1585880294
1585952267
1585970395
1586124634
1586179959
1586245491
1586412742
1586605508
1586649648
1587097758
1587099712
1587161962
1587568701
1587616559
1587693909
1587722946
1587726005
1587776787
1587834702
1587841876
1587844996
1587882562
1588052995
1588086633
1588256541
1588315000
1588412832
1588472790
1588484929
1588629122
1588663490
1588766197
1588883157
1588926596
1588953484
1588974587
1589016614
1589118476
1589280005
1589349807
1589523009
1590094094
1590171077
1590314084
1590413309
1590439834
1590536569
1590619066
1590645558
1590716706
1590827110
1590917668
1591021752
1591061752
1591163292
1591184273
1591337374
1591340867
1591399966
1592005088
1592112296
1592294117
1592691433
1592909593
1592921847
1592994207
1593256804
1593282136
1593284074
1593318769
1593375758
1593380198
1593382192
1593842403
1593961711
1594017091
1594077331
1594082997
1594084328
1594192410
1594226473
1594421200
1594509264
1594762953
1594765616
1594857705
1594932963
1595078299
1595095975
1595199851
1595217874
1595570479
1595610129
1596127312
1596187984
1596239552
1596404122
1596419605
1596437579
1596880756
1596943995
1597018763
1597068714
1597131381
1597284965
1597290599
1597299093
1597524928
1597716535
1597847962
1598042196
1598246327
1598271995
1598402164
1598406295
1598671899
1598787863
1598987029
1599107816
1599188056
1599195753
1599583728
1599607574
1599688765
1599834310
1599955338
1599967199
1600544733
1600603934
1600640111
1600796569
1600911600
1601103509
1601874673
1602021078
1602067950
1602132450
1602157204
1602233973
1602367370
1602437492
1602578888
1602777874
1602898780
1603034782
1603082366
1603204144
1603293691
1603419146
1603463731
1603723227
1603843822
1603938284
1603974952
1604004112
1604019904
1604284762
1604380077
1604665186
1604976949
1605062338
1605414326
1605473004
1605550954
1605754894
1606016371
1606438440
1606511883
1606612393
1606984290
1607089241
1607396481
1607412586
1607535566
1607665453
1607901642
1608206111
1608273056
1608489721
1608513346
1608572195
1608638611
1608654427
1608657124
1608692780
1608798074
1608854140
1609383177
1609492106
1609590522
1609668000
1609679449
1609689329
1609745092
1609967790
1610112221
1610315629
1610366887
1610630442
1610723218
1610891804
1610940362
1610949720
1610960144
1611099995
1611147501
1611221991
1611508070
1611662529
1611673216
1611778678
1611871729
1611945216
1611985885
1612066402
1612235970
1612239009
1612616908
1612729092
1612733858
1612918162
1612942222
1613498122
1613538831
1613725722
1613849396
1613865657
1613901614
1613952793
1614444107
1614821721
1614836021
1614872617
1614919749
1614944977
1615013007
1615062612
1615144918
1615238527
1615311409
1615506951
1615594014
1615775416
1615988143
1616173613
1616284554
1616300681
1616345520
1616385920
1616465293
1616650998
1616933054
1617324598
1617353075
1617361000
1617622752
1617642921
1617673334
1617730118
1617942035
1617976707
1618062895
1618318004
1618323706
1618358133
1618506837
1618845833
1618850746
1618901861
1619059521
1619196684
1619327211
1619345462
1619437864
1619560727
1619567975
1619809620
1619868884
1620012393
1620211600
1620607580
1620887028
1621033885
1621037956
1621079835
1621151625
1621177519
1621205694
1621296562
1621367325
1621370025
1621376339
1621750448
1621755227
1621804692
1621893976
1622014959
1622036869
1622040062
1622073749
1622084667
1622206916
1622209480
1622357776
1622419491
1622427892
1622439486
1622789973
1623327438
1623625649
1623867087
1624038547
1624132134
1624218516
1624260159
1624363120
1624556894
1624560964
1624625913
1624731687
1624778321
1624877807
1624901113
1625065261
1625317947
1625333724
1625378438
1625610553
1625638899
1625665531
1625921054
1625937284
1626004280
1626107137
1626127401
1626134763
1626213366
1626339488
1626602836
1626654862
1626779549
1626925660
1626966660
1626968401
1627307160
1627942835
1628018252
1628029972
1628081451
1628103433
1628283250
1628344983
1628383503
1628503977
1628559315
1628634501
1628650520
1628654262
1628702406
1628720233
1629009349
1629260747
1629286806
1629701711
1629756851
1629904276
1630007933
1630142701
1630207415
1630411104
1630568112
1630905118
1631083314
1631138781
1631291344
1631297944
1631325922
1631427522
1631586529
1631699662
1631757541
1631759128
1631998978
1632266833
1632432140
1632443341
1632466948
1632482891
1632521430
1632619610
1632834749
1632978327
1633045812
1633120133
1633127648
1633471751
1633560916
1633565187
1633578993
1633789075
1633887488
1634028614
1634046169
1634103229
1634135588
1634180938
1634209928
1634381454
1634384107
1634717982
1634778033
1634912820
1635189560
1635350881
1635574115
1635612556
1635615770
1635956018
1636255976
1636482149
1636495505
1636574993
1636594059
1636736581
1636838075
1636924969
1636948211
1637052124
1637128138
1637143767
1637211868
1637269391
1637349229
1637603080
1637664911
1637679052
1637746148
1637769381
1637800629
1638051127
1638122965
1638479171
1638508391
1638937893
1639010757
1639556347
1639709961
1639755950
1639815979
1640138177
1640266734
1640341367
1640345986
1640404941
1640480235
1640545401
1640780213
1640832644
1640881664
1640883227
1640908167
1640959170
1641181175
1641294182
1641308338
1641344691
1641347411
1641402287
1642118871
1642133485
1642299629
1642384524
1642460808
1642615690
1642921142
1642922029
1643056465
1643206912
1643221060
1643321467
1643456019
1643711303
1643741747
1643822852
1644096417
1644318125
1644436866
1644571446
1644731794
1644770151
1644894664
1644896485
1644942521
1644943604
1645386630
1645394529
1645408091
1645479813
1645530582
1645558871
1645592446
1645617994
1645825967
1645964746
1646155343
1646403109
1646500693
1646681684
1646758472
1646858006
1646885387
1647194571
1647253748
1647276235
1647399723
1647423444
1647461460
1647505098
1647598077
1647626359
1647669714
1647776614
1647802370
1647870052
1647882923
1648074449
1648092491
1648199137
1648211364
1648227809
1648316432
1648437908
1648487933
1648761897
1648846166
1648892632
1648933699
1649110718
1649259374
1649297481
1649301846
1649360978
1649412535
1649463973
1649579917
1649708129
1649719366
1649737458
1649738983
1649975787
1650021383
1650021775
1650155552
1650489749
1650628886
1650828771
1650849626
1650887801
1651085158
1651174989
1651217808
1651273764
1651280133
1651340008
1651394874
1651529022
1651645365
1652130002
1652200039
1652358387
1652554302
1652739615
1652775922
1652790687
1652949001
1653027467
1653113369
1653155699
1653250713
1653320579
1653337364
1653655423
1653732303
1653767658
1653771868
1653792299
1653940685
1654021837
1654108959
1654342135
1654362810
1654452955
1654454587
1654454795
1654773667
1654837309
1655175995
1655219396
1655272998
1655743839
1655786050
1655792576
1655894356
1656062129
1656068107
1656194752
1656222106
1656241616
1656354955
1656410509
1656431663
1656503367
1656550836
1656602190
1656746435
1656853311
1656880596
1656896152
1656907480
1656967907
1657101408
1657146627
1657172418
1657531757
1657582500
1658065304
1658204406
1658359919
1658444287
1658459577
1658662100
1658757359
1658899428
1659009554
1659241300
1659313749
1659369236
1659556768
1659627758
1659681379
1659869583
1659871482
1659939813
1660073093
1660263314
1660451683
1660686986
1660713727
1660770260
1660849372
1660866754
1660979615
1661213694
1661243311
1661259171
1661349006
1661420017
1661616968
1661729875
1661807941
1661878714
1661897942
1661899146
1662025458
1662087271
1662201883
1662510575
1662537163
1662601973
1662796710
1662821782
1663076472
1663236832
1663451691
1663910096
1663993917
1664025978
1664050564
1664079813
1664378159
1664566943
1664588176
1664674235
1664674509
1664759728
1664829318
1665707638
1665740246
1665792335
1665804036
1665871831
1665981148
1665989357
1666141488
1666222980
1666288505
1666316173
1666487499
1666652229
1666672214
1666741028
1666769460
1667022194
1667289257
1668084767
1668108892
1668156942
1668296236
1668452184
1668457232
1668635874
1668687797
1668775721
1668825860
1669014617
1669329666
1669334703
1669358397
1669371874
1669560104
1669570086
1669581260
1669597628
1670051734
1670066628
1670077821
1670086106
1670114148
1670121451
1670122501
1670187210
1670252434
1670770253
1670915939
1671051811
1671083693
1671155981
1671317556
1671359772
1671596964
1671677472
1671729533
1671810832
1671816598
1671846661
1671892060
1671900944
1671968081
1671989898
1672333810
1672638177
1673005782
1673024540
1673271145
1673295616
1673427092
1673606713
1673662156
1673738753
1673867290
1673882039
1673956522
1673980372
1673983371
1673998507
1674009693
1674048105
1674106505
1674139879
1674144044
1674259127
1674318950
1674483499
1674546002
1674712850
1674812076
1674842325
1674886946
1675208088
1675472542
1675711462
1675714237
1676235857
1676404328
1676664825
1676798561
1676817188
1676841077
1676858531
1677062895
1677079713
1677140661
1677340995
1677444911
1677463404
1677464564
1677624594
1677648687
1677715208
1677812976
1677834689
1677982618
1678003953
1678005731
1678209876
1678212200
1678259916
1678267257
1678278876
1678293858
1678403308
1678566829
1678608923
1678713395
1678737295
1678756080
1678854307
1678966455
1679001387
1679024915
1679217511
1679273962
1679295517
1679390930
1679526679
1679632653
1679635834
1680309097
1680384127
1680557379
1680635485
1680702178
1680847658
1680904228
1680960260
1681040976
1681049872
1681515000
1681538427
1681686552
1681820964
1681867661
1681878688
1682175052
1682450797
1682576150
1682665890
1682712235
1682750181
1682798435
1682822062
1682868995
1682993957
1683022139
1683058691
1683075391
1683113243
1683168643
1683202243
1683237415
1683283972
1683700934
1683782122
1683792276
1683829006
1683870411
1684057815
1684109155
1684125996
1684349745
1684352892
1684363305
1684837580
1685096362
1685157955
1685204987
1685237224
1685254713
1685499908
1685588579
1685735890
1686010748
1686025597
1686204047
1686365334
1686548568
1686616224
1686625225
1686629662
1686715410
1686780060
1686815575
1686853417
1686923561
1686941353
1687109716
1687113845
1687210840
1687292100
1687575096
1687578620
1687585149
1687611457
1687697568
1687770709
1687921532
1688229262
1688239487
1688560339
1688628594
1688631064
1688656402
1688658358
1688684953
1688709339
1688832633
1688838437
1688981089
1689253732
1689505673
1689512668
1689665345
1689675989
1689836954
1689994024
1690013551
1690206385
1690334957
1690356979
1690437423
1690438399
1690453991
1690514706
1690515706
1690539770
1690569314
1690584909
1690605689
1690815862
1690921544
1690974674
1691023581
1691023841
1691129935
1691223130
1691250445
1691327520
1691391868
1691475437
1691510928
1691521604
1691646755
1691662003
1691663723
1691950391
1691984641
1692082868
1692133660
1692201442
1692274396
1692279092
1692319245
1692552559
1692691121
1692730391
1692831316
1693264580
1693283029
1693310321
1693340482
1693474434
1693516070
1693526906
1693532957
1693540457
1693632362
1693743606
1693910320
1693948737
1694672127
1694840669
1694885225
1695010733
1695255752
1695351309
1695370626
1695496200
1695993318
1695998646
1696161678
1696174024
1696227810
1696506931
1696552744
1696603596
1696658011
1696665462
1696699204
1696956072
1696964661
1697252566
1697332054
1697475761
1697616838
1697694390
1697845951
1697863597
1698122952
1698313383
1698459446
1698490962
1698810388
1698812952
1699441368
1699628734
1699715061
1700118460
1700118480
1700153174
1700184195
1700515884
1700558651
1700676392
1700701591
1700746283
1700851184
1700992355
1701016894
1701404565
1701414346
1701571071
1701789194
1702073202
1702166209
1702166792
1702233275
1702242374
1702285368
1702437555
1702593726
1702602885
1702647629
1702822940
1702878707
1703044524
1703107857
1703208578
1703350577
1703381612
1703488356
1703647110
1703698473
1703875659
1703973581
1704039388
1704071458
1704185170
1704304918
1704401012
1704556570
1704790073
1704844936
1704874495
1704875610
1704921770
1704958199
1705019609
1705078505
1705123057
1705165300
1705258208
1705261835
1705268914
1705311870
1705477974
1705903421
1706011950
1706205664
1706207011
1706339027
1706490664
1706654581
1706678765
1706736651
1706759746
1707028255
1707048843
1707180205
1707201912
1707436712
1707678114
1707771854
1707910111
1708543152
1708715057
1708786125
1709088358
1709090840
1709096655
1709155177
1709314286
1709430459
1709525584
1709735525
1709774439
1709787750
1709934891
1710015417
1710022753
1710035706
1710156014
1710200182
1710334030
1710509056
1710696314
1710698876
1710810584
1711069531
1711149066
1711303373
1711340755
1711446225
1711492418
1711722846
1711748420
1711773936
1711821426
1711900938
1712001637
1712020213
1712068461
1712146502
1712341566
1712342612
1712359578
1712456827
1712464678
1712539440
1712648491
1712700654
1712724307
1712882767
1713052103
1713422281
1713542688
1713739595
1713880208
1713880971
1713881639
1713959706
1713971846
1713983498
1714010137
1714092904
1714126907
1714195308
1714338727
1714378358
1714446245
1714474420
1714526778
1714618287
1714758448
1714814127
1714861772
1715006204
1715047688
1715478164
1715619946
1715635614
1715799936
1715822013
1715880740
1715945985
1715966669
1716357973
1716439925
1716490758
1716796458
1716903337
1717014090
1717096442
1717213699
1717294246
1717414687
1717422377
1717472939
1717502994
1717820173
1717926175
1718087302
1718252114
1718264388
1718425523
1718604441
1719030810
1719052925
1719101661
1719153739
1719237107
1719290194
1719433217
1719454663
1719520709
1719755507
1719807200
1719866823
1720140233
1720346811
1720589548
1720643047
1720703570
1720760878
1720799761
1720826609
1720931025
1721025421
1721034397
1721194927
1721235278
1721266363
1721419703
1721439324
1721699266
1721700793
1721715498
1721732315
1721732992
1722158576
1722272056
1722487833
1722558719
1722781657
1722863533
1722962486
1723207012
1723261952
1723463667
1723537266
1723552068
1723552891
1723794470
1723818702
1723929514
1724061623
1724119445
1724621398
1724855964
1724938988
1724942382
1725006674
1725032802
1725186663
1725453031
1725725766
1725771606
1725874460
1725928248
1725980547
1726061352
1726242391
1726323233
1726362487
1726694211
1726729721
1727117634
1727304516
1727355882
1727417009
1727526064
1727735140
1728202810
1728355380
1728419978
1728443841
1728595991
1728679414
1728903466
1729114161
1729179138
1729236239
1729337160
1729341040
1729492135
1729517102
1729528817
1729540456
1729635850
1730019641
1730057191
1730190928
1730242515
1730433184
1730560069
1730715687
1730857425
1731275397
1731291017
1731306319
1731414377
1731794661
1731848635
1732010261
1732010852
1732026712
1732048791
1732200757
1732206546
1732262502
1732300220
1732339405
1732456383
1732715032
1732731481
1732900211
1732964066
1733179045
1733234012
1733588938
1733638211
1733643597
1733884821
1733901132
1733915016
1733921843
1733979699
1734073832
1734089271
1734144347
1734412024
1734462610
1734510070
1734527655
1734721963
1734780986
1734855785
1734902143
1734958134
1735079549
1735343846
1735380124
1735514364
1735601013
1735709914
1735945148
1735995864
1736132802
1736283258
1736605828
1736921514
1737097943
1737153230
1737229506
1737355383
1737382751
1737528496
1737753883
1737787498
1737833159
1737862442
1737866285
1737886693
1738145629
1738251178
1738257032
1738475883
1738525469
1738570803
1738685910
1738713118
1738756836
1738848282
1738959353
1738986882
1739255596
1739315258
1739645148
1739686324
1739741959
1740139349
1740150533
1740196773
1740302325
1740365754
1740445455
1740575243
1740624799
1740710044
1740724827
1740773449
1740929793
1741196578
1741242431
1741248773
1741335935
1741389497
1741526277
1741705044
1741809910
1741972161
1742169823
1742223115
1742630099
1742754595
1742890915
1742932494
1742976608
1743032682
1743037593
1743142240
1743252678
1743329879
1743337547
1743379214
1743405635
1743417626
1743440240
1743470467
1743619491
1743638531
1743944174
1743997985
1744047775
1744081644
1744137264
1744257472
1744496974
1744607451
1744884193
1744959796
1745023189
1745120831
1745330957
1745498336
1745525534
1745596866
1745779188
1745819601
1745826338
1745845758
1745875673
1746135892
1746213732
1746545347
1746740457
1746745208
1746820166
1746840184
1746844894
1746935467
1747018835
1747295074
1747313916
1747376431
1747435762
1747646291
1747649902
1747687029
1747713672
1747822814
1748026244
1748061835
1748062083
1748326405
1748421266
1748764744
1748876869
1748956768
1749028582
1749138061
1749206286
1749458840
1749554139
1749585717
1750277235
1750566428
1750612485
1750747890
1750881901
1750884063
1750898583
1751012380
1751085509
1751248090
1751280427
1751315744
1751713535
1751730520
1751753792
1751890376
1751942572
1751958812
1752039813
1752041020
1752164959
1752235965
1752508986
1752555277
1752780221
1752897078
1752975115
1753153164
1753256819
1753558703
1753579558
1753819343
1753836648
1753962680
1754092720
1754099460
1754242472
1754294182
1754298989
1754397317
1754545834
1754810809
1754888333
1754918860
1755067872
1755113610
1755253622
1755393772
1755467249
1755566279
1755588871
1755694431
1755847017
1755915622
1755932374
1756013148
1756072128
1756229120
1756250946
1756356096
1756653412
1756675217
1756701377
1756841116
1756885406
1756932826
1756997345
1757145234
1757156176
1757281045
1757318109
1757705391
1757716238
1757761297
1758029227
1758139778
1758189464
1758316622
1758390211
1758453416
1758543799
1758569796
1758613112
1758644101
1758783846
1758793199
1758797513
1758811882
1758812584
1758940985
1759184735
1759294361
1759657786
1759705638
1759867496
1759878615
1759890970
1759911056
1759953624
1759985708
1760036948
1760166242
1760384968
1760434492
1760520400
1760636178
1760910102
1760920253
1761003593
1761251544
1761317072
1761364451
1761468151
1761517118
1761628836
1761764150
1761834889
1762025228
1762126520
1762276018
1762349154
1762385320
1762527344
1762571652
1762617027
1762645763
1762688634
1763062147
1763103046
1763315351
1763400088
1763467160
1763503664
1763594553
1763702859
1763849553
1763854750
1763916343
1764026165
1764149793
1764226621
1764464637
1764765417
1764803551
1765038855
1765131335
1765231564
1765304132
1765753483
1765872260
1765876095
1765907230
1765973712
1766017974
1766150071
1766303916
1766392142
1766436148
1766618136
1766854908
1766883148
1766940022
1766994063
1767036217
1767114760
1767208384
1767265258
1767314050
1767340804
1767381165
1767784084
1767912490
1768199898
1768286530
1768372293
1768387501
1768464932
1768615341
1768760160
1768787170
1768795429
1768994973
1769156649
1769186896
1769347319
1769373098
1769484100
1769590508
1769597812
1769745335
1770057602
1770132557
1770144724
1770146506
1770337350
1770367033
1770445500
1770540210
1770543314
1770656967
1770755610
1770769076
1770833119
1770839153
1770885832
1770900486
1770931002
1771066701
1771078838
1771181966
1771228717
1771878625
1772031000
1772400617
1772471878
1772872290
1773042845
1773118108
1773155716
1773260694
1773286464
1773423625
1773447671
1773510900
1773527952
1773540758
1773556838
1773736250
1773745350
1773816425
1773855527
1773874493
1774122150
1774173587
1774191782
1774501849
1774530655
1774772980
1774971614
1775013890
1775032840
1775078849
1775125504
1775143900
1775369926
1775437825
1775481111
1775659890
1775674570
1775818645
1775892805
1775987204
1776019112
1776144241
1776353505
1776568134
1776578853
1776673133
1776752647
1776952740
1777152445
1777390794
1777512576
1777609762
1777614119
1777682213
1777845918
1777878464
1777959934
1778151923
1778186329
1778367705
1778545144
1778765158
1778770621
1778836719
1778934566
1778957641
1779040166
1779177294
1779226639
1779249229
1779251610
1779517300
1779670104
1779717140
1780030928
1780170994
1780253741
1780305352
1780652039
1780711930
1780792535
1780867144
1780920345
1780978077
1781007044
1781060647
1781458339
1781496167
1781599762
1781640859
1781962429
1781988913
1782143136
1782146872
1782189101
1782301196
1782550616
1782676609
1782849234
1782875616
1782982236
1783091955
1783186735
1783192396
1783196597
1783448673
1783484416
1783584599
1783772812
1783791013
1783872477
1783901395
1783904140
1783926063
1784057456
1784180052
1784268601
1784341032
1784353486
1784384253
1784521637
1784528887
1784608919
1784637970
1784680501
1784971144
1785123438
1785130580
1785226702
1785425556
1785582988
1785607975
1785646313
1785712203
1785783508
1785803905
1785839428
1786377184
1786499072
1786508644
1786565323
1786689592
1786925785
1786962237
1787093280
1787175082
1787484880
1787672078
1787691899
1787894573
1787930091
1787972865
1788076723
1788120480
1788255482
1788466125
1788507125
1788886346
1788997569
1789034295
1789064798
1789081704
1789314669
1789363373
1789385321
1789429122
1789481578
1789664231
1789733373
1789778867
1789787603
1789841512
1789869202
1790006111
1790104444
1790215615
1790229040
1790492927
1790527719
1790551692
1790790131
1790878644
1791138014
1791206857
1791414558
1791433067
1791471926
1791802611
1791845987
1792290836
1792378700
1792393949
1792747528
1793114029
1793228672
1793248455
1793262263
1793372805
1793616620
1793635817
1793788712
1793798992
1793968625
1794361302
1794463708
1794474072
1794489481
1794634780
1794804982
1794899949
1794908743
1794959386
1795218229
1795348309
1795425856
1795460884
1795477200
1795543028
1795551386
1795577636
1795672355
1795747008
1795814987
1795822841
1795832791
1795965895
1796079202
1796099078
1796109510
1796122147
1796346479
1796431124
1796479803
1796878060
1796882538
1796934532
1797357383
1797692818
1797856298
1797881324
1798132942
1798189916
1798252415
1798411514
1798459036
1798573732
1798656281
1798675202
1798784794
1798902461
1799012801
1799079579
1799095524
1799205792
1799618798
1799885562
1799944189
1799980322
1800207850
1800348959
1800366009
1800384477
1800517428
1800558051
1800577454
1800582263
1800604863
1800715583
1800815510
1800873069
1801083732
1801164773
1801185429
1801186919
1801287834
1801375255
1801394684
1801395808
1801792370
1801825833
1801832890
1801899375
1801994605
1802206529
1802361392
1802380374
1802771169
1802852252
1803039387
1803061530
1803082437
1803199273
1803429249
1803547329
1803878317
1803906831
1804050946
1804177968
1804192938
1804319560
1804454500
1804546662
1804562579
1804676997
1804787584
1805051521
1805087739
1805397075
1805556975
1805566512
1805567253
1805708764
1805776420
1805848620
1806001945
1806078455
1806365551
1806413932
1806446625
1806621679
1806723935
1806827253
1806840546
1807073974
1807218597
1807241548
1807303738
1807334908
1807380650
1807395341
1807561356
1807654009
1807699660
1807869411
1808018264
1808056540
1808119265
1808151777
1808437504
1808518929
1808618240
1808619450
1808737408
1808765025
1808939278
1809010720
1809021807
1809022460
1809086594
1809142742
1809221007
1809353355
1809370230
1809375604
1809419563
1809485136
1809636725
1809660556
1809784388
1809804167
1810087331
1810373564
1810506061
1810909488
1810952265
1811143055
1811148277
1811341440
1811490874
1811782831
1812054707
1812445770
1812493109
1812704256
1812727006
1812741585
1812778784
1812918270
1813091846
1813180957
1813257808
1813295133
1813333755
1813398712
1813458088
1813532492
1813688852
1813722236
1813815072
1814069664
1814080238
1814163135
1814379020
1814418976
1814671648
1814970416
1815057804
1815079463
1815125749
1815208732
1815251160
1815277003
1815316305
1815325682
1815472918
1815638652
1815845477
1815863845
1816058247
1816309978
1816419974
1816443980
1816717346
1817016499
1817050848
1817205427
1817314544
1817337480
1817519532
1817552721
1817716047
1818053468
1818060152
1818192029
1818456390
1818585677
1818592971
1818727000
1818748051
1818844494
1818853581
1818889669
1818996518
1818997842
1819003978
1819155353
1819239399
1819374104
1819475570
1819542644
1819543056
1819563415
1819764861
1819799200
1819815392
1819890960
1819946428
1819982814
1820000061
1820208665
1820333746
1820354923
1820519993
1820547809
1820614870
1820720609
1820784873
1820874117
1821157897
1821178499
1821229349
1821355083
1821370102
1821414795
1821465021
1821587189
1821849574
1821854635
1821921770
1822116605
1822173827
1822266982
1822326111
1822444424
1822478733
1822669769
1822728661
1822747912
1822754578
1822767282
1822860514
1822879408
1822982685
1823648240
1823695692
1823975107
1824034459
1824065971
1824230239
1824416970
1824423658
1824430851
1824525017
1824741099
1824925567
1825010580
1825122887
1825185355
1825230962
1825595050
1825640603
1825659937
1825890357
1825897543
1825927114
1825957407
1825969254
1826018359
1826111505
1826156081
1826231970
1826272660
1826444803
1826543399
1826599199
1826821905
1826842619
1826904676
1826967169
1827028124
1827116313
1827152473
1827174035
1827178032
1827289942
1827329548
1827371658
1827371964
1827422609
1827453672
1827529352
1827564531
1827583509
1827653656
1827657194
1827675290
1827749773
1827843428
1827946067
1828105707
1828124596
1828171155
1828377330
1828640537
1828746650
1828899074
1829477289
1829487265
1829500562
1829590747
1829707370
1830108183
1830209713
1830374821
1830475610
1830484511
1830617358
1830753427
1830777161
1830843394
1830878240
1830918103
1830938567
1831182335
1831208616
1831263321
1831397462
1831445998
1831660664
1831766363
1831812928
1831889453
1831949388
1831968631
1832027699
1832116233
1832149230
1832163068
1832375821
1832859942
1832984890
1833120608
1833605237
1833633854
1833734249
1833741999
1833889589
1834294899
1834644031
1834695834
1834734073
1835009361
1835348265
1835375464
1835377291
1835447303
1835600325
1835678484
1836044451
1836107359
1836133824
1836363567
1836466382
1836515735
1836734085
1836739211
1836810012
1836837557
1836850884
1837022352
1837167149
1837184930
1837212117
1837305842
1837315130
1837467306
1837590714
1837643008
1837661782
1838138361
1838265833
1838559708
1838574741
1838713616
1839199650
1839200657
1839218236
1839228742
1839814103
1840172638
1840797493
1840900608
1840923935
1840979444
1840991663
1841188385
1841198319
1841570677
1841659410
1841704499
1841738011
1841755470
1841844295
1841947583
1841985735
1842162754
1842169827
1842468185
1842611924
1842797546
1842840749
1842880055
1842953347
1843028241
1843043605
1843294132
1843615081
1843641049
1843683941
1843729535
1843850898
1844031621
1844063570
1844210819
1844253569
1844492074
1844598944
1844671842
1844677896
1844810876
1844848202
1845620937
1845639845
1845649760
1845678287
1845685053
1845699035
1845710482
1845893672
1846013916
1846121470
1846181025
1846445147
1846542661
1846560951
1846571740
1846601989
1846734934
1846879016
1847137114
1847260900
1847429512
1847431924
1847443058
1847589535
1847729391
1847882135
1847995911
1848034229
1848153202
1848326061
1848848600
1848883791
1848886933
1849081980
1849090202
1849103490
1849338017
1849377046
1849393403
1849651613
1849783247
1849900792
1850023423
1850110488
1850139556
1850244060
1850264270
1850571171
1850887542
1850958800
1851003542
1851115530
1851191388
1851288811
1851413445
1851480187
1851647440
1851894633
1852038084
1852038821
1852132715
1852399697
1852455871
1852524620
1852537986
1852574050
1852630319
1852686537
1852713744
1852745999
1852781691
1852823533
1853045057
1853227425
1853251008
1853291119
1853365301
1853636653
1853830760
1853876190
1854437825
1854596574
1854747651
1854844194
1854860341
1854917201
1855014840
1855411755
1855484198
1855507590
1856042374
1856117266
1856143567
1856171963
1856181367
1856205922
1856396998
1857039671
1857308065
1857382828
1857439734
1857474247
1857478344
1857583064
1857587817
1857745875
1857853497
1857999959
1858088112
1858207403
1858308902
1858376970
1858461646
1858714364
1858725519
1858725803
1858804398
1858837176
1858933019
1859022141
1859092118
1859173348
1859250493
1859457591
1859631380
1859753547
1859832861
1859862863
1860204817
1860336347
1860454244
1860675794
1860911521
1860929139
1860933733
1860946356
1861148929
1861433930
1861481192
1861668917
1862007219
1862095848
1862148604
1862566818
1862611620
1862672230
1862823180
1862935717
1863175814
1863289504
1863318021
1863367150
1863420055
1863422589
1863428610
1863521459
1863591720
1863684851
1863702794
1863720660
1863768468
1863834230
1863900399
1864077298
1864113628
1864151548
1864181695
1864229447
1864312355
1864409703
1864522648
1864615885
1864633815
1864698790
1864752076
1864862048
1864898221
1865011497
1865209928
1865226970
1865607198
1865818621
1865854981
1865947619
1865990896
1866236998
1866264107
1866295364
1866507039
1866541576
1866614808
1866615638
1866624552
1866718554
1867019128
1867196733
1867619031
1867620352
1867719547
1867792619
1867887335
1867968741
1868002665
1868007342
1868341408
1868393502
1868429931
1868452173
1868908167
1868916016
1869095588
1869231870
1869355315
1869526419
1869663912
1869893752
1869929997
1869944934
1869976134
1870080245
1870100906
1870163027
1870401044
1870409754
1870548407
1870644704
1870667231
1870896174
1870992786
1871002330
1871047802
1871177425
1871187449
1871227095
1871804605
1871917358
1871922425
1872022556
1872071822
1872075108
1872175338
1872314550
1872469162
1872516677
1872576796
1872598364
1872665421
1872741628
1872771544
1872790631
1872915591
1872968033
1872999673
1873187521
1873275455
1873444289
1873466351
1873582415
1873794296
1873996599
1874101956
1874168759
1874328675
1874374237
1874407462
1874634057
1874671682
1874848647
1874881491
1874888029
1874889436
1875000619
1875229653
1875321524
1875337720
1875377929
1875381763
1875475702
1875497912
1875520758
1875637409
1875771389
1875818657
1876002230
1876060852
1876129453
1876336938
1876505280
1876813632
1876905361
1877023181
1877239535
1877263184
1877285360
1877295858
1877300261
1877348660
1877392889
1877549794
1878009361
1878085119
1878128139
1878173614
1878218089
1878242366
1878423637
1878441033
1878467878
1878476781
1878685526
1878871046
1878879561
1878896772
1879029550
1879058703
1879232243
1879237500
1879279548
1879556971
1879689738
1879715154
1879760346
1879792779
1879794533
1879972965
1880017634
1880054144
1880175005
1880208341
1880290398
1880302358
1880345452
1880451544
1880452031
1880558533
1880687432
1880861296
1880863107
1881190632
1881191643
1881259400
1881323724
1881338377
1881380041
1881494758
1881504563
1881906959
1881911001
1882013324
1882037956
1882050397
1882125857
1882142939
1882430243
1882535794
1882544501
1882619466
1882762395
1882764580
1882779010
1882808424
1883000642
1883065030
1883298576
1883328935
1883532584
1883654068
1883741372
1883858098
1883878074
1883948029
1884546953
1884818182
1884853590
1884927492
1884990712
1885029334
1885161260
1885252929
1885362448
1885523781
1885563716
1885688725
1885764150
1885908646
1885952246
1886055241
1886115836
1886173465
1886328739
1886573371
1886574260
1886595128
1886630086
1886652447
1887028183
1887114717
1887182401
1887214588
1887278824
1887543319
1887639194
1887721270
1888027837
1888299447
1888307968
1888447579
1888452740
1888642260
1888672553
1888697485
1888715498
1888815540
1888934692
1889127338
1889234587
1889390570
1889425898
1889559467
1889577351
1889842037
1890081529
1890121064
1890246096
1890608971
1890624069
1890898905
1890919901
1890998330
1891143307
1891204029
1891234152
1891341357
1891433569
1891680764
1891975128
1892087074
1892237631
1892404905
1892455399
1892678254
1892755835
1892809608
1892858280
1892866013
1892960510
1893379373
1893498107
1893499152
1893518339
1893565065
1893619169
1893620247
1893664662
1893834176
1894075847
1894085288
1894293711
1894299536
1894373468
1894378288
1894382380
1894434254
1894950618
1894974691
1895268216
1895518539
1895547140
1895840624
1895847387
1895856443
1895923337
1896164069
1896245122
1896248679
1896374988
1896457702
1896463310
1896499178
1896503910
1896560804
1896576235
1896648669
1896736457
1896861059
1897342111
1897525362
1897641146
1897888824
1898492121
1898648501
1898810294
1898848005
1898891090
1898921187
1898994821
1899154661
1899163822
1899787046
1899802251
1899820845
1899873592
1899994215
1900121444
1900330694
1900493386
1900608059
1900608984
1900758997
1900806421
1900918466
1900995186
1901018361
1901028261
1901408166
1901433408
1901467781
1901787642
1901828649
1901840854
1901955238
1901986264
1902008564
1902120022
1902228165
1902264485
1902291278
1902299262
1902342869
1902434247
1902482108
1902632669
1903089175
1903161108
1903308359
1903806202
1903847425
1903957534
1903983102
1904066775
1904328764
1904602446
1904741038
1904757729
1904785147
1905062941
1905111217
1905161353
1905237311
1905374070
1905380852
1905473431
1905581714
1905606311
1906002094
1906027043
1906081774
1906255357
1906278308
1906321658
1906340469
1906366413
1906738503
1907099890
1907220717
1907385266
1907424905
1907525808
1907716013
1907741928
1907761623
1907946835
1908048102
1908211142
1908226714
1908259523
1908448887
1908634371
1908688739
1908746974
1908913539
1908923605
1909061075
1909070547
1909129843
1909185584
1909404029
1909507964
1909942484
1909947916
1910006782
1910043214
1910098415
1910303078
1910601346
1910703449
1910786117
1910899301
1911095530
1911171679
1911302492
1911312888
1911379149
1911453718
1911502796
1911588060
1911874683
1911889164
1911980361
1912069726
1912339555
1912363478
1912541650
1912726999
1912813242
1912872961
1913003195
1913036588
1913065125
1913242548
1913362346
1913369668
1913576357
1913637132
1913892410
1913895517
1913914059
1913945987
1913997814
1914078543
1914177457
1914219641
1914350937
1914382795
1914806605
1914905825
1914924057
1914941587
1914946071
1914999608
1915075197
1915095332
1915182414
1915201426
1915310248
1915349771
1915376739
1915434588
1915623635
1915649238
1915821150
1915832451
1915877091
1915923247
1915938334
1916043602
1916138680
1916185809
1916205378
1916393351
1916578769
1916689710
1916700890
1916775572
1916804371
1917033824
1917252292
1917295241
1917390482
1917414250
1917449637
1917533734
1917730088
1917749571
1917759602
1917838520
1917872865
1917895185
1918065294
1918106893
1918130006
1918154828
1918208595
1918345668
1918399549
1918563473
1918602152
1918637000
1918731419
1918819081
1918826254
1918972632
1918974051
1919066524
1919144961
1919175092
1919212232
1919246997
1919249094
1919277095
1919454732
1919665625
1919966604
1919969424
1919987730
1920380159
1920454719
1920504401
1920514700
1920562740
1920637154
1920640412
1920650125
1920738312
1920755319
1920880595
1921013540
1921030518
1921333218
1921347655
1921467047
1921469632
1921624518
1921704559
1921840925
1921843433
1921848932
1922194327
1922257858
1922259213
1922268505
1922329632
1922677548
1922680431
1923117923
1923178905
1923339645
1923359115
1923530518
1923647956
1923650304
1923888426
1923924399
1924111720
1924130862
1924149620
1924271489
1924352331
1924633464
1924698413
1924701956
1924834479
1924953689
1924982498
1925094733
1925178466
1925549853
1925601701
1925624180
1925625720
1925672928
1925753701
1925812448
1926046603
1926135811
1926153417
1926154184
1926370410
1926665120
1926718122
1926833658
1926872591
1926983751
1927058058
1927322324
1927575472
1927625787
1927639879
1927743158
1927757201
1927823927
1927876295
1928051867
1928119033
1928179021
1928267750
1928277810
1928680946
1928683096
1928738086
1928861636
1929251986
1929264250
1929273874
1929335465
1929409688
1929410716
1929580415
1929651962
1929657104
1929717884
1929729648
1929883239
1930021459
1930327379
1930405564
1930626341
1930632036
1930683323
1930709402
1930867664
1931262085
1931327462
1931422930
1931518813
1931596172
1931675038
1932064974
1932221492
1932268891
1932718443
1932852747
1933139962
1933309242
1933434492
1933626620
1933692767
1933703588
1933704527
1933713317
1933945509
1934107935
1934454926
1934464511
1934476504
1934491588
1934680345
1934833813
1934861999
1934956140
1935107827
1935288464
1935319024
1935707362
1935766893
1935806144
1935840395
1935896638
1936071045
1936086495
1936621897
1936712252
1936733264
1936772217
1936848991
1936959578
1937048362
1937080518
1937254503
1937303496
1937385369
1937634458
1937638817
1937654075
1937703586
1937817385
1938043178
1938056472
1938124401
1938475666
1938692057
1938895972
1939028488
1939356262
1939560778
1939700272
1939832671
1939847287
1939963759
1940016336
1940219097
1940366682
1940828087
1940988516
1941050895
1941264923
1941287124
1941358277
1941488158
1941674170
1941677446
1941807638
1941900589
1941913150
1941977261
1942060015
1942151298
1942167180
1942175789
1942257312
1942565394
1942621735
1942622819
1942625193
1942661411
1942896248
1942961686
1943035183
1943115258
1943138689
1943357904
1943905262
1943988448
1944068342
1944084074
1944236442
1944667763
1944691356
1944997363
1945030121
1945044418
1945053851
1945066297
1945195819
1945197966
1945248508
1945358541
1945609493
1945657819
1945792529
1945921939
1945958160
1945996771
1946135964
1946187464
1946289343
1946352324
1946475033
1946500577
1946515511
1946548558
1946582407
1946654280
1946802359
1946827403
1946872305
1946932774
1947021564
1947048207
1947150102
1947170254
1947193575
1947199369
1947365675
1947416401
1947630048
1947654782
1947729320
1947781873
1947890379
1947920005
1948021292
1948029040
1948263350
1948289370
1948581195
1949111571
1949189091
1949288960
1949336665
1949348673
1949379977
1949443629
1949477467
1949504103
1949547092
1949559137
1949813351
1950066365
1950116780
1950242145
1950470296
1950537751
1950548508
1950771986
1950833126
1950951345
1951524837
1951550877
1951953535
1952335741
1952553345
1952620004
1952623892
1952824136
1952843828
1952884985
1953773824
1953966595
1954119849
1954177379
1954208909
1954231165
1954514094
1954687657
1954707518
1954943113
1955020434
1955241288
1955266030
1955628004
1955667819
1955966064
1955984399
1955994452
1956112803
1956141179
1956141996
1956287940
1956526610
1956564234
1956595424
1956664561
1956684937
1956728584
1956761334
1956766273
1956838286
1957053827
1957500449
1957560269
1957735420
1958078116
1958228396
1958297737
1958602193
1958835892
1958952040
1959038604
1959115215
1959188416
1959319414
1959440846
1959583482
1959638963
1959737281
1959844187
1959940978
1960048942
1960218996
1960330703
1960358527
1960637091
1960675033
1960766398
1960854355
1960904132
1960996905
1961309576
1961350908
1961456870
1961581593
1961708008
1961916921
1962065665
1962430249
1962437051
1962805721
1962850069
1963108753
1963128460
1963220042
1963258997
1963266495
1963455848
1963915132
1964044822
1964082335
1964272159
1964366643
1964396955
1964550726
1964649743
1964684115
1964929856
1964975303
1965074431
1965076386
1965256879
1965496152
1965620300
1965687471
1965763054
1965860521
1965911893
1966092587
1966126961
1966594917
1966885460
1966946597
1967065920
1967181520
1967207224
1967324630
1967647924
1967701850
1967722112
1967809238
1968121624
1968216385
1968318519
1968366497
1968396101
1968521723
1968562379
1968643584
1968740150
1968826072
1968951671
1968972542
1969139349
1969146328
1969155431
1969498412
1969557080
1969666041
1969701972
1969746489
1969778630
1969878460
1970016613
1970071679
1970107305
1970142909
1970156416
1970244399
1970280845
1970493762
1970619956
1970863975
1971246951
1971252266
1971262772
1971302672
1971449426
1971566687
1971618199
1971675826
1971736866
1971766690
1971871362
1972108736
1972206534
1972399411
1972791161
1973078607
1973161361
1973172191
1973264306
1973550880
1973661987
1973692798
1973704347
1973879151
1974124087
1974162452
1974209895
1974280763
1974589544
1974598968
1974603490
1974650914
1974685025
1974699670
1975100931
1975314179
1975345009
1975509715
1975607210
1975644964
1975856517
1976008320
1976055703
1976106251
1976154194
1976202444
1976327910
1976483945
1976490456
1976684942
1977312463
1977428191
1977519592
1977563175
1977685479
1977774016
1977790635
1977851464
1978072658
1978104924
1978192368
1978251778
1978332221
1978423951
1978453585
1978523954
1978596550
1978703647
1978858304
1978861732
1978908579
1979146040
1979276012
1979769434
1979788974
1979963219
1979985253
1980143591
1980194620
1980222552
1980222827
1980305687
1980495465
1980631833
1980928603
1980938438
1980988974
1981054043
1981235152
1981433431
1981794385
1981877609
1981932495
1982209235
1982454983
1982637729
1982638506
1982711468
1982838459
1982871884
1983167005
1983242748
1983322506
1983556512
1983660221
1983697067
1983748579
1983801658
1983813666
1983852062
1983929786
1984000464
1984071092
1984210055
1984283777
1984304113
1984439654
1984471495
1984548658
1984644037
1984672657
1984914000
1984988567
1985097739
1985541042
1985587910
1985635557
1985789937
1985806816
1985857109
1985929718
1985930862
1985958155
1985960641
1986235813
1986264571
1986293321
1986368628
1986486244
1986750694
1986794153
1986797421
1986807470
1986858175
1986879567
1986953253
1987066742
1987200150
1987310814
1987348124
1987376872
1987381997
1987417051
1987586438
1987806112
1988065566
1988198276
1988239390
1988492312
1988649334
1988726218
1988728871
1989144591
1989188439
1989418331
1989526272
1989543122
1990098442
1990336538
1990376623
1990485612
1990536698
1990539133
1990551578
1990578887
1990726574
1990731343
1990799408
1990866932
1991057044
1991234834
1991248756
1991295751
1991598044
1991666309
1991670795
1991773698
1991921319
1991962616
1992207915
1992211177
1992473162
1992577456
1992585932
1992629015
1992887015
1992992124
1993194333
1993285969
1993558136
1993617631
1993659863
1994069417
1994111767
1994144144
1994149107
1994253986
1994347790
1994351010
1994629022
1994637174
1994655905
1994677055
1995237594
1995264809
1995353343
1995374272
1995418057
1995706374
1995851776
1996059017
1996214313
1996323906
1996463478
1996563477
1996649330
1996693602
1996944808
1997219146
1997258302
1997258547
1997630056
1997650651
1997898413
1998112614
1998192665
1998317593
1998339680
1998356519
1998385170
1998393589
1998465564
1998503743
1998686508
1998743017
1998883886
1998930586
1998974321
1999017634
1999313918
1999385799
1999403740
1999486757
1999665174
1999814442
1999832425
1999842925
1999878398
2000087984
2000248910
2000343997
2000364586
2000375201
2000398062
2000428552
2000466125
2000499184
2000703176
2000877917
2001440372
2001441971
2001469657
2001786962
2001793086
2001851624
2001917469
2001951070
2001976486
2001982918
2002071295
2002114256
2002152579
2002536391
2002824618
2002909893
2002916915
2002992427
2003035902
2003352603
2003423350
2003458914
2003464099
2003546029
2003564790
2003645921
2003675043
2003746003
2003809728
2003911229
2004026406
2004116131
2004127358
2004221958
2004299744
2004571211
2004719456
2004854972
2005160521
2005291931
2005365669
2005461779
2005532344
2005576130
2005594793
2005615837
2005656129
2005788502
2005858939
2005894060
2005969506
2006007331
2006009409
2006011194
2006014984
2006022565
2006094487
2006100085
2006123385
2006405019
2006410143
2006431390
2006644992
2006682685
2006695368
2006795046
2006839038
2006937618
2006989668
2007019866
2007061714
2007267841
2007372974
2007556401
2007580973
2007598596
2007701526
2007711457
2007730648
2007786944
2007944139
2007992870
2008020102
2008114094
2008122052
2008168818
2008169260
2008234905
2008247444
2008367362
2008598246
2008747616
2008850073
2008882969
2008906713
2008991694
2009040289
2009138668
2009145175
2009207772
2009254256
2009255994
2009366807
2009546541
2009601224
2009634262
2009761317
2009764813
2009772546
2010003134
2010124705
2010164597
2010312107
2010349513
2010451767
2010503272
2010653080
2010760642
2010967311
2011254788
2011292990
2011412374
2011581800
2011602476
2011681964
2011713126
2011766155
2011769727
2011899237
2011909853
2011984374
2012234288
2012387867
2012465234
2012510772
2012693814
2012721501
2012812051
2012964931
2013253368
2013288025
2013320309
2013572474
2013628194
2013755472
2013800576
2014056974
2014219443
2014434673
2014445467
2014453757
2014497762
2014747679
2015022998
2015259979
2015330620
2015409343
2015444754
2015458065
2015503870
2015533323
2015535013
2015542446
2015652304
2015750263
2015810753
2015940181
2015978005
2016071050
2016139177
2016466428
2016502644
2016510927
2016548467
2016558992
2016608683
2016797427
2016810095
2016895912
2016916135
2017039583
2017059671
2017084771
2017148178
2017170709
2017172376
2017244938
2017247526
2017267632
2017386729
2017411473
2017459688
2017483495
2017812179
2018071495
2018079632
2018254141
2018273670
2018313456
2018353391
2018450482
2018453855
2018459559
2018475557
2018501516
2018634152
2018712415
2018859261
2018997550
2019173996
2019175149
2019286813
2019308485
2019353012
2019375810
2019509933
2019775424
2019824747
2019865301
2019871861
2020057735
2020058085
2020749062
2020790606
2020826702
2020882635
2021024549
2021048288
2021214872
2021260934
2021269703
2021418235
2021450371
2021509521
2021647023
2021775419
2021833504
2021849507
2021984443
2022080366
2022495478
2022589856
2022595420
2022688481
2022711828
2022796165
2022819255
2022848753
2022856491
2022867555
2022894581
2022936906
2023101941
2023111030
2023132284
2023196466
2023229459
2023230535
2023380871
2023495502
2023833657
2024064456
2024146865
2024174800
2024180875
2024189673
2024467880
2024980122
2025007384
2025036926
2025067753
2025134798
2025403635
2025707572
2025880332
2026005491
2026079576
2026088797
2026405471
2026689481
2026815375
2026824469
2026927077
2027261936
2027341724
2027612637
2027652046
2027864064
2028234319
2028474355
2028622842
2028650985
2028692671
2028748705
2028805668
2028941979
2028963121
2029117690
2029189134
2029209656
2029250959
2029398729
2029491267
2029542331
2029925913
2030049728
2030307165
2030431232
2030499451
2030510493
2030558603
2030650855
2030874618
2030880842
2030929612
2030998084
2031030758
2031074409
2031138096
2031312554
2031374619
2031569212
2031572791
2031746493
2031804123
2031833664
2032143417
2032150579
2032194207
2032279259
2032360717
2032398860
2032576104
2032696468
2032937367
2032996325
2033232020
2033259747
2033319908
2033425547
2033432389
2033831905
2033875922
2034008719
2034109489
2034153176
2034246267
2034292816
2034372411
2034548477
2034651708
2035064082
2035117089
2035191816
2035238644
2035526894
2035676020
2035773171
2035813871
2035861971
2035948279
2036000366
2036084425
2036253307
2036276623
2036299595
2036310178
2036466261
2036493434
2036652395
2036668141
2036748952
2037179260
2037613176
2037629905
2037679762
2037719138
2037881042
2037934517
2037951020
2038126936
2038193670
2038327469
2038473869
2038575530
2038627955
2038696326
2038877356
2039112755
2039168694
2039171232
2039230041
2039526194
2039599417
2039603549
2039753366
2039791349
2039918399
2039957619
2039998512
2040085216
2040220360
2040235640
2040290691
2040320210
2040348952
2040449293
2040716265
2040784266
2040797947
2041053406
2041219007
2041265371
2041308505
2041332858
2041402890
2041424849
2041498948
2041661046
2041719000
2041798984
2041835444
2041836235
2041836809
2042030440
2042161748
2042207901
2042214738
2042706577
2042835178
2042973095
2043011905
2043154496
2043177962
2043191821
2043318964
2043435121
2043624816
2043632529
2043632972
2043690043
2043749277
2043794927
2043902879
2043943556
2044049209
2044228964
2044245390
2044316803
2044390835
2044512422
2044780966
2044887062
2044887783
2045051383
2045124355
2045223052
2045275915
2045276556
2045305636
2045632210
2045665494
2045933198
2045975536
2046152988
2046213385
2046288180
2046294169
2046351973
2046353905
2046393832
2046424661
2046437373
2046499877
2046651414
2046756982
2046843963
2046859907
2047122206
2047225357
2047390497
2047410163
2047474048
2047573751
2047778207
2048076948
2048114665
2048136983
2048209026
2048549952
2048621942
2048721429
2048733939
2048773591
2048809340
2048843232
2048877370
2048945666
2049148146
2049353078
2049435132
2049652609
2049688768
2049843663
2049946332
2049955455
2050068787
2050157208
2050167166
2050306065
2050745460
2050878020
2050889531
2050911894
2050975671
2050975830
2051115378
2051253336
2051323545
2051440404
2051440902
2051484144
2051573787
2051638822
2051697338
2051795185
2051798318
2051806074
2051823654
2051986563
2052099409
2052143037
2052146715
2052175456
2052379313
2052543768
2052561030
2052667539
2053122289
2053281033
2053284496
2053284921
2053564501
2053708034
2053902931
2053941523
2053986991
2054028859
2054052978
2054175789
2054194438
2054254281
2054316384
2054500651
2054730902
2054807200
2054874190
2054945168
2055043775
2055202388
2055221611
2055478981
2055659636
2055705050
2055762756
2055776651
2055950900
2055982704
2056100562
2056211538
2056226868
2056552503
2056708208
2057101681
2057148567
2057193337
2057231801
2057680952
2057848869
2057890657
2057922092
2058363295
2058641108
2058654941
2058850496
2059034951
2059236955
2059345111
2059430603
2059716782
2059824617
2059841272
2059878692
2060020684
2060023039
2060134881
2060295813
2060627764
2060667055
2060676473
2060816885
2060919221
2061006430
2061024104
2061143667
2061172341
2061267223
2061288785
2061420346
2061486841
2061639538
2061650688
2061675223
2061740258
2062248253
2062286279
2062452356
2062607574
2062848655
2062948656
2063045048
2063047291
2063070352
2063073354
2063090477
2063230368
2063554989
2063744212
2064018259
2064107502
2064192093
2064312797
2064416928
2064886479
2065028040
2065099295
2065261092
2065424874
2065450288
2065511379
2065526632
2065540125
2066200021
2066299081
2066392676
2066402727
2066433097
2066719345
2066790222
2066892075
2067037277
2067089779
2067096770
2067263199
2067387022
2067714373
2068056671
2068406232
2068715409
2068822118
2068837087
2068848234
2068923800
2069042719
2069673121
2069971274
2070054428
2070068772
2070156550
2070320209
2070342385
2070455804
2070574423
2070846331
2070895882
2070957043
2071066100
2071094755
2071229595
2071268520
2071340217
2071442507
2071805767
2071906627
2072011935
2072209084
2072353339
2072378285
2073002811
2073193120
2073242829
2073249935
2073277280
2073287015
2073426197
2073541373
2073574247
2073700436
2073704113
2073720455
2073916423
2074249867
2074391168
2074391369
2074439666
2074520538
2074530986
2074775701
2074785114
2075004980
2075164394
2075254876
2075429095
2075459591
2075754517
2075787271
2075800530
2075915470
2076068225
2076129380
2076198732
2076200063
2076348544
2076370952
2076809980
2076810890
2076915359
2077010308
2077025314
2077072978
2077200989
2077205842
2077229516
2077269091
2077372532
2077747989
2077907488
2078331175
2078349492
2078403216
2078556624
2078651579
2078657129
2078779515
2078871061
2078948816
2078983927
2079039927
2079052629
2079099255
2079102386
2079653156
2079662495
2079745728
2079931398
2080036558
2080284236
2080527303
2080579303
2080616965
2080646107
2080802479
2080823796
2080977540
2081081276
2081226381
2081335186
2081449796
2081490476
2081608432
2081680768
2081800274
2081892326
2081955880
2082095550
2082196750
2082369567
2082413280
2082553990
2082606668
2082681881
2082744361
2082816138
2082882462
2082945258
2082979372
2083012518
2083022639
2083288807
2083349818
2083353619
2083367346
2083430329
2083590270
2083739225
2083767606
2084318543
2084321181
2084381209
2084444449
2084686093
2084717032
2085146380
2085189226
2085450820
2085611906
2085632864
2085715555
2085757725
2085819146
2086012964
2086073615
2086435222
2086447676
2086542166
2086725123
2086866533
2086915610
2086956303
2087035053
2087039901
2087350655
2087585176
2087708736
2087734466
2088077732
2088202864
2088357035
2088581361
2088674156
2088762038
2088922482
2089022819
2089353313
2089489069
2089610732
2089678941
2089725496
2089733797
2089823355
2090082690
2090142225
2090172744
2090254298
2090391832
2090433510
2090460913
2090535301
2090656356
2090673275
2090961516
2091014246
2091129272
2091171744
2091172896
2091347043
2091390559
2091411312
2091538967
2091921101
2092222567
2092432082
2092784212
2092902089
2092914411
2092965673
2093000852
2093068002
2093113374
2093190516
2093199868
2093213256
2093219574
2093245191
2093391089
2093435623
2093526646
2093607140
2093641067
2093721100
2093939055
2094207814
2094253845
2094262502
2094388435
2094656473
2094777051
2094799274
2094914433
2095156223
2095196538
2095233774
2095286593
2095482608
2095505803
2095547413
2095599987
2095604942
2095713808
2095801574
2095825894
2095858697
2095880699
2095918156
2095969255
2096059339
2096106090
2096398540
2096502457
2096892146
2096902555
2096919640
2097242251
2097317532
2097320308
2097434426
2097457268
2097597607
2097668262
2097991803
2098003297
2098004116
2098051807
2098174148
2098353619
2098469781
2098580955
2098620255
2098691195
2098755863
2098819191
2098840274
2098871393
2098907761
2098969885
2099571238
2099579312
2099700968
2099817873
2099850064
2099984998
2100333995
2100441831
2100449394
2100475865
2100665978
2100681988
2100696116
2100881807
2100923439
2100946726
2101087347
2101274297
2101467187
2101561166
2101641266
2101839310
2101852322
2101868661
2101907381
2102076789
2102077232
2102483379
2102610036
2102617715
2102637951
2102675955
2102706207
2103072310
2103138021
2103181367
2103228354
2103410082
2103455450
2103459361
2103796140
2103822839
2103989454
2104086186
2104144663
2104147783
2104218277
2104274787
2104410505
2104420862
2104640521
2104694246
2104724369
2104745307
2104766213
2104799493
2104930792
2104956244
2104981211
2105234817
2105399141
2105432641
2105468512
2105483396
2105541511
2105561563
2105570719
2105679818
2105720814
2105774253
2105904358
2105952298
2106038892
2106374172
2106718663
2106917979
2106974424
2107009194
2107025406
2107184232
2107188272
2107251134
2107276271
2107451311
2107488701
2107595070
2107662195
2107687952
2107723287
2107806385
2107895314
2108041030
2108183775
2108203366
2108209974
2108313481
2108393416
2108409351
2108416605
2108443617
2108461993
2108563165
2109136971
2109189845
2109478944
2109617502
2109772057
2109852312
2110125464
2110270663
2110336730
2110499224
2111329875
2111418405
2111521315
2111563212
2111626898
2111743326
2111864787
2111945133
2112103059
2112159940
2112187475
2112348624
2112461588
2112598834
2112689197
2112787234
2113082550
2113193187
2113199415
2113199501
2113242193
2113302299
2113378055
2113405622
2113655522
2113879370
2114023574
2114039734
2114070479
2114079331
2114212062
2114482620
2114557339
2114691456
2114712048
2114807736
2114842082
2114851886
2115075411
2115111672
2115186486
2115317986
2115415315
2115520001
2115528395
2115942083
2115975003
2115985619
2116061788
2116349004
2116401535
2116449336
2116619648
2116687691
2116824146
2116909203
2117180461
2117182881
2117202763
2117328054
2117509893
2117537236
2117558996
2117593443
2117881216
2118043588
2118045891
2118054333
2118178200
2118480406
2118515310
2118645462
2118800944
2119006997
2119109162
2119137538
2119273685
2119466685
2119513998
2119550684
2119960667
2119967624
2120302867
2120602198
2120763500
2121275852
2121303307
2121338910
2121353586
2121395389
2121447809
2121603783
2121999987
2122089656
2122091231
2122114843
2122117460
2122167954
2122271967
2122432693
2122549700
2123538661
2123548220
2123605372
2123686066
2123712179
2123959715
2124134963
2124146655
2124287503
2124668786
2124748226
2124753596
2124780255
2124792879
2124808116
2124853986
2124959717
2125370136
2125394356
2125564030
2125964888
2126100450
2126392210
2126455158
2126476109
2126645610
2126738547
2126907750
2127065632
2127087788
2127336244
2127456472
2127699801
2128174839
2128335809
2128453310
2128461343
2128519001
2128572788
2128574827
2128581655
2128738223
2128775087
2128940461
2128967022
2129143505
2129295265
2129576496
2129610567
2129648097
2129724848
2129774023
2130007251
2130172250
2130184549
2130297801
2130433871
2130690360
2130692877
2130795663
2130814452
2130848148
2130850796
2130896477
2130955610
2131039459
2131057950
2131192103
2131370754
2131441006
2131452342
2131545297
2131797931
2131874694
2131888727
2132045038
2132130138
2132306747
2132311633
2132420596
2132914733
2133090564
2133165980
2133166662
2133189434
2133338538
2133455137
2133463479
2133464213
2133512892
2133580810
2133704318
2133758541
2133820769
2133913611
2133985725
2134036925
2134059187
2134090023
2134113915
2134195381
2134451360
2134667648
2134852843
2135181926
2135253711
2135656762
2135706998
2135739163
2135750203
2135786140
2135787187
2135864028
2135876765
2136075003
2136138256
2136170368
2136251800
2136274664
2136474027
2136568481
2136611428
2136622693
2136662551
2136793650
2136800647
2136915321
2136949260
2137005830
2137059257
2137312188
2137377110
2137446473
2137596081
2137608017
2137727363
2137758003
2137808394
2137852021
2137918604
2137947850
2137961177
2138052313
2138349531
2138419028
2138443706
2138469872
2138525401
2138570581
2138637584
2138841345
2138858914
2139240954
2139249023
2139375068
2139668532
2139744241
2139747847
2139810879
2139836426
2140207803
2140227674
2140256190
2140344275
2140366518
2140418536
2140472382
2140495262
2140511930
2140515928
2140562290
2140598541
2140616197
2140755845
2140904315
2140970468
2141222975
2141470019
2141651595
2142049530
2142273587
2142312757
2142435746
2142486080
2142514278
2142526664
2142709421
2142754006
2143033540
2143099897
2143212087
2143332001
2143355481
2143524847
2143536407
2143539764
2143695920
2143784123
2143841406
2144027119
2144165052
2144262214
2144302791
2144353298
2144465050
2144528976
2144593948
2144645013
2144804811
2144825913
2144883683
2144966626
2145011627
2145294222
2145330057
2145365794
2145429664
2145616278
2145637152
2145738190
2145751143
2145877941
2145977299
2146050953
2146170830
2146339683
2146346271
2146347962
2146703078
2146744478
2146785453
2146803544
2146866078
2146915925
2146964839
2147091353

